ISO-10303-21;
HEADER;
FILE_DESCRIPTION(('FreeCAD Model'),'2;1');
FILE_NAME('Open CASCADE Shape Model','2026-06-06T22:32:04',('Author'),(
    ''),'Open CASCADE STEP processor 7.6','FreeCAD','Unknown');
FILE_SCHEMA(('AUTOMOTIVE_DESIGN { 1 0 10303 214 1 1 1 1 }'));
ENDSEC;
DATA;
#1 = APPLICATION_PROTOCOL_DEFINITION('international standard',
  'automotive_design',2000,#2);
#2 = APPLICATION_CONTEXT(
  'core data for automotive mechanical design processes');
#3 = SHAPE_DEFINITION_REPRESENTATION(#4,#10);
#4 = PRODUCT_DEFINITION_SHAPE('','',#5);
#5 = PRODUCT_DEFINITION('design','',#6,#9);
#6 = PRODUCT_DEFINITION_FORMATION('','',#7);
#7 = PRODUCT('DF3A-3P-2DSA001','DF3A-3P-2DSA001','',(#8));
#8 = PRODUCT_CONTEXT('',#2,'mechanical');
#9 = PRODUCT_DEFINITION_CONTEXT('part definition',#2,'design');
#10 = SHAPE_REPRESENTATION('',(#11,#15),#19);
#11 = AXIS2_PLACEMENT_3D('',#12,#13,#14);
#12 = CARTESIAN_POINT('',(0.,0.,0.));
#13 = DIRECTION('',(0.,0.,1.));
#14 = DIRECTION('',(1.,0.,-0.));
#15 = AXIS2_PLACEMENT_3D('',#16,#17,#18);
#16 = CARTESIAN_POINT('',(0.,0.,1.10617704317));
#17 = DIRECTION('',(0.,0.,1.));
#18 = DIRECTION('',(-1.,0.,0.));
#19 = ( GEOMETRIC_REPRESENTATION_CONTEXT(3) 
GLOBAL_UNCERTAINTY_ASSIGNED_CONTEXT((#23)) GLOBAL_UNIT_ASSIGNED_CONTEXT(
(#20,#21,#22)) REPRESENTATION_CONTEXT('Context #1',
  '3D Context with UNIT and UNCERTAINTY') );
#20 = ( LENGTH_UNIT() NAMED_UNIT(*) SI_UNIT(.MILLI.,.METRE.) );
#21 = ( NAMED_UNIT(*) PLANE_ANGLE_UNIT() SI_UNIT($,.RADIAN.) );
#22 = ( NAMED_UNIT(*) SI_UNIT($,.STERADIAN.) SOLID_ANGLE_UNIT() );
#23 = UNCERTAINTY_MEASURE_WITH_UNIT(LENGTH_MEASURE(1.E-07),#20,
  'distance_accuracy_value','confusion accuracy');
#24 = PRODUCT_RELATED_PRODUCT_CATEGORY('part',$,(#7));
#25 = SHAPE_DEFINITION_REPRESENTATION(#26,#32);
#26 = PRODUCT_DEFINITION_SHAPE('','',#27);
#27 = PRODUCT_DEFINITION('design','',#28,#31);
#28 = PRODUCT_DEFINITION_FORMATION('','',#29);
#29 = PRODUCT('DF3A-3P-2DSA','DF3A-3P-2DSA','',(#30));
#30 = PRODUCT_CONTEXT('',#2,'mechanical');
#31 = PRODUCT_DEFINITION_CONTEXT('part definition',#2,'design');
#32 = ADVANCED_BREP_SHAPE_REPRESENTATION('',(#11,#33),#3029);
#33 = MANIFOLD_SOLID_BREP('',#34);
#34 = CLOSED_SHELL('',(#35,#75,#115,#155,#195,#235,#275,#315,#497,#539,
    #570,#594,#625,#656,#687,#767,#796,#827,#851,#868,#908,#939,#970,
    #1001,#1041,#1072,#1158,#1180,#1197,#1228,#1266,#1290,#1321,#1343,
    #1367,#1379,#1396,#1408,#1439,#1470,#1501,#1537,#1554,#1571,#1583,
    #1607,#1638,#1796,#1845,#1870,#1887,#1912,#1936,#1948,#1965,#1982,
    #1994,#2006,#2036,#2067,#2091,#2115,#2139,#2156,#2173,#2190,#2202,
    #2214,#2226,#2266,#2283,#2305,#2336,#2348,#2379,#2411,#2435,#2466,
    #2512,#2554,#2571,#2618,#2635,#2656,#2678,#2699,#2723,#2787,#2811,
    #2843,#2864,#2881,#2893,#2905,#2929,#2959,#2981,#2993,#3005,#3017));
#35 = ADVANCED_FACE('',(#36),#70,.T.);
#36 = FACE_BOUND('',#37,.T.);
#37 = EDGE_LOOP('',(#38,#48,#56,#64));
#38 = ORIENTED_EDGE('',*,*,#39,.T.);
#39 = EDGE_CURVE('',#40,#42,#44,.T.);
#40 = VERTEX_POINT('',#41);
#41 = CARTESIAN_POINT('',(11.234268862754,3.9517976515,0.596911478415));
#42 = VERTEX_POINT('',#43);
#43 = CARTESIAN_POINT('',(10.934268862754,3.9517976515,0.596911478415));
#44 = LINE('',#45,#46);
#45 = CARTESIAN_POINT('',(8.209531969062,3.9517976515,0.596911478415));
#46 = VECTOR('',#47,1.);
#47 = DIRECTION('',(-1.,0.,2.413528314403E-16));
#48 = ORIENTED_EDGE('',*,*,#49,.T.);
#49 = EDGE_CURVE('',#42,#50,#52,.T.);
#50 = VERTEX_POINT('',#51);
#51 = CARTESIAN_POINT('',(10.834268862754,3.5517976515,0.696911478415));
#52 = LINE('',#53,#54);
#53 = CARTESIAN_POINT('',(10.159268862754,0.8517976515,1.371911478415));
#54 = VECTOR('',#55,1.);
#55 = DIRECTION('',(-0.235702260396,-0.942809041582,0.235702260396));
#56 = ORIENTED_EDGE('',*,*,#57,.T.);
#57 = EDGE_CURVE('',#50,#58,#60,.T.);
#58 = VERTEX_POINT('',#59);
#59 = CARTESIAN_POINT('',(11.334268862754,3.5517976515,0.696911478415));
#60 = LINE('',#61,#62);
#61 = CARTESIAN_POINT('',(8.209531969062,3.5517976515,0.696911478415));
#62 = VECTOR('',#63,1.);
#63 = DIRECTION('',(1.,1.016424011296E-31,-2.413528314403E-16));
#64 = ORIENTED_EDGE('',*,*,#65,.T.);
#65 = EDGE_CURVE('',#58,#40,#66,.T.);
#66 = LINE('',#67,#68);
#67 = CARTESIAN_POINT('',(12.009268862754,0.8517976515,1.371911478415));
#68 = VECTOR('',#69,1.);
#69 = DIRECTION('',(-0.235702260396,0.942809041582,-0.235702260396));
#70 = PLANE('',#71);
#71 = AXIS2_PLACEMENT_3D('',#72,#73,#74);
#72 = CARTESIAN_POINT('',(11.084268862754,3.7517976515,0.646911478415));
#73 = DIRECTION('',(2.341466393106E-16,0.242535625036,0.970142500145));
#74 = DIRECTION('',(0.,-0.970142500145,0.242535625036));
#75 = ADVANCED_FACE('',(#76),#110,.T.);
#76 = FACE_BOUND('',#77,.T.);
#77 = EDGE_LOOP('',(#78,#88,#96,#104));
#78 = ORIENTED_EDGE('',*,*,#79,.F.);
#79 = EDGE_CURVE('',#80,#82,#84,.T.);
#80 = VERTEX_POINT('',#81);
#81 = CARTESIAN_POINT('',(11.334268862754,-0.5482023485,-1.803088521585)
  );
#82 = VERTEX_POINT('',#83);
#83 = CARTESIAN_POINT('',(10.834268862754,-0.5482023485,-1.803088521585)
  );
#84 = LINE('',#85,#86);
#85 = CARTESIAN_POINT('',(7.484268862754,-0.5482023485,-1.803088521585)
  );
#86 = VECTOR('',#87,1.);
#87 = DIRECTION('',(-1.,0.,2.413528314403E-16));
#88 = ORIENTED_EDGE('',*,*,#89,.F.);
#89 = EDGE_CURVE('',#90,#80,#92,.T.);
#90 = VERTEX_POINT('',#91);
#91 = CARTESIAN_POINT('',(11.334268862754,-3.2482023485,-1.803088521585)
  );
#92 = LINE('',#93,#94);
#93 = CARTESIAN_POINT('',(11.334268862754,0.8517976515,-1.803088521585)
  );
#94 = VECTOR('',#95,1.);
#95 = DIRECTION('',(0.,1.,0.));
#96 = ORIENTED_EDGE('',*,*,#97,.T.);
#97 = EDGE_CURVE('',#90,#98,#100,.T.);
#98 = VERTEX_POINT('',#99);
#99 = CARTESIAN_POINT('',(10.834268862754,-3.2482023485,-1.803088521585)
  );
#100 = LINE('',#101,#102);
#101 = CARTESIAN_POINT('',(8.209531969062,-3.2482023485,-1.803088521585)
  );
#102 = VECTOR('',#103,1.);
#103 = DIRECTION('',(-1.,-6.352650070599E-33,2.413528314403E-16));
#104 = ORIENTED_EDGE('',*,*,#105,.F.);
#105 = EDGE_CURVE('',#82,#98,#106,.T.);
#106 = LINE('',#107,#108);
#107 = CARTESIAN_POINT('',(10.834268862754,0.8517976515,-1.803088521585)
  );
#108 = VECTOR('',#109,1.);
#109 = DIRECTION('',(0.,-1.,0.));
#110 = PLANE('',#111);
#111 = AXIS2_PLACEMENT_3D('',#112,#113,#114);
#112 = CARTESIAN_POINT('',(11.334268862754,0.8517976515,-1.803088521585)
  );
#113 = DIRECTION('',(-2.413528314403E-16,-0.,-1.));
#114 = DIRECTION('',(1.,0.,-2.413528314403E-16));
#115 = ADVANCED_FACE('',(#116),#150,.T.);
#116 = FACE_BOUND('',#117,.T.);
#117 = EDGE_LOOP('',(#118,#128,#136,#144));
#118 = ORIENTED_EDGE('',*,*,#119,.T.);
#119 = EDGE_CURVE('',#120,#122,#124,.T.);
#120 = VERTEX_POINT('',#121);
#121 = CARTESIAN_POINT('',(12.084268862754,-1.7482023485,0.446911478415)
  );
#122 = VERTEX_POINT('',#123);
#123 = CARTESIAN_POINT('',(12.084268862754,-1.7482023485,-3.553088521585
    ));
#124 = LINE('',#125,#126);
#125 = CARTESIAN_POINT('',(12.084268862754,-1.7482023485,-7.553088521585
    ));
#126 = VECTOR('',#127,1.);
#127 = DIRECTION('',(-1.224606353822E-16,0.,-1.));
#128 = ORIENTED_EDGE('',*,*,#129,.T.);
#129 = EDGE_CURVE('',#122,#130,#132,.T.);
#130 = VERTEX_POINT('',#131);
#131 = CARTESIAN_POINT('',(12.484268862754,-1.7482023485,-3.553088521585
    ));
#132 = LINE('',#133,#134);
#133 = CARTESIAN_POINT('',(7.484268862754,-1.7482023485,-3.553088521585)
  );
#134 = VECTOR('',#135,1.);
#135 = DIRECTION('',(1.,0.,0.));
#136 = ORIENTED_EDGE('',*,*,#137,.F.);
#137 = EDGE_CURVE('',#138,#130,#140,.T.);
#138 = VERTEX_POINT('',#139);
#139 = CARTESIAN_POINT('',(12.484268862754,-1.7482023485,0.446911478415)
  );
#140 = LINE('',#141,#142);
#141 = CARTESIAN_POINT('',(12.484268862754,-1.7482023485,4.446911478415)
  );
#142 = VECTOR('',#143,1.);
#143 = DIRECTION('',(-1.224606353822E-16,0.,-1.));
#144 = ORIENTED_EDGE('',*,*,#145,.T.);
#145 = EDGE_CURVE('',#138,#120,#146,.T.);
#146 = LINE('',#147,#148);
#147 = CARTESIAN_POINT('',(7.484268862754,-1.7482023485,0.446911478415)
  );
#148 = VECTOR('',#149,1.);
#149 = DIRECTION('',(-1.,0.,0.));
#150 = PLANE('',#151);
#151 = AXIS2_PLACEMENT_3D('',#152,#153,#154);
#152 = CARTESIAN_POINT('',(12.084268862754,-1.7482023485,-8.003088521585
    ));
#153 = DIRECTION('',(0.,-1.,0.));
#154 = DIRECTION('',(1.224606353822E-16,0.,-1.));
#155 = ADVANCED_FACE('',(#156),#190,.T.);
#156 = FACE_BOUND('',#157,.T.);
#157 = EDGE_LOOP('',(#158,#168,#176,#184));
#158 = ORIENTED_EDGE('',*,*,#159,.F.);
#159 = EDGE_CURVE('',#160,#162,#164,.T.);
#160 = VERTEX_POINT('',#161);
#161 = CARTESIAN_POINT('',(11.334268862754,3.5517976515,-1.303088521585)
  );
#162 = VERTEX_POINT('',#163);
#163 = CARTESIAN_POINT('',(11.334268862754,3.5517976515,-1.803088521585)
  );
#164 = LINE('',#165,#166);
#165 = CARTESIAN_POINT('',(11.334268862754,3.5517976515,-1.457028657042)
  );
#166 = VECTOR('',#167,1.);
#167 = DIRECTION('',(0.,0.,-1.));
#168 = ORIENTED_EDGE('',*,*,#169,.T.);
#169 = EDGE_CURVE('',#160,#170,#172,.T.);
#170 = VERTEX_POINT('',#171);
#171 = CARTESIAN_POINT('',(11.334268862754,1.0517976515,-1.303088521585)
  );
#172 = LINE('',#173,#174);
#173 = CARTESIAN_POINT('',(11.334268862754,0.8517976515,-1.303088521585)
  );
#174 = VECTOR('',#175,1.);
#175 = DIRECTION('',(0.,-1.,0.));
#176 = ORIENTED_EDGE('',*,*,#177,.T.);
#177 = EDGE_CURVE('',#170,#178,#180,.T.);
#178 = VERTEX_POINT('',#179);
#179 = CARTESIAN_POINT('',(11.334268862754,1.0517976515,-1.803088521585)
  );
#180 = LINE('',#181,#182);
#181 = CARTESIAN_POINT('',(11.334268862754,1.0517976515,-7.553088521585)
  );
#182 = VECTOR('',#183,1.);
#183 = DIRECTION('',(0.,0.,-1.));
#184 = ORIENTED_EDGE('',*,*,#185,.T.);
#185 = EDGE_CURVE('',#178,#162,#186,.T.);
#186 = LINE('',#187,#188);
#187 = CARTESIAN_POINT('',(11.334268862754,0.8517976515,-1.803088521585)
  );
#188 = VECTOR('',#189,1.);
#189 = DIRECTION('',(0.,1.,0.));
#190 = PLANE('',#191);
#191 = AXIS2_PLACEMENT_3D('',#192,#193,#194);
#192 = CARTESIAN_POINT('',(11.334268862754,0.8517976515,-1.303088521585)
  );
#193 = DIRECTION('',(1.,0.,-0.));
#194 = DIRECTION('',(0.,0.,1.));
#195 = ADVANCED_FACE('',(#196),#230,.F.);
#196 = FACE_BOUND('',#197,.T.);
#197 = EDGE_LOOP('',(#198,#208,#216,#224));
#198 = ORIENTED_EDGE('',*,*,#199,.T.);
#199 = EDGE_CURVE('',#200,#202,#204,.T.);
#200 = VERTEX_POINT('',#201);
#201 = CARTESIAN_POINT('',(11.234268862754,-3.6482023485,-3.703088521585
    ));
#202 = VERTEX_POINT('',#203);
#203 = CARTESIAN_POINT('',(10.934268862754,-3.6482023485,-3.703088521585
    ));
#204 = LINE('',#205,#206);
#205 = CARTESIAN_POINT('',(0.,-3.6482023485,-3.703088521585));
#206 = VECTOR('',#207,1.);
#207 = DIRECTION('',(-1.,0.,2.413528314403E-16));
#208 = ORIENTED_EDGE('',*,*,#209,.T.);
#209 = EDGE_CURVE('',#202,#210,#212,.T.);
#210 = VERTEX_POINT('',#211);
#211 = CARTESIAN_POINT('',(10.834268862754,-3.2482023485,-3.803088521585
    ));
#212 = LINE('',#213,#214);
#213 = CARTESIAN_POINT('',(10.022218275629,0.,-4.61513910871));
#214 = VECTOR('',#215,1.);
#215 = DIRECTION('',(-0.235702260396,0.942809041582,-0.235702260396));
#216 = ORIENTED_EDGE('',*,*,#217,.F.);
#217 = EDGE_CURVE('',#218,#210,#220,.T.);
#218 = VERTEX_POINT('',#219);
#219 = CARTESIAN_POINT('',(11.334268862754,-3.2482023485,-3.803088521585
    ));
#220 = LINE('',#221,#222);
#221 = CARTESIAN_POINT('',(0.,-3.2482023485,-3.803088521585));
#222 = VECTOR('',#223,1.);
#223 = DIRECTION('',(-1.,-6.352650070599E-33,2.413528314403E-16));
#224 = ORIENTED_EDGE('',*,*,#225,.F.);
#225 = EDGE_CURVE('',#200,#218,#226,.T.);
#226 = LINE('',#227,#228);
#227 = CARTESIAN_POINT('',(12.146319449879,0.,-4.61513910871));
#228 = VECTOR('',#229,1.);
#229 = DIRECTION('',(0.235702260396,0.942809041582,-0.235702260396));
#230 = PLANE('',#231);
#231 = AXIS2_PLACEMENT_3D('',#232,#233,#234);
#232 = CARTESIAN_POINT('',(11.084268862754,-3.4482023485,-3.753088521585
    ));
#233 = DIRECTION('',(2.341466393106E-16,0.242535625036,0.970142500145));
#234 = DIRECTION('',(0.,0.970142500145,-0.242535625036));
#235 = ADVANCED_FACE('',(#236),#270,.T.);
#236 = FACE_BOUND('',#237,.T.);
#237 = EDGE_LOOP('',(#238,#248,#256,#264));
#238 = ORIENTED_EDGE('',*,*,#239,.F.);
#239 = EDGE_CURVE('',#240,#242,#244,.T.);
#240 = VERTEX_POINT('',#241);
#241 = CARTESIAN_POINT('',(8.234268862754,0.3517976515,0.596911478415));
#242 = VERTEX_POINT('',#243);
#243 = CARTESIAN_POINT('',(8.234268862754,-3.9482023485,0.596911478415)
  );
#244 = LINE('',#245,#246);
#245 = CARTESIAN_POINT('',(8.234268862754,1.0517976515,0.596911478415));
#246 = VECTOR('',#247,1.);
#247 = DIRECTION('',(0.,-1.,0.));
#248 = ORIENTED_EDGE('',*,*,#249,.F.);
#249 = EDGE_CURVE('',#250,#240,#252,.T.);
#250 = VERTEX_POINT('',#251);
#251 = CARTESIAN_POINT('',(7.884268862754,0.3517976515,0.846911478415));
#252 = LINE('',#253,#254);
#253 = CARTESIAN_POINT('',(7.484268862754,0.3517976515,1.132625764129));
#254 = VECTOR('',#255,1.);
#255 = DIRECTION('',(0.813733471207,0.,-0.581238193719));
#256 = ORIENTED_EDGE('',*,*,#257,.F.);
#257 = EDGE_CURVE('',#258,#250,#260,.T.);
#258 = VERTEX_POINT('',#259);
#259 = CARTESIAN_POINT('',(7.884268862754,-3.9482023485,0.846911478415)
  );
#260 = LINE('',#261,#262);
#261 = CARTESIAN_POINT('',(7.884268862754,-3.9482023485,0.846911478415)
  );
#262 = VECTOR('',#263,1.);
#263 = DIRECTION('',(0.,1.,0.));
#264 = ORIENTED_EDGE('',*,*,#265,.F.);
#265 = EDGE_CURVE('',#242,#258,#266,.T.);
#266 = LINE('',#267,#268);
#267 = CARTESIAN_POINT('',(7.484268862754,-3.9482023485,1.132625764129)
  );
#268 = VECTOR('',#269,1.);
#269 = DIRECTION('',(-0.813733471207,0.,0.581238193719));
#270 = PLANE('',#271);
#271 = AXIS2_PLACEMENT_3D('',#272,#273,#274);
#272 = CARTESIAN_POINT('',(7.884268862754,0.3517976515,0.846911478415));
#273 = DIRECTION('',(0.581238193719,-0.,0.813733471207));
#274 = DIRECTION('',(0.813733471207,0.,-0.581238193719));
#275 = ADVANCED_FACE('',(#276),#310,.F.);
#276 = FACE_BOUND('',#277,.T.);
#277 = EDGE_LOOP('',(#278,#288,#296,#304));
#278 = ORIENTED_EDGE('',*,*,#279,.F.);
#279 = EDGE_CURVE('',#280,#282,#284,.T.);
#280 = VERTEX_POINT('',#281);
#281 = CARTESIAN_POINT('',(8.234268862754,0.3517976515,-3.703088521585)
  );
#282 = VERTEX_POINT('',#283);
#283 = CARTESIAN_POINT('',(8.234268862754,-3.9482023485,-3.703088521585)
  );
#284 = LINE('',#285,#286);
#285 = CARTESIAN_POINT('',(8.234268862754,1.0517976515,-3.703088521585)
  );
#286 = VECTOR('',#287,1.);
#287 = DIRECTION('',(0.,-1.,0.));
#288 = ORIENTED_EDGE('',*,*,#289,.T.);
#289 = EDGE_CURVE('',#280,#290,#292,.T.);
#290 = VERTEX_POINT('',#291);
#291 = CARTESIAN_POINT('',(8.234268862754,0.3517976515,-3.403088521585)
  );
#292 = LINE('',#293,#294);
#293 = CARTESIAN_POINT('',(8.234268862754,0.3517976515,6.446911478415));
#294 = VECTOR('',#295,1.);
#295 = DIRECTION('',(1.233581138472E-16,0.,1.));
#296 = ORIENTED_EDGE('',*,*,#297,.F.);
#297 = EDGE_CURVE('',#298,#290,#300,.T.);
#298 = VERTEX_POINT('',#299);
#299 = CARTESIAN_POINT('',(8.234268862754,-3.9482023485,-3.403088521585)
  );
#300 = LINE('',#301,#302);
#301 = CARTESIAN_POINT('',(8.234268862754,1.0517976515,-3.403088521585)
  );
#302 = VECTOR('',#303,1.);
#303 = DIRECTION('',(0.,1.,0.));
#304 = ORIENTED_EDGE('',*,*,#305,.T.);
#305 = EDGE_CURVE('',#298,#282,#306,.T.);
#306 = LINE('',#307,#308);
#307 = CARTESIAN_POINT('',(8.234268862754,-3.9482023485,6.446911478415)
  );
#308 = VECTOR('',#309,1.);
#309 = DIRECTION('',(-1.233581138472E-16,0.,-1.));
#310 = PLANE('',#311);
#311 = AXIS2_PLACEMENT_3D('',#312,#313,#314);
#312 = CARTESIAN_POINT('',(8.234268862754,0.3517976515,-3.703088521585)
  );
#313 = DIRECTION('',(-1.,0.,1.233581138472E-16));
#314 = DIRECTION('',(1.233581138472E-16,0.,1.));
#315 = ADVANCED_FACE('',(#316),#492,.T.);
#316 = FACE_BOUND('',#317,.T.);
#317 = EDGE_LOOP('',(#318,#326,#334,#342,#350,#358,#366,#374,#382,#390,
    #398,#406,#414,#422,#428,#429,#437,#445,#453,#461,#469,#477,#485,
    #491));
#318 = ORIENTED_EDGE('',*,*,#319,.T.);
#319 = EDGE_CURVE('',#258,#320,#322,.T.);
#320 = VERTEX_POINT('',#321);
#321 = CARTESIAN_POINT('',(7.884268862754,-3.9482023485,1.746911478415)
  );
#322 = LINE('',#323,#324);
#323 = CARTESIAN_POINT('',(7.884268862754,-3.9482023485,-7.553088521585)
  );
#324 = VECTOR('',#325,1.);
#325 = DIRECTION('',(-1.224606353822E-16,0.,1.));
#326 = ORIENTED_EDGE('',*,*,#327,.F.);
#327 = EDGE_CURVE('',#328,#320,#330,.T.);
#328 = VERTEX_POINT('',#329);
#329 = CARTESIAN_POINT('',(12.084268862754,-3.9482023485,1.746911478415)
  );
#330 = LINE('',#331,#332);
#331 = CARTESIAN_POINT('',(7.484268862754,-3.9482023485,1.746911478415)
  );
#332 = VECTOR('',#333,1.);
#333 = DIRECTION('',(-1.,0.,0.));
#334 = ORIENTED_EDGE('',*,*,#335,.F.);
#335 = EDGE_CURVE('',#336,#328,#338,.T.);
#336 = VERTEX_POINT('',#337);
#337 = CARTESIAN_POINT('',(12.084268862754,-3.9482023485,0.446911478415)
  );
#338 = LINE('',#339,#340);
#339 = CARTESIAN_POINT('',(12.084268862754,-3.9482023485,-7.553088521585
    ));
#340 = VECTOR('',#341,1.);
#341 = DIRECTION('',(1.224606353822E-16,0.,1.));
#342 = ORIENTED_EDGE('',*,*,#343,.T.);
#343 = EDGE_CURVE('',#336,#344,#346,.T.);
#344 = VERTEX_POINT('',#345);
#345 = CARTESIAN_POINT('',(12.484268862754,-3.9482023485,0.446911478415)
  );
#346 = LINE('',#347,#348);
#347 = CARTESIAN_POINT('',(7.484268862754,-3.9482023485,0.446911478415)
  );
#348 = VECTOR('',#349,1.);
#349 = DIRECTION('',(1.,0.,0.));
#350 = ORIENTED_EDGE('',*,*,#351,.T.);
#351 = EDGE_CURVE('',#344,#352,#354,.T.);
#352 = VERTEX_POINT('',#353);
#353 = CARTESIAN_POINT('',(12.484268862754,-3.9482023485,2.446911478415)
  );
#354 = LINE('',#355,#356);
#355 = CARTESIAN_POINT('',(12.484268862754,-3.9482023485,-11.55308852158
    ));
#356 = VECTOR('',#357,1.);
#357 = DIRECTION('',(-1.224606353822E-16,0.,1.));
#358 = ORIENTED_EDGE('',*,*,#359,.F.);
#359 = EDGE_CURVE('',#360,#352,#362,.T.);
#360 = VERTEX_POINT('',#361);
#361 = CARTESIAN_POINT('',(7.484268862754,-3.9482023485,2.446911478415)
  );
#362 = LINE('',#363,#364);
#363 = CARTESIAN_POINT('',(7.484268862754,-3.9482023485,2.446911478415)
  );
#364 = VECTOR('',#365,1.);
#365 = DIRECTION('',(1.,0.,1.224606353822E-16));
#366 = ORIENTED_EDGE('',*,*,#367,.F.);
#367 = EDGE_CURVE('',#368,#360,#370,.T.);
#368 = VERTEX_POINT('',#369);
#369 = CARTESIAN_POINT('',(7.484268862754,-3.9482023485,-5.553088521585)
  );
#370 = LINE('',#371,#372);
#371 = CARTESIAN_POINT('',(7.484268862754,-3.9482023485,-7.553088521585)
  );
#372 = VECTOR('',#373,1.);
#373 = DIRECTION('',(-1.224606353822E-16,0.,1.));
#374 = ORIENTED_EDGE('',*,*,#375,.F.);
#375 = EDGE_CURVE('',#376,#368,#378,.T.);
#376 = VERTEX_POINT('',#377);
#377 = CARTESIAN_POINT('',(12.484268862754,-3.9482023485,-5.553088521585
    ));
#378 = LINE('',#379,#380);
#379 = CARTESIAN_POINT('',(7.484268862754,-3.9482023485,-5.553088521585)
  );
#380 = VECTOR('',#381,1.);
#381 = DIRECTION('',(-1.,0.,1.224606353822E-16));
#382 = ORIENTED_EDGE('',*,*,#383,.F.);
#383 = EDGE_CURVE('',#384,#376,#386,.T.);
#384 = VERTEX_POINT('',#385);
#385 = CARTESIAN_POINT('',(12.484268862754,-3.9482023485,-3.553088521585
    ));
#386 = LINE('',#387,#388);
#387 = CARTESIAN_POINT('',(12.484268862754,-3.9482023485,8.446911478415)
  );
#388 = VECTOR('',#389,1.);
#389 = DIRECTION('',(-1.224606353822E-16,0.,-1.));
#390 = ORIENTED_EDGE('',*,*,#391,.F.);
#391 = EDGE_CURVE('',#392,#384,#394,.T.);
#392 = VERTEX_POINT('',#393);
#393 = CARTESIAN_POINT('',(12.084268862754,-3.9482023485,-3.553088521585
    ));
#394 = LINE('',#395,#396);
#395 = CARTESIAN_POINT('',(7.484268862754,-3.9482023485,-3.553088521585)
  );
#396 = VECTOR('',#397,1.);
#397 = DIRECTION('',(1.,0.,0.));
#398 = ORIENTED_EDGE('',*,*,#399,.T.);
#399 = EDGE_CURVE('',#392,#400,#402,.T.);
#400 = VERTEX_POINT('',#401);
#401 = CARTESIAN_POINT('',(12.084268862754,-3.9482023485,-4.853088521585
    ));
#402 = LINE('',#403,#404);
#403 = CARTESIAN_POINT('',(12.084268862754,-3.9482023485,-7.553088521585
    ));
#404 = VECTOR('',#405,1.);
#405 = DIRECTION('',(-1.224606353822E-16,0.,-1.));
#406 = ORIENTED_EDGE('',*,*,#407,.T.);
#407 = EDGE_CURVE('',#400,#408,#410,.T.);
#408 = VERTEX_POINT('',#409);
#409 = CARTESIAN_POINT('',(7.884268862754,-3.9482023485,-4.853088521585)
  );
#410 = LINE('',#411,#412);
#411 = CARTESIAN_POINT('',(7.484268862754,-3.9482023485,-4.853088521585)
  );
#412 = VECTOR('',#413,1.);
#413 = DIRECTION('',(-1.,0.,0.));
#414 = ORIENTED_EDGE('',*,*,#415,.F.);
#415 = EDGE_CURVE('',#416,#408,#418,.T.);
#416 = VERTEX_POINT('',#417);
#417 = CARTESIAN_POINT('',(7.884268862754,-3.9482023485,-3.953088521585)
  );
#418 = LINE('',#419,#420);
#419 = CARTESIAN_POINT('',(7.884268862754,-3.9482023485,-7.553088521585)
  );
#420 = VECTOR('',#421,1.);
#421 = DIRECTION('',(-1.224606353822E-16,0.,-1.));
#422 = ORIENTED_EDGE('',*,*,#423,.F.);
#423 = EDGE_CURVE('',#282,#416,#424,.T.);
#424 = LINE('',#425,#426);
#425 = CARTESIAN_POINT('',(7.484268862754,-3.9482023485,-4.238802807299)
  );
#426 = VECTOR('',#427,1.);
#427 = DIRECTION('',(-0.813733471207,0.,-0.581238193719));
#428 = ORIENTED_EDGE('',*,*,#305,.F.);
#429 = ORIENTED_EDGE('',*,*,#430,.F.);
#430 = EDGE_CURVE('',#431,#298,#433,.T.);
#431 = VERTEX_POINT('',#432);
#432 = CARTESIAN_POINT('',(7.884268862754,-3.9482023485,-3.153088521585)
  );
#433 = LINE('',#434,#435);
#434 = CARTESIAN_POINT('',(7.484268862754,-3.9482023485,-2.867374235871)
  );
#435 = VECTOR('',#436,1.);
#436 = DIRECTION('',(0.813733471207,0.,-0.581238193719));
#437 = ORIENTED_EDGE('',*,*,#438,.T.);
#438 = EDGE_CURVE('',#431,#439,#441,.T.);
#439 = VERTEX_POINT('',#440);
#440 = CARTESIAN_POINT('',(7.884268862754,-3.9482023485,-1.953088521585)
  );
#441 = LINE('',#442,#443);
#442 = CARTESIAN_POINT('',(7.884268862754,-3.9482023485,-9.153088521585)
  );
#443 = VECTOR('',#444,1.);
#444 = DIRECTION('',(0.,0.,1.));
#445 = ORIENTED_EDGE('',*,*,#446,.T.);
#446 = EDGE_CURVE('',#439,#447,#449,.T.);
#447 = VERTEX_POINT('',#448);
#448 = CARTESIAN_POINT('',(8.234268862754,-3.9482023485,-1.703088521585)
  );
#449 = LINE('',#450,#451);
#450 = CARTESIAN_POINT('',(7.484268862754,-3.9482023485,-2.238802807299)
  );
#451 = VECTOR('',#452,1.);
#452 = DIRECTION('',(0.813733471207,0.,0.581238193719));
#453 = ORIENTED_EDGE('',*,*,#454,.T.);
#454 = EDGE_CURVE('',#447,#455,#457,.T.);
#455 = VERTEX_POINT('',#456);
#456 = CARTESIAN_POINT('',(8.234268862754,-3.9482023485,-1.403088521585)
  );
#457 = LINE('',#458,#459);
#458 = CARTESIAN_POINT('',(8.234268862754,-3.9482023485,-11.55308852158)
  );
#459 = VECTOR('',#460,1.);
#460 = DIRECTION('',(-1.233581138472E-16,0.,1.));
#461 = ORIENTED_EDGE('',*,*,#462,.F.);
#462 = EDGE_CURVE('',#463,#455,#465,.T.);
#463 = VERTEX_POINT('',#464);
#464 = CARTESIAN_POINT('',(7.884268862754,-3.9482023485,-1.153088521585)
  );
#465 = LINE('',#466,#467);
#466 = CARTESIAN_POINT('',(7.484268862754,-3.9482023485,-0.867374235871)
  );
#467 = VECTOR('',#468,1.);
#468 = DIRECTION('',(0.813733471207,0.,-0.581238193719));
#469 = ORIENTED_EDGE('',*,*,#470,.T.);
#470 = EDGE_CURVE('',#463,#471,#473,.T.);
#471 = VERTEX_POINT('',#472);
#472 = CARTESIAN_POINT('',(7.884268862754,-3.9482023485,
    4.69114784151E-02));
#473 = LINE('',#474,#475);
#474 = CARTESIAN_POINT('',(7.884268862754,-3.9482023485,-7.153088521585)
  );
#475 = VECTOR('',#476,1.);
#476 = DIRECTION('',(0.,0.,1.));
#477 = ORIENTED_EDGE('',*,*,#478,.T.);
#478 = EDGE_CURVE('',#471,#479,#481,.T.);
#479 = VERTEX_POINT('',#480);
#480 = CARTESIAN_POINT('',(8.234268862754,-3.9482023485,0.296911478415)
  );
#481 = LINE('',#482,#483);
#482 = CARTESIAN_POINT('',(7.484268862754,-3.9482023485,-0.238802807299)
  );
#483 = VECTOR('',#484,1.);
#484 = DIRECTION('',(0.813733471207,0.,0.581238193719));
#485 = ORIENTED_EDGE('',*,*,#486,.T.);
#486 = EDGE_CURVE('',#479,#242,#487,.T.);
#487 = LINE('',#488,#489);
#488 = CARTESIAN_POINT('',(8.234268862754,-3.9482023485,-11.55308852158)
  );
#489 = VECTOR('',#490,1.);
#490 = DIRECTION('',(-1.233581138472E-16,0.,1.));
#491 = ORIENTED_EDGE('',*,*,#265,.T.);
#492 = PLANE('',#493);
#493 = AXIS2_PLACEMENT_3D('',#494,#495,#496);
#494 = CARTESIAN_POINT('',(8.036947560369,-3.9482023485,2.033622329983)
  );
#495 = DIRECTION('',(0.,-1.,0.));
#496 = DIRECTION('',(1.,0.,0.));
#497 = ADVANCED_FACE('',(#498),#534,.T.);
#498 = FACE_BOUND('',#499,.T.);
#499 = EDGE_LOOP('',(#500,#511,#519,#528));
#500 = ORIENTED_EDGE('',*,*,#501,.F.);
#501 = EDGE_CURVE('',#502,#504,#506,.T.);
#502 = VERTEX_POINT('',#503);
#503 = CARTESIAN_POINT('',(11.534268862754,1.8517976515,0.696911478415)
  );
#504 = VERTEX_POINT('',#505);
#505 = CARTESIAN_POINT('',(11.334268862754,2.341695600056,0.696911478415
    ));
#506 = CIRCLE('',#507,0.7);
#507 = AXIS2_PLACEMENT_3D('',#508,#509,#510);
#508 = CARTESIAN_POINT('',(10.834268862754,1.8517976515,0.696911478415)
  );
#509 = DIRECTION('',(0.,0.,1.));
#510 = DIRECTION('',(-1.,0.,0.));
#511 = ORIENTED_EDGE('',*,*,#512,.F.);
#512 = EDGE_CURVE('',#513,#502,#515,.T.);
#513 = VERTEX_POINT('',#514);
#514 = CARTESIAN_POINT('',(11.534268862754,1.8517976515,0.196911478415)
  );
#515 = LINE('',#516,#517);
#516 = CARTESIAN_POINT('',(11.534268862754,1.8517976515,0.696911478415)
  );
#517 = VECTOR('',#518,1.);
#518 = DIRECTION('',(0.,0.,1.));
#519 = ORIENTED_EDGE('',*,*,#520,.T.);
#520 = EDGE_CURVE('',#513,#521,#523,.T.);
#521 = VERTEX_POINT('',#522);
#522 = CARTESIAN_POINT('',(11.334268862754,2.341695600056,0.196911478415
    ));
#523 = CIRCLE('',#524,0.7);
#524 = AXIS2_PLACEMENT_3D('',#525,#526,#527);
#525 = CARTESIAN_POINT('',(10.834268862754,1.8517976515,0.196911478415)
  );
#526 = DIRECTION('',(0.,0.,1.));
#527 = DIRECTION('',(-1.,0.,0.));
#528 = ORIENTED_EDGE('',*,*,#529,.T.);
#529 = EDGE_CURVE('',#521,#504,#530,.T.);
#530 = LINE('',#531,#532);
#531 = CARTESIAN_POINT('',(11.334268862754,2.341695600056,0.696911478415
    ));
#532 = VECTOR('',#533,1.);
#533 = DIRECTION('',(0.,0.,1.));
#534 = CYLINDRICAL_SURFACE('',#535,0.7);
#535 = AXIS2_PLACEMENT_3D('',#536,#537,#538);
#536 = CARTESIAN_POINT('',(10.834268862754,1.8517976515,0.696911478415)
  );
#537 = DIRECTION('',(0.,0.,1.));
#538 = DIRECTION('',(-1.,0.,0.));
#539 = ADVANCED_FACE('',(#540),#565,.F.);
#540 = FACE_BOUND('',#541,.T.);
#541 = EDGE_LOOP('',(#542,#550,#551,#559));
#542 = ORIENTED_EDGE('',*,*,#543,.F.);
#543 = EDGE_CURVE('',#202,#544,#546,.T.);
#544 = VERTEX_POINT('',#545);
#545 = CARTESIAN_POINT('',(10.934268862754,-3.6482023485,-3.403088521585
    ));
#546 = LINE('',#547,#548);
#547 = CARTESIAN_POINT('',(10.934268862754,-3.6482023485,-9.10617704317)
  );
#548 = VECTOR('',#549,1.);
#549 = DIRECTION('',(0.,0.,1.));
#550 = ORIENTED_EDGE('',*,*,#199,.F.);
#551 = ORIENTED_EDGE('',*,*,#552,.F.);
#552 = EDGE_CURVE('',#553,#200,#555,.T.);
#553 = VERTEX_POINT('',#554);
#554 = CARTESIAN_POINT('',(11.234268862754,-3.6482023485,-3.403088521585
    ));
#555 = LINE('',#556,#557);
#556 = CARTESIAN_POINT('',(11.234268862754,-3.6482023485,-9.10617704317)
  );
#557 = VECTOR('',#558,1.);
#558 = DIRECTION('',(0.,0.,-1.));
#559 = ORIENTED_EDGE('',*,*,#560,.F.);
#560 = EDGE_CURVE('',#544,#553,#561,.T.);
#561 = LINE('',#562,#563);
#562 = CARTESIAN_POINT('',(0.,-3.6482023485,-3.403088521585));
#563 = VECTOR('',#564,1.);
#564 = DIRECTION('',(1.,0.,-2.413528314403E-16));
#565 = PLANE('',#566);
#566 = AXIS2_PLACEMENT_3D('',#567,#568,#569);
#567 = CARTESIAN_POINT('',(8.209531969062,-3.6482023485,-3.457028657042)
  );
#568 = DIRECTION('',(0.,1.,-0.));
#569 = DIRECTION('',(-1.,0.,0.));
#570 = ADVANCED_FACE('',(#571),#589,.F.);
#571 = FACE_BOUND('',#572,.T.);
#572 = EDGE_LOOP('',(#573,#574,#582,#588));
#573 = ORIENTED_EDGE('',*,*,#543,.T.);
#574 = ORIENTED_EDGE('',*,*,#575,.T.);
#575 = EDGE_CURVE('',#544,#576,#578,.T.);
#576 = VERTEX_POINT('',#577);
#577 = CARTESIAN_POINT('',(10.834268862754,-3.2482023485,-3.303088521585
    ));
#578 = LINE('',#579,#580);
#579 = CARTESIAN_POINT('',(10.022218275629,0.,-2.49103793446));
#580 = VECTOR('',#581,1.);
#581 = DIRECTION('',(-0.235702260396,0.942809041582,0.235702260396));
#582 = ORIENTED_EDGE('',*,*,#583,.F.);
#583 = EDGE_CURVE('',#210,#576,#584,.T.);
#584 = LINE('',#585,#586);
#585 = CARTESIAN_POINT('',(10.834268862754,-3.2482023485,-9.10617704317)
  );
#586 = VECTOR('',#587,1.);
#587 = DIRECTION('',(0.,0.,1.));
#588 = ORIENTED_EDGE('',*,*,#209,.F.);
#589 = PLANE('',#590);
#590 = AXIS2_PLACEMENT_3D('',#591,#592,#593);
#591 = CARTESIAN_POINT('',(10.884268862754,-3.4482023485,-3.553088521585
    ));
#592 = DIRECTION('',(0.970142500145,0.242535625036,-0.));
#593 = DIRECTION('',(-0.242535625036,0.970142500145,0.));
#594 = ADVANCED_FACE('',(#595),#620,.T.);
#595 = FACE_BOUND('',#596,.T.);
#596 = EDGE_LOOP('',(#597,#605,#606,#614));
#597 = ORIENTED_EDGE('',*,*,#598,.T.);
#598 = EDGE_CURVE('',#599,#40,#601,.T.);
#599 = VERTEX_POINT('',#600);
#600 = CARTESIAN_POINT('',(11.234268862754,3.9517976515,0.296911478415)
  );
#601 = LINE('',#602,#603);
#602 = CARTESIAN_POINT('',(11.234268862754,3.9517976515,0.542971342958)
  );
#603 = VECTOR('',#604,1.);
#604 = DIRECTION('',(0.,0.,1.));
#605 = ORIENTED_EDGE('',*,*,#65,.F.);
#606 = ORIENTED_EDGE('',*,*,#607,.T.);
#607 = EDGE_CURVE('',#58,#608,#610,.T.);
#608 = VERTEX_POINT('',#609);
#609 = CARTESIAN_POINT('',(11.334268862754,3.5517976515,0.196911478415)
  );
#610 = LINE('',#611,#612);
#611 = CARTESIAN_POINT('',(11.334268862754,3.5517976515,0.542971342958)
  );
#612 = VECTOR('',#613,1.);
#613 = DIRECTION('',(0.,0.,-1.));
#614 = ORIENTED_EDGE('',*,*,#615,.F.);
#615 = EDGE_CURVE('',#599,#608,#616,.T.);
#616 = LINE('',#617,#618);
#617 = CARTESIAN_POINT('',(12.009268862754,0.8517976515,-0.478088521585)
  );
#618 = VECTOR('',#619,1.);
#619 = DIRECTION('',(0.235702260396,-0.942809041582,-0.235702260396));
#620 = PLANE('',#621);
#621 = AXIS2_PLACEMENT_3D('',#622,#623,#624);
#622 = CARTESIAN_POINT('',(11.284268862754,3.7517976515,0.446911478415)
  );
#623 = DIRECTION('',(0.970142500145,0.242535625036,0.));
#624 = DIRECTION('',(0.242535625036,-0.970142500145,3.36585794009E-17));
#625 = ADVANCED_FACE('',(#626),#651,.T.);
#626 = FACE_BOUND('',#627,.T.);
#627 = EDGE_LOOP('',(#628,#636,#644,#650));
#628 = ORIENTED_EDGE('',*,*,#629,.F.);
#629 = EDGE_CURVE('',#630,#80,#632,.T.);
#630 = VERTEX_POINT('',#631);
#631 = CARTESIAN_POINT('',(11.334268862754,-0.5482023485,-1.303088521585
    ));
#632 = LINE('',#633,#634);
#633 = CARTESIAN_POINT('',(11.334268862754,-0.5482023485,-7.553088521585
    ));
#634 = VECTOR('',#635,1.);
#635 = DIRECTION('',(0.,0.,-1.));
#636 = ORIENTED_EDGE('',*,*,#637,.T.);
#637 = EDGE_CURVE('',#630,#638,#640,.T.);
#638 = VERTEX_POINT('',#639);
#639 = CARTESIAN_POINT('',(11.334268862754,-3.2482023485,-1.303088521585
    ));
#640 = LINE('',#641,#642);
#641 = CARTESIAN_POINT('',(11.334268862754,0.8517976515,-1.303088521585)
  );
#642 = VECTOR('',#643,1.);
#643 = DIRECTION('',(0.,-1.,0.));
#644 = ORIENTED_EDGE('',*,*,#645,.T.);
#645 = EDGE_CURVE('',#638,#90,#646,.T.);
#646 = LINE('',#647,#648);
#647 = CARTESIAN_POINT('',(11.334268862754,-3.2482023485,-1.457028657042
    ));
#648 = VECTOR('',#649,1.);
#649 = DIRECTION('',(0.,0.,-1.));
#650 = ORIENTED_EDGE('',*,*,#89,.T.);
#651 = PLANE('',#652);
#652 = AXIS2_PLACEMENT_3D('',#653,#654,#655);
#653 = CARTESIAN_POINT('',(11.334268862754,0.8517976515,-1.303088521585)
  );
#654 = DIRECTION('',(1.,0.,-0.));
#655 = DIRECTION('',(0.,0.,1.));
#656 = ADVANCED_FACE('',(#657),#682,.T.);
#657 = FACE_BOUND('',#658,.T.);
#658 = EDGE_LOOP('',(#659,#667,#675,#681));
#659 = ORIENTED_EDGE('',*,*,#660,.T.);
#660 = EDGE_CURVE('',#439,#661,#663,.T.);
#661 = VERTEX_POINT('',#662);
#662 = CARTESIAN_POINT('',(7.884268862754,0.3517976515,-1.953088521585)
  );
#663 = LINE('',#664,#665);
#664 = CARTESIAN_POINT('',(7.884268862754,1.0517976515,-1.953088521585)
  );
#665 = VECTOR('',#666,1.);
#666 = DIRECTION('',(0.,1.,0.));
#667 = ORIENTED_EDGE('',*,*,#668,.F.);
#668 = EDGE_CURVE('',#669,#661,#671,.T.);
#669 = VERTEX_POINT('',#670);
#670 = CARTESIAN_POINT('',(8.234268862754,0.3517976515,-1.703088521585)
  );
#671 = LINE('',#672,#673);
#672 = CARTESIAN_POINT('',(7.484268862754,0.3517976515,-2.238802807299)
  );
#673 = VECTOR('',#674,1.);
#674 = DIRECTION('',(-0.813733471207,0.,-0.581238193719));
#675 = ORIENTED_EDGE('',*,*,#676,.F.);
#676 = EDGE_CURVE('',#447,#669,#677,.T.);
#677 = LINE('',#678,#679);
#678 = CARTESIAN_POINT('',(8.234268862754,-3.9482023485,-1.703088521585)
  );
#679 = VECTOR('',#680,1.);
#680 = DIRECTION('',(0.,1.,0.));
#681 = ORIENTED_EDGE('',*,*,#446,.F.);
#682 = PLANE('',#683);
#683 = AXIS2_PLACEMENT_3D('',#684,#685,#686);
#684 = CARTESIAN_POINT('',(8.234268862754,0.3517976515,-1.703088521585)
  );
#685 = DIRECTION('',(0.581238193719,0.,-0.813733471207));
#686 = DIRECTION('',(-0.813733471207,0.,-0.581238193719));
#687 = ADVANCED_FACE('',(#688),#762,.T.);
#688 = FACE_BOUND('',#689,.T.);
#689 = EDGE_LOOP('',(#690,#700,#708,#717,#726,#734,#740,#746,#747,#756)
  );
#690 = ORIENTED_EDGE('',*,*,#691,.F.);
#691 = EDGE_CURVE('',#692,#694,#696,.T.);
#692 = VERTEX_POINT('',#693);
#693 = CARTESIAN_POINT('',(10.834268862754,1.0517976515,0.196911478415)
  );
#694 = VERTEX_POINT('',#695);
#695 = CARTESIAN_POINT('',(11.334268862754,1.0517976515,0.196911478415)
  );
#696 = LINE('',#697,#698);
#697 = CARTESIAN_POINT('',(7.484268862754,1.0517976515,0.196911478415));
#698 = VECTOR('',#699,1.);
#699 = DIRECTION('',(1.,0.,-2.413528314403E-16));
#700 = ORIENTED_EDGE('',*,*,#701,.F.);
#701 = EDGE_CURVE('',#702,#692,#704,.T.);
#702 = VERTEX_POINT('',#703);
#703 = CARTESIAN_POINT('',(10.834268862754,1.361899702943,0.196911478415
    ));
#704 = LINE('',#705,#706);
#705 = CARTESIAN_POINT('',(10.834268862754,0.8517976515,0.196911478415)
  );
#706 = VECTOR('',#707,1.);
#707 = DIRECTION('',(0.,-1.,0.));
#708 = ORIENTED_EDGE('',*,*,#709,.T.);
#709 = EDGE_CURVE('',#702,#710,#712,.T.);
#710 = VERTEX_POINT('',#711);
#711 = CARTESIAN_POINT('',(11.034268862754,1.8517976515,0.196911478415)
  );
#712 = CIRCLE('',#713,0.7);
#713 = AXIS2_PLACEMENT_3D('',#714,#715,#716);
#714 = CARTESIAN_POINT('',(10.334268862754,1.8517976515,0.196911478415)
  );
#715 = DIRECTION('',(0.,0.,1.));
#716 = DIRECTION('',(-1.,0.,0.));
#717 = ORIENTED_EDGE('',*,*,#718,.T.);
#718 = EDGE_CURVE('',#710,#719,#721,.T.);
#719 = VERTEX_POINT('',#720);
#720 = CARTESIAN_POINT('',(10.834268862754,2.341695600056,0.196911478415
    ));
#721 = CIRCLE('',#722,0.7);
#722 = AXIS2_PLACEMENT_3D('',#723,#724,#725);
#723 = CARTESIAN_POINT('',(10.334268862754,1.8517976515,0.196911478415)
  );
#724 = DIRECTION('',(0.,0.,1.));
#725 = DIRECTION('',(-1.,0.,0.));
#726 = ORIENTED_EDGE('',*,*,#727,.F.);
#727 = EDGE_CURVE('',#728,#719,#730,.T.);
#728 = VERTEX_POINT('',#729);
#729 = CARTESIAN_POINT('',(10.834268862754,3.5517976515,0.196911478415)
  );
#730 = LINE('',#731,#732);
#731 = CARTESIAN_POINT('',(10.834268862754,0.8517976515,0.196911478415)
  );
#732 = VECTOR('',#733,1.);
#733 = DIRECTION('',(0.,-1.,0.));
#734 = ORIENTED_EDGE('',*,*,#735,.F.);
#735 = EDGE_CURVE('',#608,#728,#736,.T.);
#736 = LINE('',#737,#738);
#737 = CARTESIAN_POINT('',(8.209531969062,3.5517976515,0.196911478415));
#738 = VECTOR('',#739,1.);
#739 = DIRECTION('',(-1.,1.016424011296E-31,2.413528314403E-16));
#740 = ORIENTED_EDGE('',*,*,#741,.F.);
#741 = EDGE_CURVE('',#521,#608,#742,.T.);
#742 = LINE('',#743,#744);
#743 = CARTESIAN_POINT('',(11.334268862754,0.8517976515,0.196911478415)
  );
#744 = VECTOR('',#745,1.);
#745 = DIRECTION('',(0.,1.,0.));
#746 = ORIENTED_EDGE('',*,*,#520,.F.);
#747 = ORIENTED_EDGE('',*,*,#748,.F.);
#748 = EDGE_CURVE('',#749,#513,#751,.T.);
#749 = VERTEX_POINT('',#750);
#750 = CARTESIAN_POINT('',(11.334268862754,1.361899702943,0.196911478415
    ));
#751 = CIRCLE('',#752,0.7);
#752 = AXIS2_PLACEMENT_3D('',#753,#754,#755);
#753 = CARTESIAN_POINT('',(10.834268862754,1.8517976515,0.196911478415)
  );
#754 = DIRECTION('',(0.,0.,1.));
#755 = DIRECTION('',(-1.,0.,0.));
#756 = ORIENTED_EDGE('',*,*,#757,.F.);
#757 = EDGE_CURVE('',#694,#749,#758,.T.);
#758 = LINE('',#759,#760);
#759 = CARTESIAN_POINT('',(11.334268862754,0.8517976515,0.196911478415)
  );
#760 = VECTOR('',#761,1.);
#761 = DIRECTION('',(0.,1.,0.));
#762 = PLANE('',#763);
#763 = AXIS2_PLACEMENT_3D('',#764,#765,#766);
#764 = CARTESIAN_POINT('',(11.334268862754,0.8517976515,0.196911478415)
  );
#765 = DIRECTION('',(-2.413528314403E-16,-0.,-1.));
#766 = DIRECTION('',(1.,0.,-2.413528314403E-16));
#767 = ADVANCED_FACE('',(#768),#791,.T.);
#768 = FACE_BOUND('',#769,.T.);
#769 = EDGE_LOOP('',(#770,#778,#784,#790));
#770 = ORIENTED_EDGE('',*,*,#771,.T.);
#771 = EDGE_CURVE('',#719,#772,#774,.T.);
#772 = VERTEX_POINT('',#773);
#773 = CARTESIAN_POINT('',(10.834268862754,2.341695600056,0.696911478415
    ));
#774 = LINE('',#775,#776);
#775 = CARTESIAN_POINT('',(10.834268862754,2.341695600056,0.696911478415
    ));
#776 = VECTOR('',#777,1.);
#777 = DIRECTION('',(0.,0.,1.));
#778 = ORIENTED_EDGE('',*,*,#779,.T.);
#779 = EDGE_CURVE('',#772,#50,#780,.T.);
#780 = LINE('',#781,#782);
#781 = CARTESIAN_POINT('',(10.834268862754,0.8517976515,0.696911478415)
  );
#782 = VECTOR('',#783,1.);
#783 = DIRECTION('',(0.,1.,0.));
#784 = ORIENTED_EDGE('',*,*,#785,.F.);
#785 = EDGE_CURVE('',#728,#50,#786,.T.);
#786 = LINE('',#787,#788);
#787 = CARTESIAN_POINT('',(10.834268862754,3.5517976515,0.542971342958)
  );
#788 = VECTOR('',#789,1.);
#789 = DIRECTION('',(0.,0.,1.));
#790 = ORIENTED_EDGE('',*,*,#727,.T.);
#791 = PLANE('',#792);
#792 = AXIS2_PLACEMENT_3D('',#793,#794,#795);
#793 = CARTESIAN_POINT('',(10.834268862754,0.8517976515,0.196911478415)
  );
#794 = DIRECTION('',(-1.,-0.,-0.));
#795 = DIRECTION('',(0.,0.,-1.));
#796 = ADVANCED_FACE('',(#797),#822,.F.);
#797 = FACE_BOUND('',#798,.T.);
#798 = EDGE_LOOP('',(#799,#807,#815,#821));
#799 = ORIENTED_EDGE('',*,*,#800,.F.);
#800 = EDGE_CURVE('',#801,#408,#803,.T.);
#801 = VERTEX_POINT('',#802);
#802 = CARTESIAN_POINT('',(7.884268862754,0.3517976515,-4.853088521585)
  );
#803 = LINE('',#804,#805);
#804 = CARTESIAN_POINT('',(7.884268862754,1.0517976515,-4.853088521585)
  );
#805 = VECTOR('',#806,1.);
#806 = DIRECTION('',(0.,-1.,0.));
#807 = ORIENTED_EDGE('',*,*,#808,.T.);
#808 = EDGE_CURVE('',#801,#809,#811,.T.);
#809 = VERTEX_POINT('',#810);
#810 = CARTESIAN_POINT('',(7.884268862754,0.3517976515,-3.953088521585)
  );
#811 = LINE('',#812,#813);
#812 = CARTESIAN_POINT('',(7.884268862754,0.3517976515,8.446911478415));
#813 = VECTOR('',#814,1.);
#814 = DIRECTION('',(1.224606353822E-16,0.,1.));
#815 = ORIENTED_EDGE('',*,*,#816,.T.);
#816 = EDGE_CURVE('',#809,#416,#817,.T.);
#817 = LINE('',#818,#819);
#818 = CARTESIAN_POINT('',(7.884268862754,1.0517976515,-3.953088521585)
  );
#819 = VECTOR('',#820,1.);
#820 = DIRECTION('',(0.,-1.,0.));
#821 = ORIENTED_EDGE('',*,*,#415,.T.);
#822 = PLANE('',#823);
#823 = AXIS2_PLACEMENT_3D('',#824,#825,#826);
#824 = CARTESIAN_POINT('',(7.884268862754,0.3517976515,-4.853088521585)
  );
#825 = DIRECTION('',(-1.,0.,1.224606353822E-16));
#826 = DIRECTION('',(1.224606353822E-16,0.,1.));
#827 = ADVANCED_FACE('',(#828),#846,.T.);
#828 = FACE_BOUND('',#829,.T.);
#829 = EDGE_LOOP('',(#830,#838,#844,#845));
#830 = ORIENTED_EDGE('',*,*,#831,.T.);
#831 = EDGE_CURVE('',#431,#832,#834,.T.);
#832 = VERTEX_POINT('',#833);
#833 = CARTESIAN_POINT('',(7.884268862754,0.3517976515,-3.153088521585)
  );
#834 = LINE('',#835,#836);
#835 = CARTESIAN_POINT('',(7.884268862754,1.0517976515,-3.153088521585)
  );
#836 = VECTOR('',#837,1.);
#837 = DIRECTION('',(0.,1.,0.));
#838 = ORIENTED_EDGE('',*,*,#839,.T.);
#839 = EDGE_CURVE('',#832,#661,#840,.T.);
#840 = LINE('',#841,#842);
#841 = CARTESIAN_POINT('',(7.884268862754,0.3517976515,6.446911478415));
#842 = VECTOR('',#843,1.);
#843 = DIRECTION('',(1.224606353822E-16,0.,1.));
#844 = ORIENTED_EDGE('',*,*,#660,.F.);
#845 = ORIENTED_EDGE('',*,*,#438,.F.);
#846 = PLANE('',#847);
#847 = AXIS2_PLACEMENT_3D('',#848,#849,#850);
#848 = CARTESIAN_POINT('',(7.884268862754,0.3517976515,-1.953088521585)
  );
#849 = DIRECTION('',(1.,-0.,1.224606353822E-16));
#850 = DIRECTION('',(1.224606353822E-16,0.,-1.));
#851 = ADVANCED_FACE('',(#852),#863,.F.);
#852 = FACE_BOUND('',#853,.T.);
#853 = EDGE_LOOP('',(#854,#855,#861,#862));
#854 = ORIENTED_EDGE('',*,*,#297,.T.);
#855 = ORIENTED_EDGE('',*,*,#856,.T.);
#856 = EDGE_CURVE('',#290,#832,#857,.T.);
#857 = LINE('',#858,#859);
#858 = CARTESIAN_POINT('',(7.484268862754,0.3517976515,-2.867374235871)
  );
#859 = VECTOR('',#860,1.);
#860 = DIRECTION('',(-0.813733471207,0.,0.581238193719));
#861 = ORIENTED_EDGE('',*,*,#831,.F.);
#862 = ORIENTED_EDGE('',*,*,#430,.T.);
#863 = PLANE('',#864);
#864 = AXIS2_PLACEMENT_3D('',#865,#866,#867);
#865 = CARTESIAN_POINT('',(8.234268862754,0.3517976515,-3.403088521585)
  );
#866 = DIRECTION('',(-0.581238193719,0.,-0.813733471207));
#867 = DIRECTION('',(-0.813733471207,0.,0.581238193719));
#868 = ADVANCED_FACE('',(#869),#903,.F.);
#869 = FACE_BOUND('',#870,.T.);
#870 = EDGE_LOOP('',(#871,#881,#889,#897));
#871 = ORIENTED_EDGE('',*,*,#872,.T.);
#872 = EDGE_CURVE('',#873,#875,#877,.T.);
#873 = VERTEX_POINT('',#874);
#874 = CARTESIAN_POINT('',(11.234268862754,-3.6482023485,0.296911478415)
  );
#875 = VERTEX_POINT('',#876);
#876 = CARTESIAN_POINT('',(10.934268862754,-3.6482023485,0.296911478415)
  );
#877 = LINE('',#878,#879);
#878 = CARTESIAN_POINT('',(8.209531969062,-3.6482023485,0.296911478415)
  );
#879 = VECTOR('',#880,1.);
#880 = DIRECTION('',(-1.,0.,2.413528314403E-16));
#881 = ORIENTED_EDGE('',*,*,#882,.F.);
#882 = EDGE_CURVE('',#883,#875,#885,.T.);
#883 = VERTEX_POINT('',#884);
#884 = CARTESIAN_POINT('',(10.834268862754,-3.2482023485,0.196911478415)
  );
#885 = LINE('',#886,#887);
#886 = CARTESIAN_POINT('',(9.809268862754,0.8517976515,-0.828088521585)
  );
#887 = VECTOR('',#888,1.);
#888 = DIRECTION('',(0.235702260396,-0.942809041582,0.235702260396));
#889 = ORIENTED_EDGE('',*,*,#890,.F.);
#890 = EDGE_CURVE('',#891,#883,#893,.T.);
#891 = VERTEX_POINT('',#892);
#892 = CARTESIAN_POINT('',(11.334268862754,-3.2482023485,0.196911478415)
  );
#893 = LINE('',#894,#895);
#894 = CARTESIAN_POINT('',(8.209531969062,-3.2482023485,0.196911478415)
  );
#895 = VECTOR('',#896,1.);
#896 = DIRECTION('',(-1.,-6.352650070599E-33,2.413528314403E-16));
#897 = ORIENTED_EDGE('',*,*,#898,.F.);
#898 = EDGE_CURVE('',#873,#891,#899,.T.);
#899 = LINE('',#900,#901);
#900 = CARTESIAN_POINT('',(12.359268862754,0.8517976515,-0.828088521585)
  );
#901 = VECTOR('',#902,1.);
#902 = DIRECTION('',(0.235702260396,0.942809041582,-0.235702260396));
#903 = PLANE('',#904);
#904 = AXIS2_PLACEMENT_3D('',#905,#906,#907);
#905 = CARTESIAN_POINT('',(11.084268862754,-3.4482023485,0.246911478415)
  );
#906 = DIRECTION('',(2.341466393106E-16,0.242535625036,0.970142500145));
#907 = DIRECTION('',(0.,0.970142500145,-0.242535625036));
#908 = ADVANCED_FACE('',(#909),#934,.F.);
#909 = FACE_BOUND('',#910,.T.);
#910 = EDGE_LOOP('',(#911,#919,#920,#928));
#911 = ORIENTED_EDGE('',*,*,#912,.T.);
#912 = EDGE_CURVE('',#913,#873,#915,.T.);
#913 = VERTEX_POINT('',#914);
#914 = CARTESIAN_POINT('',(11.234268862754,-3.6482023485,0.596911478415)
  );
#915 = LINE('',#916,#917);
#916 = CARTESIAN_POINT('',(11.234268862754,-3.6482023485,0.542971342958)
  );
#917 = VECTOR('',#918,1.);
#918 = DIRECTION('',(0.,0.,-1.));
#919 = ORIENTED_EDGE('',*,*,#898,.T.);
#920 = ORIENTED_EDGE('',*,*,#921,.F.);
#921 = EDGE_CURVE('',#922,#891,#924,.T.);
#922 = VERTEX_POINT('',#923);
#923 = CARTESIAN_POINT('',(11.334268862754,-3.2482023485,0.696911478415)
  );
#924 = LINE('',#925,#926);
#925 = CARTESIAN_POINT('',(11.334268862754,-3.2482023485,0.542971342958)
  );
#926 = VECTOR('',#927,1.);
#927 = DIRECTION('',(0.,0.,-1.));
#928 = ORIENTED_EDGE('',*,*,#929,.F.);
#929 = EDGE_CURVE('',#913,#922,#930,.T.);
#930 = LINE('',#931,#932);
#931 = CARTESIAN_POINT('',(12.359268862754,0.8517976515,1.721911478415)
  );
#932 = VECTOR('',#933,1.);
#933 = DIRECTION('',(0.235702260396,0.942809041582,0.235702260396));
#934 = PLANE('',#935);
#935 = AXIS2_PLACEMENT_3D('',#936,#937,#938);
#936 = CARTESIAN_POINT('',(11.284268862754,-3.4482023485,0.496911478415)
  );
#937 = DIRECTION('',(-0.970142500145,0.242535625036,0.));
#938 = DIRECTION('',(0.242535625036,0.970142500145,3.36585794009E-17));
#939 = ADVANCED_FACE('',(#940),#965,.F.);
#940 = FACE_BOUND('',#941,.T.);
#941 = EDGE_LOOP('',(#942,#950,#958,#964));
#942 = ORIENTED_EDGE('',*,*,#943,.T.);
#943 = EDGE_CURVE('',#455,#944,#946,.T.);
#944 = VERTEX_POINT('',#945);
#945 = CARTESIAN_POINT('',(8.234268862754,0.3517976515,-1.403088521585)
  );
#946 = LINE('',#947,#948);
#947 = CARTESIAN_POINT('',(8.234268862754,1.0517976515,-1.403088521585)
  );
#948 = VECTOR('',#949,1.);
#949 = DIRECTION('',(0.,1.,0.));
#950 = ORIENTED_EDGE('',*,*,#951,.T.);
#951 = EDGE_CURVE('',#944,#952,#954,.T.);
#952 = VERTEX_POINT('',#953);
#953 = CARTESIAN_POINT('',(7.884268862754,0.3517976515,-1.153088521585)
  );
#954 = LINE('',#955,#956);
#955 = CARTESIAN_POINT('',(7.484268862754,0.3517976515,-0.867374235871)
  );
#956 = VECTOR('',#957,1.);
#957 = DIRECTION('',(-0.813733471207,0.,0.581238193719));
#958 = ORIENTED_EDGE('',*,*,#959,.F.);
#959 = EDGE_CURVE('',#463,#952,#960,.T.);
#960 = LINE('',#961,#962);
#961 = CARTESIAN_POINT('',(7.884268862754,1.0517976515,-1.153088521585)
  );
#962 = VECTOR('',#963,1.);
#963 = DIRECTION('',(0.,1.,0.));
#964 = ORIENTED_EDGE('',*,*,#462,.T.);
#965 = PLANE('',#966);
#966 = AXIS2_PLACEMENT_3D('',#967,#968,#969);
#967 = CARTESIAN_POINT('',(8.234268862754,0.3517976515,-1.403088521585)
  );
#968 = DIRECTION('',(-0.581238193719,0.,-0.813733471207));
#969 = DIRECTION('',(-0.813733471207,0.,0.581238193719));
#970 = ADVANCED_FACE('',(#971),#996,.T.);
#971 = FACE_BOUND('',#972,.T.);
#972 = EDGE_LOOP('',(#973,#981,#982,#990));
#973 = ORIENTED_EDGE('',*,*,#974,.F.);
#974 = EDGE_CURVE('',#82,#975,#977,.T.);
#975 = VERTEX_POINT('',#976);
#976 = CARTESIAN_POINT('',(10.834268862754,-0.5482023485,-1.303088521585
    ));
#977 = LINE('',#978,#979);
#978 = CARTESIAN_POINT('',(10.834268862754,-0.5482023485,-7.553088521585
    ));
#979 = VECTOR('',#980,1.);
#980 = DIRECTION('',(0.,0.,1.));
#981 = ORIENTED_EDGE('',*,*,#105,.T.);
#982 = ORIENTED_EDGE('',*,*,#983,.T.);
#983 = EDGE_CURVE('',#98,#984,#986,.T.);
#984 = VERTEX_POINT('',#985);
#985 = CARTESIAN_POINT('',(10.834268862754,-3.2482023485,-1.303088521585
    ));
#986 = LINE('',#987,#988);
#987 = CARTESIAN_POINT('',(10.834268862754,-3.2482023485,-1.457028657042
    ));
#988 = VECTOR('',#989,1.);
#989 = DIRECTION('',(0.,0.,1.));
#990 = ORIENTED_EDGE('',*,*,#991,.T.);
#991 = EDGE_CURVE('',#984,#975,#992,.T.);
#992 = LINE('',#993,#994);
#993 = CARTESIAN_POINT('',(10.834268862754,0.8517976515,-1.303088521585)
  );
#994 = VECTOR('',#995,1.);
#995 = DIRECTION('',(0.,1.,0.));
#996 = PLANE('',#997);
#997 = AXIS2_PLACEMENT_3D('',#998,#999,#1000);
#998 = CARTESIAN_POINT('',(10.834268862754,0.8517976515,-1.803088521585)
  );
#999 = DIRECTION('',(-1.,-0.,-0.));
#1000 = DIRECTION('',(0.,0.,-1.));
#1001 = ADVANCED_FACE('',(#1002),#1036,.T.);
#1002 = FACE_BOUND('',#1003,.T.);
#1003 = EDGE_LOOP('',(#1004,#1014,#1022,#1030));
#1004 = ORIENTED_EDGE('',*,*,#1005,.F.);
#1005 = EDGE_CURVE('',#1006,#1008,#1010,.T.);
#1006 = VERTEX_POINT('',#1007);
#1007 = CARTESIAN_POINT('',(9.184268862754,0.3517976515,1.746911478415)
  );
#1008 = VERTEX_POINT('',#1009);
#1009 = CARTESIAN_POINT('',(9.184268862754,1.0517976515,1.746911478415)
  );
#1010 = LINE('',#1011,#1012);
#1011 = CARTESIAN_POINT('',(9.184268862754,0.3517976515,1.746911478415)
  );
#1012 = VECTOR('',#1013,1.);
#1013 = DIRECTION('',(0.,1.,0.));
#1014 = ORIENTED_EDGE('',*,*,#1015,.F.);
#1015 = EDGE_CURVE('',#1016,#1006,#1018,.T.);
#1016 = VERTEX_POINT('',#1017);
#1017 = CARTESIAN_POINT('',(10.284268862754,0.3517976515,1.746911478415)
  );
#1018 = LINE('',#1019,#1020);
#1019 = CARTESIAN_POINT('',(7.484268862754,0.3517976515,1.746911478415)
  );
#1020 = VECTOR('',#1021,1.);
#1021 = DIRECTION('',(-1.,0.,-1.224606353822E-16));
#1022 = ORIENTED_EDGE('',*,*,#1023,.T.);
#1023 = EDGE_CURVE('',#1016,#1024,#1026,.T.);
#1024 = VERTEX_POINT('',#1025);
#1025 = CARTESIAN_POINT('',(10.284268862754,1.0517976515,1.746911478415)
  );
#1026 = LINE('',#1027,#1028);
#1027 = CARTESIAN_POINT('',(10.284268862754,0.3517976515,1.746911478415)
  );
#1028 = VECTOR('',#1029,1.);
#1029 = DIRECTION('',(0.,1.,0.));
#1030 = ORIENTED_EDGE('',*,*,#1031,.F.);
#1031 = EDGE_CURVE('',#1008,#1024,#1032,.T.);
#1032 = LINE('',#1033,#1034);
#1033 = CARTESIAN_POINT('',(7.484268862754,1.0517976515,1.746911478415)
  );
#1034 = VECTOR('',#1035,1.);
#1035 = DIRECTION('',(1.,0.,1.224606353822E-16));
#1036 = PLANE('',#1037);
#1037 = AXIS2_PLACEMENT_3D('',#1038,#1039,#1040);
#1038 = CARTESIAN_POINT('',(10.284268862754,0.3517976515,1.746911478415)
  );
#1039 = DIRECTION('',(-1.224606353822E-16,0.,1.));
#1040 = DIRECTION('',(1.,0.,1.224606353822E-16));
#1041 = ADVANCED_FACE('',(#1042),#1067,.F.);
#1042 = FACE_BOUND('',#1043,.T.);
#1043 = EDGE_LOOP('',(#1044,#1052,#1053,#1061));
#1044 = ORIENTED_EDGE('',*,*,#1045,.T.);
#1045 = EDGE_CURVE('',#1046,#913,#1048,.T.);
#1046 = VERTEX_POINT('',#1047);
#1047 = CARTESIAN_POINT('',(10.934268862754,-3.6482023485,0.596911478415
    ));
#1048 = LINE('',#1049,#1050);
#1049 = CARTESIAN_POINT('',(8.209531969062,-3.6482023485,0.596911478415)
  );
#1050 = VECTOR('',#1051,1.);
#1051 = DIRECTION('',(1.,0.,-2.413528314403E-16));
#1052 = ORIENTED_EDGE('',*,*,#929,.T.);
#1053 = ORIENTED_EDGE('',*,*,#1054,.F.);
#1054 = EDGE_CURVE('',#1055,#922,#1057,.T.);
#1055 = VERTEX_POINT('',#1056);
#1056 = CARTESIAN_POINT('',(10.834268862754,-3.2482023485,0.696911478415
    ));
#1057 = LINE('',#1058,#1059);
#1058 = CARTESIAN_POINT('',(8.209531969062,-3.2482023485,0.696911478415)
  );
#1059 = VECTOR('',#1060,1.);
#1060 = DIRECTION('',(1.,-6.352650070599E-33,-2.413528314403E-16));
#1061 = ORIENTED_EDGE('',*,*,#1062,.F.);
#1062 = EDGE_CURVE('',#1046,#1055,#1063,.T.);
#1063 = LINE('',#1064,#1065);
#1064 = CARTESIAN_POINT('',(9.809268862754,0.8517976515,1.721911478415)
  );
#1065 = VECTOR('',#1066,1.);
#1066 = DIRECTION('',(-0.235702260396,0.942809041582,0.235702260396));
#1067 = PLANE('',#1068);
#1068 = AXIS2_PLACEMENT_3D('',#1069,#1070,#1071);
#1069 = CARTESIAN_POINT('',(11.034268862754,-3.4482023485,0.646911478415
    ));
#1070 = DIRECTION('',(-2.341466393106E-16,0.242535625036,-0.970142500145
    ));
#1071 = DIRECTION('',(0.,0.970142500145,0.242535625036));
#1072 = ADVANCED_FACE('',(#1073),#1153,.T.);
#1073 = FACE_BOUND('',#1074,.T.);
#1074 = EDGE_LOOP('',(#1075,#1083,#1084,#1092,#1098,#1099,#1107,#1115,
    #1121,#1122,#1128,#1129,#1130,#1131,#1132,#1138,#1139,#1147));
#1075 = ORIENTED_EDGE('',*,*,#1076,.F.);
#1076 = EDGE_CURVE('',#1016,#1077,#1079,.T.);
#1077 = VERTEX_POINT('',#1078);
#1078 = CARTESIAN_POINT('',(10.284268862754,0.3517976515,-4.853088521585
    ));
#1079 = LINE('',#1080,#1081);
#1080 = CARTESIAN_POINT('',(10.284268862754,0.3517976515,8.446911478415)
  );
#1081 = VECTOR('',#1082,1.);
#1082 = DIRECTION('',(-1.287215101015E-16,0.,-1.));
#1083 = ORIENTED_EDGE('',*,*,#1015,.T.);
#1084 = ORIENTED_EDGE('',*,*,#1085,.F.);
#1085 = EDGE_CURVE('',#1086,#1006,#1088,.T.);
#1086 = VERTEX_POINT('',#1087);
#1087 = CARTESIAN_POINT('',(7.884268862754,0.3517976515,1.746911478415)
  );
#1088 = LINE('',#1089,#1090);
#1089 = CARTESIAN_POINT('',(7.484268862754,0.3517976515,1.746911478415)
  );
#1090 = VECTOR('',#1091,1.);
#1091 = DIRECTION('',(1.,0.,0.));
#1092 = ORIENTED_EDGE('',*,*,#1093,.T.);
#1093 = EDGE_CURVE('',#1086,#250,#1094,.T.);
#1094 = LINE('',#1095,#1096);
#1095 = CARTESIAN_POINT('',(7.884268862754,0.3517976515,-11.55308852158)
  );
#1096 = VECTOR('',#1097,1.);
#1097 = DIRECTION('',(1.224606353822E-16,0.,-1.));
#1098 = ORIENTED_EDGE('',*,*,#249,.T.);
#1099 = ORIENTED_EDGE('',*,*,#1100,.T.);
#1100 = EDGE_CURVE('',#240,#1101,#1103,.T.);
#1101 = VERTEX_POINT('',#1102);
#1102 = CARTESIAN_POINT('',(8.234268862754,0.3517976515,0.296911478415)
  );
#1103 = LINE('',#1104,#1105);
#1104 = CARTESIAN_POINT('',(8.234268862754,0.3517976515,-11.55308852158)
  );
#1105 = VECTOR('',#1106,1.);
#1106 = DIRECTION('',(1.233581138472E-16,0.,-1.));
#1107 = ORIENTED_EDGE('',*,*,#1108,.T.);
#1108 = EDGE_CURVE('',#1101,#1109,#1111,.T.);
#1109 = VERTEX_POINT('',#1110);
#1110 = CARTESIAN_POINT('',(7.884268862754,0.3517976515,
    4.69114784151E-02));
#1111 = LINE('',#1112,#1113);
#1112 = CARTESIAN_POINT('',(7.484268862754,0.3517976515,-0.238802807299)
  );
#1113 = VECTOR('',#1114,1.);
#1114 = DIRECTION('',(-0.813733471207,0.,-0.581238193719));
#1115 = ORIENTED_EDGE('',*,*,#1116,.F.);
#1116 = EDGE_CURVE('',#952,#1109,#1117,.T.);
#1117 = LINE('',#1118,#1119);
#1118 = CARTESIAN_POINT('',(7.884268862754,0.3517976515,8.446911478415)
  );
#1119 = VECTOR('',#1120,1.);
#1120 = DIRECTION('',(1.224606353822E-16,0.,1.));
#1121 = ORIENTED_EDGE('',*,*,#951,.F.);
#1122 = ORIENTED_EDGE('',*,*,#1123,.F.);
#1123 = EDGE_CURVE('',#669,#944,#1124,.T.);
#1124 = LINE('',#1125,#1126);
#1125 = CARTESIAN_POINT('',(8.234268862754,0.3517976515,8.446911478415)
  );
#1126 = VECTOR('',#1127,1.);
#1127 = DIRECTION('',(1.233581138472E-16,0.,1.));
#1128 = ORIENTED_EDGE('',*,*,#668,.T.);
#1129 = ORIENTED_EDGE('',*,*,#839,.F.);
#1130 = ORIENTED_EDGE('',*,*,#856,.F.);
#1131 = ORIENTED_EDGE('',*,*,#289,.F.);
#1132 = ORIENTED_EDGE('',*,*,#1133,.F.);
#1133 = EDGE_CURVE('',#809,#280,#1134,.T.);
#1134 = LINE('',#1135,#1136);
#1135 = CARTESIAN_POINT('',(7.484268862754,0.3517976515,-4.238802807299)
  );
#1136 = VECTOR('',#1137,1.);
#1137 = DIRECTION('',(0.813733471207,0.,0.581238193719));
#1138 = ORIENTED_EDGE('',*,*,#808,.F.);
#1139 = ORIENTED_EDGE('',*,*,#1140,.T.);
#1140 = EDGE_CURVE('',#801,#1141,#1143,.T.);
#1141 = VERTEX_POINT('',#1142);
#1142 = CARTESIAN_POINT('',(9.184268862754,0.3517976515,-4.853088521585)
  );
#1143 = LINE('',#1144,#1145);
#1144 = CARTESIAN_POINT('',(7.484268862754,0.3517976515,-4.853088521585)
  );
#1145 = VECTOR('',#1146,1.);
#1146 = DIRECTION('',(1.,0.,0.));
#1147 = ORIENTED_EDGE('',*,*,#1148,.F.);
#1148 = EDGE_CURVE('',#1077,#1141,#1149,.T.);
#1149 = LINE('',#1150,#1151);
#1150 = CARTESIAN_POINT('',(7.484268862754,0.3517976515,-4.853088521585)
  );
#1151 = VECTOR('',#1152,1.);
#1152 = DIRECTION('',(-1.,0.,1.224606353822E-16));
#1153 = PLANE('',#1154);
#1154 = AXIS2_PLACEMENT_3D('',#1155,#1156,#1157);
#1155 = CARTESIAN_POINT('',(9.754694560362,0.3517976515,-6.754777637703)
  );
#1156 = DIRECTION('',(0.,-1.,0.));
#1157 = DIRECTION('',(1.,0.,0.));
#1158 = ADVANCED_FACE('',(#1159),#1175,.T.);
#1159 = FACE_BOUND('',#1160,.T.);
#1160 = EDGE_LOOP('',(#1161,#1167,#1168,#1174));
#1161 = ORIENTED_EDGE('',*,*,#1162,.T.);
#1162 = EDGE_CURVE('',#471,#1109,#1163,.T.);
#1163 = LINE('',#1164,#1165);
#1164 = CARTESIAN_POINT('',(7.884268862754,1.0517976515,
    4.69114784151E-02));
#1165 = VECTOR('',#1166,1.);
#1166 = DIRECTION('',(0.,1.,0.));
#1167 = ORIENTED_EDGE('',*,*,#1108,.F.);
#1168 = ORIENTED_EDGE('',*,*,#1169,.F.);
#1169 = EDGE_CURVE('',#479,#1101,#1170,.T.);
#1170 = LINE('',#1171,#1172);
#1171 = CARTESIAN_POINT('',(8.234268862754,1.0517976515,0.296911478415)
  );
#1172 = VECTOR('',#1173,1.);
#1173 = DIRECTION('',(0.,1.,0.));
#1174 = ORIENTED_EDGE('',*,*,#478,.F.);
#1175 = PLANE('',#1176);
#1176 = AXIS2_PLACEMENT_3D('',#1177,#1178,#1179);
#1177 = CARTESIAN_POINT('',(8.234268862754,0.3517976515,0.296911478415)
  );
#1178 = DIRECTION('',(0.581238193719,0.,-0.813733471207));
#1179 = DIRECTION('',(-0.813733471207,0.,-0.581238193719));
#1180 = ADVANCED_FACE('',(#1181),#1192,.F.);
#1181 = FACE_BOUND('',#1182,.T.);
#1182 = EDGE_LOOP('',(#1183,#1189,#1190,#1191));
#1183 = ORIENTED_EDGE('',*,*,#1184,.F.);
#1184 = EDGE_CURVE('',#875,#1046,#1185,.T.);
#1185 = LINE('',#1186,#1187);
#1186 = CARTESIAN_POINT('',(10.934268862754,-3.6482023485,0.542971342958
    ));
#1187 = VECTOR('',#1188,1.);
#1188 = DIRECTION('',(0.,0.,1.));
#1189 = ORIENTED_EDGE('',*,*,#872,.F.);
#1190 = ORIENTED_EDGE('',*,*,#912,.F.);
#1191 = ORIENTED_EDGE('',*,*,#1045,.F.);
#1192 = PLANE('',#1193);
#1193 = AXIS2_PLACEMENT_3D('',#1194,#1195,#1196);
#1194 = CARTESIAN_POINT('',(8.209531969062,-3.6482023485,0.542971342958)
  );
#1195 = DIRECTION('',(0.,1.,-0.));
#1196 = DIRECTION('',(-1.,0.,0.));
#1197 = ADVANCED_FACE('',(#1198),#1223,.F.);
#1198 = FACE_BOUND('',#1199,.T.);
#1199 = EDGE_LOOP('',(#1200,#1210,#1216,#1217));
#1200 = ORIENTED_EDGE('',*,*,#1201,.T.);
#1201 = EDGE_CURVE('',#1202,#1204,#1206,.T.);
#1202 = VERTEX_POINT('',#1203);
#1203 = CARTESIAN_POINT('',(11.234268862754,-3.6482023485,
    -1.703088521585));
#1204 = VERTEX_POINT('',#1205);
#1205 = CARTESIAN_POINT('',(10.934268862754,-3.6482023485,
    -1.703088521585));
#1206 = LINE('',#1207,#1208);
#1207 = CARTESIAN_POINT('',(8.209531969062,-3.6482023485,-1.703088521585
    ));
#1208 = VECTOR('',#1209,1.);
#1209 = DIRECTION('',(-1.,0.,2.413528314403E-16));
#1210 = ORIENTED_EDGE('',*,*,#1211,.F.);
#1211 = EDGE_CURVE('',#98,#1204,#1212,.T.);
#1212 = LINE('',#1213,#1214);
#1213 = CARTESIAN_POINT('',(9.809268862754,0.8517976515,-2.828088521585)
  );
#1214 = VECTOR('',#1215,1.);
#1215 = DIRECTION('',(0.235702260396,-0.942809041582,0.235702260396));
#1216 = ORIENTED_EDGE('',*,*,#97,.F.);
#1217 = ORIENTED_EDGE('',*,*,#1218,.F.);
#1218 = EDGE_CURVE('',#1202,#90,#1219,.T.);
#1219 = LINE('',#1220,#1221);
#1220 = CARTESIAN_POINT('',(12.359268862754,0.8517976515,-2.828088521585
    ));
#1221 = VECTOR('',#1222,1.);
#1222 = DIRECTION('',(0.235702260396,0.942809041582,-0.235702260396));
#1223 = PLANE('',#1224);
#1224 = AXIS2_PLACEMENT_3D('',#1225,#1226,#1227);
#1225 = CARTESIAN_POINT('',(11.084268862754,-3.4482023485,
    -1.753088521585));
#1226 = DIRECTION('',(2.341466393106E-16,0.242535625036,0.970142500145)
  );
#1227 = DIRECTION('',(0.,0.970142500145,-0.242535625036));
#1228 = ADVANCED_FACE('',(#1229),#1261,.T.);
#1229 = FACE_BOUND('',#1230,.T.);
#1230 = EDGE_LOOP('',(#1231,#1241,#1247,#1255));
#1231 = ORIENTED_EDGE('',*,*,#1232,.T.);
#1232 = EDGE_CURVE('',#1233,#1235,#1237,.T.);
#1233 = VERTEX_POINT('',#1234);
#1234 = CARTESIAN_POINT('',(10.934268862754,3.9517976515,-1.703088521585
    ));
#1235 = VERTEX_POINT('',#1236);
#1236 = CARTESIAN_POINT('',(11.234268862754,3.9517976515,-1.703088521585
    ));
#1237 = LINE('',#1238,#1239);
#1238 = CARTESIAN_POINT('',(8.209531969062,3.9517976515,-1.703088521585)
  );
#1239 = VECTOR('',#1240,1.);
#1240 = DIRECTION('',(1.,0.,-2.413528314403E-16));
#1241 = ORIENTED_EDGE('',*,*,#1242,.T.);
#1242 = EDGE_CURVE('',#1235,#162,#1243,.T.);
#1243 = LINE('',#1244,#1245);
#1244 = CARTESIAN_POINT('',(12.009268862754,0.8517976515,-2.478088521585
    ));
#1245 = VECTOR('',#1246,1.);
#1246 = DIRECTION('',(0.235702260396,-0.942809041582,-0.235702260396));
#1247 = ORIENTED_EDGE('',*,*,#1248,.T.);
#1248 = EDGE_CURVE('',#162,#1249,#1251,.T.);
#1249 = VERTEX_POINT('',#1250);
#1250 = CARTESIAN_POINT('',(10.834268862754,3.5517976515,-1.803088521585
    ));
#1251 = LINE('',#1252,#1253);
#1252 = CARTESIAN_POINT('',(8.209531969062,3.5517976515,-1.803088521585)
  );
#1253 = VECTOR('',#1254,1.);
#1254 = DIRECTION('',(-1.,1.016424011296E-31,2.413528314403E-16));
#1255 = ORIENTED_EDGE('',*,*,#1256,.T.);
#1256 = EDGE_CURVE('',#1249,#1233,#1257,.T.);
#1257 = LINE('',#1258,#1259);
#1258 = CARTESIAN_POINT('',(10.159268862754,0.8517976515,-2.478088521585
    ));
#1259 = VECTOR('',#1260,1.);
#1260 = DIRECTION('',(0.235702260396,0.942809041582,0.235702260396));
#1261 = PLANE('',#1262);
#1262 = AXIS2_PLACEMENT_3D('',#1263,#1264,#1265);
#1263 = CARTESIAN_POINT('',(11.084268862754,3.7517976515,-1.753088521585
    ));
#1264 = DIRECTION('',(-2.341466393106E-16,0.242535625036,-0.970142500145
    ));
#1265 = DIRECTION('',(0.,-0.970142500145,-0.242535625036));
#1266 = ADVANCED_FACE('',(#1267),#1285,.T.);
#1267 = FACE_BOUND('',#1268,.T.);
#1268 = EDGE_LOOP('',(#1269,#1277,#1283,#1284));
#1269 = ORIENTED_EDGE('',*,*,#1270,.T.);
#1270 = EDGE_CURVE('',#42,#1271,#1273,.T.);
#1271 = VERTEX_POINT('',#1272);
#1272 = CARTESIAN_POINT('',(10.934268862754,3.9517976515,0.296911478415)
  );
#1273 = LINE('',#1274,#1275);
#1274 = CARTESIAN_POINT('',(10.934268862754,3.9517976515,0.542971342958)
  );
#1275 = VECTOR('',#1276,1.);
#1276 = DIRECTION('',(0.,0.,-1.));
#1277 = ORIENTED_EDGE('',*,*,#1278,.F.);
#1278 = EDGE_CURVE('',#728,#1271,#1279,.T.);
#1279 = LINE('',#1280,#1281);
#1280 = CARTESIAN_POINT('',(10.159268862754,0.8517976515,-0.478088521585
    ));
#1281 = VECTOR('',#1282,1.);
#1282 = DIRECTION('',(0.235702260396,0.942809041582,0.235702260396));
#1283 = ORIENTED_EDGE('',*,*,#785,.T.);
#1284 = ORIENTED_EDGE('',*,*,#49,.F.);
#1285 = PLANE('',#1286);
#1286 = AXIS2_PLACEMENT_3D('',#1287,#1288,#1289);
#1287 = CARTESIAN_POINT('',(10.884268862754,3.7517976515,0.446911478415)
  );
#1288 = DIRECTION('',(-0.970142500145,0.242535625036,0.));
#1289 = DIRECTION('',(-0.242535625036,-0.970142500145,3.36585794009E-17)
  );
#1290 = ADVANCED_FACE('',(#1291),#1316,.T.);
#1291 = FACE_BOUND('',#1292,.T.);
#1292 = EDGE_LOOP('',(#1293,#1303,#1309,#1310));
#1293 = ORIENTED_EDGE('',*,*,#1294,.F.);
#1294 = EDGE_CURVE('',#1295,#1297,#1299,.T.);
#1295 = VERTEX_POINT('',#1296);
#1296 = CARTESIAN_POINT('',(11.334268862754,-0.5482023485,0.696911478415
    ));
#1297 = VERTEX_POINT('',#1298);
#1298 = CARTESIAN_POINT('',(11.334268862754,-0.5482023485,0.196911478415
    ));
#1299 = LINE('',#1300,#1301);
#1300 = CARTESIAN_POINT('',(11.334268862754,-0.5482023485,
    -7.553088521585));
#1301 = VECTOR('',#1302,1.);
#1302 = DIRECTION('',(0.,0.,-1.));
#1303 = ORIENTED_EDGE('',*,*,#1304,.T.);
#1304 = EDGE_CURVE('',#1295,#922,#1305,.T.);
#1305 = LINE('',#1306,#1307);
#1306 = CARTESIAN_POINT('',(11.334268862754,0.8517976515,0.696911478415)
  );
#1307 = VECTOR('',#1308,1.);
#1308 = DIRECTION('',(0.,-1.,0.));
#1309 = ORIENTED_EDGE('',*,*,#921,.T.);
#1310 = ORIENTED_EDGE('',*,*,#1311,.T.);
#1311 = EDGE_CURVE('',#891,#1297,#1312,.T.);
#1312 = LINE('',#1313,#1314);
#1313 = CARTESIAN_POINT('',(11.334268862754,0.8517976515,0.196911478415)
  );
#1314 = VECTOR('',#1315,1.);
#1315 = DIRECTION('',(0.,1.,0.));
#1316 = PLANE('',#1317);
#1317 = AXIS2_PLACEMENT_3D('',#1318,#1319,#1320);
#1318 = CARTESIAN_POINT('',(11.334268862754,0.8517976515,0.696911478415)
  );
#1319 = DIRECTION('',(1.,0.,-0.));
#1320 = DIRECTION('',(0.,0.,1.));
#1321 = ADVANCED_FACE('',(#1322),#1338,.T.);
#1322 = FACE_BOUND('',#1323,.T.);
#1323 = EDGE_LOOP('',(#1324,#1330,#1331,#1337));
#1324 = ORIENTED_EDGE('',*,*,#1325,.F.);
#1325 = EDGE_CURVE('',#975,#630,#1326,.T.);
#1326 = LINE('',#1327,#1328);
#1327 = CARTESIAN_POINT('',(7.484268862754,-0.5482023485,-1.303088521585
    ));
#1328 = VECTOR('',#1329,1.);
#1329 = DIRECTION('',(1.,0.,-2.413528314403E-16));
#1330 = ORIENTED_EDGE('',*,*,#991,.F.);
#1331 = ORIENTED_EDGE('',*,*,#1332,.T.);
#1332 = EDGE_CURVE('',#984,#638,#1333,.T.);
#1333 = LINE('',#1334,#1335);
#1334 = CARTESIAN_POINT('',(8.209531969062,-3.2482023485,-1.303088521585
    ));
#1335 = VECTOR('',#1336,1.);
#1336 = DIRECTION('',(1.,-6.352650070599E-33,-2.413528314403E-16));
#1337 = ORIENTED_EDGE('',*,*,#637,.F.);
#1338 = PLANE('',#1339);
#1339 = AXIS2_PLACEMENT_3D('',#1340,#1341,#1342);
#1340 = CARTESIAN_POINT('',(10.834268862754,0.8517976515,-1.303088521585
    ));
#1341 = DIRECTION('',(2.413528314403E-16,0.,1.));
#1342 = DIRECTION('',(-1.,0.,2.413528314403E-16));
#1343 = ADVANCED_FACE('',(#1344),#1362,.F.);
#1344 = FACE_BOUND('',#1345,.T.);
#1345 = EDGE_LOOP('',(#1346,#1354,#1355,#1356));
#1346 = ORIENTED_EDGE('',*,*,#1347,.T.);
#1347 = EDGE_CURVE('',#1348,#1202,#1350,.T.);
#1348 = VERTEX_POINT('',#1349);
#1349 = CARTESIAN_POINT('',(11.234268862754,-3.6482023485,
    -1.403088521585));
#1350 = LINE('',#1351,#1352);
#1351 = CARTESIAN_POINT('',(11.234268862754,-3.6482023485,
    -1.457028657042));
#1352 = VECTOR('',#1353,1.);
#1353 = DIRECTION('',(0.,0.,-1.));
#1354 = ORIENTED_EDGE('',*,*,#1218,.T.);
#1355 = ORIENTED_EDGE('',*,*,#645,.F.);
#1356 = ORIENTED_EDGE('',*,*,#1357,.F.);
#1357 = EDGE_CURVE('',#1348,#638,#1358,.T.);
#1358 = LINE('',#1359,#1360);
#1359 = CARTESIAN_POINT('',(12.359268862754,0.8517976515,-0.278088521585
    ));
#1360 = VECTOR('',#1361,1.);
#1361 = DIRECTION('',(0.235702260396,0.942809041582,0.235702260396));
#1362 = PLANE('',#1363);
#1363 = AXIS2_PLACEMENT_3D('',#1364,#1365,#1366);
#1364 = CARTESIAN_POINT('',(11.284268862754,-3.4482023485,
    -1.503088521585));
#1365 = DIRECTION('',(-0.970142500145,0.242535625036,0.));
#1366 = DIRECTION('',(0.242535625036,0.970142500145,3.36585794009E-17));
#1367 = ADVANCED_FACE('',(#1368),#1374,.F.);
#1368 = FACE_BOUND('',#1369,.T.);
#1369 = EDGE_LOOP('',(#1370,#1371,#1372,#1373));
#1370 = ORIENTED_EDGE('',*,*,#816,.F.);
#1371 = ORIENTED_EDGE('',*,*,#1133,.T.);
#1372 = ORIENTED_EDGE('',*,*,#279,.T.);
#1373 = ORIENTED_EDGE('',*,*,#423,.T.);
#1374 = PLANE('',#1375);
#1375 = AXIS2_PLACEMENT_3D('',#1376,#1377,#1378);
#1376 = CARTESIAN_POINT('',(7.884268862754,0.3517976515,-3.953088521585)
  );
#1377 = DIRECTION('',(-0.581238193719,0.,0.813733471207));
#1378 = DIRECTION('',(0.813733471207,0.,0.581238193719));
#1379 = ADVANCED_FACE('',(#1380),#1391,.T.);
#1380 = FACE_BOUND('',#1381,.T.);
#1381 = EDGE_LOOP('',(#1382,#1388,#1389,#1390));
#1382 = ORIENTED_EDGE('',*,*,#1383,.T.);
#1383 = EDGE_CURVE('',#1271,#599,#1384,.T.);
#1384 = LINE('',#1385,#1386);
#1385 = CARTESIAN_POINT('',(8.209531969062,3.9517976515,0.296911478415)
  );
#1386 = VECTOR('',#1387,1.);
#1387 = DIRECTION('',(1.,0.,-2.413528314403E-16));
#1388 = ORIENTED_EDGE('',*,*,#615,.T.);
#1389 = ORIENTED_EDGE('',*,*,#735,.T.);
#1390 = ORIENTED_EDGE('',*,*,#1278,.T.);
#1391 = PLANE('',#1392);
#1392 = AXIS2_PLACEMENT_3D('',#1393,#1394,#1395);
#1393 = CARTESIAN_POINT('',(11.084268862754,3.7517976515,0.246911478415)
  );
#1394 = DIRECTION('',(-2.341466393106E-16,0.242535625036,-0.970142500145
    ));
#1395 = DIRECTION('',(0.,-0.970142500145,-0.242535625036));
#1396 = ADVANCED_FACE('',(#1397),#1403,.T.);
#1397 = FACE_BOUND('',#1398,.T.);
#1398 = EDGE_LOOP('',(#1399,#1400,#1401,#1402));
#1399 = ORIENTED_EDGE('',*,*,#39,.F.);
#1400 = ORIENTED_EDGE('',*,*,#598,.F.);
#1401 = ORIENTED_EDGE('',*,*,#1383,.F.);
#1402 = ORIENTED_EDGE('',*,*,#1270,.F.);
#1403 = PLANE('',#1404);
#1404 = AXIS2_PLACEMENT_3D('',#1405,#1406,#1407);
#1405 = CARTESIAN_POINT('',(8.209531969062,3.9517976515,0.542971342958)
  );
#1406 = DIRECTION('',(0.,1.,-0.));
#1407 = DIRECTION('',(-1.,0.,0.));
#1408 = ADVANCED_FACE('',(#1409),#1434,.T.);
#1409 = FACE_BOUND('',#1410,.T.);
#1410 = EDGE_LOOP('',(#1411,#1419,#1427,#1433));
#1411 = ORIENTED_EDGE('',*,*,#1412,.F.);
#1412 = EDGE_CURVE('',#1413,#160,#1415,.T.);
#1413 = VERTEX_POINT('',#1414);
#1414 = CARTESIAN_POINT('',(10.834268862754,3.5517976515,-1.303088521585
    ));
#1415 = LINE('',#1416,#1417);
#1416 = CARTESIAN_POINT('',(8.209531969062,3.5517976515,-1.303088521585)
  );
#1417 = VECTOR('',#1418,1.);
#1418 = DIRECTION('',(1.,1.016424011296E-31,-2.413528314403E-16));
#1419 = ORIENTED_EDGE('',*,*,#1420,.F.);
#1420 = EDGE_CURVE('',#1421,#1413,#1423,.T.);
#1421 = VERTEX_POINT('',#1422);
#1422 = CARTESIAN_POINT('',(10.834268862754,1.0517976515,-1.303088521585
    ));
#1423 = LINE('',#1424,#1425);
#1424 = CARTESIAN_POINT('',(10.834268862754,0.8517976515,-1.303088521585
    ));
#1425 = VECTOR('',#1426,1.);
#1426 = DIRECTION('',(0.,1.,0.));
#1427 = ORIENTED_EDGE('',*,*,#1428,.T.);
#1428 = EDGE_CURVE('',#1421,#170,#1429,.T.);
#1429 = LINE('',#1430,#1431);
#1430 = CARTESIAN_POINT('',(7.484268862754,1.0517976515,-1.303088521585)
  );
#1431 = VECTOR('',#1432,1.);
#1432 = DIRECTION('',(1.,0.,-2.413528314403E-16));
#1433 = ORIENTED_EDGE('',*,*,#169,.F.);
#1434 = PLANE('',#1435);
#1435 = AXIS2_PLACEMENT_3D('',#1436,#1437,#1438);
#1436 = CARTESIAN_POINT('',(10.834268862754,0.8517976515,-1.303088521585
    ));
#1437 = DIRECTION('',(2.413528314403E-16,0.,1.));
#1438 = DIRECTION('',(-1.,0.,2.413528314403E-16));
#1439 = ADVANCED_FACE('',(#1440),#1465,.T.);
#1440 = FACE_BOUND('',#1441,.T.);
#1441 = EDGE_LOOP('',(#1442,#1450,#1458,#1464));
#1442 = ORIENTED_EDGE('',*,*,#1443,.F.);
#1443 = EDGE_CURVE('',#1444,#692,#1446,.T.);
#1444 = VERTEX_POINT('',#1445);
#1445 = CARTESIAN_POINT('',(10.834268862754,1.0517976515,0.696911478415)
  );
#1446 = LINE('',#1447,#1448);
#1447 = CARTESIAN_POINT('',(10.834268862754,1.0517976515,-7.553088521585
    ));
#1448 = VECTOR('',#1449,1.);
#1449 = DIRECTION('',(0.,0.,-1.));
#1450 = ORIENTED_EDGE('',*,*,#1451,.T.);
#1451 = EDGE_CURVE('',#1444,#1452,#1454,.T.);
#1452 = VERTEX_POINT('',#1453);
#1453 = CARTESIAN_POINT('',(10.834268862754,1.361899702943,
    0.696911478415));
#1454 = LINE('',#1455,#1456);
#1455 = CARTESIAN_POINT('',(10.834268862754,0.8517976515,0.696911478415)
  );
#1456 = VECTOR('',#1457,1.);
#1457 = DIRECTION('',(0.,1.,0.));
#1458 = ORIENTED_EDGE('',*,*,#1459,.F.);
#1459 = EDGE_CURVE('',#702,#1452,#1460,.T.);
#1460 = LINE('',#1461,#1462);
#1461 = CARTESIAN_POINT('',(10.834268862754,1.361899702943,
    0.696911478415));
#1462 = VECTOR('',#1463,1.);
#1463 = DIRECTION('',(0.,0.,1.));
#1464 = ORIENTED_EDGE('',*,*,#701,.T.);
#1465 = PLANE('',#1466);
#1466 = AXIS2_PLACEMENT_3D('',#1467,#1468,#1469);
#1467 = CARTESIAN_POINT('',(10.834268862754,0.8517976515,0.196911478415)
  );
#1468 = DIRECTION('',(-1.,-0.,-0.));
#1469 = DIRECTION('',(0.,0.,-1.));
#1470 = ADVANCED_FACE('',(#1471),#1496,.T.);
#1471 = FACE_BOUND('',#1472,.T.);
#1472 = EDGE_LOOP('',(#1473,#1481,#1482,#1490));
#1473 = ORIENTED_EDGE('',*,*,#1474,.T.);
#1474 = EDGE_CURVE('',#1475,#210,#1477,.T.);
#1475 = VERTEX_POINT('',#1476);
#1476 = CARTESIAN_POINT('',(10.834268862754,-0.5482023485,
    -3.803088521585));
#1477 = LINE('',#1478,#1479);
#1478 = CARTESIAN_POINT('',(10.834268862754,0.8517976515,-3.803088521585
    ));
#1479 = VECTOR('',#1480,1.);
#1480 = DIRECTION('',(0.,-1.,0.));
#1481 = ORIENTED_EDGE('',*,*,#583,.T.);
#1482 = ORIENTED_EDGE('',*,*,#1483,.T.);
#1483 = EDGE_CURVE('',#576,#1484,#1486,.T.);
#1484 = VERTEX_POINT('',#1485);
#1485 = CARTESIAN_POINT('',(10.834268862754,-0.5482023485,
    -3.303088521585));
#1486 = LINE('',#1487,#1488);
#1487 = CARTESIAN_POINT('',(10.834268862754,0.8517976515,-3.303088521585
    ));
#1488 = VECTOR('',#1489,1.);
#1489 = DIRECTION('',(0.,1.,0.));
#1490 = ORIENTED_EDGE('',*,*,#1491,.F.);
#1491 = EDGE_CURVE('',#1475,#1484,#1492,.T.);
#1492 = LINE('',#1493,#1494);
#1493 = CARTESIAN_POINT('',(10.834268862754,-0.5482023485,
    -7.553088521585));
#1494 = VECTOR('',#1495,1.);
#1495 = DIRECTION('',(0.,0.,1.));
#1496 = PLANE('',#1497);
#1497 = AXIS2_PLACEMENT_3D('',#1498,#1499,#1500);
#1498 = CARTESIAN_POINT('',(10.834268862754,0.8517976515,-3.803088521585
    ));
#1499 = DIRECTION('',(-1.,-0.,-0.));
#1500 = DIRECTION('',(0.,0.,-1.));
#1501 = ADVANCED_FACE('',(#1502),#1532,.T.);
#1502 = FACE_BOUND('',#1503,.T.);
#1503 = EDGE_LOOP('',(#1504,#1512,#1518,#1526));
#1504 = ORIENTED_EDGE('',*,*,#1505,.T.);
#1505 = EDGE_CURVE('',#1506,#883,#1508,.T.);
#1506 = VERTEX_POINT('',#1507);
#1507 = CARTESIAN_POINT('',(10.834268862754,-0.5482023485,0.196911478415
    ));
#1508 = LINE('',#1509,#1510);
#1509 = CARTESIAN_POINT('',(10.834268862754,0.8517976515,0.196911478415)
  );
#1510 = VECTOR('',#1511,1.);
#1511 = DIRECTION('',(0.,-1.,0.));
#1512 = ORIENTED_EDGE('',*,*,#1513,.T.);
#1513 = EDGE_CURVE('',#883,#1055,#1514,.T.);
#1514 = LINE('',#1515,#1516);
#1515 = CARTESIAN_POINT('',(10.834268862754,-3.2482023485,0.542971342958
    ));
#1516 = VECTOR('',#1517,1.);
#1517 = DIRECTION('',(0.,0.,1.));
#1518 = ORIENTED_EDGE('',*,*,#1519,.T.);
#1519 = EDGE_CURVE('',#1055,#1520,#1522,.T.);
#1520 = VERTEX_POINT('',#1521);
#1521 = CARTESIAN_POINT('',(10.834268862754,-0.5482023485,0.696911478415
    ));
#1522 = LINE('',#1523,#1524);
#1523 = CARTESIAN_POINT('',(10.834268862754,0.8517976515,0.696911478415)
  );
#1524 = VECTOR('',#1525,1.);
#1525 = DIRECTION('',(0.,1.,0.));
#1526 = ORIENTED_EDGE('',*,*,#1527,.F.);
#1527 = EDGE_CURVE('',#1506,#1520,#1528,.T.);
#1528 = LINE('',#1529,#1530);
#1529 = CARTESIAN_POINT('',(10.834268862754,-0.5482023485,
    -7.553088521585));
#1530 = VECTOR('',#1531,1.);
#1531 = DIRECTION('',(0.,0.,1.));
#1532 = PLANE('',#1533);
#1533 = AXIS2_PLACEMENT_3D('',#1534,#1535,#1536);
#1534 = CARTESIAN_POINT('',(10.834268862754,0.8517976515,0.196911478415)
  );
#1535 = DIRECTION('',(-1.,-0.,-0.));
#1536 = DIRECTION('',(0.,0.,-1.));
#1537 = ADVANCED_FACE('',(#1538),#1549,.T.);
#1538 = FACE_BOUND('',#1539,.T.);
#1539 = EDGE_LOOP('',(#1540,#1541,#1542,#1548));
#1540 = ORIENTED_EDGE('',*,*,#257,.T.);
#1541 = ORIENTED_EDGE('',*,*,#1093,.F.);
#1542 = ORIENTED_EDGE('',*,*,#1543,.T.);
#1543 = EDGE_CURVE('',#1086,#320,#1544,.T.);
#1544 = LINE('',#1545,#1546);
#1545 = CARTESIAN_POINT('',(7.884268862754,1.0517976515,1.746911478415)
  );
#1546 = VECTOR('',#1547,1.);
#1547 = DIRECTION('',(0.,-1.,0.));
#1548 = ORIENTED_EDGE('',*,*,#319,.F.);
#1549 = PLANE('',#1550);
#1550 = AXIS2_PLACEMENT_3D('',#1551,#1552,#1553);
#1551 = CARTESIAN_POINT('',(7.884268862754,0.3517976515,1.746911478415)
  );
#1552 = DIRECTION('',(1.,-0.,1.224606353822E-16));
#1553 = DIRECTION('',(1.224606353822E-16,0.,-1.));
#1554 = ADVANCED_FACE('',(#1555),#1566,.T.);
#1555 = FACE_BOUND('',#1556,.T.);
#1556 = EDGE_LOOP('',(#1557,#1558,#1564,#1565));
#1557 = ORIENTED_EDGE('',*,*,#1505,.F.);
#1558 = ORIENTED_EDGE('',*,*,#1559,.F.);
#1559 = EDGE_CURVE('',#1297,#1506,#1560,.T.);
#1560 = LINE('',#1561,#1562);
#1561 = CARTESIAN_POINT('',(7.484268862754,-0.5482023485,0.196911478415)
  );
#1562 = VECTOR('',#1563,1.);
#1563 = DIRECTION('',(-1.,0.,2.413528314403E-16));
#1564 = ORIENTED_EDGE('',*,*,#1311,.F.);
#1565 = ORIENTED_EDGE('',*,*,#890,.T.);
#1566 = PLANE('',#1567);
#1567 = AXIS2_PLACEMENT_3D('',#1568,#1569,#1570);
#1568 = CARTESIAN_POINT('',(11.334268862754,0.8517976515,0.196911478415)
  );
#1569 = DIRECTION('',(-2.413528314403E-16,-0.,-1.));
#1570 = DIRECTION('',(1.,0.,-2.413528314403E-16));
#1571 = ADVANCED_FACE('',(#1572),#1578,.F.);
#1572 = FACE_BOUND('',#1573,.T.);
#1573 = EDGE_LOOP('',(#1574,#1575,#1576,#1577));
#1574 = ORIENTED_EDGE('',*,*,#1184,.T.);
#1575 = ORIENTED_EDGE('',*,*,#1062,.T.);
#1576 = ORIENTED_EDGE('',*,*,#1513,.F.);
#1577 = ORIENTED_EDGE('',*,*,#882,.T.);
#1578 = PLANE('',#1579);
#1579 = AXIS2_PLACEMENT_3D('',#1580,#1581,#1582);
#1580 = CARTESIAN_POINT('',(10.884268862754,-3.4482023485,0.446911478415
    ));
#1581 = DIRECTION('',(0.970142500145,0.242535625036,-0.));
#1582 = DIRECTION('',(-0.242535625036,0.970142500145,3.36585794009E-17)
  );
#1583 = ADVANCED_FACE('',(#1584),#1602,.F.);
#1584 = FACE_BOUND('',#1585,.T.);
#1585 = EDGE_LOOP('',(#1586,#1594,#1600,#1601));
#1586 = ORIENTED_EDGE('',*,*,#1587,.T.);
#1587 = EDGE_CURVE('',#1204,#1588,#1590,.T.);
#1588 = VERTEX_POINT('',#1589);
#1589 = CARTESIAN_POINT('',(10.934268862754,-3.6482023485,
    -1.403088521585));
#1590 = LINE('',#1591,#1592);
#1591 = CARTESIAN_POINT('',(10.934268862754,-3.6482023485,
    -1.457028657042));
#1592 = VECTOR('',#1593,1.);
#1593 = DIRECTION('',(0.,0.,1.));
#1594 = ORIENTED_EDGE('',*,*,#1595,.T.);
#1595 = EDGE_CURVE('',#1588,#984,#1596,.T.);
#1596 = LINE('',#1597,#1598);
#1597 = CARTESIAN_POINT('',(9.809268862754,0.8517976515,-0.278088521585)
  );
#1598 = VECTOR('',#1599,1.);
#1599 = DIRECTION('',(-0.235702260396,0.942809041582,0.235702260396));
#1600 = ORIENTED_EDGE('',*,*,#983,.F.);
#1601 = ORIENTED_EDGE('',*,*,#1211,.T.);
#1602 = PLANE('',#1603);
#1603 = AXIS2_PLACEMENT_3D('',#1604,#1605,#1606);
#1604 = CARTESIAN_POINT('',(10.884268862754,-3.4482023485,
    -1.553088521585));
#1605 = DIRECTION('',(0.970142500145,0.242535625036,-0.));
#1606 = DIRECTION('',(-0.242535625036,0.970142500145,3.36585794009E-17)
  );
#1607 = ADVANCED_FACE('',(#1608),#1633,.T.);
#1608 = FACE_BOUND('',#1609,.T.);
#1609 = EDGE_LOOP('',(#1610,#1618,#1626,#1632));
#1610 = ORIENTED_EDGE('',*,*,#1611,.T.);
#1611 = EDGE_CURVE('',#749,#1612,#1614,.T.);
#1612 = VERTEX_POINT('',#1613);
#1613 = CARTESIAN_POINT('',(11.334268862754,1.361899702943,
    0.696911478415));
#1614 = LINE('',#1615,#1616);
#1615 = CARTESIAN_POINT('',(11.334268862754,1.361899702943,
    0.696911478415));
#1616 = VECTOR('',#1617,1.);
#1617 = DIRECTION('',(0.,0.,1.));
#1618 = ORIENTED_EDGE('',*,*,#1619,.T.);
#1619 = EDGE_CURVE('',#1612,#1620,#1622,.T.);
#1620 = VERTEX_POINT('',#1621);
#1621 = CARTESIAN_POINT('',(11.334268862754,1.0517976515,0.696911478415)
  );
#1622 = LINE('',#1623,#1624);
#1623 = CARTESIAN_POINT('',(11.334268862754,0.8517976515,0.696911478415)
  );
#1624 = VECTOR('',#1625,1.);
#1625 = DIRECTION('',(0.,-1.,0.));
#1626 = ORIENTED_EDGE('',*,*,#1627,.F.);
#1627 = EDGE_CURVE('',#694,#1620,#1628,.T.);
#1628 = LINE('',#1629,#1630);
#1629 = CARTESIAN_POINT('',(11.334268862754,1.0517976515,-7.553088521585
    ));
#1630 = VECTOR('',#1631,1.);
#1631 = DIRECTION('',(0.,0.,1.));
#1632 = ORIENTED_EDGE('',*,*,#757,.T.);
#1633 = PLANE('',#1634);
#1634 = AXIS2_PLACEMENT_3D('',#1635,#1636,#1637);
#1635 = CARTESIAN_POINT('',(11.334268862754,0.8517976515,0.696911478415)
  );
#1636 = DIRECTION('',(1.,0.,-0.));
#1637 = DIRECTION('',(0.,0.,1.));
#1638 = ADVANCED_FACE('',(#1639,#1728,#1739,#1773),#1791,.F.);
#1639 = FACE_BOUND('',#1640,.T.);
#1640 = EDGE_LOOP('',(#1641,#1651,#1659,#1667,#1675,#1683,#1691,#1699,
    #1707,#1713,#1714,#1722));
#1641 = ORIENTED_EDGE('',*,*,#1642,.T.);
#1642 = EDGE_CURVE('',#1643,#1645,#1647,.T.);
#1643 = VERTEX_POINT('',#1644);
#1644 = CARTESIAN_POINT('',(12.484268862754,1.0517976515,2.446911478415)
  );
#1645 = VERTEX_POINT('',#1646);
#1646 = CARTESIAN_POINT('',(12.484268862754,1.0517976515,-5.553088521585
    ));
#1647 = LINE('',#1648,#1649);
#1648 = CARTESIAN_POINT('',(12.484268862754,1.0517976515,-7.553088521585
    ));
#1649 = VECTOR('',#1650,1.);
#1650 = DIRECTION('',(0.,0.,-1.));
#1651 = ORIENTED_EDGE('',*,*,#1652,.F.);
#1652 = EDGE_CURVE('',#1653,#1645,#1655,.T.);
#1653 = VERTEX_POINT('',#1654);
#1654 = CARTESIAN_POINT('',(10.284268862754,1.0517976515,-5.553088521585
    ));
#1655 = LINE('',#1656,#1657);
#1656 = CARTESIAN_POINT('',(7.484268862754,1.0517976515,-5.553088521585)
  );
#1657 = VECTOR('',#1658,1.);
#1658 = DIRECTION('',(1.,0.,-1.224606353822E-16));
#1659 = ORIENTED_EDGE('',*,*,#1660,.F.);
#1660 = EDGE_CURVE('',#1661,#1653,#1663,.T.);
#1661 = VERTEX_POINT('',#1662);
#1662 = CARTESIAN_POINT('',(10.284268862754,1.0517976515,-4.853088521585
    ));
#1663 = LINE('',#1664,#1665);
#1664 = CARTESIAN_POINT('',(10.284268862754,1.0517976515,8.446911478415)
  );
#1665 = VECTOR('',#1666,1.);
#1666 = DIRECTION('',(-1.287215101015E-16,0.,-1.));
#1667 = ORIENTED_EDGE('',*,*,#1668,.F.);
#1668 = EDGE_CURVE('',#1669,#1661,#1671,.T.);
#1669 = VERTEX_POINT('',#1670);
#1670 = CARTESIAN_POINT('',(9.184268862754,1.0517976515,-4.853088521585)
  );
#1671 = LINE('',#1672,#1673);
#1672 = CARTESIAN_POINT('',(7.484268862754,1.0517976515,-4.853088521585)
  );
#1673 = VECTOR('',#1674,1.);
#1674 = DIRECTION('',(1.,0.,-1.224606353822E-16));
#1675 = ORIENTED_EDGE('',*,*,#1676,.F.);
#1676 = EDGE_CURVE('',#1677,#1669,#1679,.T.);
#1677 = VERTEX_POINT('',#1678);
#1678 = CARTESIAN_POINT('',(9.184268862754,1.0517976515,-5.553088521585)
  );
#1679 = LINE('',#1680,#1681);
#1680 = CARTESIAN_POINT('',(9.184268862754,1.0517976515,8.446911478415)
  );
#1681 = VECTOR('',#1682,1.);
#1682 = DIRECTION('',(0.,0.,1.));
#1683 = ORIENTED_EDGE('',*,*,#1684,.F.);
#1684 = EDGE_CURVE('',#1685,#1677,#1687,.T.);
#1685 = VERTEX_POINT('',#1686);
#1686 = CARTESIAN_POINT('',(7.484268862754,1.0517976515,-5.553088521585)
  );
#1687 = LINE('',#1688,#1689);
#1688 = CARTESIAN_POINT('',(7.484268862754,1.0517976515,-5.553088521585)
  );
#1689 = VECTOR('',#1690,1.);
#1690 = DIRECTION('',(1.,0.,-1.224606353822E-16));
#1691 = ORIENTED_EDGE('',*,*,#1692,.T.);
#1692 = EDGE_CURVE('',#1685,#1693,#1695,.T.);
#1693 = VERTEX_POINT('',#1694);
#1694 = CARTESIAN_POINT('',(7.484268862754,1.0517976515,2.446911478415)
  );
#1695 = LINE('',#1696,#1697);
#1696 = CARTESIAN_POINT('',(7.484268862754,1.0517976515,-11.55308852158)
  );
#1697 = VECTOR('',#1698,1.);
#1698 = DIRECTION('',(-1.224606353822E-16,0.,1.));
#1699 = ORIENTED_EDGE('',*,*,#1700,.T.);
#1700 = EDGE_CURVE('',#1693,#1701,#1703,.T.);
#1701 = VERTEX_POINT('',#1702);
#1702 = CARTESIAN_POINT('',(9.184268862754,1.0517976515,2.446911478415)
  );
#1703 = LINE('',#1704,#1705);
#1704 = CARTESIAN_POINT('',(7.484268862754,1.0517976515,2.446911478415)
  );
#1705 = VECTOR('',#1706,1.);
#1706 = DIRECTION('',(1.,0.,1.224606353822E-16));
#1707 = ORIENTED_EDGE('',*,*,#1708,.T.);
#1708 = EDGE_CURVE('',#1701,#1008,#1709,.T.);
#1709 = LINE('',#1710,#1711);
#1710 = CARTESIAN_POINT('',(9.184268862754,1.0517976515,-11.55308852158)
  );
#1711 = VECTOR('',#1712,1.);
#1712 = DIRECTION('',(0.,0.,-1.));
#1713 = ORIENTED_EDGE('',*,*,#1031,.T.);
#1714 = ORIENTED_EDGE('',*,*,#1715,.T.);
#1715 = EDGE_CURVE('',#1024,#1716,#1718,.T.);
#1716 = VERTEX_POINT('',#1717);
#1717 = CARTESIAN_POINT('',(10.284268862754,1.0517976515,2.446911478415)
  );
#1718 = LINE('',#1719,#1720);
#1719 = CARTESIAN_POINT('',(10.284268862754,1.0517976515,-11.55308852158
    ));
#1720 = VECTOR('',#1721,1.);
#1721 = DIRECTION('',(-1.287215101015E-16,0.,1.));
#1722 = ORIENTED_EDGE('',*,*,#1723,.T.);
#1723 = EDGE_CURVE('',#1716,#1643,#1724,.T.);
#1724 = LINE('',#1725,#1726);
#1725 = CARTESIAN_POINT('',(7.484268862754,1.0517976515,2.446911478415)
  );
#1726 = VECTOR('',#1727,1.);
#1727 = DIRECTION('',(1.,0.,1.224606353822E-16));
#1728 = FACE_BOUND('',#1729,.T.);
#1729 = EDGE_LOOP('',(#1730,#1736,#1737,#1738));
#1730 = ORIENTED_EDGE('',*,*,#1731,.T.);
#1731 = EDGE_CURVE('',#1620,#1444,#1732,.T.);
#1732 = LINE('',#1733,#1734);
#1733 = CARTESIAN_POINT('',(7.484268862754,1.0517976515,0.696911478415)
  );
#1734 = VECTOR('',#1735,1.);
#1735 = DIRECTION('',(-1.,0.,2.413528314403E-16));
#1736 = ORIENTED_EDGE('',*,*,#1443,.T.);
#1737 = ORIENTED_EDGE('',*,*,#691,.T.);
#1738 = ORIENTED_EDGE('',*,*,#1627,.T.);
#1739 = FACE_BOUND('',#1740,.T.);
#1740 = EDGE_LOOP('',(#1741,#1751,#1759,#1767));
#1741 = ORIENTED_EDGE('',*,*,#1742,.F.);
#1742 = EDGE_CURVE('',#1743,#1745,#1747,.T.);
#1743 = VERTEX_POINT('',#1744);
#1744 = CARTESIAN_POINT('',(11.334268862754,1.0517976515,-3.303088521585
    ));
#1745 = VERTEX_POINT('',#1746);
#1746 = CARTESIAN_POINT('',(11.334268862754,1.0517976515,-3.803088521585
    ));
#1747 = LINE('',#1748,#1749);
#1748 = CARTESIAN_POINT('',(11.334268862754,1.0517976515,-7.553088521585
    ));
#1749 = VECTOR('',#1750,1.);
#1750 = DIRECTION('',(0.,0.,-1.));
#1751 = ORIENTED_EDGE('',*,*,#1752,.F.);
#1752 = EDGE_CURVE('',#1753,#1743,#1755,.T.);
#1753 = VERTEX_POINT('',#1754);
#1754 = CARTESIAN_POINT('',(10.834268862754,1.0517976515,-3.303088521585
    ));
#1755 = LINE('',#1756,#1757);
#1756 = CARTESIAN_POINT('',(7.484268862754,1.0517976515,-3.303088521585)
  );
#1757 = VECTOR('',#1758,1.);
#1758 = DIRECTION('',(1.,0.,-2.413528314403E-16));
#1759 = ORIENTED_EDGE('',*,*,#1760,.F.);
#1760 = EDGE_CURVE('',#1761,#1753,#1763,.T.);
#1761 = VERTEX_POINT('',#1762);
#1762 = CARTESIAN_POINT('',(10.834268862754,1.0517976515,-3.803088521585
    ));
#1763 = LINE('',#1764,#1765);
#1764 = CARTESIAN_POINT('',(10.834268862754,1.0517976515,-7.553088521585
    ));
#1765 = VECTOR('',#1766,1.);
#1766 = DIRECTION('',(0.,0.,1.));
#1767 = ORIENTED_EDGE('',*,*,#1768,.F.);
#1768 = EDGE_CURVE('',#1745,#1761,#1769,.T.);
#1769 = LINE('',#1770,#1771);
#1770 = CARTESIAN_POINT('',(7.484268862754,1.0517976515,-3.803088521585)
  );
#1771 = VECTOR('',#1772,1.);
#1772 = DIRECTION('',(-1.,0.,2.413528314403E-16));
#1773 = FACE_BOUND('',#1774,.T.);
#1774 = EDGE_LOOP('',(#1775,#1776,#1784,#1790));
#1775 = ORIENTED_EDGE('',*,*,#1428,.F.);
#1776 = ORIENTED_EDGE('',*,*,#1777,.F.);
#1777 = EDGE_CURVE('',#1778,#1421,#1780,.T.);
#1778 = VERTEX_POINT('',#1779);
#1779 = CARTESIAN_POINT('',(10.834268862754,1.0517976515,-1.803088521585
    ));
#1780 = LINE('',#1781,#1782);
#1781 = CARTESIAN_POINT('',(10.834268862754,1.0517976515,-7.553088521585
    ));
#1782 = VECTOR('',#1783,1.);
#1783 = DIRECTION('',(0.,0.,1.));
#1784 = ORIENTED_EDGE('',*,*,#1785,.F.);
#1785 = EDGE_CURVE('',#178,#1778,#1786,.T.);
#1786 = LINE('',#1787,#1788);
#1787 = CARTESIAN_POINT('',(7.484268862754,1.0517976515,-1.803088521585)
  );
#1788 = VECTOR('',#1789,1.);
#1789 = DIRECTION('',(-1.,0.,2.413528314403E-16));
#1790 = ORIENTED_EDGE('',*,*,#177,.F.);
#1791 = PLANE('',#1792);
#1792 = AXIS2_PLACEMENT_3D('',#1793,#1794,#1795);
#1793 = CARTESIAN_POINT('',(10.936146988291,1.0517976515,-1.983235682941
    ));
#1794 = DIRECTION('',(-0.,-1.,-0.));
#1795 = DIRECTION('',(-1.,0.,0.));
#1796 = ADVANCED_FACE('',(#1797),#1840,.F.);
#1797 = FACE_BOUND('',#1798,.T.);
#1798 = EDGE_LOOP('',(#1799,#1800,#1801,#1809,#1817,#1825,#1833,#1839));
#1799 = ORIENTED_EDGE('',*,*,#1543,.F.);
#1800 = ORIENTED_EDGE('',*,*,#1085,.T.);
#1801 = ORIENTED_EDGE('',*,*,#1802,.T.);
#1802 = EDGE_CURVE('',#1006,#1803,#1805,.T.);
#1803 = VERTEX_POINT('',#1804);
#1804 = CARTESIAN_POINT('',(9.184268862754,-2.3482023485,1.746911478415)
  );
#1805 = LINE('',#1806,#1807);
#1806 = CARTESIAN_POINT('',(9.184268862754,1.0517976515,1.746911478415)
  );
#1807 = VECTOR('',#1808,1.);
#1808 = DIRECTION('',(0.,-1.,0.));
#1809 = ORIENTED_EDGE('',*,*,#1810,.T.);
#1810 = EDGE_CURVE('',#1803,#1811,#1813,.T.);
#1811 = VERTEX_POINT('',#1812);
#1812 = CARTESIAN_POINT('',(10.284268862754,-2.3482023485,1.746911478415
    ));
#1813 = LINE('',#1814,#1815);
#1814 = CARTESIAN_POINT('',(7.484268862754,-2.3482023485,1.746911478415)
  );
#1815 = VECTOR('',#1816,1.);
#1816 = DIRECTION('',(1.,0.,0.));
#1817 = ORIENTED_EDGE('',*,*,#1818,.T.);
#1818 = EDGE_CURVE('',#1811,#1819,#1821,.T.);
#1819 = VERTEX_POINT('',#1820);
#1820 = CARTESIAN_POINT('',(10.284268862754,-0.5482023485,1.746911478415
    ));
#1821 = LINE('',#1822,#1823);
#1822 = CARTESIAN_POINT('',(10.284268862754,1.0517976515,1.746911478415)
  );
#1823 = VECTOR('',#1824,1.);
#1824 = DIRECTION('',(0.,1.,0.));
#1825 = ORIENTED_EDGE('',*,*,#1826,.T.);
#1826 = EDGE_CURVE('',#1819,#1827,#1829,.T.);
#1827 = VERTEX_POINT('',#1828);
#1828 = CARTESIAN_POINT('',(12.084268862754,-0.5482023485,1.746911478415
    ));
#1829 = LINE('',#1830,#1831);
#1830 = CARTESIAN_POINT('',(7.484268862754,-0.5482023485,1.746911478415)
  );
#1831 = VECTOR('',#1832,1.);
#1832 = DIRECTION('',(1.,0.,0.));
#1833 = ORIENTED_EDGE('',*,*,#1834,.F.);
#1834 = EDGE_CURVE('',#328,#1827,#1835,.T.);
#1835 = LINE('',#1836,#1837);
#1836 = CARTESIAN_POINT('',(12.084268862754,1.0517976515,1.746911478415)
  );
#1837 = VECTOR('',#1838,1.);
#1838 = DIRECTION('',(0.,1.,0.));
#1839 = ORIENTED_EDGE('',*,*,#327,.T.);
#1840 = PLANE('',#1841);
#1841 = AXIS2_PLACEMENT_3D('',#1842,#1843,#1844);
#1842 = CARTESIAN_POINT('',(7.835545605956,-3.889854191188,
    1.746911478415));
#1843 = DIRECTION('',(0.,0.,1.));
#1844 = DIRECTION('',(-1.,0.,0.));
#1845 = ADVANCED_FACE('',(#1846),#1865,.T.);
#1846 = FACE_BOUND('',#1847,.T.);
#1847 = EDGE_LOOP('',(#1848,#1856,#1857,#1858,#1859));
#1848 = ORIENTED_EDGE('',*,*,#1849,.F.);
#1849 = EDGE_CURVE('',#1803,#1850,#1852,.T.);
#1850 = VERTEX_POINT('',#1851);
#1851 = CARTESIAN_POINT('',(9.184268862754,-2.3482023485,2.446911478415)
  );
#1852 = LINE('',#1853,#1854);
#1853 = CARTESIAN_POINT('',(9.184268862754,-2.3482023485,1.746911478415)
  );
#1854 = VECTOR('',#1855,1.);
#1855 = DIRECTION('',(0.,0.,1.));
#1856 = ORIENTED_EDGE('',*,*,#1802,.F.);
#1857 = ORIENTED_EDGE('',*,*,#1005,.T.);
#1858 = ORIENTED_EDGE('',*,*,#1708,.F.);
#1859 = ORIENTED_EDGE('',*,*,#1860,.F.);
#1860 = EDGE_CURVE('',#1850,#1701,#1861,.T.);
#1861 = LINE('',#1862,#1863);
#1862 = CARTESIAN_POINT('',(9.184268862754,1.0517976515,2.446911478415)
  );
#1863 = VECTOR('',#1864,1.);
#1864 = DIRECTION('',(0.,1.,0.));
#1865 = PLANE('',#1866);
#1866 = AXIS2_PLACEMENT_3D('',#1867,#1868,#1869);
#1867 = CARTESIAN_POINT('',(9.184268862754,0.3517976515,1.746911478415)
  );
#1868 = DIRECTION('',(1.,0.,0.));
#1869 = DIRECTION('',(-0.,1.,0.));
#1870 = ADVANCED_FACE('',(#1871),#1882,.F.);
#1871 = FACE_BOUND('',#1872,.T.);
#1872 = EDGE_LOOP('',(#1873,#1879,#1880,#1881));
#1873 = ORIENTED_EDGE('',*,*,#1874,.T.);
#1874 = EDGE_CURVE('',#1588,#1348,#1875,.T.);
#1875 = LINE('',#1876,#1877);
#1876 = CARTESIAN_POINT('',(8.209531969062,-3.6482023485,-1.403088521585
    ));
#1877 = VECTOR('',#1878,1.);
#1878 = DIRECTION('',(1.,0.,-2.413528314403E-16));
#1879 = ORIENTED_EDGE('',*,*,#1357,.T.);
#1880 = ORIENTED_EDGE('',*,*,#1332,.F.);
#1881 = ORIENTED_EDGE('',*,*,#1595,.F.);
#1882 = PLANE('',#1883);
#1883 = AXIS2_PLACEMENT_3D('',#1884,#1885,#1886);
#1884 = CARTESIAN_POINT('',(11.034268862754,-3.4482023485,
    -1.353088521585));
#1885 = DIRECTION('',(-2.341466393106E-16,0.242535625036,-0.970142500145
    ));
#1886 = DIRECTION('',(0.,0.970142500145,0.242535625036));
#1887 = ADVANCED_FACE('',(#1888),#1907,.F.);
#1888 = FACE_BOUND('',#1889,.F.);
#1889 = EDGE_LOOP('',(#1890,#1899,#1905,#1906));
#1890 = ORIENTED_EDGE('',*,*,#1891,.F.);
#1891 = EDGE_CURVE('',#1892,#772,#1894,.T.);
#1892 = VERTEX_POINT('',#1893);
#1893 = CARTESIAN_POINT('',(11.034268862754,1.8517976515,0.696911478415)
  );
#1894 = CIRCLE('',#1895,0.7);
#1895 = AXIS2_PLACEMENT_3D('',#1896,#1897,#1898);
#1896 = CARTESIAN_POINT('',(10.334268862754,1.8517976515,0.696911478415)
  );
#1897 = DIRECTION('',(0.,0.,1.));
#1898 = DIRECTION('',(-1.,0.,0.));
#1899 = ORIENTED_EDGE('',*,*,#1900,.F.);
#1900 = EDGE_CURVE('',#710,#1892,#1901,.T.);
#1901 = LINE('',#1902,#1903);
#1902 = CARTESIAN_POINT('',(11.034268862754,1.8517976515,0.696911478415)
  );
#1903 = VECTOR('',#1904,1.);
#1904 = DIRECTION('',(0.,0.,1.));
#1905 = ORIENTED_EDGE('',*,*,#718,.T.);
#1906 = ORIENTED_EDGE('',*,*,#771,.T.);
#1907 = CYLINDRICAL_SURFACE('',#1908,0.7);
#1908 = AXIS2_PLACEMENT_3D('',#1909,#1910,#1911);
#1909 = CARTESIAN_POINT('',(10.334268862754,1.8517976515,0.696911478415)
  );
#1910 = DIRECTION('',(0.,0.,1.));
#1911 = DIRECTION('',(-1.,0.,0.));
#1912 = ADVANCED_FACE('',(#1913),#1931,.T.);
#1913 = FACE_BOUND('',#1914,.T.);
#1914 = EDGE_LOOP('',(#1915,#1923,#1924,#1925));
#1915 = ORIENTED_EDGE('',*,*,#1916,.F.);
#1916 = EDGE_CURVE('',#1811,#1917,#1919,.T.);
#1917 = VERTEX_POINT('',#1918);
#1918 = CARTESIAN_POINT('',(10.284268862754,-2.3482023485,2.446911478415
    ));
#1919 = LINE('',#1920,#1921);
#1920 = CARTESIAN_POINT('',(10.284268862754,-2.3482023485,1.746911478415
    ));
#1921 = VECTOR('',#1922,1.);
#1922 = DIRECTION('',(0.,0.,1.));
#1923 = ORIENTED_EDGE('',*,*,#1810,.F.);
#1924 = ORIENTED_EDGE('',*,*,#1849,.T.);
#1925 = ORIENTED_EDGE('',*,*,#1926,.F.);
#1926 = EDGE_CURVE('',#1917,#1850,#1927,.T.);
#1927 = LINE('',#1928,#1929);
#1928 = CARTESIAN_POINT('',(7.484268862754,-2.3482023485,2.446911478415)
  );
#1929 = VECTOR('',#1930,1.);
#1930 = DIRECTION('',(-1.,0.,-1.224606353822E-16));
#1931 = PLANE('',#1932);
#1932 = AXIS2_PLACEMENT_3D('',#1933,#1934,#1935);
#1933 = CARTESIAN_POINT('',(9.184268862754,-2.3482023485,1.746911478415)
  );
#1934 = DIRECTION('',(0.,1.,-0.));
#1935 = DIRECTION('',(-1.,0.,0.));
#1936 = ADVANCED_FACE('',(#1937),#1943,.F.);
#1937 = FACE_BOUND('',#1938,.T.);
#1938 = EDGE_LOOP('',(#1939,#1940,#1941,#1942));
#1939 = ORIENTED_EDGE('',*,*,#1587,.F.);
#1940 = ORIENTED_EDGE('',*,*,#1201,.F.);
#1941 = ORIENTED_EDGE('',*,*,#1347,.F.);
#1942 = ORIENTED_EDGE('',*,*,#1874,.F.);
#1943 = PLANE('',#1944);
#1944 = AXIS2_PLACEMENT_3D('',#1945,#1946,#1947);
#1945 = CARTESIAN_POINT('',(8.209531969062,-3.6482023485,-1.457028657042
    ));
#1946 = DIRECTION('',(0.,1.,-0.));
#1947 = DIRECTION('',(-1.,0.,0.));
#1948 = ADVANCED_FACE('',(#1949),#1960,.T.);
#1949 = FACE_BOUND('',#1950,.T.);
#1950 = EDGE_LOOP('',(#1951,#1952,#1958,#1959));
#1951 = ORIENTED_EDGE('',*,*,#607,.F.);
#1952 = ORIENTED_EDGE('',*,*,#1953,.T.);
#1953 = EDGE_CURVE('',#58,#504,#1954,.T.);
#1954 = LINE('',#1955,#1956);
#1955 = CARTESIAN_POINT('',(11.334268862754,0.8517976515,0.696911478415)
  );
#1956 = VECTOR('',#1957,1.);
#1957 = DIRECTION('',(0.,-1.,0.));
#1958 = ORIENTED_EDGE('',*,*,#529,.F.);
#1959 = ORIENTED_EDGE('',*,*,#741,.T.);
#1960 = PLANE('',#1961);
#1961 = AXIS2_PLACEMENT_3D('',#1962,#1963,#1964);
#1962 = CARTESIAN_POINT('',(11.334268862754,0.8517976515,0.696911478415)
  );
#1963 = DIRECTION('',(1.,0.,-0.));
#1964 = DIRECTION('',(0.,0.,1.));
#1965 = ADVANCED_FACE('',(#1966),#1977,.T.);
#1966 = FACE_BOUND('',#1967,.T.);
#1967 = EDGE_LOOP('',(#1968,#1974,#1975,#1976));
#1968 = ORIENTED_EDGE('',*,*,#1969,.F.);
#1969 = EDGE_CURVE('',#1520,#1295,#1970,.T.);
#1970 = LINE('',#1971,#1972);
#1971 = CARTESIAN_POINT('',(7.484268862754,-0.5482023485,0.696911478415)
  );
#1972 = VECTOR('',#1973,1.);
#1973 = DIRECTION('',(1.,0.,-2.413528314403E-16));
#1974 = ORIENTED_EDGE('',*,*,#1519,.F.);
#1975 = ORIENTED_EDGE('',*,*,#1054,.T.);
#1976 = ORIENTED_EDGE('',*,*,#1304,.F.);
#1977 = PLANE('',#1978);
#1978 = AXIS2_PLACEMENT_3D('',#1979,#1980,#1981);
#1979 = CARTESIAN_POINT('',(10.834268862754,0.8517976515,0.696911478415)
  );
#1980 = DIRECTION('',(2.413528314403E-16,0.,1.));
#1981 = DIRECTION('',(-1.,0.,2.413528314403E-16));
#1982 = ADVANCED_FACE('',(#1983),#1989,.T.);
#1983 = FACE_BOUND('',#1984,.T.);
#1984 = EDGE_LOOP('',(#1985,#1986,#1987,#1988));
#1985 = ORIENTED_EDGE('',*,*,#239,.T.);
#1986 = ORIENTED_EDGE('',*,*,#486,.F.);
#1987 = ORIENTED_EDGE('',*,*,#1169,.T.);
#1988 = ORIENTED_EDGE('',*,*,#1100,.F.);
#1989 = PLANE('',#1990);
#1990 = AXIS2_PLACEMENT_3D('',#1991,#1992,#1993);
#1991 = CARTESIAN_POINT('',(8.234268862754,0.3517976515,0.596911478415)
  );
#1992 = DIRECTION('',(1.,-0.,1.233581138472E-16));
#1993 = DIRECTION('',(1.233581138472E-16,0.,-1.));
#1994 = ADVANCED_FACE('',(#1995),#2001,.T.);
#1995 = FACE_BOUND('',#1996,.T.);
#1996 = EDGE_LOOP('',(#1997,#1998,#1999,#2000));
#1997 = ORIENTED_EDGE('',*,*,#943,.F.);
#1998 = ORIENTED_EDGE('',*,*,#454,.F.);
#1999 = ORIENTED_EDGE('',*,*,#676,.T.);
#2000 = ORIENTED_EDGE('',*,*,#1123,.T.);
#2001 = PLANE('',#2002);
#2002 = AXIS2_PLACEMENT_3D('',#2003,#2004,#2005);
#2003 = CARTESIAN_POINT('',(8.234268862754,0.3517976515,-1.403088521585)
  );
#2004 = DIRECTION('',(1.,-0.,1.233581138472E-16));
#2005 = DIRECTION('',(1.233581138472E-16,0.,-1.));
#2006 = ADVANCED_FACE('',(#2007),#2031,.T.);
#2007 = FACE_BOUND('',#2008,.T.);
#2008 = EDGE_LOOP('',(#2009,#2010,#2011,#2012,#2019,#2020,#2021,#2022,
    #2029,#2030));
#2009 = ORIENTED_EDGE('',*,*,#57,.F.);
#2010 = ORIENTED_EDGE('',*,*,#779,.F.);
#2011 = ORIENTED_EDGE('',*,*,#1891,.F.);
#2012 = ORIENTED_EDGE('',*,*,#2013,.F.);
#2013 = EDGE_CURVE('',#1452,#1892,#2014,.T.);
#2014 = CIRCLE('',#2015,0.7);
#2015 = AXIS2_PLACEMENT_3D('',#2016,#2017,#2018);
#2016 = CARTESIAN_POINT('',(10.334268862754,1.8517976515,0.696911478415)
  );
#2017 = DIRECTION('',(0.,0.,1.));
#2018 = DIRECTION('',(-1.,0.,0.));
#2019 = ORIENTED_EDGE('',*,*,#1451,.F.);
#2020 = ORIENTED_EDGE('',*,*,#1731,.F.);
#2021 = ORIENTED_EDGE('',*,*,#1619,.F.);
#2022 = ORIENTED_EDGE('',*,*,#2023,.T.);
#2023 = EDGE_CURVE('',#1612,#502,#2024,.T.);
#2024 = CIRCLE('',#2025,0.7);
#2025 = AXIS2_PLACEMENT_3D('',#2026,#2027,#2028);
#2026 = CARTESIAN_POINT('',(10.834268862754,1.8517976515,0.696911478415)
  );
#2027 = DIRECTION('',(0.,0.,1.));
#2028 = DIRECTION('',(-1.,0.,0.));
#2029 = ORIENTED_EDGE('',*,*,#501,.T.);
#2030 = ORIENTED_EDGE('',*,*,#1953,.F.);
#2031 = PLANE('',#2032);
#2032 = AXIS2_PLACEMENT_3D('',#2033,#2034,#2035);
#2033 = CARTESIAN_POINT('',(10.834268862754,0.8517976515,0.696911478415)
  );
#2034 = DIRECTION('',(2.413528314403E-16,0.,1.));
#2035 = DIRECTION('',(-1.,0.,2.413528314403E-16));
#2036 = ADVANCED_FACE('',(#2037),#2062,.F.);
#2037 = FACE_BOUND('',#2038,.T.);
#2038 = EDGE_LOOP('',(#2039,#2045,#2046,#2047,#2048,#2054,#2055,#2061));
#2039 = ORIENTED_EDGE('',*,*,#2040,.T.);
#2040 = EDGE_CURVE('',#1716,#1917,#2041,.T.);
#2041 = LINE('',#2042,#2043);
#2042 = CARTESIAN_POINT('',(10.284268862754,1.0517976515,2.446911478415)
  );
#2043 = VECTOR('',#2044,1.);
#2044 = DIRECTION('',(0.,-1.,0.));
#2045 = ORIENTED_EDGE('',*,*,#1926,.T.);
#2046 = ORIENTED_EDGE('',*,*,#1860,.T.);
#2047 = ORIENTED_EDGE('',*,*,#1700,.F.);
#2048 = ORIENTED_EDGE('',*,*,#2049,.F.);
#2049 = EDGE_CURVE('',#360,#1693,#2050,.T.);
#2050 = LINE('',#2051,#2052);
#2051 = CARTESIAN_POINT('',(7.484268862754,1.0517976515,2.446911478415)
  );
#2052 = VECTOR('',#2053,1.);
#2053 = DIRECTION('',(0.,1.,0.));
#2054 = ORIENTED_EDGE('',*,*,#359,.T.);
#2055 = ORIENTED_EDGE('',*,*,#2056,.T.);
#2056 = EDGE_CURVE('',#352,#1643,#2057,.T.);
#2057 = LINE('',#2058,#2059);
#2058 = CARTESIAN_POINT('',(12.484268862754,1.0517976515,2.446911478415)
  );
#2059 = VECTOR('',#2060,1.);
#2060 = DIRECTION('',(0.,1.,0.));
#2061 = ORIENTED_EDGE('',*,*,#1723,.F.);
#2062 = PLANE('',#2063);
#2063 = AXIS2_PLACEMENT_3D('',#2064,#2065,#2066);
#2064 = CARTESIAN_POINT('',(7.484268862754,1.0517976515,2.446911478415)
  );
#2065 = DIRECTION('',(1.224606353822E-16,0.,-1.));
#2066 = DIRECTION('',(1.,0.,1.224606353822E-16));
#2067 = ADVANCED_FACE('',(#2068),#2086,.T.);
#2068 = FACE_BOUND('',#2069,.T.);
#2069 = EDGE_LOOP('',(#2070,#2071,#2079,#2085));
#2070 = ORIENTED_EDGE('',*,*,#1474,.F.);
#2071 = ORIENTED_EDGE('',*,*,#2072,.F.);
#2072 = EDGE_CURVE('',#2073,#1475,#2075,.T.);
#2073 = VERTEX_POINT('',#2074);
#2074 = CARTESIAN_POINT('',(11.334268862754,-0.5482023485,
    -3.803088521585));
#2075 = LINE('',#2076,#2077);
#2076 = CARTESIAN_POINT('',(7.484268862754,-0.5482023485,-3.803088521585
    ));
#2077 = VECTOR('',#2078,1.);
#2078 = DIRECTION('',(-1.,0.,2.413528314403E-16));
#2079 = ORIENTED_EDGE('',*,*,#2080,.F.);
#2080 = EDGE_CURVE('',#218,#2073,#2081,.T.);
#2081 = LINE('',#2082,#2083);
#2082 = CARTESIAN_POINT('',(11.334268862754,0.8517976515,-3.803088521585
    ));
#2083 = VECTOR('',#2084,1.);
#2084 = DIRECTION('',(0.,1.,0.));
#2085 = ORIENTED_EDGE('',*,*,#217,.T.);
#2086 = PLANE('',#2087);
#2087 = AXIS2_PLACEMENT_3D('',#2088,#2089,#2090);
#2088 = CARTESIAN_POINT('',(11.334268862754,0.8517976515,-3.803088521585
    ));
#2089 = DIRECTION('',(-2.413528314403E-16,-0.,-1.));
#2090 = DIRECTION('',(1.,0.,-2.413528314403E-16));
#2091 = ADVANCED_FACE('',(#2092),#2110,.T.);
#2092 = FACE_BOUND('',#2093,.T.);
#2093 = EDGE_LOOP('',(#2094,#2102,#2108,#2109));
#2094 = ORIENTED_EDGE('',*,*,#2095,.T.);
#2095 = EDGE_CURVE('',#1235,#2096,#2098,.T.);
#2096 = VERTEX_POINT('',#2097);
#2097 = CARTESIAN_POINT('',(11.234268862754,3.9517976515,-1.403088521585
    ));
#2098 = LINE('',#2099,#2100);
#2099 = CARTESIAN_POINT('',(11.234268862754,3.9517976515,-1.457028657042
    ));
#2100 = VECTOR('',#2101,1.);
#2101 = DIRECTION('',(0.,0.,1.));
#2102 = ORIENTED_EDGE('',*,*,#2103,.F.);
#2103 = EDGE_CURVE('',#160,#2096,#2104,.T.);
#2104 = LINE('',#2105,#2106);
#2105 = CARTESIAN_POINT('',(12.009268862754,0.8517976515,-0.628088521585
    ));
#2106 = VECTOR('',#2107,1.);
#2107 = DIRECTION('',(-0.235702260396,0.942809041582,-0.235702260396));
#2108 = ORIENTED_EDGE('',*,*,#159,.T.);
#2109 = ORIENTED_EDGE('',*,*,#1242,.F.);
#2110 = PLANE('',#2111);
#2111 = AXIS2_PLACEMENT_3D('',#2112,#2113,#2114);
#2112 = CARTESIAN_POINT('',(11.284268862754,3.7517976515,-1.553088521585
    ));
#2113 = DIRECTION('',(0.970142500145,0.242535625036,0.));
#2114 = DIRECTION('',(0.242535625036,-0.970142500145,3.36585794009E-17)
  );
#2115 = ADVANCED_FACE('',(#2116),#2134,.T.);
#2116 = FACE_BOUND('',#2117,.T.);
#2117 = EDGE_LOOP('',(#2118,#2126,#2127,#2128));
#2118 = ORIENTED_EDGE('',*,*,#2119,.F.);
#2119 = EDGE_CURVE('',#2096,#2120,#2122,.T.);
#2120 = VERTEX_POINT('',#2121);
#2121 = CARTESIAN_POINT('',(10.934268862754,3.9517976515,-1.403088521585
    ));
#2122 = LINE('',#2123,#2124);
#2123 = CARTESIAN_POINT('',(8.209531969062,3.9517976515,-1.403088521585)
  );
#2124 = VECTOR('',#2125,1.);
#2125 = DIRECTION('',(-1.,0.,2.413528314403E-16));
#2126 = ORIENTED_EDGE('',*,*,#2095,.F.);
#2127 = ORIENTED_EDGE('',*,*,#1232,.F.);
#2128 = ORIENTED_EDGE('',*,*,#2129,.F.);
#2129 = EDGE_CURVE('',#2120,#1233,#2130,.T.);
#2130 = LINE('',#2131,#2132);
#2131 = CARTESIAN_POINT('',(10.934268862754,3.9517976515,-1.457028657042
    ));
#2132 = VECTOR('',#2133,1.);
#2133 = DIRECTION('',(0.,0.,-1.));
#2134 = PLANE('',#2135);
#2135 = AXIS2_PLACEMENT_3D('',#2136,#2137,#2138);
#2136 = CARTESIAN_POINT('',(8.209531969062,3.9517976515,-1.457028657042)
  );
#2137 = DIRECTION('',(0.,1.,-0.));
#2138 = DIRECTION('',(-1.,0.,0.));
#2139 = ADVANCED_FACE('',(#2140),#2151,.T.);
#2140 = FACE_BOUND('',#2141,.T.);
#2141 = EDGE_LOOP('',(#2142,#2143,#2149,#2150));
#2142 = ORIENTED_EDGE('',*,*,#2119,.T.);
#2143 = ORIENTED_EDGE('',*,*,#2144,.T.);
#2144 = EDGE_CURVE('',#2120,#1413,#2145,.T.);
#2145 = LINE('',#2146,#2147);
#2146 = CARTESIAN_POINT('',(10.159268862754,0.8517976515,-0.628088521585
    ));
#2147 = VECTOR('',#2148,1.);
#2148 = DIRECTION('',(-0.235702260396,-0.942809041582,0.235702260396));
#2149 = ORIENTED_EDGE('',*,*,#1412,.T.);
#2150 = ORIENTED_EDGE('',*,*,#2103,.T.);
#2151 = PLANE('',#2152);
#2152 = AXIS2_PLACEMENT_3D('',#2153,#2154,#2155);
#2153 = CARTESIAN_POINT('',(11.084268862754,3.7517976515,-1.353088521585
    ));
#2154 = DIRECTION('',(2.341466393106E-16,0.242535625036,0.970142500145)
  );
#2155 = DIRECTION('',(0.,-0.970142500145,0.242535625036));
#2156 = ADVANCED_FACE('',(#2157),#2168,.T.);
#2157 = FACE_BOUND('',#2158,.T.);
#2158 = EDGE_LOOP('',(#2159,#2160,#2161,#2162));
#2159 = ORIENTED_EDGE('',*,*,#1248,.F.);
#2160 = ORIENTED_EDGE('',*,*,#185,.F.);
#2161 = ORIENTED_EDGE('',*,*,#1785,.T.);
#2162 = ORIENTED_EDGE('',*,*,#2163,.F.);
#2163 = EDGE_CURVE('',#1249,#1778,#2164,.T.);
#2164 = LINE('',#2165,#2166);
#2165 = CARTESIAN_POINT('',(10.834268862754,0.8517976515,-1.803088521585
    ));
#2166 = VECTOR('',#2167,1.);
#2167 = DIRECTION('',(0.,-1.,0.));
#2168 = PLANE('',#2169);
#2169 = AXIS2_PLACEMENT_3D('',#2170,#2171,#2172);
#2170 = CARTESIAN_POINT('',(11.334268862754,0.8517976515,-1.803088521585
    ));
#2171 = DIRECTION('',(-2.413528314403E-16,-0.,-1.));
#2172 = DIRECTION('',(1.,0.,-2.413528314403E-16));
#2173 = ADVANCED_FACE('',(#2174),#2185,.T.);
#2174 = FACE_BOUND('',#2175,.T.);
#2175 = EDGE_LOOP('',(#2176,#2177,#2178,#2184));
#2176 = ORIENTED_EDGE('',*,*,#2129,.T.);
#2177 = ORIENTED_EDGE('',*,*,#1256,.F.);
#2178 = ORIENTED_EDGE('',*,*,#2179,.T.);
#2179 = EDGE_CURVE('',#1249,#1413,#2180,.T.);
#2180 = LINE('',#2181,#2182);
#2181 = CARTESIAN_POINT('',(10.834268862754,3.5517976515,-1.457028657042
    ));
#2182 = VECTOR('',#2183,1.);
#2183 = DIRECTION('',(0.,0.,1.));
#2184 = ORIENTED_EDGE('',*,*,#2144,.F.);
#2185 = PLANE('',#2186);
#2186 = AXIS2_PLACEMENT_3D('',#2187,#2188,#2189);
#2187 = CARTESIAN_POINT('',(10.884268862754,3.7517976515,-1.553088521585
    ));
#2188 = DIRECTION('',(-0.970142500145,0.242535625036,0.));
#2189 = DIRECTION('',(-0.242535625036,-0.970142500145,3.36585794009E-17)
  );
#2190 = ADVANCED_FACE('',(#2191),#2197,.T.);
#2191 = FACE_BOUND('',#2192,.T.);
#2192 = EDGE_LOOP('',(#2193,#2194,#2195,#2196));
#2193 = ORIENTED_EDGE('',*,*,#2179,.F.);
#2194 = ORIENTED_EDGE('',*,*,#2163,.T.);
#2195 = ORIENTED_EDGE('',*,*,#1777,.T.);
#2196 = ORIENTED_EDGE('',*,*,#1420,.T.);
#2197 = PLANE('',#2198);
#2198 = AXIS2_PLACEMENT_3D('',#2199,#2200,#2201);
#2199 = CARTESIAN_POINT('',(10.834268862754,0.8517976515,-1.803088521585
    ));
#2200 = DIRECTION('',(-1.,-0.,-0.));
#2201 = DIRECTION('',(0.,0.,-1.));
#2202 = ADVANCED_FACE('',(#2203),#2209,.F.);
#2203 = FACE_BOUND('',#2204,.F.);
#2204 = EDGE_LOOP('',(#2205,#2206,#2207,#2208));
#2205 = ORIENTED_EDGE('',*,*,#2013,.F.);
#2206 = ORIENTED_EDGE('',*,*,#1459,.F.);
#2207 = ORIENTED_EDGE('',*,*,#709,.T.);
#2208 = ORIENTED_EDGE('',*,*,#1900,.T.);
#2209 = CYLINDRICAL_SURFACE('',#2210,0.7);
#2210 = AXIS2_PLACEMENT_3D('',#2211,#2212,#2213);
#2211 = CARTESIAN_POINT('',(10.334268862754,1.8517976515,0.696911478415)
  );
#2212 = DIRECTION('',(0.,0.,1.));
#2213 = DIRECTION('',(-1.,0.,0.));
#2214 = ADVANCED_FACE('',(#2215),#2221,.T.);
#2215 = FACE_BOUND('',#2216,.T.);
#2216 = EDGE_LOOP('',(#2217,#2218,#2219,#2220));
#2217 = ORIENTED_EDGE('',*,*,#512,.T.);
#2218 = ORIENTED_EDGE('',*,*,#2023,.F.);
#2219 = ORIENTED_EDGE('',*,*,#1611,.F.);
#2220 = ORIENTED_EDGE('',*,*,#748,.T.);
#2221 = CYLINDRICAL_SURFACE('',#2222,0.7);
#2222 = AXIS2_PLACEMENT_3D('',#2223,#2224,#2225);
#2223 = CARTESIAN_POINT('',(10.834268862754,1.8517976515,0.696911478415)
  );
#2224 = DIRECTION('',(0.,0.,1.));
#2225 = DIRECTION('',(-1.,0.,0.));
#2226 = ADVANCED_FACE('',(#2227),#2261,.T.);
#2227 = FACE_BOUND('',#2228,.T.);
#2228 = EDGE_LOOP('',(#2229,#2239,#2247,#2255));
#2229 = ORIENTED_EDGE('',*,*,#2230,.T.);
#2230 = EDGE_CURVE('',#2231,#2233,#2235,.T.);
#2231 = VERTEX_POINT('',#2232);
#2232 = CARTESIAN_POINT('',(10.934268862754,3.9517976515,-3.703088521585
    ));
#2233 = VERTEX_POINT('',#2234);
#2234 = CARTESIAN_POINT('',(11.234268862754,3.9517976515,-3.703088521585
    ));
#2235 = LINE('',#2236,#2237);
#2236 = CARTESIAN_POINT('',(0.,3.9517976515,-3.703088521585));
#2237 = VECTOR('',#2238,1.);
#2238 = DIRECTION('',(1.,0.,-2.413528314403E-16));
#2239 = ORIENTED_EDGE('',*,*,#2240,.T.);
#2240 = EDGE_CURVE('',#2233,#2241,#2243,.T.);
#2241 = VERTEX_POINT('',#2242);
#2242 = CARTESIAN_POINT('',(11.334268862754,3.5517976515,-3.803088521585
    ));
#2243 = LINE('',#2244,#2245);
#2244 = CARTESIAN_POINT('',(12.222218275629,0.,-4.69103793446));
#2245 = VECTOR('',#2246,1.);
#2246 = DIRECTION('',(0.235702260396,-0.942809041582,-0.235702260396));
#2247 = ORIENTED_EDGE('',*,*,#2248,.T.);
#2248 = EDGE_CURVE('',#2241,#2249,#2251,.T.);
#2249 = VERTEX_POINT('',#2250);
#2250 = CARTESIAN_POINT('',(10.834268862754,3.5517976515,-3.803088521585
    ));
#2251 = LINE('',#2252,#2253);
#2252 = CARTESIAN_POINT('',(0.,3.5517976515,-3.803088521585));
#2253 = VECTOR('',#2254,1.);
#2254 = DIRECTION('',(-1.,3.176325035299E-32,2.413528314403E-16));
#2255 = ORIENTED_EDGE('',*,*,#2256,.T.);
#2256 = EDGE_CURVE('',#2249,#2231,#2257,.T.);
#2257 = LINE('',#2258,#2259);
#2258 = CARTESIAN_POINT('',(9.946319449879,0.,-4.69103793446));
#2259 = VECTOR('',#2260,1.);
#2260 = DIRECTION('',(0.235702260396,0.942809041582,0.235702260396));
#2261 = PLANE('',#2262);
#2262 = AXIS2_PLACEMENT_3D('',#2263,#2264,#2265);
#2263 = CARTESIAN_POINT('',(11.084268862754,3.7517976515,-3.753088521585
    ));
#2264 = DIRECTION('',(-2.341466393106E-16,0.242535625036,-0.970142500145
    ));
#2265 = DIRECTION('',(0.,-0.970142500145,-0.242535625036));
#2266 = ADVANCED_FACE('',(#2267),#2278,.F.);
#2267 = FACE_BOUND('',#2268,.T.);
#2268 = EDGE_LOOP('',(#2269,#2270,#2276,#2277));
#2269 = ORIENTED_EDGE('',*,*,#1692,.F.);
#2270 = ORIENTED_EDGE('',*,*,#2271,.F.);
#2271 = EDGE_CURVE('',#368,#1685,#2272,.T.);
#2272 = LINE('',#2273,#2274);
#2273 = CARTESIAN_POINT('',(7.484268862754,1.0517976515,-5.553088521585)
  );
#2274 = VECTOR('',#2275,1.);
#2275 = DIRECTION('',(0.,1.,0.));
#2276 = ORIENTED_EDGE('',*,*,#367,.T.);
#2277 = ORIENTED_EDGE('',*,*,#2049,.T.);
#2278 = PLANE('',#2279);
#2279 = AXIS2_PLACEMENT_3D('',#2280,#2281,#2282);
#2280 = CARTESIAN_POINT('',(7.484268862754,1.0517976515,-5.553088521585)
  );
#2281 = DIRECTION('',(1.,0.,1.224606353822E-16));
#2282 = DIRECTION('',(0.,-1.,0.));
#2283 = ADVANCED_FACE('',(#2284),#2300,.F.);
#2284 = FACE_BOUND('',#2285,.T.);
#2285 = EDGE_LOOP('',(#2286,#2287,#2293,#2294));
#2286 = ORIENTED_EDGE('',*,*,#1668,.T.);
#2287 = ORIENTED_EDGE('',*,*,#2288,.F.);
#2288 = EDGE_CURVE('',#1077,#1661,#2289,.T.);
#2289 = LINE('',#2290,#2291);
#2290 = CARTESIAN_POINT('',(10.284268862754,0.3517976515,-4.853088521585
    ));
#2291 = VECTOR('',#2292,1.);
#2292 = DIRECTION('',(0.,1.,0.));
#2293 = ORIENTED_EDGE('',*,*,#1148,.T.);
#2294 = ORIENTED_EDGE('',*,*,#2295,.T.);
#2295 = EDGE_CURVE('',#1141,#1669,#2296,.T.);
#2296 = LINE('',#2297,#2298);
#2297 = CARTESIAN_POINT('',(9.184268862754,0.3517976515,-4.853088521585)
  );
#2298 = VECTOR('',#2299,1.);
#2299 = DIRECTION('',(0.,1.,0.));
#2300 = PLANE('',#2301);
#2301 = AXIS2_PLACEMENT_3D('',#2302,#2303,#2304);
#2302 = CARTESIAN_POINT('',(10.284268862754,0.3517976515,-4.853088521585
    ));
#2303 = DIRECTION('',(1.224606353822E-16,-0.,1.));
#2304 = DIRECTION('',(1.,0.,-1.224606353822E-16));
#2305 = ADVANCED_FACE('',(#2306),#2331,.T.);
#2306 = FACE_BOUND('',#2307,.T.);
#2307 = EDGE_LOOP('',(#2308,#2309,#2317,#2325));
#2308 = ORIENTED_EDGE('',*,*,#2230,.F.);
#2309 = ORIENTED_EDGE('',*,*,#2310,.F.);
#2310 = EDGE_CURVE('',#2311,#2231,#2313,.T.);
#2311 = VERTEX_POINT('',#2312);
#2312 = CARTESIAN_POINT('',(10.934268862754,3.9517976515,-3.403088521585
    ));
#2313 = LINE('',#2314,#2315);
#2314 = CARTESIAN_POINT('',(10.934268862754,3.9517976515,-9.10617704317)
  );
#2315 = VECTOR('',#2316,1.);
#2316 = DIRECTION('',(0.,0.,-1.));
#2317 = ORIENTED_EDGE('',*,*,#2318,.F.);
#2318 = EDGE_CURVE('',#2319,#2311,#2321,.T.);
#2319 = VERTEX_POINT('',#2320);
#2320 = CARTESIAN_POINT('',(11.234268862754,3.9517976515,-3.403088521585
    ));
#2321 = LINE('',#2322,#2323);
#2322 = CARTESIAN_POINT('',(0.,3.9517976515,-3.403088521585));
#2323 = VECTOR('',#2324,1.);
#2324 = DIRECTION('',(-1.,0.,2.413528314403E-16));
#2325 = ORIENTED_EDGE('',*,*,#2326,.F.);
#2326 = EDGE_CURVE('',#2233,#2319,#2327,.T.);
#2327 = LINE('',#2328,#2329);
#2328 = CARTESIAN_POINT('',(11.234268862754,3.9517976515,-9.10617704317)
  );
#2329 = VECTOR('',#2330,1.);
#2330 = DIRECTION('',(0.,0.,1.));
#2331 = PLANE('',#2332);
#2332 = AXIS2_PLACEMENT_3D('',#2333,#2334,#2335);
#2333 = CARTESIAN_POINT('',(8.209531969062,3.9517976515,-3.457028657042)
  );
#2334 = DIRECTION('',(0.,1.,-0.));
#2335 = DIRECTION('',(-1.,0.,0.));
#2336 = ADVANCED_FACE('',(#2337),#2343,.T.);
#2337 = FACE_BOUND('',#2338,.T.);
#2338 = EDGE_LOOP('',(#2339,#2340,#2341,#2342));
#2339 = ORIENTED_EDGE('',*,*,#959,.T.);
#2340 = ORIENTED_EDGE('',*,*,#1116,.T.);
#2341 = ORIENTED_EDGE('',*,*,#1162,.F.);
#2342 = ORIENTED_EDGE('',*,*,#470,.F.);
#2343 = PLANE('',#2344);
#2344 = AXIS2_PLACEMENT_3D('',#2345,#2346,#2347);
#2345 = CARTESIAN_POINT('',(7.884268862754,0.3517976515,
    4.69114784151E-02));
#2346 = DIRECTION('',(1.,-0.,1.224606353822E-16));
#2347 = DIRECTION('',(1.224606353822E-16,0.,-1.));
#2348 = ADVANCED_FACE('',(#2349),#2374,.T.);
#2349 = FACE_BOUND('',#2350,.T.);
#2350 = EDGE_LOOP('',(#2351,#2352,#2358,#2359,#2365,#2366,#2367,#2368));
#2351 = ORIENTED_EDGE('',*,*,#137,.T.);
#2352 = ORIENTED_EDGE('',*,*,#2353,.F.);
#2353 = EDGE_CURVE('',#384,#130,#2354,.T.);
#2354 = LINE('',#2355,#2356);
#2355 = CARTESIAN_POINT('',(12.484268862754,1.0517976515,-3.553088521585
    ));
#2356 = VECTOR('',#2357,1.);
#2357 = DIRECTION('',(0.,1.,0.));
#2358 = ORIENTED_EDGE('',*,*,#383,.T.);
#2359 = ORIENTED_EDGE('',*,*,#2360,.T.);
#2360 = EDGE_CURVE('',#376,#1645,#2361,.T.);
#2361 = LINE('',#2362,#2363);
#2362 = CARTESIAN_POINT('',(12.484268862754,1.0517976515,-5.553088521585
    ));
#2363 = VECTOR('',#2364,1.);
#2364 = DIRECTION('',(0.,1.,0.));
#2365 = ORIENTED_EDGE('',*,*,#1642,.F.);
#2366 = ORIENTED_EDGE('',*,*,#2056,.F.);
#2367 = ORIENTED_EDGE('',*,*,#351,.F.);
#2368 = ORIENTED_EDGE('',*,*,#2369,.F.);
#2369 = EDGE_CURVE('',#138,#344,#2370,.T.);
#2370 = LINE('',#2371,#2372);
#2371 = CARTESIAN_POINT('',(12.484268862754,1.0517976515,0.446911478415)
  );
#2372 = VECTOR('',#2373,1.);
#2373 = DIRECTION('',(0.,-1.,0.));
#2374 = PLANE('',#2375);
#2375 = AXIS2_PLACEMENT_3D('',#2376,#2377,#2378);
#2376 = CARTESIAN_POINT('',(12.484268862754,-3.9482023485,6.446911478415
    ));
#2377 = DIRECTION('',(1.,0.,-1.224606353822E-16));
#2378 = DIRECTION('',(0.,1.,0.));
#2379 = ADVANCED_FACE('',(#2380),#2406,.F.);
#2380 = FACE_BOUND('',#2381,.T.);
#2381 = EDGE_LOOP('',(#2382,#2390,#2391,#2392,#2400));
#2382 = ORIENTED_EDGE('',*,*,#2383,.T.);
#2383 = EDGE_CURVE('',#2384,#1677,#2386,.T.);
#2384 = VERTEX_POINT('',#2385);
#2385 = CARTESIAN_POINT('',(9.184268862754,-2.3482023485,-5.553088521585
    ));
#2386 = LINE('',#2387,#2388);
#2387 = CARTESIAN_POINT('',(9.184268862754,1.0517976515,-5.553088521585)
  );
#2388 = VECTOR('',#2389,1.);
#2389 = DIRECTION('',(0.,1.,0.));
#2390 = ORIENTED_EDGE('',*,*,#1676,.T.);
#2391 = ORIENTED_EDGE('',*,*,#2295,.F.);
#2392 = ORIENTED_EDGE('',*,*,#2393,.T.);
#2393 = EDGE_CURVE('',#1141,#2394,#2396,.T.);
#2394 = VERTEX_POINT('',#2395);
#2395 = CARTESIAN_POINT('',(9.184268862754,-2.3482023485,-4.853088521585
    ));
#2396 = LINE('',#2397,#2398);
#2397 = CARTESIAN_POINT('',(9.184268862754,1.0517976515,-4.853088521585)
  );
#2398 = VECTOR('',#2399,1.);
#2399 = DIRECTION('',(0.,-1.,0.));
#2400 = ORIENTED_EDGE('',*,*,#2401,.T.);
#2401 = EDGE_CURVE('',#2394,#2384,#2402,.T.);
#2402 = LINE('',#2403,#2404);
#2403 = CARTESIAN_POINT('',(9.184268862754,-2.3482023485,-4.853088521585
    ));
#2404 = VECTOR('',#2405,1.);
#2405 = DIRECTION('',(0.,0.,-1.));
#2406 = PLANE('',#2407);
#2407 = AXIS2_PLACEMENT_3D('',#2408,#2409,#2410);
#2408 = CARTESIAN_POINT('',(9.184268862754,0.3517976515,-4.853088521585)
  );
#2409 = DIRECTION('',(-1.,0.,0.));
#2410 = DIRECTION('',(0.,1.,0.));
#2411 = ADVANCED_FACE('',(#2412),#2430,.T.);
#2412 = FACE_BOUND('',#2413,.T.);
#2413 = EDGE_LOOP('',(#2414,#2415,#2423,#2429));
#2414 = ORIENTED_EDGE('',*,*,#2326,.T.);
#2415 = ORIENTED_EDGE('',*,*,#2416,.F.);
#2416 = EDGE_CURVE('',#2417,#2319,#2419,.T.);
#2417 = VERTEX_POINT('',#2418);
#2418 = CARTESIAN_POINT('',(11.334268862754,3.5517976515,-3.303088521585
    ));
#2419 = LINE('',#2420,#2421);
#2420 = CARTESIAN_POINT('',(12.222218275629,0.,-2.41513910871));
#2421 = VECTOR('',#2422,1.);
#2422 = DIRECTION('',(-0.235702260396,0.942809041582,-0.235702260396));
#2423 = ORIENTED_EDGE('',*,*,#2424,.T.);
#2424 = EDGE_CURVE('',#2417,#2241,#2425,.T.);
#2425 = LINE('',#2426,#2427);
#2426 = CARTESIAN_POINT('',(11.334268862754,3.5517976515,-9.10617704317)
  );
#2427 = VECTOR('',#2428,1.);
#2428 = DIRECTION('',(0.,0.,-1.));
#2429 = ORIENTED_EDGE('',*,*,#2240,.F.);
#2430 = PLANE('',#2431);
#2431 = AXIS2_PLACEMENT_3D('',#2432,#2433,#2434);
#2432 = CARTESIAN_POINT('',(11.284268862754,3.7517976515,-3.553088521585
    ));
#2433 = DIRECTION('',(0.970142500145,0.242535625036,0.));
#2434 = DIRECTION('',(0.242535625036,-0.970142500145,0.));
#2435 = ADVANCED_FACE('',(#2436),#2461,.T.);
#2436 = FACE_BOUND('',#2437,.T.);
#2437 = EDGE_LOOP('',(#2438,#2446,#2454,#2460));
#2438 = ORIENTED_EDGE('',*,*,#2439,.F.);
#2439 = EDGE_CURVE('',#2440,#2073,#2442,.T.);
#2440 = VERTEX_POINT('',#2441);
#2441 = CARTESIAN_POINT('',(11.334268862754,-0.5482023485,
    -3.303088521585));
#2442 = LINE('',#2443,#2444);
#2443 = CARTESIAN_POINT('',(11.334268862754,-0.5482023485,
    -7.553088521585));
#2444 = VECTOR('',#2445,1.);
#2445 = DIRECTION('',(0.,0.,-1.));
#2446 = ORIENTED_EDGE('',*,*,#2447,.T.);
#2447 = EDGE_CURVE('',#2440,#2448,#2450,.T.);
#2448 = VERTEX_POINT('',#2449);
#2449 = CARTESIAN_POINT('',(11.334268862754,-3.2482023485,
    -3.303088521585));
#2450 = LINE('',#2451,#2452);
#2451 = CARTESIAN_POINT('',(11.334268862754,0.8517976515,-3.303088521585
    ));
#2452 = VECTOR('',#2453,1.);
#2453 = DIRECTION('',(0.,-1.,0.));
#2454 = ORIENTED_EDGE('',*,*,#2455,.T.);
#2455 = EDGE_CURVE('',#2448,#218,#2456,.T.);
#2456 = LINE('',#2457,#2458);
#2457 = CARTESIAN_POINT('',(11.334268862754,-3.2482023485,-9.10617704317
    ));
#2458 = VECTOR('',#2459,1.);
#2459 = DIRECTION('',(0.,0.,-1.));
#2460 = ORIENTED_EDGE('',*,*,#2080,.T.);
#2461 = PLANE('',#2462);
#2462 = AXIS2_PLACEMENT_3D('',#2463,#2464,#2465);
#2463 = CARTESIAN_POINT('',(11.334268862754,0.8517976515,-3.303088521585
    ));
#2464 = DIRECTION('',(1.,0.,-0.));
#2465 = DIRECTION('',(0.,0.,1.));
#2466 = ADVANCED_FACE('',(#2467),#2507,.T.);
#2467 = FACE_BOUND('',#2468,.T.);
#2468 = EDGE_LOOP('',(#2469,#2470,#2471,#2472,#2480,#2488,#2496,#2502,
    #2503,#2504,#2505,#2506));
#2469 = ORIENTED_EDGE('',*,*,#1076,.T.);
#2470 = ORIENTED_EDGE('',*,*,#2288,.T.);
#2471 = ORIENTED_EDGE('',*,*,#1660,.T.);
#2472 = ORIENTED_EDGE('',*,*,#2473,.T.);
#2473 = EDGE_CURVE('',#1653,#2474,#2476,.T.);
#2474 = VERTEX_POINT('',#2475);
#2475 = CARTESIAN_POINT('',(10.284268862754,-2.3482023485,
    -5.553088521585));
#2476 = LINE('',#2477,#2478);
#2477 = CARTESIAN_POINT('',(10.284268862754,1.0517976515,-5.553088521585
    ));
#2478 = VECTOR('',#2479,1.);
#2479 = DIRECTION('',(0.,-1.,0.));
#2480 = ORIENTED_EDGE('',*,*,#2481,.F.);
#2481 = EDGE_CURVE('',#2482,#2474,#2484,.T.);
#2482 = VERTEX_POINT('',#2483);
#2483 = CARTESIAN_POINT('',(10.284268862754,-2.3482023485,
    -4.853088521585));
#2484 = LINE('',#2485,#2486);
#2485 = CARTESIAN_POINT('',(10.284268862754,-2.3482023485,
    -4.853088521585));
#2486 = VECTOR('',#2487,1.);
#2487 = DIRECTION('',(0.,0.,-1.));
#2488 = ORIENTED_EDGE('',*,*,#2489,.T.);
#2489 = EDGE_CURVE('',#2482,#2490,#2492,.T.);
#2490 = VERTEX_POINT('',#2491);
#2491 = CARTESIAN_POINT('',(10.284268862754,-0.5482023485,
    -4.853088521585));
#2492 = LINE('',#2493,#2494);
#2493 = CARTESIAN_POINT('',(10.284268862754,1.0517976515,-4.853088521585
    ));
#2494 = VECTOR('',#2495,1.);
#2495 = DIRECTION('',(0.,1.,0.));
#2496 = ORIENTED_EDGE('',*,*,#2497,.T.);
#2497 = EDGE_CURVE('',#2490,#1819,#2498,.T.);
#2498 = LINE('',#2499,#2500);
#2499 = CARTESIAN_POINT('',(10.284268862754,-0.5482023485,
    -7.553088521585));
#2500 = VECTOR('',#2501,1.);
#2501 = DIRECTION('',(0.,0.,1.));
#2502 = ORIENTED_EDGE('',*,*,#1818,.F.);
#2503 = ORIENTED_EDGE('',*,*,#1916,.T.);
#2504 = ORIENTED_EDGE('',*,*,#2040,.F.);
#2505 = ORIENTED_EDGE('',*,*,#1715,.F.);
#2506 = ORIENTED_EDGE('',*,*,#1023,.F.);
#2507 = PLANE('',#2508);
#2508 = AXIS2_PLACEMENT_3D('',#2509,#2510,#2511);
#2509 = CARTESIAN_POINT('',(10.284268862754,-2.3482023485,7.746911478415
    ));
#2510 = DIRECTION('',(-1.,0.,0.));
#2511 = DIRECTION('',(0.,-1.,0.));
#2512 = ADVANCED_FACE('',(#2513),#2549,.T.);
#2513 = FACE_BOUND('',#2514,.T.);
#2514 = EDGE_LOOP('',(#2515,#2526,#2534,#2543));
#2515 = ORIENTED_EDGE('',*,*,#2516,.F.);
#2516 = EDGE_CURVE('',#2517,#2519,#2521,.T.);
#2517 = VERTEX_POINT('',#2518);
#2518 = CARTESIAN_POINT('',(11.534268862754,1.8517976515,-3.303088521585
    ));
#2519 = VERTEX_POINT('',#2520);
#2520 = CARTESIAN_POINT('',(11.334268862754,2.341695600056,
    -3.303088521585));
#2521 = CIRCLE('',#2522,0.7);
#2522 = AXIS2_PLACEMENT_3D('',#2523,#2524,#2525);
#2523 = CARTESIAN_POINT('',(10.834268862754,1.8517976515,-3.303088521585
    ));
#2524 = DIRECTION('',(0.,0.,1.));
#2525 = DIRECTION('',(-1.,0.,0.));
#2526 = ORIENTED_EDGE('',*,*,#2527,.F.);
#2527 = EDGE_CURVE('',#2528,#2517,#2530,.T.);
#2528 = VERTEX_POINT('',#2529);
#2529 = CARTESIAN_POINT('',(11.534268862754,1.8517976515,-3.803088521585
    ));
#2530 = LINE('',#2531,#2532);
#2531 = CARTESIAN_POINT('',(11.534268862754,1.8517976515,-3.303088521585
    ));
#2532 = VECTOR('',#2533,1.);
#2533 = DIRECTION('',(0.,0.,1.));
#2534 = ORIENTED_EDGE('',*,*,#2535,.T.);
#2535 = EDGE_CURVE('',#2528,#2536,#2538,.T.);
#2536 = VERTEX_POINT('',#2537);
#2537 = CARTESIAN_POINT('',(11.334268862754,2.341695600056,
    -3.803088521585));
#2538 = CIRCLE('',#2539,0.7);
#2539 = AXIS2_PLACEMENT_3D('',#2540,#2541,#2542);
#2540 = CARTESIAN_POINT('',(10.834268862754,1.8517976515,-3.803088521585
    ));
#2541 = DIRECTION('',(0.,0.,1.));
#2542 = DIRECTION('',(-1.,0.,0.));
#2543 = ORIENTED_EDGE('',*,*,#2544,.T.);
#2544 = EDGE_CURVE('',#2536,#2519,#2545,.T.);
#2545 = LINE('',#2546,#2547);
#2546 = CARTESIAN_POINT('',(11.334268862754,2.341695600056,
    -3.303088521585));
#2547 = VECTOR('',#2548,1.);
#2548 = DIRECTION('',(0.,0.,1.));
#2549 = CYLINDRICAL_SURFACE('',#2550,0.7);
#2550 = AXIS2_PLACEMENT_3D('',#2551,#2552,#2553);
#2551 = CARTESIAN_POINT('',(10.834268862754,1.8517976515,-3.303088521585
    ));
#2552 = DIRECTION('',(0.,0.,1.));
#2553 = DIRECTION('',(-1.,0.,0.));
#2554 = ADVANCED_FACE('',(#2555),#2566,.F.);
#2555 = FACE_BOUND('',#2556,.T.);
#2556 = EDGE_LOOP('',(#2557,#2558,#2559,#2565));
#2557 = ORIENTED_EDGE('',*,*,#2369,.T.);
#2558 = ORIENTED_EDGE('',*,*,#343,.F.);
#2559 = ORIENTED_EDGE('',*,*,#2560,.T.);
#2560 = EDGE_CURVE('',#336,#120,#2561,.T.);
#2561 = LINE('',#2562,#2563);
#2562 = CARTESIAN_POINT('',(12.084268862754,1.0517976515,0.446911478415)
  );
#2563 = VECTOR('',#2564,1.);
#2564 = DIRECTION('',(0.,1.,0.));
#2565 = ORIENTED_EDGE('',*,*,#145,.F.);
#2566 = PLANE('',#2567);
#2567 = AXIS2_PLACEMENT_3D('',#2568,#2569,#2570);
#2568 = CARTESIAN_POINT('',(5.984268862754,1.5596376515,0.446911478415)
  );
#2569 = DIRECTION('',(0.,0.,1.));
#2570 = DIRECTION('',(1.,0.,-0.));
#2571 = ADVANCED_FACE('',(#2572,#2578,#2584,#2602),#2613,.T.);
#2572 = FACE_BOUND('',#2573,.T.);
#2573 = EDGE_LOOP('',(#2574,#2575,#2576,#2577));
#2574 = ORIENTED_EDGE('',*,*,#974,.T.);
#2575 = ORIENTED_EDGE('',*,*,#1325,.T.);
#2576 = ORIENTED_EDGE('',*,*,#629,.T.);
#2577 = ORIENTED_EDGE('',*,*,#79,.T.);
#2578 = FACE_BOUND('',#2579,.T.);
#2579 = EDGE_LOOP('',(#2580,#2581,#2582,#2583));
#2580 = ORIENTED_EDGE('',*,*,#1559,.T.);
#2581 = ORIENTED_EDGE('',*,*,#1527,.T.);
#2582 = ORIENTED_EDGE('',*,*,#1969,.T.);
#2583 = ORIENTED_EDGE('',*,*,#1294,.T.);
#2584 = FACE_BOUND('',#2585,.T.);
#2585 = EDGE_LOOP('',(#2586,#2587,#2595,#2601));
#2586 = ORIENTED_EDGE('',*,*,#2497,.F.);
#2587 = ORIENTED_EDGE('',*,*,#2588,.T.);
#2588 = EDGE_CURVE('',#2490,#2589,#2591,.T.);
#2589 = VERTEX_POINT('',#2590);
#2590 = CARTESIAN_POINT('',(12.084268862754,-0.5482023485,
    -4.853088521585));
#2591 = LINE('',#2592,#2593);
#2592 = CARTESIAN_POINT('',(7.484268862754,-0.5482023485,-4.853088521585
    ));
#2593 = VECTOR('',#2594,1.);
#2594 = DIRECTION('',(1.,0.,0.));
#2595 = ORIENTED_EDGE('',*,*,#2596,.T.);
#2596 = EDGE_CURVE('',#2589,#1827,#2597,.T.);
#2597 = LINE('',#2598,#2599);
#2598 = CARTESIAN_POINT('',(12.084268862754,-0.5482023485,
    -5.553088521585));
#2599 = VECTOR('',#2600,1.);
#2600 = DIRECTION('',(-1.224606353822E-16,0.,1.));
#2601 = ORIENTED_EDGE('',*,*,#1826,.F.);
#2602 = FACE_BOUND('',#2603,.T.);
#2603 = EDGE_LOOP('',(#2604,#2610,#2611,#2612));
#2604 = ORIENTED_EDGE('',*,*,#2605,.T.);
#2605 = EDGE_CURVE('',#1484,#2440,#2606,.T.);
#2606 = LINE('',#2607,#2608);
#2607 = CARTESIAN_POINT('',(7.484268862754,-0.5482023485,-3.303088521585
    ));
#2608 = VECTOR('',#2609,1.);
#2609 = DIRECTION('',(1.,0.,-2.413528314403E-16));
#2610 = ORIENTED_EDGE('',*,*,#2439,.T.);
#2611 = ORIENTED_EDGE('',*,*,#2072,.T.);
#2612 = ORIENTED_EDGE('',*,*,#1491,.T.);
#2613 = PLANE('',#2614);
#2614 = AXIS2_PLACEMENT_3D('',#2615,#2616,#2617);
#2615 = CARTESIAN_POINT('',(11.743640151173,-0.5482023485,0.997128338506
    ));
#2616 = DIRECTION('',(0.,-1.,0.));
#2617 = DIRECTION('',(1.,0.,0.));
#2618 = ADVANCED_FACE('',(#2619),#2630,.F.);
#2619 = FACE_BOUND('',#2620,.T.);
#2620 = EDGE_LOOP('',(#2621,#2622,#2628,#2629));
#2621 = ORIENTED_EDGE('',*,*,#129,.F.);
#2622 = ORIENTED_EDGE('',*,*,#2623,.F.);
#2623 = EDGE_CURVE('',#392,#122,#2624,.T.);
#2624 = LINE('',#2625,#2626);
#2625 = CARTESIAN_POINT('',(12.084268862754,1.0517976515,-3.553088521585
    ));
#2626 = VECTOR('',#2627,1.);
#2627 = DIRECTION('',(0.,1.,0.));
#2628 = ORIENTED_EDGE('',*,*,#391,.T.);
#2629 = ORIENTED_EDGE('',*,*,#2353,.T.);
#2630 = PLANE('',#2631);
#2631 = AXIS2_PLACEMENT_3D('',#2632,#2633,#2634);
#2632 = CARTESIAN_POINT('',(13.35651500253,1.5596376515,-3.553088521585)
  );
#2633 = DIRECTION('',(0.,0.,-1.));
#2634 = DIRECTION('',(-1.,0.,0.));
#2635 = ADVANCED_FACE('',(#2636),#2651,.F.);
#2636 = FACE_BOUND('',#2637,.T.);
#2637 = EDGE_LOOP('',(#2638,#2639,#2645,#2646,#2647,#2648,#2649,#2650));
#2638 = ORIENTED_EDGE('',*,*,#2596,.F.);
#2639 = ORIENTED_EDGE('',*,*,#2640,.F.);
#2640 = EDGE_CURVE('',#400,#2589,#2641,.T.);
#2641 = LINE('',#2642,#2643);
#2642 = CARTESIAN_POINT('',(12.084268862754,1.0517976515,-4.853088521585
    ));
#2643 = VECTOR('',#2644,1.);
#2644 = DIRECTION('',(0.,1.,0.));
#2645 = ORIENTED_EDGE('',*,*,#399,.F.);
#2646 = ORIENTED_EDGE('',*,*,#2623,.T.);
#2647 = ORIENTED_EDGE('',*,*,#119,.F.);
#2648 = ORIENTED_EDGE('',*,*,#2560,.F.);
#2649 = ORIENTED_EDGE('',*,*,#335,.T.);
#2650 = ORIENTED_EDGE('',*,*,#1834,.T.);
#2651 = PLANE('',#2652);
#2652 = AXIS2_PLACEMENT_3D('',#2653,#2654,#2655);
#2653 = CARTESIAN_POINT('',(12.084268862754,-3.9482023485,
    -4.853088521585));
#2654 = DIRECTION('',(1.,0.,-1.224606353822E-16));
#2655 = DIRECTION('',(-1.224606353822E-16,0.,-1.));
#2656 = ADVANCED_FACE('',(#2657),#2673,.T.);
#2657 = FACE_BOUND('',#2658,.T.);
#2658 = EDGE_LOOP('',(#2659,#2660,#2666,#2667));
#2659 = ORIENTED_EDGE('',*,*,#2424,.F.);
#2660 = ORIENTED_EDGE('',*,*,#2661,.T.);
#2661 = EDGE_CURVE('',#2417,#2519,#2662,.T.);
#2662 = LINE('',#2663,#2664);
#2663 = CARTESIAN_POINT('',(11.334268862754,0.8517976515,-3.303088521585
    ));
#2664 = VECTOR('',#2665,1.);
#2665 = DIRECTION('',(0.,-1.,0.));
#2666 = ORIENTED_EDGE('',*,*,#2544,.F.);
#2667 = ORIENTED_EDGE('',*,*,#2668,.T.);
#2668 = EDGE_CURVE('',#2536,#2241,#2669,.T.);
#2669 = LINE('',#2670,#2671);
#2670 = CARTESIAN_POINT('',(11.334268862754,0.8517976515,-3.803088521585
    ));
#2671 = VECTOR('',#2672,1.);
#2672 = DIRECTION('',(0.,1.,0.));
#2673 = PLANE('',#2674);
#2674 = AXIS2_PLACEMENT_3D('',#2675,#2676,#2677);
#2675 = CARTESIAN_POINT('',(11.334268862754,0.8517976515,-3.303088521585
    ));
#2676 = DIRECTION('',(1.,0.,-0.));
#2677 = DIRECTION('',(0.,0.,1.));
#2678 = ADVANCED_FACE('',(#2679),#2694,.T.);
#2679 = FACE_BOUND('',#2680,.T.);
#2680 = EDGE_LOOP('',(#2681,#2682,#2683,#2684,#2685,#2686,#2692,#2693));
#2681 = ORIENTED_EDGE('',*,*,#800,.T.);
#2682 = ORIENTED_EDGE('',*,*,#407,.F.);
#2683 = ORIENTED_EDGE('',*,*,#2640,.T.);
#2684 = ORIENTED_EDGE('',*,*,#2588,.F.);
#2685 = ORIENTED_EDGE('',*,*,#2489,.F.);
#2686 = ORIENTED_EDGE('',*,*,#2687,.F.);
#2687 = EDGE_CURVE('',#2394,#2482,#2688,.T.);
#2688 = LINE('',#2689,#2690);
#2689 = CARTESIAN_POINT('',(7.484268862754,-2.3482023485,-4.853088521585
    ));
#2690 = VECTOR('',#2691,1.);
#2691 = DIRECTION('',(1.,0.,0.));
#2692 = ORIENTED_EDGE('',*,*,#2393,.F.);
#2693 = ORIENTED_EDGE('',*,*,#1140,.F.);
#2694 = PLANE('',#2695);
#2695 = AXIS2_PLACEMENT_3D('',#2696,#2697,#2698);
#2696 = CARTESIAN_POINT('',(7.835545605956,-3.889854191188,
    -4.853088521585));
#2697 = DIRECTION('',(0.,0.,1.));
#2698 = DIRECTION('',(-1.,0.,0.));
#2699 = ADVANCED_FACE('',(#2700),#2718,.T.);
#2700 = FACE_BOUND('',#2701,.T.);
#2701 = EDGE_LOOP('',(#2702,#2703,#2704,#2712));
#2702 = ORIENTED_EDGE('',*,*,#2310,.T.);
#2703 = ORIENTED_EDGE('',*,*,#2256,.F.);
#2704 = ORIENTED_EDGE('',*,*,#2705,.T.);
#2705 = EDGE_CURVE('',#2249,#2706,#2708,.T.);
#2706 = VERTEX_POINT('',#2707);
#2707 = CARTESIAN_POINT('',(10.834268862754,3.5517976515,-3.303088521585
    ));
#2708 = LINE('',#2709,#2710);
#2709 = CARTESIAN_POINT('',(10.834268862754,3.5517976515,-9.10617704317)
  );
#2710 = VECTOR('',#2711,1.);
#2711 = DIRECTION('',(0.,0.,1.));
#2712 = ORIENTED_EDGE('',*,*,#2713,.F.);
#2713 = EDGE_CURVE('',#2311,#2706,#2714,.T.);
#2714 = LINE('',#2715,#2716);
#2715 = CARTESIAN_POINT('',(9.946319449879,0.,-2.41513910871));
#2716 = VECTOR('',#2717,1.);
#2717 = DIRECTION('',(-0.235702260396,-0.942809041582,0.235702260396));
#2718 = PLANE('',#2719);
#2719 = AXIS2_PLACEMENT_3D('',#2720,#2721,#2722);
#2720 = CARTESIAN_POINT('',(10.884268862754,3.7517976515,-3.553088521585
    ));
#2721 = DIRECTION('',(-0.970142500145,0.242535625036,0.));
#2722 = DIRECTION('',(-0.242535625036,-0.970142500145,0.));
#2723 = ADVANCED_FACE('',(#2724),#2782,.T.);
#2724 = FACE_BOUND('',#2725,.T.);
#2725 = EDGE_LOOP('',(#2726,#2732,#2740,#2749,#2758,#2764,#2765,#2773,
    #2780,#2781));
#2726 = ORIENTED_EDGE('',*,*,#2727,.F.);
#2727 = EDGE_CURVE('',#2706,#2417,#2728,.T.);
#2728 = LINE('',#2729,#2730);
#2729 = CARTESIAN_POINT('',(0.,3.5517976515,-3.303088521585));
#2730 = VECTOR('',#2731,1.);
#2731 = DIRECTION('',(1.,3.176325035299E-32,-2.413528314403E-16));
#2732 = ORIENTED_EDGE('',*,*,#2733,.F.);
#2733 = EDGE_CURVE('',#2734,#2706,#2736,.T.);
#2734 = VERTEX_POINT('',#2735);
#2735 = CARTESIAN_POINT('',(10.834268862754,2.341695600056,
    -3.303088521585));
#2736 = LINE('',#2737,#2738);
#2737 = CARTESIAN_POINT('',(10.834268862754,0.8517976515,-3.303088521585
    ));
#2738 = VECTOR('',#2739,1.);
#2739 = DIRECTION('',(0.,1.,0.));
#2740 = ORIENTED_EDGE('',*,*,#2741,.F.);
#2741 = EDGE_CURVE('',#2742,#2734,#2744,.T.);
#2742 = VERTEX_POINT('',#2743);
#2743 = CARTESIAN_POINT('',(11.034268862754,1.8517976515,-3.303088521585
    ));
#2744 = CIRCLE('',#2745,0.7);
#2745 = AXIS2_PLACEMENT_3D('',#2746,#2747,#2748);
#2746 = CARTESIAN_POINT('',(10.334268862754,1.8517976515,-3.303088521585
    ));
#2747 = DIRECTION('',(0.,0.,1.));
#2748 = DIRECTION('',(-1.,0.,0.));
#2749 = ORIENTED_EDGE('',*,*,#2750,.F.);
#2750 = EDGE_CURVE('',#2751,#2742,#2753,.T.);
#2751 = VERTEX_POINT('',#2752);
#2752 = CARTESIAN_POINT('',(10.834268862754,1.361899702943,
    -3.303088521585));
#2753 = CIRCLE('',#2754,0.7);
#2754 = AXIS2_PLACEMENT_3D('',#2755,#2756,#2757);
#2755 = CARTESIAN_POINT('',(10.334268862754,1.8517976515,-3.303088521585
    ));
#2756 = DIRECTION('',(0.,0.,1.));
#2757 = DIRECTION('',(-1.,0.,0.));
#2758 = ORIENTED_EDGE('',*,*,#2759,.F.);
#2759 = EDGE_CURVE('',#1753,#2751,#2760,.T.);
#2760 = LINE('',#2761,#2762);
#2761 = CARTESIAN_POINT('',(10.834268862754,0.8517976515,-3.303088521585
    ));
#2762 = VECTOR('',#2763,1.);
#2763 = DIRECTION('',(0.,1.,0.));
#2764 = ORIENTED_EDGE('',*,*,#1752,.T.);
#2765 = ORIENTED_EDGE('',*,*,#2766,.F.);
#2766 = EDGE_CURVE('',#2767,#1743,#2769,.T.);
#2767 = VERTEX_POINT('',#2768);
#2768 = CARTESIAN_POINT('',(11.334268862754,1.361899702943,
    -3.303088521585));
#2769 = LINE('',#2770,#2771);
#2770 = CARTESIAN_POINT('',(11.334268862754,0.8517976515,-3.303088521585
    ));
#2771 = VECTOR('',#2772,1.);
#2772 = DIRECTION('',(0.,-1.,0.));
#2773 = ORIENTED_EDGE('',*,*,#2774,.T.);
#2774 = EDGE_CURVE('',#2767,#2517,#2775,.T.);
#2775 = CIRCLE('',#2776,0.7);
#2776 = AXIS2_PLACEMENT_3D('',#2777,#2778,#2779);
#2777 = CARTESIAN_POINT('',(10.834268862754,1.8517976515,-3.303088521585
    ));
#2778 = DIRECTION('',(0.,0.,1.));
#2779 = DIRECTION('',(-1.,0.,0.));
#2780 = ORIENTED_EDGE('',*,*,#2516,.T.);
#2781 = ORIENTED_EDGE('',*,*,#2661,.F.);
#2782 = PLANE('',#2783);
#2783 = AXIS2_PLACEMENT_3D('',#2784,#2785,#2786);
#2784 = CARTESIAN_POINT('',(10.834268862754,0.8517976515,-3.303088521585
    ));
#2785 = DIRECTION('',(2.413528314403E-16,0.,1.));
#2786 = DIRECTION('',(-1.,0.,2.413528314403E-16));
#2787 = ADVANCED_FACE('',(#2788),#2806,.T.);
#2788 = FACE_BOUND('',#2789,.T.);
#2789 = EDGE_LOOP('',(#2790,#2791,#2792,#2800));
#2790 = ORIENTED_EDGE('',*,*,#1760,.T.);
#2791 = ORIENTED_EDGE('',*,*,#2759,.T.);
#2792 = ORIENTED_EDGE('',*,*,#2793,.F.);
#2793 = EDGE_CURVE('',#2794,#2751,#2796,.T.);
#2794 = VERTEX_POINT('',#2795);
#2795 = CARTESIAN_POINT('',(10.834268862754,1.361899702943,
    -3.803088521585));
#2796 = LINE('',#2797,#2798);
#2797 = CARTESIAN_POINT('',(10.834268862754,1.361899702943,
    -3.303088521585));
#2798 = VECTOR('',#2799,1.);
#2799 = DIRECTION('',(0.,0.,1.));
#2800 = ORIENTED_EDGE('',*,*,#2801,.T.);
#2801 = EDGE_CURVE('',#2794,#1761,#2802,.T.);
#2802 = LINE('',#2803,#2804);
#2803 = CARTESIAN_POINT('',(10.834268862754,0.8517976515,-3.803088521585
    ));
#2804 = VECTOR('',#2805,1.);
#2805 = DIRECTION('',(0.,-1.,0.));
#2806 = PLANE('',#2807);
#2807 = AXIS2_PLACEMENT_3D('',#2808,#2809,#2810);
#2808 = CARTESIAN_POINT('',(10.834268862754,0.8517976515,-3.803088521585
    ));
#2809 = DIRECTION('',(-1.,-0.,-0.));
#2810 = DIRECTION('',(0.,0.,-1.));
#2811 = ADVANCED_FACE('',(#2812),#2838,.F.);
#2812 = FACE_BOUND('',#2813,.F.);
#2813 = EDGE_LOOP('',(#2814,#2815,#2823,#2832));
#2814 = ORIENTED_EDGE('',*,*,#2741,.F.);
#2815 = ORIENTED_EDGE('',*,*,#2816,.F.);
#2816 = EDGE_CURVE('',#2817,#2742,#2819,.T.);
#2817 = VERTEX_POINT('',#2818);
#2818 = CARTESIAN_POINT('',(11.034268862754,1.8517976515,-3.803088521585
    ));
#2819 = LINE('',#2820,#2821);
#2820 = CARTESIAN_POINT('',(11.034268862754,1.8517976515,-3.303088521585
    ));
#2821 = VECTOR('',#2822,1.);
#2822 = DIRECTION('',(0.,0.,1.));
#2823 = ORIENTED_EDGE('',*,*,#2824,.T.);
#2824 = EDGE_CURVE('',#2817,#2825,#2827,.T.);
#2825 = VERTEX_POINT('',#2826);
#2826 = CARTESIAN_POINT('',(10.834268862754,2.341695600056,
    -3.803088521585));
#2827 = CIRCLE('',#2828,0.7);
#2828 = AXIS2_PLACEMENT_3D('',#2829,#2830,#2831);
#2829 = CARTESIAN_POINT('',(10.334268862754,1.8517976515,-3.803088521585
    ));
#2830 = DIRECTION('',(0.,0.,1.));
#2831 = DIRECTION('',(-1.,0.,0.));
#2832 = ORIENTED_EDGE('',*,*,#2833,.T.);
#2833 = EDGE_CURVE('',#2825,#2734,#2834,.T.);
#2834 = LINE('',#2835,#2836);
#2835 = CARTESIAN_POINT('',(10.834268862754,2.341695600056,
    -3.303088521585));
#2836 = VECTOR('',#2837,1.);
#2837 = DIRECTION('',(0.,0.,1.));
#2838 = CYLINDRICAL_SURFACE('',#2839,0.7);
#2839 = AXIS2_PLACEMENT_3D('',#2840,#2841,#2842);
#2840 = CARTESIAN_POINT('',(10.334268862754,1.8517976515,-3.303088521585
    ));
#2841 = DIRECTION('',(0.,0.,1.));
#2842 = DIRECTION('',(-1.,0.,0.));
#2843 = ADVANCED_FACE('',(#2844),#2859,.T.);
#2844 = FACE_BOUND('',#2845,.T.);
#2845 = EDGE_LOOP('',(#2846,#2847,#2848,#2849,#2850,#2851,#2852,#2858));
#2846 = ORIENTED_EDGE('',*,*,#1652,.T.);
#2847 = ORIENTED_EDGE('',*,*,#2360,.F.);
#2848 = ORIENTED_EDGE('',*,*,#375,.T.);
#2849 = ORIENTED_EDGE('',*,*,#2271,.T.);
#2850 = ORIENTED_EDGE('',*,*,#1684,.T.);
#2851 = ORIENTED_EDGE('',*,*,#2383,.F.);
#2852 = ORIENTED_EDGE('',*,*,#2853,.F.);
#2853 = EDGE_CURVE('',#2474,#2384,#2854,.T.);
#2854 = LINE('',#2855,#2856);
#2855 = CARTESIAN_POINT('',(7.484268862754,-2.3482023485,-5.553088521585
    ));
#2856 = VECTOR('',#2857,1.);
#2857 = DIRECTION('',(-1.,0.,1.224606353822E-16));
#2858 = ORIENTED_EDGE('',*,*,#2473,.F.);
#2859 = PLANE('',#2860);
#2860 = AXIS2_PLACEMENT_3D('',#2861,#2862,#2863);
#2861 = CARTESIAN_POINT('',(7.484268862754,1.0517976515,-5.553088521585)
  );
#2862 = DIRECTION('',(-1.224606353822E-16,-0.,-1.));
#2863 = DIRECTION('',(1.,0.,-1.224606353822E-16));
#2864 = ADVANCED_FACE('',(#2865),#2876,.T.);
#2865 = FACE_BOUND('',#2866,.T.);
#2866 = EDGE_LOOP('',(#2867,#2868,#2869,#2870));
#2867 = ORIENTED_EDGE('',*,*,#2833,.T.);
#2868 = ORIENTED_EDGE('',*,*,#2733,.T.);
#2869 = ORIENTED_EDGE('',*,*,#2705,.F.);
#2870 = ORIENTED_EDGE('',*,*,#2871,.T.);
#2871 = EDGE_CURVE('',#2249,#2825,#2872,.T.);
#2872 = LINE('',#2873,#2874);
#2873 = CARTESIAN_POINT('',(10.834268862754,0.8517976515,-3.803088521585
    ));
#2874 = VECTOR('',#2875,1.);
#2875 = DIRECTION('',(0.,-1.,0.));
#2876 = PLANE('',#2877);
#2877 = AXIS2_PLACEMENT_3D('',#2878,#2879,#2880);
#2878 = CARTESIAN_POINT('',(10.834268862754,0.8517976515,-3.803088521585
    ));
#2879 = DIRECTION('',(-1.,-0.,-0.));
#2880 = DIRECTION('',(0.,0.,-1.));
#2881 = ADVANCED_FACE('',(#2882),#2888,.T.);
#2882 = FACE_BOUND('',#2883,.T.);
#2883 = EDGE_LOOP('',(#2884,#2885,#2886,#2887));
#2884 = ORIENTED_EDGE('',*,*,#2318,.T.);
#2885 = ORIENTED_EDGE('',*,*,#2713,.T.);
#2886 = ORIENTED_EDGE('',*,*,#2727,.T.);
#2887 = ORIENTED_EDGE('',*,*,#2416,.T.);
#2888 = PLANE('',#2889);
#2889 = AXIS2_PLACEMENT_3D('',#2890,#2891,#2892);
#2890 = CARTESIAN_POINT('',(11.084268862754,3.7517976515,-3.353088521585
    ));
#2891 = DIRECTION('',(2.341466393106E-16,0.242535625036,0.970142500145)
  );
#2892 = DIRECTION('',(0.,-0.970142500145,0.242535625036));
#2893 = ADVANCED_FACE('',(#2894),#2900,.F.);
#2894 = FACE_BOUND('',#2895,.T.);
#2895 = EDGE_LOOP('',(#2896,#2897,#2898,#2899));
#2896 = ORIENTED_EDGE('',*,*,#2853,.T.);
#2897 = ORIENTED_EDGE('',*,*,#2401,.F.);
#2898 = ORIENTED_EDGE('',*,*,#2687,.T.);
#2899 = ORIENTED_EDGE('',*,*,#2481,.T.);
#2900 = PLANE('',#2901);
#2901 = AXIS2_PLACEMENT_3D('',#2902,#2903,#2904);
#2902 = CARTESIAN_POINT('',(9.184268862754,-2.3482023485,-4.853088521585
    ));
#2903 = DIRECTION('',(-0.,-1.,-0.));
#2904 = DIRECTION('',(-1.,0.,0.));
#2905 = ADVANCED_FACE('',(#2906),#2924,.T.);
#2906 = FACE_BOUND('',#2907,.T.);
#2907 = EDGE_LOOP('',(#2908,#2916,#2917,#2918));
#2908 = ORIENTED_EDGE('',*,*,#2909,.T.);
#2909 = EDGE_CURVE('',#2910,#2767,#2912,.T.);
#2910 = VERTEX_POINT('',#2911);
#2911 = CARTESIAN_POINT('',(11.334268862754,1.361899702943,
    -3.803088521585));
#2912 = LINE('',#2913,#2914);
#2913 = CARTESIAN_POINT('',(11.334268862754,1.361899702943,
    -3.303088521585));
#2914 = VECTOR('',#2915,1.);
#2915 = DIRECTION('',(0.,0.,1.));
#2916 = ORIENTED_EDGE('',*,*,#2766,.T.);
#2917 = ORIENTED_EDGE('',*,*,#1742,.T.);
#2918 = ORIENTED_EDGE('',*,*,#2919,.T.);
#2919 = EDGE_CURVE('',#1745,#2910,#2920,.T.);
#2920 = LINE('',#2921,#2922);
#2921 = CARTESIAN_POINT('',(11.334268862754,0.8517976515,-3.803088521585
    ));
#2922 = VECTOR('',#2923,1.);
#2923 = DIRECTION('',(0.,1.,0.));
#2924 = PLANE('',#2925);
#2925 = AXIS2_PLACEMENT_3D('',#2926,#2927,#2928);
#2926 = CARTESIAN_POINT('',(11.334268862754,0.8517976515,-3.303088521585
    ));
#2927 = DIRECTION('',(1.,0.,-0.));
#2928 = DIRECTION('',(0.,0.,1.));
#2929 = ADVANCED_FACE('',(#2930),#2954,.T.);
#2930 = FACE_BOUND('',#2931,.T.);
#2931 = EDGE_LOOP('',(#2932,#2933,#2934,#2941,#2942,#2943,#2944,#2945,
    #2946,#2953));
#2932 = ORIENTED_EDGE('',*,*,#1768,.T.);
#2933 = ORIENTED_EDGE('',*,*,#2801,.F.);
#2934 = ORIENTED_EDGE('',*,*,#2935,.T.);
#2935 = EDGE_CURVE('',#2794,#2817,#2936,.T.);
#2936 = CIRCLE('',#2937,0.7);
#2937 = AXIS2_PLACEMENT_3D('',#2938,#2939,#2940);
#2938 = CARTESIAN_POINT('',(10.334268862754,1.8517976515,-3.803088521585
    ));
#2939 = DIRECTION('',(0.,0.,1.));
#2940 = DIRECTION('',(-1.,0.,0.));
#2941 = ORIENTED_EDGE('',*,*,#2824,.T.);
#2942 = ORIENTED_EDGE('',*,*,#2871,.F.);
#2943 = ORIENTED_EDGE('',*,*,#2248,.F.);
#2944 = ORIENTED_EDGE('',*,*,#2668,.F.);
#2945 = ORIENTED_EDGE('',*,*,#2535,.F.);
#2946 = ORIENTED_EDGE('',*,*,#2947,.F.);
#2947 = EDGE_CURVE('',#2910,#2528,#2948,.T.);
#2948 = CIRCLE('',#2949,0.7);
#2949 = AXIS2_PLACEMENT_3D('',#2950,#2951,#2952);
#2950 = CARTESIAN_POINT('',(10.834268862754,1.8517976515,-3.803088521585
    ));
#2951 = DIRECTION('',(0.,0.,1.));
#2952 = DIRECTION('',(-1.,0.,0.));
#2953 = ORIENTED_EDGE('',*,*,#2919,.F.);
#2954 = PLANE('',#2955);
#2955 = AXIS2_PLACEMENT_3D('',#2956,#2957,#2958);
#2956 = CARTESIAN_POINT('',(11.334268862754,0.8517976515,-3.803088521585
    ));
#2957 = DIRECTION('',(-2.413528314403E-16,-0.,-1.));
#2958 = DIRECTION('',(1.,0.,-2.413528314403E-16));
#2959 = ADVANCED_FACE('',(#2960),#2976,.F.);
#2960 = FACE_BOUND('',#2961,.T.);
#2961 = EDGE_LOOP('',(#2962,#2963,#2969,#2975));
#2962 = ORIENTED_EDGE('',*,*,#560,.T.);
#2963 = ORIENTED_EDGE('',*,*,#2964,.F.);
#2964 = EDGE_CURVE('',#2448,#553,#2965,.T.);
#2965 = LINE('',#2966,#2967);
#2966 = CARTESIAN_POINT('',(12.146319449879,0.,-2.49103793446));
#2967 = VECTOR('',#2968,1.);
#2968 = DIRECTION('',(-0.235702260396,-0.942809041582,-0.235702260396));
#2969 = ORIENTED_EDGE('',*,*,#2970,.F.);
#2970 = EDGE_CURVE('',#576,#2448,#2971,.T.);
#2971 = LINE('',#2972,#2973);
#2972 = CARTESIAN_POINT('',(0.,-3.2482023485,-3.303088521585));
#2973 = VECTOR('',#2974,1.);
#2974 = DIRECTION('',(1.,-6.352650070599E-33,-2.413528314403E-16));
#2975 = ORIENTED_EDGE('',*,*,#575,.F.);
#2976 = PLANE('',#2977);
#2977 = AXIS2_PLACEMENT_3D('',#2978,#2979,#2980);
#2978 = CARTESIAN_POINT('',(11.084268862754,-3.4482023485,
    -3.353088521585));
#2979 = DIRECTION('',(-2.341466393106E-16,0.242535625036,-0.970142500145
    ));
#2980 = DIRECTION('',(0.,0.970142500145,0.242535625036));
#2981 = ADVANCED_FACE('',(#2982),#2988,.F.);
#2982 = FACE_BOUND('',#2983,.T.);
#2983 = EDGE_LOOP('',(#2984,#2985,#2986,#2987));
#2984 = ORIENTED_EDGE('',*,*,#552,.T.);
#2985 = ORIENTED_EDGE('',*,*,#225,.T.);
#2986 = ORIENTED_EDGE('',*,*,#2455,.F.);
#2987 = ORIENTED_EDGE('',*,*,#2964,.T.);
#2988 = PLANE('',#2989);
#2989 = AXIS2_PLACEMENT_3D('',#2990,#2991,#2992);
#2990 = CARTESIAN_POINT('',(11.284268862754,-3.4482023485,
    -3.553088521585));
#2991 = DIRECTION('',(-0.970142500145,0.242535625036,0.));
#2992 = DIRECTION('',(0.242535625036,0.970142500145,0.));
#2993 = ADVANCED_FACE('',(#2994),#3000,.T.);
#2994 = FACE_BOUND('',#2995,.T.);
#2995 = EDGE_LOOP('',(#2996,#2997,#2998,#2999));
#2996 = ORIENTED_EDGE('',*,*,#2605,.F.);
#2997 = ORIENTED_EDGE('',*,*,#1483,.F.);
#2998 = ORIENTED_EDGE('',*,*,#2970,.T.);
#2999 = ORIENTED_EDGE('',*,*,#2447,.F.);
#3000 = PLANE('',#3001);
#3001 = AXIS2_PLACEMENT_3D('',#3002,#3003,#3004);
#3002 = CARTESIAN_POINT('',(10.834268862754,0.8517976515,-3.303088521585
    ));
#3003 = DIRECTION('',(2.413528314403E-16,0.,1.));
#3004 = DIRECTION('',(-1.,0.,2.413528314403E-16));
#3005 = ADVANCED_FACE('',(#3006),#3012,.F.);
#3006 = FACE_BOUND('',#3007,.F.);
#3007 = EDGE_LOOP('',(#3008,#3009,#3010,#3011));
#3008 = ORIENTED_EDGE('',*,*,#2750,.F.);
#3009 = ORIENTED_EDGE('',*,*,#2793,.F.);
#3010 = ORIENTED_EDGE('',*,*,#2935,.T.);
#3011 = ORIENTED_EDGE('',*,*,#2816,.T.);
#3012 = CYLINDRICAL_SURFACE('',#3013,0.7);
#3013 = AXIS2_PLACEMENT_3D('',#3014,#3015,#3016);
#3014 = CARTESIAN_POINT('',(10.334268862754,1.8517976515,-3.303088521585
    ));
#3015 = DIRECTION('',(0.,0.,1.));
#3016 = DIRECTION('',(-1.,0.,0.));
#3017 = ADVANCED_FACE('',(#3018),#3024,.T.);
#3018 = FACE_BOUND('',#3019,.T.);
#3019 = EDGE_LOOP('',(#3020,#3021,#3022,#3023));
#3020 = ORIENTED_EDGE('',*,*,#2527,.T.);
#3021 = ORIENTED_EDGE('',*,*,#2774,.F.);
#3022 = ORIENTED_EDGE('',*,*,#2909,.F.);
#3023 = ORIENTED_EDGE('',*,*,#2947,.T.);
#3024 = CYLINDRICAL_SURFACE('',#3025,0.7);
#3025 = AXIS2_PLACEMENT_3D('',#3026,#3027,#3028);
#3026 = CARTESIAN_POINT('',(10.834268862754,1.8517976515,-3.303088521585
    ));
#3027 = DIRECTION('',(0.,0.,1.));
#3028 = DIRECTION('',(-1.,0.,0.));
#3029 = ( GEOMETRIC_REPRESENTATION_CONTEXT(3) 
GLOBAL_UNCERTAINTY_ASSIGNED_CONTEXT((#3033)) 
GLOBAL_UNIT_ASSIGNED_CONTEXT((#3030,#3031,#3032)) REPRESENTATION_CONTEXT
('Context #1','3D Context with UNIT and UNCERTAINTY') );
#3030 = ( LENGTH_UNIT() NAMED_UNIT(*) SI_UNIT(.MILLI.,.METRE.) );
#3031 = ( NAMED_UNIT(*) PLANE_ANGLE_UNIT() SI_UNIT($,.RADIAN.) );
#3032 = ( NAMED_UNIT(*) SI_UNIT($,.STERADIAN.) SOLID_ANGLE_UNIT() );
#3033 = UNCERTAINTY_MEASURE_WITH_UNIT(LENGTH_MEASURE(1.E-07),#3030,
  'distance_accuracy_value','confusion accuracy');
#3034 = CONTEXT_DEPENDENT_SHAPE_REPRESENTATION(#3035,#3037);
#3035 = ( REPRESENTATION_RELATIONSHIP('','',#32,#10) 
REPRESENTATION_RELATIONSHIP_WITH_TRANSFORMATION(#3036) 
SHAPE_REPRESENTATION_RELATIONSHIP() );
#3036 = ITEM_DEFINED_TRANSFORMATION('','',#11,#15);
#3037 = PRODUCT_DEFINITION_SHAPE('Placement','Placement of an item',
  #3038);
#3038 = NEXT_ASSEMBLY_USAGE_OCCURRENCE('1','DF3A-3P-2DSA','',#5,#27,$);
#3039 = PRODUCT_RELATED_PRODUCT_CATEGORY('part',$,(#29));
#3040 = MECHANICAL_DESIGN_GEOMETRIC_PRESENTATION_REPRESENTATION('',(
    #3041),#3029);
#3041 = STYLED_ITEM('color',(#3042),#33);
#3042 = PRESENTATION_STYLE_ASSIGNMENT((#3043,#3049));
#3043 = SURFACE_STYLE_USAGE(.BOTH.,#3044);
#3044 = SURFACE_SIDE_STYLE('',(#3045));
#3045 = SURFACE_STYLE_FILL_AREA(#3046);
#3046 = FILL_AREA_STYLE('',(#3047));
#3047 = FILL_AREA_STYLE_COLOUR('',#3048);
#3048 = COLOUR_RGB('',0.172549024526,0.172549024526,0.172549024526);
#3049 = CURVE_STYLE('',#3050,POSITIVE_LENGTH_MEASURE(0.1),#3051);
#3050 = DRAUGHTING_PRE_DEFINED_CURVE_FONT('continuous');
#3051 = COLOUR_RGB('',9.803921802644E-02,9.803921802644E-02,
  9.803921802644E-02);
ENDSEC;
END-ISO-10303-21;
