ISO-10303-21;
HEADER;
FILE_DESCRIPTION(('FreeCAD Model'),'2;1');
FILE_NAME('Open CASCADE Shape Model','2026-06-07T00:09:33',('Author'),(
    ''),'Open CASCADE STEP processor 7.6','FreeCAD','Unknown');
FILE_SCHEMA(('AUTOMOTIVE_DESIGN { 1 0 10303 214 1 1 1 1 }'));
ENDSEC;
DATA;
#1 = APPLICATION_PROTOCOL_DEFINITION('international standard',
  'automotive_design',2000,#2);
#2 = APPLICATION_CONTEXT(
  'core data for automotive mechanical design processes');
#3 = SHAPE_DEFINITION_REPRESENTATION(#4,#10);
#4 = PRODUCT_DEFINITION_SHAPE('','',#5);
#5 = PRODUCT_DEFINITION('design','',#6,#9);
#6 = PRODUCT_DEFINITION_FORMATION('','',#7);
#7 = PRODUCT('C-776087-1','C-776087-1','',(#8));
#8 = PRODUCT_CONTEXT('',#2,'mechanical');
#9 = PRODUCT_DEFINITION_CONTEXT('part definition',#2,'design');
#10 = ADVANCED_BREP_SHAPE_REPRESENTATION('',(#11,#15),#20214);
#11 = AXIS2_PLACEMENT_3D('',#12,#13,#14);
#12 = CARTESIAN_POINT('',(0.,0.,0.));
#13 = DIRECTION('',(0.,0.,1.));
#14 = DIRECTION('',(1.,0.,-0.));
#15 = MANIFOLD_SOLID_BREP('',#16);
#16 = CLOSED_SHELL('',(#17,#195,#227,#251,#276,#300,#325,#349,#374,#391,
    #678,#728,#760,#792,#824,#856,#888,#920,#952,#1002,#1043,#1084,#1125
    ,#1166,#1207,#1248,#1289,#1330,#1371,#1403,#1444,#1476,#1500,#1525,
    #1671,#1697,#1723,#1749,#1775,#3611,#3963,#4131,#4299,#4378,#4876,
    #4907,#4947,#4987,#5011,#5218,#5249,#5282,#5453,#5470,#5489,#5513,
    #5546,#5570,#6155,#6227,#6253,#6285,#6635,#6647,#6691,#6702,#6734,
    #6752,#6762,#6773,#6805,#6823,#6833,#6877,#6888,#6920,#6938,#6948,
    #6959,#6991,#7009,#7019,#7063,#7074,#7106,#7124,#7134,#7145,#7177,
    #7195,#7205,#7249,#7260,#7292,#7310,#7320,#7331,#7363,#7381,#7391,
    #7435,#7446,#7478,#7496,#7506,#7517,#7549,#7567,#7577,#7621,#7632,
    #7664,#7682,#7692,#7703,#7735,#7753,#7763,#7807,#7818,#7850,#7868,
    #7878,#7889,#7921,#7939,#7949,#7967,#7977,#7988,#8020,#8038,#8048,
    #8081,#8258,#8275,#8296,#8308,#8340,#8358,#8368,#8400,#8418,#8428,
    #8460,#8478,#8488,#8520,#8538,#8548,#8580,#8598,#8608,#8640,#8658,
    #8668,#8700,#8718,#8728,#8760,#8778,#8788,#8820,#8838,#8848,#8880,
    #8898,#8908,#8940,#8958,#8968,#9000,#9018,#9028,#9060,#9078,#9088,
    #9120,#9138,#9148,#9180,#9198,#9208,#9239,#9287,#9312,#9353,#9403,
    #9492,#9580,#9597,#9614,#9631,#9650,#9667,#9691,#9729,#9746,#9763,
    #9780,#9797,#9862,#9932,#9963,#9987,#10011,#10035,#10052,#10076,
    #10093,#10117,#10143,#10167,#10191,#10208,#10295,#10319,#10341,
    #10358,#10375,#10392,#10416,#10440,#10464,#10488,#10505,#10529,
    #10541,#10558,#10570,#10609,#10635,#10659,#10690,#10726,#10738,
    #10795,#10829,#10871,#10913,#10930,#10971,#10988,#11019,#11068,
    #11095,#11129,#11171,#11183,#11203,#11213,#11239,#11253,#11265,
    #11277,#11297,#11307,#11324,#11336,#11353,#11370,#11387,#11399,
    #11411,#11428,#11445,#11457,#11474,#11491,#11503,#11542,#11628,
    #11724,#11821,#11918,#11940,#11952,#11974,#11986,#12008,#12020,
    #12042,#12054,#12076,#12095,#12119,#12136,#12153,#12170,#12187,
    #12204,#12221,#12327,#12358,#12382,#12413,#12437,#12468,#12485,
    #12497,#12514,#12531,#12543,#12567,#12591,#12608,#12625,#12642,
    #12659,#12676,#12693,#12712,#12724,#12741,#12758,#12775,#12792,
    #12809,#12821,#12852,#12876,#12900,#12917,#13169,#13201,#13242,
    #13273,#13297,#13321,#13345,#13369,#13393,#13417,#13434,#13476,
    #13588,#13699,#13721,#13738,#13750,#13772,#13789,#13806,#13823,
    #13840,#13857,#13874,#13891,#13908,#13925,#13942,#13959,#13971,
    #13993,#14010,#14027,#14049,#14071,#14088,#14100,#14122,#14139,
    #14156,#14168,#14185,#14202,#14219,#14236,#14248,#14265,#14282,
    #14294,#14311,#14328,#14340,#14357,#14374,#14386,#14403,#14420,
    #14432,#14449,#14466,#14478,#14495,#14528,#14545,#14562,#14574,
    #14591,#14720,#14737,#14754,#14766,#14783,#14800,#14812,#14829,
    #14846,#14858,#14875,#14913,#14930,#14947,#14964,#14978,#14995,
    #15012,#15024,#15041,#15058,#15070,#15087,#15104,#15116,#15133,
    #15150,#15162,#15179,#15196,#15208,#15225,#15242,#15254,#15271,
    #15288,#15300,#15317,#15334,#15346,#15363,#15380,#15392,#15423,
    #15448,#15472,#15497,#15521,#15546,#15570,#15588,#15622,#15647,
    #15673,#15698,#15724,#15749,#15775,#15792,#15814,#15831,#15848,
    #15865,#15882,#15899,#15916,#15928,#15960,#15978,#15988,#16020,
    #16038,#16048,#16080,#16098,#16108,#16140,#16158,#16168,#16200,
    #16218,#16228,#16260,#16278,#16288,#16320,#16338,#16348,#16380,
    #16398,#16408,#16440,#16458,#16468,#16500,#16518,#16528,#16560,
    #16578,#16588,#16620,#16638,#16648,#16680,#16698,#16708,#16740,
    #16758,#16768,#16800,#16818,#16828,#16859,#16883,#16907,#16931,
    #16955,#16979,#16996,#17011,#17501,#17565,#18055,#18077,#18094,
    #18111,#18128,#18145,#18162,#18179,#18196,#18213,#18230,#18247,
    #18264,#18281,#18298,#18315,#18332,#18349,#18366,#18383,#18400,
    #18417,#18434,#18451,#18468,#18485,#18502,#18519,#18536,#18553,
    #18570,#18587,#18604,#18621,#18638,#18655,#18672,#18689,#18706,
    #18723,#18735,#18757,#18774,#18791,#18808,#18825,#18842,#18859,
    #18876,#18893,#18910,#18927,#18944,#18961,#18978,#18995,#19012,
    #19029,#19046,#19063,#19075,#19097,#19114,#19131,#19148,#19165,
    #19182,#19194,#19216,#19233,#19250,#19267,#19284,#19301,#19318,
    #19335,#19352,#19369,#19386,#19403,#19420,#19437,#19454,#19471,
    #19488,#19505,#19522,#19539,#19556,#19573,#19590,#19607,#19624,
    #19641,#19658,#19675,#19692,#19709,#19726,#19743,#19760,#19777,
    #19794,#19811,#19828,#19845,#19862,#19874,#19896,#19913,#19930,
    #19947,#19964,#19981,#19998,#20015,#20032,#20049,#20066,#20083,
    #20100,#20117,#20134,#20151,#20168,#20185,#20202));
#17 = ADVANCED_FACE('',(#18,#120),#190,.F.);
#18 = FACE_BOUND('',#19,.F.);
#19 = EDGE_LOOP('',(#20,#30,#38,#46,#54,#63,#71,#80,#88,#97,#105,#114));
#20 = ORIENTED_EDGE('',*,*,#21,.T.);
#21 = EDGE_CURVE('',#22,#24,#26,.T.);
#22 = VERTEX_POINT('',#23);
#23 = CARTESIAN_POINT('',(-4.5,11.8,0.));
#24 = VERTEX_POINT('',#25);
#25 = CARTESIAN_POINT('',(-2.7,11.8,0.));
#26 = LINE('',#27,#28);
#27 = CARTESIAN_POINT('',(-4.5,11.8,0.));
#28 = VECTOR('',#29,1.);
#29 = DIRECTION('',(1.,0.,0.));
#30 = ORIENTED_EDGE('',*,*,#31,.T.);
#31 = EDGE_CURVE('',#24,#32,#34,.T.);
#32 = VERTEX_POINT('',#33);
#33 = CARTESIAN_POINT('',(2.7,11.8,0.));
#34 = LINE('',#35,#36);
#35 = CARTESIAN_POINT('',(-2.7,11.8,0.));
#36 = VECTOR('',#37,1.);
#37 = DIRECTION('',(1.,0.,0.));
#38 = ORIENTED_EDGE('',*,*,#39,.T.);
#39 = EDGE_CURVE('',#32,#40,#42,.T.);
#40 = VERTEX_POINT('',#41);
#41 = CARTESIAN_POINT('',(4.5,11.8,0.));
#42 = LINE('',#43,#44);
#43 = CARTESIAN_POINT('',(2.7,11.8,0.));
#44 = VECTOR('',#45,1.);
#45 = DIRECTION('',(1.,0.,0.));
#46 = ORIENTED_EDGE('',*,*,#47,.T.);
#47 = EDGE_CURVE('',#40,#48,#50,.T.);
#48 = VERTEX_POINT('',#49);
#49 = CARTESIAN_POINT('',(15.5,11.8,0.));
#50 = LINE('',#51,#52);
#51 = CARTESIAN_POINT('',(4.5,11.8,0.));
#52 = VECTOR('',#53,1.);
#53 = DIRECTION('',(1.,0.,0.));
#54 = ORIENTED_EDGE('',*,*,#55,.T.);
#55 = EDGE_CURVE('',#48,#56,#58,.T.);
#56 = VERTEX_POINT('',#57);
#57 = CARTESIAN_POINT('',(21.7,5.6,0.));
#58 = CIRCLE('',#59,6.2);
#59 = AXIS2_PLACEMENT_3D('',#60,#61,#62);
#60 = CARTESIAN_POINT('',(15.5,5.6,0.));
#61 = DIRECTION('',(0.,0.,-1.));
#62 = DIRECTION('',(0.,1.,0.));
#63 = ORIENTED_EDGE('',*,*,#64,.T.);
#64 = EDGE_CURVE('',#56,#65,#67,.T.);
#65 = VERTEX_POINT('',#66);
#66 = CARTESIAN_POINT('',(21.7,-5.6,0.));
#67 = LINE('',#68,#69);
#68 = CARTESIAN_POINT('',(21.7,5.6,0.));
#69 = VECTOR('',#70,1.);
#70 = DIRECTION('',(0.,-1.,0.));
#71 = ORIENTED_EDGE('',*,*,#72,.T.);
#72 = EDGE_CURVE('',#65,#73,#75,.T.);
#73 = VERTEX_POINT('',#74);
#74 = CARTESIAN_POINT('',(15.5,-11.8,0.));
#75 = CIRCLE('',#76,6.2);
#76 = AXIS2_PLACEMENT_3D('',#77,#78,#79);
#77 = CARTESIAN_POINT('',(15.5,-5.6,0.));
#78 = DIRECTION('',(0.,0.,-1.));
#79 = DIRECTION('',(1.,0.,0.));
#80 = ORIENTED_EDGE('',*,*,#81,.T.);
#81 = EDGE_CURVE('',#73,#82,#84,.T.);
#82 = VERTEX_POINT('',#83);
#83 = CARTESIAN_POINT('',(-15.5,-11.8,0.));
#84 = LINE('',#85,#86);
#85 = CARTESIAN_POINT('',(15.5,-11.8,0.));
#86 = VECTOR('',#87,1.);
#87 = DIRECTION('',(-1.,0.,0.));
#88 = ORIENTED_EDGE('',*,*,#89,.T.);
#89 = EDGE_CURVE('',#82,#90,#92,.T.);
#90 = VERTEX_POINT('',#91);
#91 = CARTESIAN_POINT('',(-21.7,-5.6,0.));
#92 = CIRCLE('',#93,6.2);
#93 = AXIS2_PLACEMENT_3D('',#94,#95,#96);
#94 = CARTESIAN_POINT('',(-15.5,-5.6,0.));
#95 = DIRECTION('',(0.,0.,-1.));
#96 = DIRECTION('',(0.,-1.,0.));
#97 = ORIENTED_EDGE('',*,*,#98,.T.);
#98 = EDGE_CURVE('',#90,#99,#101,.T.);
#99 = VERTEX_POINT('',#100);
#100 = CARTESIAN_POINT('',(-21.7,5.6,0.));
#101 = LINE('',#102,#103);
#102 = CARTESIAN_POINT('',(-21.7,-5.6,0.));
#103 = VECTOR('',#104,1.);
#104 = DIRECTION('',(0.,1.,0.));
#105 = ORIENTED_EDGE('',*,*,#106,.T.);
#106 = EDGE_CURVE('',#99,#107,#109,.T.);
#107 = VERTEX_POINT('',#108);
#108 = CARTESIAN_POINT('',(-15.5,11.8,0.));
#109 = CIRCLE('',#110,6.2);
#110 = AXIS2_PLACEMENT_3D('',#111,#112,#113);
#111 = CARTESIAN_POINT('',(-15.5,5.6,0.));
#112 = DIRECTION('',(0.,0.,-1.));
#113 = DIRECTION('',(-1.,0.,0.));
#114 = ORIENTED_EDGE('',*,*,#115,.T.);
#115 = EDGE_CURVE('',#107,#22,#116,.T.);
#116 = LINE('',#117,#118);
#117 = CARTESIAN_POINT('',(-15.5,11.8,0.));
#118 = VECTOR('',#119,1.);
#119 = DIRECTION('',(1.,0.,0.));
#120 = FACE_BOUND('',#121,.F.);
#121 = EDGE_LOOP('',(#122,#133,#141,#150,#158,#167,#175,#184));
#122 = ORIENTED_EDGE('',*,*,#123,.T.);
#123 = EDGE_CURVE('',#124,#126,#128,.T.);
#124 = VERTEX_POINT('',#125);
#125 = CARTESIAN_POINT('',(20.73589838486,5.6,0.));
#126 = VERTEX_POINT('',#127);
#127 = CARTESIAN_POINT('',(15.5,10.83589838486,0.));
#128 = CIRCLE('',#129,5.235898384862);
#129 = AXIS2_PLACEMENT_3D('',#130,#131,#132);
#130 = CARTESIAN_POINT('',(15.5,5.6,0.));
#131 = DIRECTION('',(0.,0.,1.));
#132 = DIRECTION('',(1.,0.,-0.));
#133 = ORIENTED_EDGE('',*,*,#134,.T.);
#134 = EDGE_CURVE('',#126,#135,#137,.T.);
#135 = VERTEX_POINT('',#136);
#136 = CARTESIAN_POINT('',(-15.5,10.83589838486,0.));
#137 = LINE('',#138,#139);
#138 = CARTESIAN_POINT('',(15.5,10.83589838486,0.));
#139 = VECTOR('',#140,1.);
#140 = DIRECTION('',(-1.,0.,0.));
#141 = ORIENTED_EDGE('',*,*,#142,.T.);
#142 = EDGE_CURVE('',#135,#143,#145,.T.);
#143 = VERTEX_POINT('',#144);
#144 = CARTESIAN_POINT('',(-20.73589838486,5.6,0.));
#145 = CIRCLE('',#146,5.235898384862);
#146 = AXIS2_PLACEMENT_3D('',#147,#148,#149);
#147 = CARTESIAN_POINT('',(-15.5,5.6,0.));
#148 = DIRECTION('',(0.,-0.,1.));
#149 = DIRECTION('',(0.,1.,0.));
#150 = ORIENTED_EDGE('',*,*,#151,.T.);
#151 = EDGE_CURVE('',#143,#152,#154,.T.);
#152 = VERTEX_POINT('',#153);
#153 = CARTESIAN_POINT('',(-20.73589838486,-5.6,0.));
#154 = LINE('',#155,#156);
#155 = CARTESIAN_POINT('',(-20.73589838486,5.6,0.));
#156 = VECTOR('',#157,1.);
#157 = DIRECTION('',(0.,-1.,0.));
#158 = ORIENTED_EDGE('',*,*,#159,.T.);
#159 = EDGE_CURVE('',#152,#160,#162,.T.);
#160 = VERTEX_POINT('',#161);
#161 = CARTESIAN_POINT('',(-15.5,-10.83589838486,0.));
#162 = CIRCLE('',#163,5.235898384862);
#163 = AXIS2_PLACEMENT_3D('',#164,#165,#166);
#164 = CARTESIAN_POINT('',(-15.5,-5.6,0.));
#165 = DIRECTION('',(0.,0.,1.));
#166 = DIRECTION('',(-1.,0.,0.));
#167 = ORIENTED_EDGE('',*,*,#168,.T.);
#168 = EDGE_CURVE('',#160,#169,#171,.T.);
#169 = VERTEX_POINT('',#170);
#170 = CARTESIAN_POINT('',(15.5,-10.83589838486,0.));
#171 = LINE('',#172,#173);
#172 = CARTESIAN_POINT('',(-15.5,-10.83589838486,0.));
#173 = VECTOR('',#174,1.);
#174 = DIRECTION('',(1.,0.,0.));
#175 = ORIENTED_EDGE('',*,*,#176,.T.);
#176 = EDGE_CURVE('',#169,#177,#179,.T.);
#177 = VERTEX_POINT('',#178);
#178 = CARTESIAN_POINT('',(20.73589838486,-5.6,0.));
#179 = CIRCLE('',#180,5.235898384862);
#180 = AXIS2_PLACEMENT_3D('',#181,#182,#183);
#181 = CARTESIAN_POINT('',(15.5,-5.6,0.));
#182 = DIRECTION('',(0.,0.,1.));
#183 = DIRECTION('',(0.,-1.,0.));
#184 = ORIENTED_EDGE('',*,*,#185,.T.);
#185 = EDGE_CURVE('',#177,#124,#186,.T.);
#186 = LINE('',#187,#188);
#187 = CARTESIAN_POINT('',(20.73589838486,-5.6,0.));
#188 = VECTOR('',#189,1.);
#189 = DIRECTION('',(0.,1.,0.));
#190 = PLANE('',#191);
#191 = AXIS2_PLACEMENT_3D('',#192,#193,#194);
#192 = CARTESIAN_POINT('',(0.,0.,0.));
#193 = DIRECTION('',(0.,0.,-1.));
#194 = DIRECTION('',(-1.,0.,0.));
#195 = ADVANCED_FACE('',(#196),#222,.F.);
#196 = FACE_BOUND('',#197,.F.);
#197 = EDGE_LOOP('',(#198,#199,#207,#216));
#198 = ORIENTED_EDGE('',*,*,#123,.F.);
#199 = ORIENTED_EDGE('',*,*,#200,.T.);
#200 = EDGE_CURVE('',#124,#201,#203,.T.);
#201 = VERTEX_POINT('',#202);
#202 = CARTESIAN_POINT('',(20.2,5.6,-2.));
#203 = LINE('',#204,#205);
#204 = CARTESIAN_POINT('',(20.73589838486,5.6,0.));
#205 = VECTOR('',#206,1.);
#206 = DIRECTION('',(-0.258819045102,0.,-0.965925826289));
#207 = ORIENTED_EDGE('',*,*,#208,.T.);
#208 = EDGE_CURVE('',#201,#209,#211,.T.);
#209 = VERTEX_POINT('',#210);
#210 = CARTESIAN_POINT('',(15.5,10.3,-2.));
#211 = CIRCLE('',#212,4.7);
#212 = AXIS2_PLACEMENT_3D('',#213,#214,#215);
#213 = CARTESIAN_POINT('',(15.5,5.6,-2.));
#214 = DIRECTION('',(0.,0.,1.));
#215 = DIRECTION('',(1.,0.,-0.));
#216 = ORIENTED_EDGE('',*,*,#217,.F.);
#217 = EDGE_CURVE('',#126,#209,#218,.T.);
#218 = LINE('',#219,#220);
#219 = CARTESIAN_POINT('',(15.5,10.83589838486,0.));
#220 = VECTOR('',#221,1.);
#221 = DIRECTION('',(0.,-0.258819045102,-0.965925826289));
#222 = CONICAL_SURFACE('',#223,4.967949192431,0.261799387799);
#223 = AXIS2_PLACEMENT_3D('',#224,#225,#226);
#224 = CARTESIAN_POINT('',(15.5,5.6,-1.));
#225 = DIRECTION('',(0.,0.,1.));
#226 = DIRECTION('',(1.,0.,-0.));
#227 = ADVANCED_FACE('',(#228),#246,.T.);
#228 = FACE_BOUND('',#229,.F.);
#229 = EDGE_LOOP('',(#230,#231,#239,#245));
#230 = ORIENTED_EDGE('',*,*,#185,.F.);
#231 = ORIENTED_EDGE('',*,*,#232,.T.);
#232 = EDGE_CURVE('',#177,#233,#235,.T.);
#233 = VERTEX_POINT('',#234);
#234 = CARTESIAN_POINT('',(20.2,-5.6,-2.));
#235 = LINE('',#236,#237);
#236 = CARTESIAN_POINT('',(20.73589838486,-5.6,0.));
#237 = VECTOR('',#238,1.);
#238 = DIRECTION('',(-0.258819045102,0.,-0.965925826289));
#239 = ORIENTED_EDGE('',*,*,#240,.T.);
#240 = EDGE_CURVE('',#233,#201,#241,.T.);
#241 = LINE('',#242,#243);
#242 = CARTESIAN_POINT('',(20.2,-5.6,-2.));
#243 = VECTOR('',#244,1.);
#244 = DIRECTION('',(0.,1.,0.));
#245 = ORIENTED_EDGE('',*,*,#200,.F.);
#246 = PLANE('',#247);
#247 = AXIS2_PLACEMENT_3D('',#248,#249,#250);
#248 = CARTESIAN_POINT('',(20.73589838486,-5.6,0.));
#249 = DIRECTION('',(-0.965925826289,0.,0.258819045102));
#250 = DIRECTION('',(0.,1.,0.));
#251 = ADVANCED_FACE('',(#252),#271,.F.);
#252 = FACE_BOUND('',#253,.F.);
#253 = EDGE_LOOP('',(#254,#255,#263,#270));
#254 = ORIENTED_EDGE('',*,*,#176,.F.);
#255 = ORIENTED_EDGE('',*,*,#256,.T.);
#256 = EDGE_CURVE('',#169,#257,#259,.T.);
#257 = VERTEX_POINT('',#258);
#258 = CARTESIAN_POINT('',(15.5,-10.3,-2.));
#259 = LINE('',#260,#261);
#260 = CARTESIAN_POINT('',(15.5,-10.83589838486,0.));
#261 = VECTOR('',#262,1.);
#262 = DIRECTION('',(0.,0.258819045102,-0.965925826289));
#263 = ORIENTED_EDGE('',*,*,#264,.T.);
#264 = EDGE_CURVE('',#257,#233,#265,.T.);
#265 = CIRCLE('',#266,4.7);
#266 = AXIS2_PLACEMENT_3D('',#267,#268,#269);
#267 = CARTESIAN_POINT('',(15.5,-5.6,-2.));
#268 = DIRECTION('',(0.,0.,1.));
#269 = DIRECTION('',(0.,-1.,0.));
#270 = ORIENTED_EDGE('',*,*,#232,.F.);
#271 = CONICAL_SURFACE('',#272,4.967949192431,0.261799387799);
#272 = AXIS2_PLACEMENT_3D('',#273,#274,#275);
#273 = CARTESIAN_POINT('',(15.5,-5.6,-1.));
#274 = DIRECTION('',(0.,0.,1.));
#275 = DIRECTION('',(1.,0.,-0.));
#276 = ADVANCED_FACE('',(#277),#295,.T.);
#277 = FACE_BOUND('',#278,.F.);
#278 = EDGE_LOOP('',(#279,#280,#288,#294));
#279 = ORIENTED_EDGE('',*,*,#168,.F.);
#280 = ORIENTED_EDGE('',*,*,#281,.T.);
#281 = EDGE_CURVE('',#160,#282,#284,.T.);
#282 = VERTEX_POINT('',#283);
#283 = CARTESIAN_POINT('',(-15.5,-10.3,-2.));
#284 = LINE('',#285,#286);
#285 = CARTESIAN_POINT('',(-15.5,-10.83589838486,0.));
#286 = VECTOR('',#287,1.);
#287 = DIRECTION('',(0.,0.258819045102,-0.965925826289));
#288 = ORIENTED_EDGE('',*,*,#289,.T.);
#289 = EDGE_CURVE('',#282,#257,#290,.T.);
#290 = LINE('',#291,#292);
#291 = CARTESIAN_POINT('',(-15.5,-10.3,-2.));
#292 = VECTOR('',#293,1.);
#293 = DIRECTION('',(1.,0.,0.));
#294 = ORIENTED_EDGE('',*,*,#256,.F.);
#295 = PLANE('',#296);
#296 = AXIS2_PLACEMENT_3D('',#297,#298,#299);
#297 = CARTESIAN_POINT('',(-15.5,-10.83589838486,0.));
#298 = DIRECTION('',(0.,0.965925826289,0.258819045102));
#299 = DIRECTION('',(1.,0.,-0.));
#300 = ADVANCED_FACE('',(#301),#320,.F.);
#301 = FACE_BOUND('',#302,.F.);
#302 = EDGE_LOOP('',(#303,#304,#312,#319));
#303 = ORIENTED_EDGE('',*,*,#159,.F.);
#304 = ORIENTED_EDGE('',*,*,#305,.T.);
#305 = EDGE_CURVE('',#152,#306,#308,.T.);
#306 = VERTEX_POINT('',#307);
#307 = CARTESIAN_POINT('',(-20.2,-5.6,-2.));
#308 = LINE('',#309,#310);
#309 = CARTESIAN_POINT('',(-20.73589838486,-5.6,0.));
#310 = VECTOR('',#311,1.);
#311 = DIRECTION('',(0.258819045102,0.,-0.965925826289));
#312 = ORIENTED_EDGE('',*,*,#313,.T.);
#313 = EDGE_CURVE('',#306,#282,#314,.T.);
#314 = CIRCLE('',#315,4.7);
#315 = AXIS2_PLACEMENT_3D('',#316,#317,#318);
#316 = CARTESIAN_POINT('',(-15.5,-5.6,-2.));
#317 = DIRECTION('',(0.,0.,1.));
#318 = DIRECTION('',(-1.,0.,0.));
#319 = ORIENTED_EDGE('',*,*,#281,.F.);
#320 = CONICAL_SURFACE('',#321,4.967949192431,0.261799387799);
#321 = AXIS2_PLACEMENT_3D('',#322,#323,#324);
#322 = CARTESIAN_POINT('',(-15.5,-5.6,-1.));
#323 = DIRECTION('',(0.,0.,1.));
#324 = DIRECTION('',(1.,0.,-0.));
#325 = ADVANCED_FACE('',(#326),#344,.T.);
#326 = FACE_BOUND('',#327,.F.);
#327 = EDGE_LOOP('',(#328,#329,#337,#343));
#328 = ORIENTED_EDGE('',*,*,#151,.F.);
#329 = ORIENTED_EDGE('',*,*,#330,.T.);
#330 = EDGE_CURVE('',#143,#331,#333,.T.);
#331 = VERTEX_POINT('',#332);
#332 = CARTESIAN_POINT('',(-20.2,5.6,-2.));
#333 = LINE('',#334,#335);
#334 = CARTESIAN_POINT('',(-20.73589838486,5.6,0.));
#335 = VECTOR('',#336,1.);
#336 = DIRECTION('',(0.258819045102,0.,-0.965925826289));
#337 = ORIENTED_EDGE('',*,*,#338,.T.);
#338 = EDGE_CURVE('',#331,#306,#339,.T.);
#339 = LINE('',#340,#341);
#340 = CARTESIAN_POINT('',(-20.2,5.6,-2.));
#341 = VECTOR('',#342,1.);
#342 = DIRECTION('',(0.,-1.,0.));
#343 = ORIENTED_EDGE('',*,*,#305,.F.);
#344 = PLANE('',#345);
#345 = AXIS2_PLACEMENT_3D('',#346,#347,#348);
#346 = CARTESIAN_POINT('',(-20.73589838486,5.6,0.));
#347 = DIRECTION('',(0.965925826289,0.,0.258819045102));
#348 = DIRECTION('',(0.,-1.,0.));
#349 = ADVANCED_FACE('',(#350),#369,.F.);
#350 = FACE_BOUND('',#351,.F.);
#351 = EDGE_LOOP('',(#352,#353,#361,#368));
#352 = ORIENTED_EDGE('',*,*,#142,.F.);
#353 = ORIENTED_EDGE('',*,*,#354,.T.);
#354 = EDGE_CURVE('',#135,#355,#357,.T.);
#355 = VERTEX_POINT('',#356);
#356 = CARTESIAN_POINT('',(-15.5,10.3,-2.));
#357 = LINE('',#358,#359);
#358 = CARTESIAN_POINT('',(-15.5,10.83589838486,0.));
#359 = VECTOR('',#360,1.);
#360 = DIRECTION('',(0.,-0.258819045102,-0.965925826289));
#361 = ORIENTED_EDGE('',*,*,#362,.T.);
#362 = EDGE_CURVE('',#355,#331,#363,.T.);
#363 = CIRCLE('',#364,4.7);
#364 = AXIS2_PLACEMENT_3D('',#365,#366,#367);
#365 = CARTESIAN_POINT('',(-15.5,5.6,-2.));
#366 = DIRECTION('',(0.,-0.,1.));
#367 = DIRECTION('',(0.,1.,0.));
#368 = ORIENTED_EDGE('',*,*,#330,.F.);
#369 = CONICAL_SURFACE('',#370,4.967949192431,0.261799387799);
#370 = AXIS2_PLACEMENT_3D('',#371,#372,#373);
#371 = CARTESIAN_POINT('',(-15.5,5.6,-1.));
#372 = DIRECTION('',(0.,0.,1.));
#373 = DIRECTION('',(1.,0.,-0.));
#374 = ADVANCED_FACE('',(#375),#386,.T.);
#375 = FACE_BOUND('',#376,.F.);
#376 = EDGE_LOOP('',(#377,#378,#379,#385));
#377 = ORIENTED_EDGE('',*,*,#134,.F.);
#378 = ORIENTED_EDGE('',*,*,#217,.T.);
#379 = ORIENTED_EDGE('',*,*,#380,.T.);
#380 = EDGE_CURVE('',#209,#355,#381,.T.);
#381 = LINE('',#382,#383);
#382 = CARTESIAN_POINT('',(15.5,10.3,-2.));
#383 = VECTOR('',#384,1.);
#384 = DIRECTION('',(-1.,0.,0.));
#385 = ORIENTED_EDGE('',*,*,#354,.F.);
#386 = PLANE('',#387);
#387 = AXIS2_PLACEMENT_3D('',#388,#389,#390);
#388 = CARTESIAN_POINT('',(15.5,10.83589838486,0.));
#389 = DIRECTION('',(0.,-0.965925826289,0.258819045102));
#390 = DIRECTION('',(-1.,0.,0.));
#391 = ADVANCED_FACE('',(#392),#673,.T.);
#392 = FACE_BOUND('',#393,.F.);
#393 = EDGE_LOOP('',(#394,#404,#412,#420,#428,#436,#444,#452,#460,#468,
    #476,#484,#492,#500,#508,#516,#522,#523,#531,#539,#547,#555,#563,
    #571,#579,#587,#595,#603,#611,#619,#627,#635,#643,#651,#659,#667));
#394 = ORIENTED_EDGE('',*,*,#395,.F.);
#395 = EDGE_CURVE('',#396,#398,#400,.T.);
#396 = VERTEX_POINT('',#397);
#397 = CARTESIAN_POINT('',(-2.425,10.3,-10.));
#398 = VERTEX_POINT('',#399);
#399 = CARTESIAN_POINT('',(-1.075,10.3,-10.));
#400 = LINE('',#401,#402);
#401 = CARTESIAN_POINT('',(-2.425,10.3,-10.));
#402 = VECTOR('',#403,1.);
#403 = DIRECTION('',(1.,0.,0.));
#404 = ORIENTED_EDGE('',*,*,#405,.F.);
#405 = EDGE_CURVE('',#406,#396,#408,.T.);
#406 = VERTEX_POINT('',#407);
#407 = CARTESIAN_POINT('',(-2.425,10.3,-20.));
#408 = LINE('',#409,#410);
#409 = CARTESIAN_POINT('',(-2.425,10.3,-20.));
#410 = VECTOR('',#411,1.);
#411 = DIRECTION('',(0.,0.,1.));
#412 = ORIENTED_EDGE('',*,*,#413,.T.);
#413 = EDGE_CURVE('',#406,#414,#416,.T.);
#414 = VERTEX_POINT('',#415);
#415 = CARTESIAN_POINT('',(-4.75,10.3,-20.));
#416 = LINE('',#417,#418);
#417 = CARTESIAN_POINT('',(-2.425,10.3,-20.));
#418 = VECTOR('',#419,1.);
#419 = DIRECTION('',(-1.,0.,0.));
#420 = ORIENTED_EDGE('',*,*,#421,.T.);
#421 = EDGE_CURVE('',#414,#422,#424,.T.);
#422 = VERTEX_POINT('',#423);
#423 = CARTESIAN_POINT('',(-4.75,10.3,-10.));
#424 = LINE('',#425,#426);
#425 = CARTESIAN_POINT('',(-4.75,10.3,-20.));
#426 = VECTOR('',#427,1.);
#427 = DIRECTION('',(0.,0.,1.));
#428 = ORIENTED_EDGE('',*,*,#429,.T.);
#429 = EDGE_CURVE('',#422,#430,#432,.T.);
#430 = VERTEX_POINT('',#431);
#431 = CARTESIAN_POINT('',(-5.75,10.3,-10.));
#432 = LINE('',#433,#434);
#433 = CARTESIAN_POINT('',(-4.75,10.3,-10.));
#434 = VECTOR('',#435,1.);
#435 = DIRECTION('',(-1.,0.,0.));
#436 = ORIENTED_EDGE('',*,*,#437,.F.);
#437 = EDGE_CURVE('',#438,#430,#440,.T.);
#438 = VERTEX_POINT('',#439);
#439 = CARTESIAN_POINT('',(-5.75,10.3,-20.));
#440 = LINE('',#441,#442);
#441 = CARTESIAN_POINT('',(-5.75,10.3,-20.));
#442 = VECTOR('',#443,1.);
#443 = DIRECTION('',(0.,0.,1.));
#444 = ORIENTED_EDGE('',*,*,#445,.T.);
#445 = EDGE_CURVE('',#438,#446,#448,.T.);
#446 = VERTEX_POINT('',#447);
#447 = CARTESIAN_POINT('',(-8.25,10.3,-20.));
#448 = LINE('',#449,#450);
#449 = CARTESIAN_POINT('',(-5.75,10.3,-20.));
#450 = VECTOR('',#451,1.);
#451 = DIRECTION('',(-1.,0.,0.));
#452 = ORIENTED_EDGE('',*,*,#453,.T.);
#453 = EDGE_CURVE('',#446,#454,#456,.T.);
#454 = VERTEX_POINT('',#455);
#455 = CARTESIAN_POINT('',(-8.25,10.3,-10.));
#456 = LINE('',#457,#458);
#457 = CARTESIAN_POINT('',(-8.25,10.3,-20.));
#458 = VECTOR('',#459,1.);
#459 = DIRECTION('',(0.,0.,1.));
#460 = ORIENTED_EDGE('',*,*,#461,.T.);
#461 = EDGE_CURVE('',#454,#462,#464,.T.);
#462 = VERTEX_POINT('',#463);
#463 = CARTESIAN_POINT('',(-9.25,10.3,-10.));
#464 = LINE('',#465,#466);
#465 = CARTESIAN_POINT('',(-8.25,10.3,-10.));
#466 = VECTOR('',#467,1.);
#467 = DIRECTION('',(-1.,0.,0.));
#468 = ORIENTED_EDGE('',*,*,#469,.F.);
#469 = EDGE_CURVE('',#470,#462,#472,.T.);
#470 = VERTEX_POINT('',#471);
#471 = CARTESIAN_POINT('',(-9.25,10.3,-20.));
#472 = LINE('',#473,#474);
#473 = CARTESIAN_POINT('',(-9.25,10.3,-20.));
#474 = VECTOR('',#475,1.);
#475 = DIRECTION('',(0.,0.,1.));
#476 = ORIENTED_EDGE('',*,*,#477,.T.);
#477 = EDGE_CURVE('',#470,#478,#480,.T.);
#478 = VERTEX_POINT('',#479);
#479 = CARTESIAN_POINT('',(-11.75,10.3,-20.));
#480 = LINE('',#481,#482);
#481 = CARTESIAN_POINT('',(-9.25,10.3,-20.));
#482 = VECTOR('',#483,1.);
#483 = DIRECTION('',(-1.,0.,0.));
#484 = ORIENTED_EDGE('',*,*,#485,.T.);
#485 = EDGE_CURVE('',#478,#486,#488,.T.);
#486 = VERTEX_POINT('',#487);
#487 = CARTESIAN_POINT('',(-11.75,10.3,-10.));
#488 = LINE('',#489,#490);
#489 = CARTESIAN_POINT('',(-11.75,10.3,-20.));
#490 = VECTOR('',#491,1.);
#491 = DIRECTION('',(0.,0.,1.));
#492 = ORIENTED_EDGE('',*,*,#493,.T.);
#493 = EDGE_CURVE('',#486,#494,#496,.T.);
#494 = VERTEX_POINT('',#495);
#495 = CARTESIAN_POINT('',(-12.75,10.3,-10.));
#496 = LINE('',#497,#498);
#497 = CARTESIAN_POINT('',(-11.75,10.3,-10.));
#498 = VECTOR('',#499,1.);
#499 = DIRECTION('',(-1.,0.,0.));
#500 = ORIENTED_EDGE('',*,*,#501,.F.);
#501 = EDGE_CURVE('',#502,#494,#504,.T.);
#502 = VERTEX_POINT('',#503);
#503 = CARTESIAN_POINT('',(-12.75,10.3,-20.));
#504 = LINE('',#505,#506);
#505 = CARTESIAN_POINT('',(-12.75,10.3,-20.));
#506 = VECTOR('',#507,1.);
#507 = DIRECTION('',(0.,0.,1.));
#508 = ORIENTED_EDGE('',*,*,#509,.T.);
#509 = EDGE_CURVE('',#502,#510,#512,.T.);
#510 = VERTEX_POINT('',#511);
#511 = CARTESIAN_POINT('',(-15.5,10.3,-20.));
#512 = LINE('',#513,#514);
#513 = CARTESIAN_POINT('',(-12.75,10.3,-20.));
#514 = VECTOR('',#515,1.);
#515 = DIRECTION('',(-1.,0.,0.));
#516 = ORIENTED_EDGE('',*,*,#517,.F.);
#517 = EDGE_CURVE('',#355,#510,#518,.T.);
#518 = LINE('',#519,#520);
#519 = CARTESIAN_POINT('',(-15.5,10.3,-2.));
#520 = VECTOR('',#521,1.);
#521 = DIRECTION('',(0.,0.,-1.));
#522 = ORIENTED_EDGE('',*,*,#380,.F.);
#523 = ORIENTED_EDGE('',*,*,#524,.T.);
#524 = EDGE_CURVE('',#209,#525,#527,.T.);
#525 = VERTEX_POINT('',#526);
#526 = CARTESIAN_POINT('',(15.5,10.3,-20.));
#527 = LINE('',#528,#529);
#528 = CARTESIAN_POINT('',(15.5,10.3,-2.));
#529 = VECTOR('',#530,1.);
#530 = DIRECTION('',(0.,0.,-1.));
#531 = ORIENTED_EDGE('',*,*,#532,.T.);
#532 = EDGE_CURVE('',#525,#533,#535,.T.);
#533 = VERTEX_POINT('',#534);
#534 = CARTESIAN_POINT('',(12.75,10.3,-20.));
#535 = LINE('',#536,#537);
#536 = CARTESIAN_POINT('',(15.5,10.3,-20.));
#537 = VECTOR('',#538,1.);
#538 = DIRECTION('',(-1.,0.,0.));
#539 = ORIENTED_EDGE('',*,*,#540,.T.);
#540 = EDGE_CURVE('',#533,#541,#543,.T.);
#541 = VERTEX_POINT('',#542);
#542 = CARTESIAN_POINT('',(12.75,10.3,-10.));
#543 = LINE('',#544,#545);
#544 = CARTESIAN_POINT('',(12.75,10.3,-20.));
#545 = VECTOR('',#546,1.);
#546 = DIRECTION('',(0.,0.,1.));
#547 = ORIENTED_EDGE('',*,*,#548,.T.);
#548 = EDGE_CURVE('',#541,#549,#551,.T.);
#549 = VERTEX_POINT('',#550);
#550 = CARTESIAN_POINT('',(11.75,10.3,-10.));
#551 = LINE('',#552,#553);
#552 = CARTESIAN_POINT('',(12.75,10.3,-10.));
#553 = VECTOR('',#554,1.);
#554 = DIRECTION('',(-1.,0.,0.));
#555 = ORIENTED_EDGE('',*,*,#556,.F.);
#556 = EDGE_CURVE('',#557,#549,#559,.T.);
#557 = VERTEX_POINT('',#558);
#558 = CARTESIAN_POINT('',(11.75,10.3,-20.));
#559 = LINE('',#560,#561);
#560 = CARTESIAN_POINT('',(11.75,10.3,-20.));
#561 = VECTOR('',#562,1.);
#562 = DIRECTION('',(0.,0.,1.));
#563 = ORIENTED_EDGE('',*,*,#564,.T.);
#564 = EDGE_CURVE('',#557,#565,#567,.T.);
#565 = VERTEX_POINT('',#566);
#566 = CARTESIAN_POINT('',(9.25,10.3,-20.));
#567 = LINE('',#568,#569);
#568 = CARTESIAN_POINT('',(11.75,10.3,-20.));
#569 = VECTOR('',#570,1.);
#570 = DIRECTION('',(-1.,0.,0.));
#571 = ORIENTED_EDGE('',*,*,#572,.T.);
#572 = EDGE_CURVE('',#565,#573,#575,.T.);
#573 = VERTEX_POINT('',#574);
#574 = CARTESIAN_POINT('',(9.25,10.3,-10.));
#575 = LINE('',#576,#577);
#576 = CARTESIAN_POINT('',(9.25,10.3,-20.));
#577 = VECTOR('',#578,1.);
#578 = DIRECTION('',(0.,0.,1.));
#579 = ORIENTED_EDGE('',*,*,#580,.T.);
#580 = EDGE_CURVE('',#573,#581,#583,.T.);
#581 = VERTEX_POINT('',#582);
#582 = CARTESIAN_POINT('',(8.25,10.3,-10.));
#583 = LINE('',#584,#585);
#584 = CARTESIAN_POINT('',(9.25,10.3,-10.));
#585 = VECTOR('',#586,1.);
#586 = DIRECTION('',(-1.,0.,0.));
#587 = ORIENTED_EDGE('',*,*,#588,.F.);
#588 = EDGE_CURVE('',#589,#581,#591,.T.);
#589 = VERTEX_POINT('',#590);
#590 = CARTESIAN_POINT('',(8.25,10.3,-20.));
#591 = LINE('',#592,#593);
#592 = CARTESIAN_POINT('',(8.25,10.3,-20.));
#593 = VECTOR('',#594,1.);
#594 = DIRECTION('',(0.,0.,1.));
#595 = ORIENTED_EDGE('',*,*,#596,.T.);
#596 = EDGE_CURVE('',#589,#597,#599,.T.);
#597 = VERTEX_POINT('',#598);
#598 = CARTESIAN_POINT('',(5.75,10.3,-20.));
#599 = LINE('',#600,#601);
#600 = CARTESIAN_POINT('',(8.25,10.3,-20.));
#601 = VECTOR('',#602,1.);
#602 = DIRECTION('',(-1.,0.,0.));
#603 = ORIENTED_EDGE('',*,*,#604,.T.);
#604 = EDGE_CURVE('',#597,#605,#607,.T.);
#605 = VERTEX_POINT('',#606);
#606 = CARTESIAN_POINT('',(5.75,10.3,-10.));
#607 = LINE('',#608,#609);
#608 = CARTESIAN_POINT('',(5.75,10.3,-20.));
#609 = VECTOR('',#610,1.);
#610 = DIRECTION('',(0.,0.,1.));
#611 = ORIENTED_EDGE('',*,*,#612,.T.);
#612 = EDGE_CURVE('',#605,#613,#615,.T.);
#613 = VERTEX_POINT('',#614);
#614 = CARTESIAN_POINT('',(4.75,10.3,-10.));
#615 = LINE('',#616,#617);
#616 = CARTESIAN_POINT('',(5.75,10.3,-10.));
#617 = VECTOR('',#618,1.);
#618 = DIRECTION('',(-1.,0.,0.));
#619 = ORIENTED_EDGE('',*,*,#620,.F.);
#620 = EDGE_CURVE('',#621,#613,#623,.T.);
#621 = VERTEX_POINT('',#622);
#622 = CARTESIAN_POINT('',(4.75,10.3,-20.));
#623 = LINE('',#624,#625);
#624 = CARTESIAN_POINT('',(4.75,10.3,-20.));
#625 = VECTOR('',#626,1.);
#626 = DIRECTION('',(0.,0.,1.));
#627 = ORIENTED_EDGE('',*,*,#628,.T.);
#628 = EDGE_CURVE('',#621,#629,#631,.T.);
#629 = VERTEX_POINT('',#630);
#630 = CARTESIAN_POINT('',(2.25,10.3,-20.));
#631 = LINE('',#632,#633);
#632 = CARTESIAN_POINT('',(4.75,10.3,-20.));
#633 = VECTOR('',#634,1.);
#634 = DIRECTION('',(-1.,0.,0.));
#635 = ORIENTED_EDGE('',*,*,#636,.T.);
#636 = EDGE_CURVE('',#629,#637,#639,.T.);
#637 = VERTEX_POINT('',#638);
#638 = CARTESIAN_POINT('',(2.25,10.3,-10.));
#639 = LINE('',#640,#641);
#640 = CARTESIAN_POINT('',(2.25,10.3,-20.));
#641 = VECTOR('',#642,1.);
#642 = DIRECTION('',(0.,0.,1.));
#643 = ORIENTED_EDGE('',*,*,#644,.T.);
#644 = EDGE_CURVE('',#637,#645,#647,.T.);
#645 = VERTEX_POINT('',#646);
#646 = CARTESIAN_POINT('',(1.25,10.3,-10.));
#647 = LINE('',#648,#649);
#648 = CARTESIAN_POINT('',(2.25,10.3,-10.));
#649 = VECTOR('',#650,1.);
#650 = DIRECTION('',(-1.,0.,0.));
#651 = ORIENTED_EDGE('',*,*,#652,.F.);
#652 = EDGE_CURVE('',#653,#645,#655,.T.);
#653 = VERTEX_POINT('',#654);
#654 = CARTESIAN_POINT('',(1.25,10.3,-20.));
#655 = LINE('',#656,#657);
#656 = CARTESIAN_POINT('',(1.25,10.3,-20.));
#657 = VECTOR('',#658,1.);
#658 = DIRECTION('',(0.,0.,1.));
#659 = ORIENTED_EDGE('',*,*,#660,.T.);
#660 = EDGE_CURVE('',#653,#661,#663,.T.);
#661 = VERTEX_POINT('',#662);
#662 = CARTESIAN_POINT('',(-1.075,10.3,-20.));
#663 = LINE('',#664,#665);
#664 = CARTESIAN_POINT('',(1.25,10.3,-20.));
#665 = VECTOR('',#666,1.);
#666 = DIRECTION('',(-1.,0.,0.));
#667 = ORIENTED_EDGE('',*,*,#668,.T.);
#668 = EDGE_CURVE('',#661,#398,#669,.T.);
#669 = LINE('',#670,#671);
#670 = CARTESIAN_POINT('',(-1.075,10.3,-20.));
#671 = VECTOR('',#672,1.);
#672 = DIRECTION('',(0.,0.,1.));
#673 = PLANE('',#674);
#674 = AXIS2_PLACEMENT_3D('',#675,#676,#677);
#675 = CARTESIAN_POINT('',(15.5,10.3,0.));
#676 = DIRECTION('',(0.,-1.,0.));
#677 = DIRECTION('',(-1.,0.,0.));
#678 = ADVANCED_FACE('',(#679),#723,.F.);
#679 = FACE_BOUND('',#680,.F.);
#680 = EDGE_LOOP('',(#681,#692,#700,#708,#717));
#681 = ORIENTED_EDGE('',*,*,#682,.T.);
#682 = EDGE_CURVE('',#683,#685,#687,.T.);
#683 = VERTEX_POINT('',#684);
#684 = CARTESIAN_POINT('',(20.19893604979,5.7,-10.));
#685 = VERTEX_POINT('',#686);
#686 = CARTESIAN_POINT('',(20.2,5.599999999999,-10.));
#687 = CIRCLE('',#688,4.7);
#688 = AXIS2_PLACEMENT_3D('',#689,#690,#691);
#689 = CARTESIAN_POINT('',(15.5,5.6,-10.));
#690 = DIRECTION('',(0.,0.,-1.));
#691 = DIRECTION('',(0.999773627615,2.127659574466E-02,0.));
#692 = ORIENTED_EDGE('',*,*,#693,.F.);
#693 = EDGE_CURVE('',#694,#685,#696,.T.);
#694 = VERTEX_POINT('',#695);
#695 = CARTESIAN_POINT('',(20.2,4.7,-10.));
#696 = LINE('',#697,#698);
#697 = CARTESIAN_POINT('',(20.2,4.7,-10.));
#698 = VECTOR('',#699,1.);
#699 = DIRECTION('',(0.,1.,0.));
#700 = ORIENTED_EDGE('',*,*,#701,.T.);
#701 = EDGE_CURVE('',#694,#702,#704,.T.);
#702 = VERTEX_POINT('',#703);
#703 = CARTESIAN_POINT('',(19.,4.7,-10.));
#704 = LINE('',#705,#706);
#705 = CARTESIAN_POINT('',(20.2,4.7,-10.));
#706 = VECTOR('',#707,1.);
#707 = DIRECTION('',(-1.,0.,0.));
#708 = ORIENTED_EDGE('',*,*,#709,.T.);
#709 = EDGE_CURVE('',#702,#710,#712,.T.);
#710 = VERTEX_POINT('',#711);
#711 = CARTESIAN_POINT('',(19.,5.7,-10.));
#712 = CIRCLE('',#713,0.5);
#713 = AXIS2_PLACEMENT_3D('',#714,#715,#716);
#714 = CARTESIAN_POINT('',(19.,5.2,-10.));
#715 = DIRECTION('',(0.,0.,-1.));
#716 = DIRECTION('',(0.,-1.,0.));
#717 = ORIENTED_EDGE('',*,*,#718,.T.);
#718 = EDGE_CURVE('',#710,#683,#719,.T.);
#719 = LINE('',#720,#721);
#720 = CARTESIAN_POINT('',(19.,5.7,-10.));
#721 = VECTOR('',#722,1.);
#722 = DIRECTION('',(1.,0.,0.));
#723 = PLANE('',#724);
#724 = AXIS2_PLACEMENT_3D('',#725,#726,#727);
#725 = CARTESIAN_POINT('',(-15.5,11.8,-10.));
#726 = DIRECTION('',(0.,0.,-1.));
#727 = DIRECTION('',(-1.,0.,0.));
#728 = ADVANCED_FACE('',(#729),#755,.F.);
#729 = FACE_BOUND('',#730,.F.);
#730 = EDGE_LOOP('',(#731,#732,#740,#749));
#731 = ORIENTED_EDGE('',*,*,#548,.F.);
#732 = ORIENTED_EDGE('',*,*,#733,.T.);
#733 = EDGE_CURVE('',#541,#734,#736,.T.);
#734 = VERTEX_POINT('',#735);
#735 = CARTESIAN_POINT('',(12.75,9.1,-10.));
#736 = LINE('',#737,#738);
#737 = CARTESIAN_POINT('',(12.75,10.3,-10.));
#738 = VECTOR('',#739,1.);
#739 = DIRECTION('',(0.,-1.,0.));
#740 = ORIENTED_EDGE('',*,*,#741,.T.);
#741 = EDGE_CURVE('',#734,#742,#744,.T.);
#742 = VERTEX_POINT('',#743);
#743 = CARTESIAN_POINT('',(11.75,9.1,-10.));
#744 = CIRCLE('',#745,0.5);
#745 = AXIS2_PLACEMENT_3D('',#746,#747,#748);
#746 = CARTESIAN_POINT('',(12.25,9.1,-10.));
#747 = DIRECTION('',(0.,0.,-1.));
#748 = DIRECTION('',(1.,6.039613253961E-14,0.));
#749 = ORIENTED_EDGE('',*,*,#750,.T.);
#750 = EDGE_CURVE('',#742,#549,#751,.T.);
#751 = LINE('',#752,#753);
#752 = CARTESIAN_POINT('',(11.75,9.1,-10.));
#753 = VECTOR('',#754,1.);
#754 = DIRECTION('',(0.,1.,0.));
#755 = PLANE('',#756);
#756 = AXIS2_PLACEMENT_3D('',#757,#758,#759);
#757 = CARTESIAN_POINT('',(-15.5,11.8,-10.));
#758 = DIRECTION('',(0.,0.,-1.));
#759 = DIRECTION('',(-1.,0.,0.));
#760 = ADVANCED_FACE('',(#761),#787,.F.);
#761 = FACE_BOUND('',#762,.F.);
#762 = EDGE_LOOP('',(#763,#764,#772,#781));
#763 = ORIENTED_EDGE('',*,*,#580,.F.);
#764 = ORIENTED_EDGE('',*,*,#765,.T.);
#765 = EDGE_CURVE('',#573,#766,#768,.T.);
#766 = VERTEX_POINT('',#767);
#767 = CARTESIAN_POINT('',(9.25,9.1,-10.));
#768 = LINE('',#769,#770);
#769 = CARTESIAN_POINT('',(9.25,10.3,-10.));
#770 = VECTOR('',#771,1.);
#771 = DIRECTION('',(0.,-1.,0.));
#772 = ORIENTED_EDGE('',*,*,#773,.T.);
#773 = EDGE_CURVE('',#766,#774,#776,.T.);
#774 = VERTEX_POINT('',#775);
#775 = CARTESIAN_POINT('',(8.25,9.1,-10.));
#776 = CIRCLE('',#777,0.5);
#777 = AXIS2_PLACEMENT_3D('',#778,#779,#780);
#778 = CARTESIAN_POINT('',(8.75,9.1,-10.));
#779 = DIRECTION('',(0.,0.,-1.));
#780 = DIRECTION('',(1.,-1.06581410364E-14,0.));
#781 = ORIENTED_EDGE('',*,*,#782,.T.);
#782 = EDGE_CURVE('',#774,#581,#783,.T.);
#783 = LINE('',#784,#785);
#784 = CARTESIAN_POINT('',(8.25,9.1,-10.));
#785 = VECTOR('',#786,1.);
#786 = DIRECTION('',(0.,1.,0.));
#787 = PLANE('',#788);
#788 = AXIS2_PLACEMENT_3D('',#789,#790,#791);
#789 = CARTESIAN_POINT('',(-15.5,11.8,-10.));
#790 = DIRECTION('',(0.,0.,-1.));
#791 = DIRECTION('',(-1.,0.,0.));
#792 = ADVANCED_FACE('',(#793),#819,.F.);
#793 = FACE_BOUND('',#794,.F.);
#794 = EDGE_LOOP('',(#795,#796,#804,#813));
#795 = ORIENTED_EDGE('',*,*,#612,.F.);
#796 = ORIENTED_EDGE('',*,*,#797,.T.);
#797 = EDGE_CURVE('',#605,#798,#800,.T.);
#798 = VERTEX_POINT('',#799);
#799 = CARTESIAN_POINT('',(5.75,9.1,-10.));
#800 = LINE('',#801,#802);
#801 = CARTESIAN_POINT('',(5.75,10.3,-10.));
#802 = VECTOR('',#803,1.);
#803 = DIRECTION('',(0.,-1.,0.));
#804 = ORIENTED_EDGE('',*,*,#805,.T.);
#805 = EDGE_CURVE('',#798,#806,#808,.T.);
#806 = VERTEX_POINT('',#807);
#807 = CARTESIAN_POINT('',(4.75,9.1,-10.));
#808 = CIRCLE('',#809,0.5);
#809 = AXIS2_PLACEMENT_3D('',#810,#811,#812);
#810 = CARTESIAN_POINT('',(5.25,9.1,-10.));
#811 = DIRECTION('',(0.,0.,-1.));
#812 = DIRECTION('',(1.,-1.06581410364E-14,0.));
#813 = ORIENTED_EDGE('',*,*,#814,.T.);
#814 = EDGE_CURVE('',#806,#613,#815,.T.);
#815 = LINE('',#816,#817);
#816 = CARTESIAN_POINT('',(4.75,9.1,-10.));
#817 = VECTOR('',#818,1.);
#818 = DIRECTION('',(0.,1.,0.));
#819 = PLANE('',#820);
#820 = AXIS2_PLACEMENT_3D('',#821,#822,#823);
#821 = CARTESIAN_POINT('',(-15.5,11.8,-10.));
#822 = DIRECTION('',(0.,0.,-1.));
#823 = DIRECTION('',(-1.,0.,0.));
#824 = ADVANCED_FACE('',(#825),#851,.F.);
#825 = FACE_BOUND('',#826,.F.);
#826 = EDGE_LOOP('',(#827,#828,#836,#845));
#827 = ORIENTED_EDGE('',*,*,#644,.F.);
#828 = ORIENTED_EDGE('',*,*,#829,.T.);
#829 = EDGE_CURVE('',#637,#830,#832,.T.);
#830 = VERTEX_POINT('',#831);
#831 = CARTESIAN_POINT('',(2.25,9.1,-10.));
#832 = LINE('',#833,#834);
#833 = CARTESIAN_POINT('',(2.25,10.3,-10.));
#834 = VECTOR('',#835,1.);
#835 = DIRECTION('',(0.,-1.,0.));
#836 = ORIENTED_EDGE('',*,*,#837,.T.);
#837 = EDGE_CURVE('',#830,#838,#840,.T.);
#838 = VERTEX_POINT('',#839);
#839 = CARTESIAN_POINT('',(1.25,9.1,-10.));
#840 = CIRCLE('',#841,0.5);
#841 = AXIS2_PLACEMENT_3D('',#842,#843,#844);
#842 = CARTESIAN_POINT('',(1.75,9.1,-10.));
#843 = DIRECTION('',(0.,0.,-1.));
#844 = DIRECTION('',(1.,-4.618527782441E-14,0.));
#845 = ORIENTED_EDGE('',*,*,#846,.T.);
#846 = EDGE_CURVE('',#838,#645,#847,.T.);
#847 = LINE('',#848,#849);
#848 = CARTESIAN_POINT('',(1.25,9.1,-10.));
#849 = VECTOR('',#850,1.);
#850 = DIRECTION('',(0.,1.,0.));
#851 = PLANE('',#852);
#852 = AXIS2_PLACEMENT_3D('',#853,#854,#855);
#853 = CARTESIAN_POINT('',(-15.5,11.8,-10.));
#854 = DIRECTION('',(0.,0.,-1.));
#855 = DIRECTION('',(-1.,0.,0.));
#856 = ADVANCED_FACE('',(#857),#883,.F.);
#857 = FACE_BOUND('',#858,.F.);
#858 = EDGE_LOOP('',(#859,#860,#868,#877));
#859 = ORIENTED_EDGE('',*,*,#429,.F.);
#860 = ORIENTED_EDGE('',*,*,#861,.T.);
#861 = EDGE_CURVE('',#422,#862,#864,.T.);
#862 = VERTEX_POINT('',#863);
#863 = CARTESIAN_POINT('',(-4.75,9.1,-10.));
#864 = LINE('',#865,#866);
#865 = CARTESIAN_POINT('',(-4.75,10.3,-10.));
#866 = VECTOR('',#867,1.);
#867 = DIRECTION('',(0.,-1.,0.));
#868 = ORIENTED_EDGE('',*,*,#869,.T.);
#869 = EDGE_CURVE('',#862,#870,#872,.T.);
#870 = VERTEX_POINT('',#871);
#871 = CARTESIAN_POINT('',(-5.75,9.1,-10.));
#872 = CIRCLE('',#873,0.5);
#873 = AXIS2_PLACEMENT_3D('',#874,#875,#876);
#874 = CARTESIAN_POINT('',(-5.25,9.1,-10.));
#875 = DIRECTION('',(0.,0.,-1.));
#876 = DIRECTION('',(1.,-1.06581410364E-14,0.));
#877 = ORIENTED_EDGE('',*,*,#878,.T.);
#878 = EDGE_CURVE('',#870,#430,#879,.T.);
#879 = LINE('',#880,#881);
#880 = CARTESIAN_POINT('',(-5.75,9.1,-10.));
#881 = VECTOR('',#882,1.);
#882 = DIRECTION('',(0.,1.,0.));
#883 = PLANE('',#884);
#884 = AXIS2_PLACEMENT_3D('',#885,#886,#887);
#885 = CARTESIAN_POINT('',(-15.5,11.8,-10.));
#886 = DIRECTION('',(0.,0.,-1.));
#887 = DIRECTION('',(-1.,0.,0.));
#888 = ADVANCED_FACE('',(#889),#915,.F.);
#889 = FACE_BOUND('',#890,.F.);
#890 = EDGE_LOOP('',(#891,#892,#900,#909));
#891 = ORIENTED_EDGE('',*,*,#461,.F.);
#892 = ORIENTED_EDGE('',*,*,#893,.T.);
#893 = EDGE_CURVE('',#454,#894,#896,.T.);
#894 = VERTEX_POINT('',#895);
#895 = CARTESIAN_POINT('',(-8.25,9.1,-10.));
#896 = LINE('',#897,#898);
#897 = CARTESIAN_POINT('',(-8.25,10.3,-10.));
#898 = VECTOR('',#899,1.);
#899 = DIRECTION('',(0.,-1.,0.));
#900 = ORIENTED_EDGE('',*,*,#901,.T.);
#901 = EDGE_CURVE('',#894,#902,#904,.T.);
#902 = VERTEX_POINT('',#903);
#903 = CARTESIAN_POINT('',(-9.25,9.1,-10.));
#904 = CIRCLE('',#905,0.5);
#905 = AXIS2_PLACEMENT_3D('',#906,#907,#908);
#906 = CARTESIAN_POINT('',(-8.75,9.1,-10.));
#907 = DIRECTION('',(0.,0.,-1.));
#908 = DIRECTION('',(1.,-1.06581410364E-14,0.));
#909 = ORIENTED_EDGE('',*,*,#910,.T.);
#910 = EDGE_CURVE('',#902,#462,#911,.T.);
#911 = LINE('',#912,#913);
#912 = CARTESIAN_POINT('',(-9.25,9.1,-10.));
#913 = VECTOR('',#914,1.);
#914 = DIRECTION('',(0.,1.,0.));
#915 = PLANE('',#916);
#916 = AXIS2_PLACEMENT_3D('',#917,#918,#919);
#917 = CARTESIAN_POINT('',(-15.5,11.8,-10.));
#918 = DIRECTION('',(0.,0.,-1.));
#919 = DIRECTION('',(-1.,0.,0.));
#920 = ADVANCED_FACE('',(#921),#947,.F.);
#921 = FACE_BOUND('',#922,.F.);
#922 = EDGE_LOOP('',(#923,#924,#932,#941));
#923 = ORIENTED_EDGE('',*,*,#493,.F.);
#924 = ORIENTED_EDGE('',*,*,#925,.T.);
#925 = EDGE_CURVE('',#486,#926,#928,.T.);
#926 = VERTEX_POINT('',#927);
#927 = CARTESIAN_POINT('',(-11.75,9.1,-10.));
#928 = LINE('',#929,#930);
#929 = CARTESIAN_POINT('',(-11.75,10.3,-10.));
#930 = VECTOR('',#931,1.);
#931 = DIRECTION('',(0.,-1.,0.));
#932 = ORIENTED_EDGE('',*,*,#933,.T.);
#933 = EDGE_CURVE('',#926,#934,#936,.T.);
#934 = VERTEX_POINT('',#935);
#935 = CARTESIAN_POINT('',(-12.75,9.1,-10.));
#936 = CIRCLE('',#937,0.5);
#937 = AXIS2_PLACEMENT_3D('',#938,#939,#940);
#938 = CARTESIAN_POINT('',(-12.25,9.1,-10.));
#939 = DIRECTION('',(0.,0.,-1.));
#940 = DIRECTION('',(1.,0.,0.));
#941 = ORIENTED_EDGE('',*,*,#942,.T.);
#942 = EDGE_CURVE('',#934,#494,#943,.T.);
#943 = LINE('',#944,#945);
#944 = CARTESIAN_POINT('',(-12.75,9.1,-10.));
#945 = VECTOR('',#946,1.);
#946 = DIRECTION('',(0.,1.,0.));
#947 = PLANE('',#948);
#948 = AXIS2_PLACEMENT_3D('',#949,#950,#951);
#949 = CARTESIAN_POINT('',(-15.5,11.8,-10.));
#950 = DIRECTION('',(0.,0.,-1.));
#951 = DIRECTION('',(-1.,0.,0.));
#952 = ADVANCED_FACE('',(#953),#997,.F.);
#953 = FACE_BOUND('',#954,.F.);
#954 = EDGE_LOOP('',(#955,#966,#974,#983,#991));
#955 = ORIENTED_EDGE('',*,*,#956,.T.);
#956 = EDGE_CURVE('',#957,#959,#961,.T.);
#957 = VERTEX_POINT('',#958);
#958 = CARTESIAN_POINT('',(-20.2,5.599999999999,-10.));
#959 = VERTEX_POINT('',#960);
#960 = CARTESIAN_POINT('',(-20.19893604979,5.7,-10.));
#961 = CIRCLE('',#962,4.7);
#962 = AXIS2_PLACEMENT_3D('',#963,#964,#965);
#963 = CARTESIAN_POINT('',(-15.5,5.6,-10.));
#964 = DIRECTION('',(0.,0.,-1.));
#965 = DIRECTION('',(-1.,-1.419195730202E-13,-0.));
#966 = ORIENTED_EDGE('',*,*,#967,.T.);
#967 = EDGE_CURVE('',#959,#968,#970,.T.);
#968 = VERTEX_POINT('',#969);
#969 = CARTESIAN_POINT('',(-19.,5.7,-10.));
#970 = LINE('',#971,#972);
#971 = CARTESIAN_POINT('',(-20.19893604979,5.7,-10.));
#972 = VECTOR('',#973,1.);
#973 = DIRECTION('',(1.,0.,0.));
#974 = ORIENTED_EDGE('',*,*,#975,.T.);
#975 = EDGE_CURVE('',#968,#976,#978,.T.);
#976 = VERTEX_POINT('',#977);
#977 = CARTESIAN_POINT('',(-19.,4.7,-10.));
#978 = CIRCLE('',#979,0.5);
#979 = AXIS2_PLACEMENT_3D('',#980,#981,#982);
#980 = CARTESIAN_POINT('',(-19.,5.2,-10.));
#981 = DIRECTION('',(0.,0.,-1.));
#982 = DIRECTION('',(0.,1.,0.));
#983 = ORIENTED_EDGE('',*,*,#984,.T.);
#984 = EDGE_CURVE('',#976,#985,#987,.T.);
#985 = VERTEX_POINT('',#986);
#986 = CARTESIAN_POINT('',(-20.2,4.7,-10.));
#987 = LINE('',#988,#989);
#988 = CARTESIAN_POINT('',(-19.,4.7,-10.));
#989 = VECTOR('',#990,1.);
#990 = DIRECTION('',(-1.,0.,0.));
#991 = ORIENTED_EDGE('',*,*,#992,.F.);
#992 = EDGE_CURVE('',#957,#985,#993,.T.);
#993 = LINE('',#994,#995);
#994 = CARTESIAN_POINT('',(-20.2,5.6,-10.));
#995 = VECTOR('',#996,1.);
#996 = DIRECTION('',(0.,-1.,0.));
#997 = PLANE('',#998);
#998 = AXIS2_PLACEMENT_3D('',#999,#1000,#1001);
#999 = CARTESIAN_POINT('',(-15.5,11.8,-10.));
#1000 = DIRECTION('',(0.,0.,-1.));
#1001 = DIRECTION('',(-1.,0.,0.));
#1002 = ADVANCED_FACE('',(#1003),#1038,.F.);
#1003 = FACE_BOUND('',#1004,.F.);
#1004 = EDGE_LOOP('',(#1005,#1015,#1023,#1032));
#1005 = ORIENTED_EDGE('',*,*,#1006,.F.);
#1006 = EDGE_CURVE('',#1007,#1009,#1011,.T.);
#1007 = VERTEX_POINT('',#1008);
#1008 = CARTESIAN_POINT('',(-20.2,-3.7,-10.));
#1009 = VERTEX_POINT('',#1010);
#1010 = CARTESIAN_POINT('',(-20.2,-4.7,-10.));
#1011 = LINE('',#1012,#1013);
#1012 = CARTESIAN_POINT('',(-20.2,-3.7,-10.));
#1013 = VECTOR('',#1014,1.);
#1014 = DIRECTION('',(0.,-1.,0.));
#1015 = ORIENTED_EDGE('',*,*,#1016,.T.);
#1016 = EDGE_CURVE('',#1007,#1017,#1019,.T.);
#1017 = VERTEX_POINT('',#1018);
#1018 = CARTESIAN_POINT('',(-19.,-3.7,-10.));
#1019 = LINE('',#1020,#1021);
#1020 = CARTESIAN_POINT('',(-20.2,-3.7,-10.));
#1021 = VECTOR('',#1022,1.);
#1022 = DIRECTION('',(1.,0.,0.));
#1023 = ORIENTED_EDGE('',*,*,#1024,.T.);
#1024 = EDGE_CURVE('',#1017,#1025,#1027,.T.);
#1025 = VERTEX_POINT('',#1026);
#1026 = CARTESIAN_POINT('',(-19.,-4.7,-10.));
#1027 = CIRCLE('',#1028,0.5);
#1028 = AXIS2_PLACEMENT_3D('',#1029,#1030,#1031);
#1029 = CARTESIAN_POINT('',(-19.,-4.2,-10.));
#1030 = DIRECTION('',(0.,0.,-1.));
#1031 = DIRECTION('',(0.,1.,0.));
#1032 = ORIENTED_EDGE('',*,*,#1033,.T.);
#1033 = EDGE_CURVE('',#1025,#1009,#1034,.T.);
#1034 = LINE('',#1035,#1036);
#1035 = CARTESIAN_POINT('',(-19.,-4.7,-10.));
#1036 = VECTOR('',#1037,1.);
#1037 = DIRECTION('',(-1.,0.,0.));
#1038 = PLANE('',#1039);
#1039 = AXIS2_PLACEMENT_3D('',#1040,#1041,#1042);
#1040 = CARTESIAN_POINT('',(-15.5,11.8,-10.));
#1041 = DIRECTION('',(0.,0.,-1.));
#1042 = DIRECTION('',(-1.,0.,0.));
#1043 = ADVANCED_FACE('',(#1044),#1079,.F.);
#1044 = FACE_BOUND('',#1045,.F.);
#1045 = EDGE_LOOP('',(#1046,#1056,#1064,#1073));
#1046 = ORIENTED_EDGE('',*,*,#1047,.F.);
#1047 = EDGE_CURVE('',#1048,#1050,#1052,.T.);
#1048 = VERTEX_POINT('',#1049);
#1049 = CARTESIAN_POINT('',(-12.75,-10.3,-10.));
#1050 = VERTEX_POINT('',#1051);
#1051 = CARTESIAN_POINT('',(-11.75,-10.3,-10.));
#1052 = LINE('',#1053,#1054);
#1053 = CARTESIAN_POINT('',(-12.75,-10.3,-10.));
#1054 = VECTOR('',#1055,1.);
#1055 = DIRECTION('',(1.,0.,0.));
#1056 = ORIENTED_EDGE('',*,*,#1057,.T.);
#1057 = EDGE_CURVE('',#1048,#1058,#1060,.T.);
#1058 = VERTEX_POINT('',#1059);
#1059 = CARTESIAN_POINT('',(-12.75,-9.1,-10.));
#1060 = LINE('',#1061,#1062);
#1061 = CARTESIAN_POINT('',(-12.75,-10.3,-10.));
#1062 = VECTOR('',#1063,1.);
#1063 = DIRECTION('',(0.,1.,0.));
#1064 = ORIENTED_EDGE('',*,*,#1065,.T.);
#1065 = EDGE_CURVE('',#1058,#1066,#1068,.T.);
#1066 = VERTEX_POINT('',#1067);
#1067 = CARTESIAN_POINT('',(-11.75,-9.1,-10.));
#1068 = CIRCLE('',#1069,0.5);
#1069 = AXIS2_PLACEMENT_3D('',#1070,#1071,#1072);
#1070 = CARTESIAN_POINT('',(-12.25,-9.1,-10.));
#1071 = DIRECTION('',(0.,0.,-1.));
#1072 = DIRECTION('',(-1.,0.,0.));
#1073 = ORIENTED_EDGE('',*,*,#1074,.T.);
#1074 = EDGE_CURVE('',#1066,#1050,#1075,.T.);
#1075 = LINE('',#1076,#1077);
#1076 = CARTESIAN_POINT('',(-11.75,-9.1,-10.));
#1077 = VECTOR('',#1078,1.);
#1078 = DIRECTION('',(0.,-1.,0.));
#1079 = PLANE('',#1080);
#1080 = AXIS2_PLACEMENT_3D('',#1081,#1082,#1083);
#1081 = CARTESIAN_POINT('',(-15.5,11.8,-10.));
#1082 = DIRECTION('',(0.,0.,-1.));
#1083 = DIRECTION('',(-1.,0.,0.));
#1084 = ADVANCED_FACE('',(#1085),#1120,.F.);
#1085 = FACE_BOUND('',#1086,.F.);
#1086 = EDGE_LOOP('',(#1087,#1097,#1105,#1114));
#1087 = ORIENTED_EDGE('',*,*,#1088,.F.);
#1088 = EDGE_CURVE('',#1089,#1091,#1093,.T.);
#1089 = VERTEX_POINT('',#1090);
#1090 = CARTESIAN_POINT('',(-9.25,-10.3,-10.));
#1091 = VERTEX_POINT('',#1092);
#1092 = CARTESIAN_POINT('',(-8.25,-10.3,-10.));
#1093 = LINE('',#1094,#1095);
#1094 = CARTESIAN_POINT('',(-9.25,-10.3,-10.));
#1095 = VECTOR('',#1096,1.);
#1096 = DIRECTION('',(1.,0.,0.));
#1097 = ORIENTED_EDGE('',*,*,#1098,.T.);
#1098 = EDGE_CURVE('',#1089,#1099,#1101,.T.);
#1099 = VERTEX_POINT('',#1100);
#1100 = CARTESIAN_POINT('',(-9.25,-9.1,-10.));
#1101 = LINE('',#1102,#1103);
#1102 = CARTESIAN_POINT('',(-9.25,-10.3,-10.));
#1103 = VECTOR('',#1104,1.);
#1104 = DIRECTION('',(0.,1.,0.));
#1105 = ORIENTED_EDGE('',*,*,#1106,.T.);
#1106 = EDGE_CURVE('',#1099,#1107,#1109,.T.);
#1107 = VERTEX_POINT('',#1108);
#1108 = CARTESIAN_POINT('',(-8.25,-9.1,-10.));
#1109 = CIRCLE('',#1110,0.5);
#1110 = AXIS2_PLACEMENT_3D('',#1111,#1112,#1113);
#1111 = CARTESIAN_POINT('',(-8.75,-9.1,-10.));
#1112 = DIRECTION('',(0.,0.,-1.));
#1113 = DIRECTION('',(-1.,0.,0.));
#1114 = ORIENTED_EDGE('',*,*,#1115,.T.);
#1115 = EDGE_CURVE('',#1107,#1091,#1116,.T.);
#1116 = LINE('',#1117,#1118);
#1117 = CARTESIAN_POINT('',(-8.25,-9.1,-10.));
#1118 = VECTOR('',#1119,1.);
#1119 = DIRECTION('',(0.,-1.,0.));
#1120 = PLANE('',#1121);
#1121 = AXIS2_PLACEMENT_3D('',#1122,#1123,#1124);
#1122 = CARTESIAN_POINT('',(-15.5,11.8,-10.));
#1123 = DIRECTION('',(0.,0.,-1.));
#1124 = DIRECTION('',(-1.,0.,0.));
#1125 = ADVANCED_FACE('',(#1126),#1161,.F.);
#1126 = FACE_BOUND('',#1127,.F.);
#1127 = EDGE_LOOP('',(#1128,#1138,#1146,#1155));
#1128 = ORIENTED_EDGE('',*,*,#1129,.F.);
#1129 = EDGE_CURVE('',#1130,#1132,#1134,.T.);
#1130 = VERTEX_POINT('',#1131);
#1131 = CARTESIAN_POINT('',(-5.75,-10.3,-10.));
#1132 = VERTEX_POINT('',#1133);
#1133 = CARTESIAN_POINT('',(-4.75,-10.3,-10.));
#1134 = LINE('',#1135,#1136);
#1135 = CARTESIAN_POINT('',(-5.75,-10.3,-10.));
#1136 = VECTOR('',#1137,1.);
#1137 = DIRECTION('',(1.,0.,0.));
#1138 = ORIENTED_EDGE('',*,*,#1139,.T.);
#1139 = EDGE_CURVE('',#1130,#1140,#1142,.T.);
#1140 = VERTEX_POINT('',#1141);
#1141 = CARTESIAN_POINT('',(-5.75,-9.1,-10.));
#1142 = LINE('',#1143,#1144);
#1143 = CARTESIAN_POINT('',(-5.75,-10.3,-10.));
#1144 = VECTOR('',#1145,1.);
#1145 = DIRECTION('',(0.,1.,0.));
#1146 = ORIENTED_EDGE('',*,*,#1147,.T.);
#1147 = EDGE_CURVE('',#1140,#1148,#1150,.T.);
#1148 = VERTEX_POINT('',#1149);
#1149 = CARTESIAN_POINT('',(-4.75,-9.1,-10.));
#1150 = CIRCLE('',#1151,0.5);
#1151 = AXIS2_PLACEMENT_3D('',#1152,#1153,#1154);
#1152 = CARTESIAN_POINT('',(-5.25,-9.1,-10.));
#1153 = DIRECTION('',(0.,0.,-1.));
#1154 = DIRECTION('',(-1.,2.13162820728E-14,0.));
#1155 = ORIENTED_EDGE('',*,*,#1156,.T.);
#1156 = EDGE_CURVE('',#1148,#1132,#1157,.T.);
#1157 = LINE('',#1158,#1159);
#1158 = CARTESIAN_POINT('',(-4.75,-9.1,-10.));
#1159 = VECTOR('',#1160,1.);
#1160 = DIRECTION('',(0.,-1.,0.));
#1161 = PLANE('',#1162);
#1162 = AXIS2_PLACEMENT_3D('',#1163,#1164,#1165);
#1163 = CARTESIAN_POINT('',(-15.5,11.8,-10.));
#1164 = DIRECTION('',(0.,0.,-1.));
#1165 = DIRECTION('',(-1.,0.,0.));
#1166 = ADVANCED_FACE('',(#1167),#1202,.F.);
#1167 = FACE_BOUND('',#1168,.F.);
#1168 = EDGE_LOOP('',(#1169,#1179,#1187,#1196));
#1169 = ORIENTED_EDGE('',*,*,#1170,.F.);
#1170 = EDGE_CURVE('',#1171,#1173,#1175,.T.);
#1171 = VERTEX_POINT('',#1172);
#1172 = CARTESIAN_POINT('',(-2.25,-10.3,-10.));
#1173 = VERTEX_POINT('',#1174);
#1174 = CARTESIAN_POINT('',(-1.25,-10.3,-10.));
#1175 = LINE('',#1176,#1177);
#1176 = CARTESIAN_POINT('',(-2.25,-10.3,-10.));
#1177 = VECTOR('',#1178,1.);
#1178 = DIRECTION('',(1.,0.,0.));
#1179 = ORIENTED_EDGE('',*,*,#1180,.T.);
#1180 = EDGE_CURVE('',#1171,#1181,#1183,.T.);
#1181 = VERTEX_POINT('',#1182);
#1182 = CARTESIAN_POINT('',(-2.25,-9.1,-10.));
#1183 = LINE('',#1184,#1185);
#1184 = CARTESIAN_POINT('',(-2.25,-10.3,-10.));
#1185 = VECTOR('',#1186,1.);
#1186 = DIRECTION('',(0.,1.,0.));
#1187 = ORIENTED_EDGE('',*,*,#1188,.T.);
#1188 = EDGE_CURVE('',#1181,#1189,#1191,.T.);
#1189 = VERTEX_POINT('',#1190);
#1190 = CARTESIAN_POINT('',(-1.25,-9.1,-10.));
#1191 = CIRCLE('',#1192,0.5);
#1192 = AXIS2_PLACEMENT_3D('',#1193,#1194,#1195);
#1193 = CARTESIAN_POINT('',(-1.75,-9.1,-10.));
#1194 = DIRECTION('',(0.,0.,-1.));
#1195 = DIRECTION('',(-1.,-1.42108547152E-14,-0.));
#1196 = ORIENTED_EDGE('',*,*,#1197,.T.);
#1197 = EDGE_CURVE('',#1189,#1173,#1198,.T.);
#1198 = LINE('',#1199,#1200);
#1199 = CARTESIAN_POINT('',(-1.25,-9.1,-10.));
#1200 = VECTOR('',#1201,1.);
#1201 = DIRECTION('',(0.,-1.,0.));
#1202 = PLANE('',#1203);
#1203 = AXIS2_PLACEMENT_3D('',#1204,#1205,#1206);
#1204 = CARTESIAN_POINT('',(-15.5,11.8,-10.));
#1205 = DIRECTION('',(0.,0.,-1.));
#1206 = DIRECTION('',(-1.,0.,0.));
#1207 = ADVANCED_FACE('',(#1208),#1243,.F.);
#1208 = FACE_BOUND('',#1209,.F.);
#1209 = EDGE_LOOP('',(#1210,#1220,#1228,#1237));
#1210 = ORIENTED_EDGE('',*,*,#1211,.F.);
#1211 = EDGE_CURVE('',#1212,#1214,#1216,.T.);
#1212 = VERTEX_POINT('',#1213);
#1213 = CARTESIAN_POINT('',(1.25,-10.3,-10.));
#1214 = VERTEX_POINT('',#1215);
#1215 = CARTESIAN_POINT('',(2.25,-10.3,-10.));
#1216 = LINE('',#1217,#1218);
#1217 = CARTESIAN_POINT('',(1.25,-10.3,-10.));
#1218 = VECTOR('',#1219,1.);
#1219 = DIRECTION('',(1.,0.,0.));
#1220 = ORIENTED_EDGE('',*,*,#1221,.T.);
#1221 = EDGE_CURVE('',#1212,#1222,#1224,.T.);
#1222 = VERTEX_POINT('',#1223);
#1223 = CARTESIAN_POINT('',(1.25,-9.1,-10.));
#1224 = LINE('',#1225,#1226);
#1225 = CARTESIAN_POINT('',(1.25,-10.3,-10.));
#1226 = VECTOR('',#1227,1.);
#1227 = DIRECTION('',(0.,1.,0.));
#1228 = ORIENTED_EDGE('',*,*,#1229,.T.);
#1229 = EDGE_CURVE('',#1222,#1230,#1232,.T.);
#1230 = VERTEX_POINT('',#1231);
#1231 = CARTESIAN_POINT('',(2.25,-9.1,-10.));
#1232 = CIRCLE('',#1233,0.5);
#1233 = AXIS2_PLACEMENT_3D('',#1234,#1235,#1236);
#1234 = CARTESIAN_POINT('',(1.75,-9.1,-10.));
#1235 = DIRECTION('',(0.,0.,-1.));
#1236 = DIRECTION('',(-1.,-2.84217094304E-14,-0.));
#1237 = ORIENTED_EDGE('',*,*,#1238,.T.);
#1238 = EDGE_CURVE('',#1230,#1214,#1239,.T.);
#1239 = LINE('',#1240,#1241);
#1240 = CARTESIAN_POINT('',(2.25,-9.1,-10.));
#1241 = VECTOR('',#1242,1.);
#1242 = DIRECTION('',(0.,-1.,0.));
#1243 = PLANE('',#1244);
#1244 = AXIS2_PLACEMENT_3D('',#1245,#1246,#1247);
#1245 = CARTESIAN_POINT('',(-15.5,11.8,-10.));
#1246 = DIRECTION('',(0.,0.,-1.));
#1247 = DIRECTION('',(-1.,0.,0.));
#1248 = ADVANCED_FACE('',(#1249),#1284,.F.);
#1249 = FACE_BOUND('',#1250,.F.);
#1250 = EDGE_LOOP('',(#1251,#1261,#1269,#1278));
#1251 = ORIENTED_EDGE('',*,*,#1252,.F.);
#1252 = EDGE_CURVE('',#1253,#1255,#1257,.T.);
#1253 = VERTEX_POINT('',#1254);
#1254 = CARTESIAN_POINT('',(8.25,-10.3,-10.));
#1255 = VERTEX_POINT('',#1256);
#1256 = CARTESIAN_POINT('',(9.25,-10.3,-10.));
#1257 = LINE('',#1258,#1259);
#1258 = CARTESIAN_POINT('',(8.25,-10.3,-10.));
#1259 = VECTOR('',#1260,1.);
#1260 = DIRECTION('',(1.,0.,0.));
#1261 = ORIENTED_EDGE('',*,*,#1262,.T.);
#1262 = EDGE_CURVE('',#1253,#1263,#1265,.T.);
#1263 = VERTEX_POINT('',#1264);
#1264 = CARTESIAN_POINT('',(8.25,-9.1,-10.));
#1265 = LINE('',#1266,#1267);
#1266 = CARTESIAN_POINT('',(8.25,-10.3,-10.));
#1267 = VECTOR('',#1268,1.);
#1268 = DIRECTION('',(0.,1.,0.));
#1269 = ORIENTED_EDGE('',*,*,#1270,.T.);
#1270 = EDGE_CURVE('',#1263,#1271,#1273,.T.);
#1271 = VERTEX_POINT('',#1272);
#1272 = CARTESIAN_POINT('',(9.25,-9.1,-10.));
#1273 = CIRCLE('',#1274,0.5);
#1274 = AXIS2_PLACEMENT_3D('',#1275,#1276,#1277);
#1275 = CARTESIAN_POINT('',(8.75,-9.1,-10.));
#1276 = DIRECTION('',(0.,0.,-1.));
#1277 = DIRECTION('',(-1.,0.,0.));
#1278 = ORIENTED_EDGE('',*,*,#1279,.T.);
#1279 = EDGE_CURVE('',#1271,#1255,#1280,.T.);
#1280 = LINE('',#1281,#1282);
#1281 = CARTESIAN_POINT('',(9.25,-9.1,-10.));
#1282 = VECTOR('',#1283,1.);
#1283 = DIRECTION('',(0.,-1.,0.));
#1284 = PLANE('',#1285);
#1285 = AXIS2_PLACEMENT_3D('',#1286,#1287,#1288);
#1286 = CARTESIAN_POINT('',(-15.5,11.8,-10.));
#1287 = DIRECTION('',(0.,0.,-1.));
#1288 = DIRECTION('',(-1.,0.,0.));
#1289 = ADVANCED_FACE('',(#1290),#1325,.F.);
#1290 = FACE_BOUND('',#1291,.F.);
#1291 = EDGE_LOOP('',(#1292,#1302,#1310,#1319));
#1292 = ORIENTED_EDGE('',*,*,#1293,.F.);
#1293 = EDGE_CURVE('',#1294,#1296,#1298,.T.);
#1294 = VERTEX_POINT('',#1295);
#1295 = CARTESIAN_POINT('',(11.75,-10.3,-10.));
#1296 = VERTEX_POINT('',#1297);
#1297 = CARTESIAN_POINT('',(12.75,-10.3,-10.));
#1298 = LINE('',#1299,#1300);
#1299 = CARTESIAN_POINT('',(11.75,-10.3,-10.));
#1300 = VECTOR('',#1301,1.);
#1301 = DIRECTION('',(1.,0.,0.));
#1302 = ORIENTED_EDGE('',*,*,#1303,.T.);
#1303 = EDGE_CURVE('',#1294,#1304,#1306,.T.);
#1304 = VERTEX_POINT('',#1305);
#1305 = CARTESIAN_POINT('',(11.75,-9.1,-10.));
#1306 = LINE('',#1307,#1308);
#1307 = CARTESIAN_POINT('',(11.75,-10.3,-10.));
#1308 = VECTOR('',#1309,1.);
#1309 = DIRECTION('',(0.,1.,0.));
#1310 = ORIENTED_EDGE('',*,*,#1311,.T.);
#1311 = EDGE_CURVE('',#1304,#1312,#1314,.T.);
#1312 = VERTEX_POINT('',#1313);
#1313 = CARTESIAN_POINT('',(12.75,-9.1,-10.));
#1314 = CIRCLE('',#1315,0.5);
#1315 = AXIS2_PLACEMENT_3D('',#1316,#1317,#1318);
#1316 = CARTESIAN_POINT('',(12.25,-9.1,-10.));
#1317 = DIRECTION('',(0.,0.,-1.));
#1318 = DIRECTION('',(-1.,0.,0.));
#1319 = ORIENTED_EDGE('',*,*,#1320,.T.);
#1320 = EDGE_CURVE('',#1312,#1296,#1321,.T.);
#1321 = LINE('',#1322,#1323);
#1322 = CARTESIAN_POINT('',(12.75,-9.1,-10.));
#1323 = VECTOR('',#1324,1.);
#1324 = DIRECTION('',(0.,-1.,0.));
#1325 = PLANE('',#1326);
#1326 = AXIS2_PLACEMENT_3D('',#1327,#1328,#1329);
#1327 = CARTESIAN_POINT('',(-15.5,11.8,-10.));
#1328 = DIRECTION('',(0.,0.,-1.));
#1329 = DIRECTION('',(-1.,0.,0.));
#1330 = ADVANCED_FACE('',(#1331),#1366,.F.);
#1331 = FACE_BOUND('',#1332,.F.);
#1332 = EDGE_LOOP('',(#1333,#1343,#1351,#1360));
#1333 = ORIENTED_EDGE('',*,*,#1334,.F.);
#1334 = EDGE_CURVE('',#1335,#1337,#1339,.T.);
#1335 = VERTEX_POINT('',#1336);
#1336 = CARTESIAN_POINT('',(20.2,-4.7,-10.));
#1337 = VERTEX_POINT('',#1338);
#1338 = CARTESIAN_POINT('',(20.2,-3.7,-10.));
#1339 = LINE('',#1340,#1341);
#1340 = CARTESIAN_POINT('',(20.2,-4.7,-10.));
#1341 = VECTOR('',#1342,1.);
#1342 = DIRECTION('',(0.,1.,0.));
#1343 = ORIENTED_EDGE('',*,*,#1344,.T.);
#1344 = EDGE_CURVE('',#1335,#1345,#1347,.T.);
#1345 = VERTEX_POINT('',#1346);
#1346 = CARTESIAN_POINT('',(19.,-4.7,-10.));
#1347 = LINE('',#1348,#1349);
#1348 = CARTESIAN_POINT('',(20.2,-4.7,-10.));
#1349 = VECTOR('',#1350,1.);
#1350 = DIRECTION('',(-1.,0.,0.));
#1351 = ORIENTED_EDGE('',*,*,#1352,.T.);
#1352 = EDGE_CURVE('',#1345,#1353,#1355,.T.);
#1353 = VERTEX_POINT('',#1354);
#1354 = CARTESIAN_POINT('',(19.,-3.7,-10.));
#1355 = CIRCLE('',#1356,0.5);
#1356 = AXIS2_PLACEMENT_3D('',#1357,#1358,#1359);
#1357 = CARTESIAN_POINT('',(19.,-4.2,-10.));
#1358 = DIRECTION('',(0.,0.,-1.));
#1359 = DIRECTION('',(-2.84217094304E-14,-1.,-0.));
#1360 = ORIENTED_EDGE('',*,*,#1361,.T.);
#1361 = EDGE_CURVE('',#1353,#1337,#1362,.T.);
#1362 = LINE('',#1363,#1364);
#1363 = CARTESIAN_POINT('',(19.,-3.7,-10.));
#1364 = VECTOR('',#1365,1.);
#1365 = DIRECTION('',(1.,0.,0.));
#1366 = PLANE('',#1367);
#1367 = AXIS2_PLACEMENT_3D('',#1368,#1369,#1370);
#1368 = CARTESIAN_POINT('',(-15.5,11.8,-10.));
#1369 = DIRECTION('',(0.,0.,-1.));
#1370 = DIRECTION('',(-1.,0.,0.));
#1371 = ADVANCED_FACE('',(#1372),#1398,.F.);
#1372 = FACE_BOUND('',#1373,.F.);
#1373 = EDGE_LOOP('',(#1374,#1375,#1383,#1392));
#1374 = ORIENTED_EDGE('',*,*,#395,.T.);
#1375 = ORIENTED_EDGE('',*,*,#1376,.T.);
#1376 = EDGE_CURVE('',#398,#1377,#1379,.T.);
#1377 = VERTEX_POINT('',#1378);
#1378 = CARTESIAN_POINT('',(-1.075,8.075,-10.));
#1379 = LINE('',#1380,#1381);
#1380 = CARTESIAN_POINT('',(-1.075,10.3,-10.));
#1381 = VECTOR('',#1382,1.);
#1382 = DIRECTION('',(0.,-1.,0.));
#1383 = ORIENTED_EDGE('',*,*,#1384,.T.);
#1384 = EDGE_CURVE('',#1377,#1385,#1387,.T.);
#1385 = VERTEX_POINT('',#1386);
#1386 = CARTESIAN_POINT('',(-2.425,8.075,-10.));
#1387 = CIRCLE('',#1388,0.675);
#1388 = AXIS2_PLACEMENT_3D('',#1389,#1390,#1391);
#1389 = CARTESIAN_POINT('',(-1.75,8.075,-10.));
#1390 = DIRECTION('',(0.,0.,-1.));
#1391 = DIRECTION('',(1.,-1.315819881037E-14,0.));
#1392 = ORIENTED_EDGE('',*,*,#1393,.T.);
#1393 = EDGE_CURVE('',#1385,#396,#1394,.T.);
#1394 = LINE('',#1395,#1396);
#1395 = CARTESIAN_POINT('',(-2.425,8.075,-10.));
#1396 = VECTOR('',#1397,1.);
#1397 = DIRECTION('',(0.,1.,0.));
#1398 = PLANE('',#1399);
#1399 = AXIS2_PLACEMENT_3D('',#1400,#1401,#1402);
#1400 = CARTESIAN_POINT('',(-15.5,11.8,-10.));
#1401 = DIRECTION('',(0.,0.,-1.));
#1402 = DIRECTION('',(-1.,0.,0.));
#1403 = ADVANCED_FACE('',(#1404),#1439,.F.);
#1404 = FACE_BOUND('',#1405,.F.);
#1405 = EDGE_LOOP('',(#1406,#1416,#1424,#1433));
#1406 = ORIENTED_EDGE('',*,*,#1407,.T.);
#1407 = EDGE_CURVE('',#1408,#1410,#1412,.T.);
#1408 = VERTEX_POINT('',#1409);
#1409 = CARTESIAN_POINT('',(5.925,-10.3,-10.));
#1410 = VERTEX_POINT('',#1411);
#1411 = CARTESIAN_POINT('',(4.575,-10.3,-10.));
#1412 = LINE('',#1413,#1414);
#1413 = CARTESIAN_POINT('',(5.925,-10.3,-10.));
#1414 = VECTOR('',#1415,1.);
#1415 = DIRECTION('',(-1.,0.,0.));
#1416 = ORIENTED_EDGE('',*,*,#1417,.T.);
#1417 = EDGE_CURVE('',#1410,#1418,#1420,.T.);
#1418 = VERTEX_POINT('',#1419);
#1419 = CARTESIAN_POINT('',(4.575,-8.075,-10.));
#1420 = LINE('',#1421,#1422);
#1421 = CARTESIAN_POINT('',(4.575,-10.3,-10.));
#1422 = VECTOR('',#1423,1.);
#1423 = DIRECTION('',(0.,1.,0.));
#1424 = ORIENTED_EDGE('',*,*,#1425,.T.);
#1425 = EDGE_CURVE('',#1418,#1426,#1428,.T.);
#1426 = VERTEX_POINT('',#1427);
#1427 = CARTESIAN_POINT('',(5.925,-8.075,-10.));
#1428 = CIRCLE('',#1429,0.675);
#1429 = AXIS2_PLACEMENT_3D('',#1430,#1431,#1432);
#1430 = CARTESIAN_POINT('',(5.25,-8.075,-10.));
#1431 = DIRECTION('',(0.,0.,-1.));
#1432 = DIRECTION('',(-1.,0.,0.));
#1433 = ORIENTED_EDGE('',*,*,#1434,.T.);
#1434 = EDGE_CURVE('',#1426,#1408,#1435,.T.);
#1435 = LINE('',#1436,#1437);
#1436 = CARTESIAN_POINT('',(5.925,-8.075,-10.));
#1437 = VECTOR('',#1438,1.);
#1438 = DIRECTION('',(0.,-1.,0.));
#1439 = PLANE('',#1440);
#1440 = AXIS2_PLACEMENT_3D('',#1441,#1442,#1443);
#1441 = CARTESIAN_POINT('',(-15.5,11.8,-10.));
#1442 = DIRECTION('',(0.,0.,-1.));
#1443 = DIRECTION('',(-1.,0.,0.));
#1444 = ADVANCED_FACE('',(#1445),#1471,.F.);
#1445 = FACE_BOUND('',#1446,.F.);
#1446 = EDGE_LOOP('',(#1447,#1448,#1456,#1463,#1464,#1465));
#1447 = ORIENTED_EDGE('',*,*,#682,.F.);
#1448 = ORIENTED_EDGE('',*,*,#1449,.T.);
#1449 = EDGE_CURVE('',#683,#1450,#1452,.T.);
#1450 = VERTEX_POINT('',#1451);
#1451 = CARTESIAN_POINT('',(20.19893604979,5.7,-20.));
#1452 = LINE('',#1453,#1454);
#1453 = CARTESIAN_POINT('',(20.19893604979,5.7,-10.));
#1454 = VECTOR('',#1455,1.);
#1455 = DIRECTION('',(0.,0.,-1.));
#1456 = ORIENTED_EDGE('',*,*,#1457,.F.);
#1457 = EDGE_CURVE('',#525,#1450,#1458,.T.);
#1458 = CIRCLE('',#1459,4.7);
#1459 = AXIS2_PLACEMENT_3D('',#1460,#1461,#1462);
#1460 = CARTESIAN_POINT('',(15.5,5.6,-20.));
#1461 = DIRECTION('',(0.,0.,-1.));
#1462 = DIRECTION('',(0.,1.,0.));
#1463 = ORIENTED_EDGE('',*,*,#524,.F.);
#1464 = ORIENTED_EDGE('',*,*,#208,.F.);
#1465 = ORIENTED_EDGE('',*,*,#1466,.T.);
#1466 = EDGE_CURVE('',#201,#685,#1467,.T.);
#1467 = LINE('',#1468,#1469);
#1468 = CARTESIAN_POINT('',(20.2,5.6,-2.));
#1469 = VECTOR('',#1470,1.);
#1470 = DIRECTION('',(0.,-5.573319583618E-14,-1.));
#1471 = CYLINDRICAL_SURFACE('',#1472,4.7);
#1472 = AXIS2_PLACEMENT_3D('',#1473,#1474,#1475);
#1473 = CARTESIAN_POINT('',(15.5,5.6,0.));
#1474 = DIRECTION('',(0.,0.,-1.));
#1475 = DIRECTION('',(-1.,0.,0.));
#1476 = ADVANCED_FACE('',(#1477),#1495,.T.);
#1477 = FACE_BOUND('',#1478,.F.);
#1478 = EDGE_LOOP('',(#1479,#1480,#1481,#1489));
#1479 = ORIENTED_EDGE('',*,*,#1449,.F.);
#1480 = ORIENTED_EDGE('',*,*,#718,.F.);
#1481 = ORIENTED_EDGE('',*,*,#1482,.T.);
#1482 = EDGE_CURVE('',#710,#1483,#1485,.T.);
#1483 = VERTEX_POINT('',#1484);
#1484 = CARTESIAN_POINT('',(19.,5.7,-20.));
#1485 = LINE('',#1486,#1487);
#1486 = CARTESIAN_POINT('',(19.,5.7,-10.));
#1487 = VECTOR('',#1488,1.);
#1488 = DIRECTION('',(0.,0.,-1.));
#1489 = ORIENTED_EDGE('',*,*,#1490,.T.);
#1490 = EDGE_CURVE('',#1483,#1450,#1491,.T.);
#1491 = LINE('',#1492,#1493);
#1492 = CARTESIAN_POINT('',(19.,5.7,-20.));
#1493 = VECTOR('',#1494,1.);
#1494 = DIRECTION('',(1.,0.,0.));
#1495 = PLANE('',#1496);
#1496 = AXIS2_PLACEMENT_3D('',#1497,#1498,#1499);
#1497 = CARTESIAN_POINT('',(19.,5.7,-10.));
#1498 = DIRECTION('',(0.,1.,0.));
#1499 = DIRECTION('',(1.,0.,0.));
#1500 = ADVANCED_FACE('',(#1501),#1520,.T.);
#1501 = FACE_BOUND('',#1502,.T.);
#1502 = EDGE_LOOP('',(#1503,#1511,#1512,#1513));
#1503 = ORIENTED_EDGE('',*,*,#1504,.F.);
#1504 = EDGE_CURVE('',#702,#1505,#1507,.T.);
#1505 = VERTEX_POINT('',#1506);
#1506 = CARTESIAN_POINT('',(19.,4.7,-20.));
#1507 = LINE('',#1508,#1509);
#1508 = CARTESIAN_POINT('',(19.,4.7,-10.));
#1509 = VECTOR('',#1510,1.);
#1510 = DIRECTION('',(0.,0.,-1.));
#1511 = ORIENTED_EDGE('',*,*,#709,.T.);
#1512 = ORIENTED_EDGE('',*,*,#1482,.T.);
#1513 = ORIENTED_EDGE('',*,*,#1514,.F.);
#1514 = EDGE_CURVE('',#1505,#1483,#1515,.T.);
#1515 = CIRCLE('',#1516,0.5);
#1516 = AXIS2_PLACEMENT_3D('',#1517,#1518,#1519);
#1517 = CARTESIAN_POINT('',(19.,5.2,-20.));
#1518 = DIRECTION('',(0.,0.,-1.));
#1519 = DIRECTION('',(0.,-1.,0.));
#1520 = CYLINDRICAL_SURFACE('',#1521,0.5);
#1521 = AXIS2_PLACEMENT_3D('',#1522,#1523,#1524);
#1522 = CARTESIAN_POINT('',(19.,5.2,-10.));
#1523 = DIRECTION('',(0.,0.,-1.));
#1524 = DIRECTION('',(-1.,0.,0.));
#1525 = ADVANCED_FACE('',(#1526,#1596),#1666,.F.);
#1526 = FACE_BOUND('',#1527,.F.);
#1527 = EDGE_LOOP('',(#1528,#1538,#1547,#1555,#1564,#1572,#1581,#1589));
#1528 = ORIENTED_EDGE('',*,*,#1529,.T.);
#1529 = EDGE_CURVE('',#1530,#1532,#1534,.T.);
#1530 = VERTEX_POINT('',#1531);
#1531 = CARTESIAN_POINT('',(30.4,11.05,-20.));
#1532 = VERTEX_POINT('',#1533);
#1533 = CARTESIAN_POINT('',(30.4,-11.05,-20.));
#1534 = LINE('',#1535,#1536);
#1535 = CARTESIAN_POINT('',(30.4,11.05,-20.));
#1536 = VECTOR('',#1537,1.);
#1537 = DIRECTION('',(0.,-1.,0.));
#1538 = ORIENTED_EDGE('',*,*,#1539,.T.);
#1539 = EDGE_CURVE('',#1532,#1540,#1542,.T.);
#1540 = VERTEX_POINT('',#1541);
#1541 = CARTESIAN_POINT('',(25.4,-16.05,-20.));
#1542 = CIRCLE('',#1543,5.);
#1543 = AXIS2_PLACEMENT_3D('',#1544,#1545,#1546);
#1544 = CARTESIAN_POINT('',(25.4,-11.05,-20.));
#1545 = DIRECTION('',(0.,0.,-1.));
#1546 = DIRECTION('',(1.,0.,0.));
#1547 = ORIENTED_EDGE('',*,*,#1548,.T.);
#1548 = EDGE_CURVE('',#1540,#1549,#1551,.T.);
#1549 = VERTEX_POINT('',#1550);
#1550 = CARTESIAN_POINT('',(-25.4,-16.05,-20.));
#1551 = LINE('',#1552,#1553);
#1552 = CARTESIAN_POINT('',(25.4,-16.05,-20.));
#1553 = VECTOR('',#1554,1.);
#1554 = DIRECTION('',(-1.,0.,0.));
#1555 = ORIENTED_EDGE('',*,*,#1556,.T.);
#1556 = EDGE_CURVE('',#1549,#1557,#1559,.T.);
#1557 = VERTEX_POINT('',#1558);
#1558 = CARTESIAN_POINT('',(-30.4,-11.05,-20.));
#1559 = CIRCLE('',#1560,5.);
#1560 = AXIS2_PLACEMENT_3D('',#1561,#1562,#1563);
#1561 = CARTESIAN_POINT('',(-25.4,-11.05,-20.));
#1562 = DIRECTION('',(0.,0.,-1.));
#1563 = DIRECTION('',(0.,-1.,0.));
#1564 = ORIENTED_EDGE('',*,*,#1565,.T.);
#1565 = EDGE_CURVE('',#1557,#1566,#1568,.T.);
#1566 = VERTEX_POINT('',#1567);
#1567 = CARTESIAN_POINT('',(-30.4,11.05,-20.));
#1568 = LINE('',#1569,#1570);
#1569 = CARTESIAN_POINT('',(-30.4,-11.05,-20.));
#1570 = VECTOR('',#1571,1.);
#1571 = DIRECTION('',(0.,1.,0.));
#1572 = ORIENTED_EDGE('',*,*,#1573,.T.);
#1573 = EDGE_CURVE('',#1566,#1574,#1576,.T.);
#1574 = VERTEX_POINT('',#1575);
#1575 = CARTESIAN_POINT('',(-25.4,16.05,-20.));
#1576 = CIRCLE('',#1577,5.);
#1577 = AXIS2_PLACEMENT_3D('',#1578,#1579,#1580);
#1578 = CARTESIAN_POINT('',(-25.4,11.05,-20.));
#1579 = DIRECTION('',(0.,0.,-1.));
#1580 = DIRECTION('',(-1.,0.,0.));
#1581 = ORIENTED_EDGE('',*,*,#1582,.T.);
#1582 = EDGE_CURVE('',#1574,#1583,#1585,.T.);
#1583 = VERTEX_POINT('',#1584);
#1584 = CARTESIAN_POINT('',(25.4,16.05,-20.));
#1585 = LINE('',#1586,#1587);
#1586 = CARTESIAN_POINT('',(-25.4,16.05,-20.));
#1587 = VECTOR('',#1588,1.);
#1588 = DIRECTION('',(1.,0.,0.));
#1589 = ORIENTED_EDGE('',*,*,#1590,.T.);
#1590 = EDGE_CURVE('',#1583,#1530,#1591,.T.);
#1591 = CIRCLE('',#1592,5.);
#1592 = AXIS2_PLACEMENT_3D('',#1593,#1594,#1595);
#1593 = CARTESIAN_POINT('',(25.4,11.05,-20.));
#1594 = DIRECTION('',(0.,0.,-1.));
#1595 = DIRECTION('',(0.,1.,0.));
#1596 = FACE_BOUND('',#1597,.F.);
#1597 = EDGE_LOOP('',(#1598,#1608,#1617,#1625,#1634,#1642,#1651,#1659));
#1598 = ORIENTED_EDGE('',*,*,#1599,.F.);
#1599 = EDGE_CURVE('',#1600,#1602,#1604,.T.);
#1600 = VERTEX_POINT('',#1601);
#1601 = CARTESIAN_POINT('',(30.3,11.05,-20.));
#1602 = VERTEX_POINT('',#1603);
#1603 = CARTESIAN_POINT('',(30.3,-11.05,-20.));
#1604 = LINE('',#1605,#1606);
#1605 = CARTESIAN_POINT('',(30.3,11.05,-20.));
#1606 = VECTOR('',#1607,1.);
#1607 = DIRECTION('',(0.,-1.,0.));
#1608 = ORIENTED_EDGE('',*,*,#1609,.F.);
#1609 = EDGE_CURVE('',#1610,#1600,#1612,.T.);
#1610 = VERTEX_POINT('',#1611);
#1611 = CARTESIAN_POINT('',(25.4,15.95,-20.));
#1612 = CIRCLE('',#1613,4.9);
#1613 = AXIS2_PLACEMENT_3D('',#1614,#1615,#1616);
#1614 = CARTESIAN_POINT('',(25.4,11.05,-20.));
#1615 = DIRECTION('',(0.,0.,-1.));
#1616 = DIRECTION('',(1.450087215837E-14,1.,0.));
#1617 = ORIENTED_EDGE('',*,*,#1618,.F.);
#1618 = EDGE_CURVE('',#1619,#1610,#1621,.T.);
#1619 = VERTEX_POINT('',#1620);
#1620 = CARTESIAN_POINT('',(-25.4,15.95,-20.));
#1621 = LINE('',#1622,#1623);
#1622 = CARTESIAN_POINT('',(-25.4,15.95,-20.));
#1623 = VECTOR('',#1624,1.);
#1624 = DIRECTION('',(1.,0.,0.));
#1625 = ORIENTED_EDGE('',*,*,#1626,.F.);
#1626 = EDGE_CURVE('',#1627,#1619,#1629,.T.);
#1627 = VERTEX_POINT('',#1628);
#1628 = CARTESIAN_POINT('',(-30.3,11.05,-20.));
#1629 = CIRCLE('',#1630,4.9);
#1630 = AXIS2_PLACEMENT_3D('',#1631,#1632,#1633);
#1631 = CARTESIAN_POINT('',(-25.4,11.05,-20.));
#1632 = DIRECTION('',(0.,0.,-1.));
#1633 = DIRECTION('',(-1.,1.486339396233E-14,0.));
#1634 = ORIENTED_EDGE('',*,*,#1635,.F.);
#1635 = EDGE_CURVE('',#1636,#1627,#1638,.T.);
#1636 = VERTEX_POINT('',#1637);
#1637 = CARTESIAN_POINT('',(-30.3,-11.05,-20.));
#1638 = LINE('',#1639,#1640);
#1639 = CARTESIAN_POINT('',(-30.3,-11.05,-20.));
#1640 = VECTOR('',#1641,1.);
#1641 = DIRECTION('',(0.,1.,0.));
#1642 = ORIENTED_EDGE('',*,*,#1643,.F.);
#1643 = EDGE_CURVE('',#1644,#1636,#1646,.T.);
#1644 = VERTEX_POINT('',#1645);
#1645 = CARTESIAN_POINT('',(-25.4,-15.95,-20.));
#1646 = CIRCLE('',#1647,4.9);
#1647 = AXIS2_PLACEMENT_3D('',#1648,#1649,#1650);
#1648 = CARTESIAN_POINT('',(-25.4,-11.05,-20.));
#1649 = DIRECTION('',(0.,0.,-1.));
#1650 = DIRECTION('',(-1.450087215837E-14,-1.,-0.));
#1651 = ORIENTED_EDGE('',*,*,#1652,.F.);
#1652 = EDGE_CURVE('',#1653,#1644,#1655,.T.);
#1653 = VERTEX_POINT('',#1654);
#1654 = CARTESIAN_POINT('',(25.4,-15.95,-20.));
#1655 = LINE('',#1656,#1657);
#1656 = CARTESIAN_POINT('',(25.4,-15.95,-20.));
#1657 = VECTOR('',#1658,1.);
#1658 = DIRECTION('',(-1.,0.,0.));
#1659 = ORIENTED_EDGE('',*,*,#1660,.F.);
#1660 = EDGE_CURVE('',#1602,#1653,#1661,.T.);
#1661 = CIRCLE('',#1662,4.9);
#1662 = AXIS2_PLACEMENT_3D('',#1663,#1664,#1665);
#1663 = CARTESIAN_POINT('',(25.4,-11.05,-20.));
#1664 = DIRECTION('',(0.,0.,-1.));
#1665 = DIRECTION('',(1.,0.,0.));
#1666 = PLANE('',#1667);
#1667 = AXIS2_PLACEMENT_3D('',#1668,#1669,#1670);
#1668 = CARTESIAN_POINT('',(0.,0.,-20.));
#1669 = DIRECTION('',(0.,0.,-1.));
#1670 = DIRECTION('',(-1.,0.,0.));
#1671 = ADVANCED_FACE('',(#1672),#1692,.F.);
#1672 = FACE_BOUND('',#1673,.F.);
#1673 = EDGE_LOOP('',(#1674,#1685));
#1674 = ORIENTED_EDGE('',*,*,#1675,.F.);
#1675 = EDGE_CURVE('',#1676,#1678,#1680,.T.);
#1676 = VERTEX_POINT('',#1677);
#1677 = CARTESIAN_POINT('',(-24.785,10.8,-20.));
#1678 = VERTEX_POINT('',#1679);
#1679 = CARTESIAN_POINT('',(-22.615,10.8,-20.));
#1680 = CIRCLE('',#1681,1.085);
#1681 = AXIS2_PLACEMENT_3D('',#1682,#1683,#1684);
#1682 = CARTESIAN_POINT('',(-23.7,10.8,-20.));
#1683 = DIRECTION('',(0.,0.,1.));
#1684 = DIRECTION('',(-1.,0.,0.));
#1685 = ORIENTED_EDGE('',*,*,#1686,.F.);
#1686 = EDGE_CURVE('',#1678,#1676,#1687,.T.);
#1687 = CIRCLE('',#1688,1.085);
#1688 = AXIS2_PLACEMENT_3D('',#1689,#1690,#1691);
#1689 = CARTESIAN_POINT('',(-23.7,10.8,-20.));
#1690 = DIRECTION('',(0.,0.,1.));
#1691 = DIRECTION('',(1.,0.,-0.));
#1692 = PLANE('',#1693);
#1693 = AXIS2_PLACEMENT_3D('',#1694,#1695,#1696);
#1694 = CARTESIAN_POINT('',(0.,0.,-20.));
#1695 = DIRECTION('',(0.,0.,-1.));
#1696 = DIRECTION('',(-1.,0.,0.));
#1697 = ADVANCED_FACE('',(#1698),#1718,.F.);
#1698 = FACE_BOUND('',#1699,.F.);
#1699 = EDGE_LOOP('',(#1700,#1711));
#1700 = ORIENTED_EDGE('',*,*,#1701,.F.);
#1701 = EDGE_CURVE('',#1702,#1704,#1706,.T.);
#1702 = VERTEX_POINT('',#1703);
#1703 = CARTESIAN_POINT('',(22.615,10.8,-20.));
#1704 = VERTEX_POINT('',#1705);
#1705 = CARTESIAN_POINT('',(24.785,10.8,-20.));
#1706 = CIRCLE('',#1707,1.085);
#1707 = AXIS2_PLACEMENT_3D('',#1708,#1709,#1710);
#1708 = CARTESIAN_POINT('',(23.7,10.8,-20.));
#1709 = DIRECTION('',(0.,0.,1.));
#1710 = DIRECTION('',(-1.,0.,0.));
#1711 = ORIENTED_EDGE('',*,*,#1712,.F.);
#1712 = EDGE_CURVE('',#1704,#1702,#1713,.T.);
#1713 = CIRCLE('',#1714,1.085);
#1714 = AXIS2_PLACEMENT_3D('',#1715,#1716,#1717);
#1715 = CARTESIAN_POINT('',(23.7,10.8,-20.));
#1716 = DIRECTION('',(0.,0.,1.));
#1717 = DIRECTION('',(1.,0.,-0.));
#1718 = PLANE('',#1719);
#1719 = AXIS2_PLACEMENT_3D('',#1720,#1721,#1722);
#1720 = CARTESIAN_POINT('',(0.,0.,-20.));
#1721 = DIRECTION('',(0.,0.,-1.));
#1722 = DIRECTION('',(-1.,0.,0.));
#1723 = ADVANCED_FACE('',(#1724),#1744,.F.);
#1724 = FACE_BOUND('',#1725,.F.);
#1725 = EDGE_LOOP('',(#1726,#1737));
#1726 = ORIENTED_EDGE('',*,*,#1727,.F.);
#1727 = EDGE_CURVE('',#1728,#1730,#1732,.T.);
#1728 = VERTEX_POINT('',#1729);
#1729 = CARTESIAN_POINT('',(-26.285,-7.3,-20.));
#1730 = VERTEX_POINT('',#1731);
#1731 = CARTESIAN_POINT('',(-24.115,-7.3,-20.));
#1732 = CIRCLE('',#1733,1.085);
#1733 = AXIS2_PLACEMENT_3D('',#1734,#1735,#1736);
#1734 = CARTESIAN_POINT('',(-25.2,-7.3,-20.));
#1735 = DIRECTION('',(0.,0.,1.));
#1736 = DIRECTION('',(-1.,0.,0.));
#1737 = ORIENTED_EDGE('',*,*,#1738,.F.);
#1738 = EDGE_CURVE('',#1730,#1728,#1739,.T.);
#1739 = CIRCLE('',#1740,1.085);
#1740 = AXIS2_PLACEMENT_3D('',#1741,#1742,#1743);
#1741 = CARTESIAN_POINT('',(-25.2,-7.3,-20.));
#1742 = DIRECTION('',(0.,0.,1.));
#1743 = DIRECTION('',(1.,0.,-0.));
#1744 = PLANE('',#1745);
#1745 = AXIS2_PLACEMENT_3D('',#1746,#1747,#1748);
#1746 = CARTESIAN_POINT('',(0.,0.,-20.));
#1747 = DIRECTION('',(0.,0.,-1.));
#1748 = DIRECTION('',(-1.,0.,0.));
#1749 = ADVANCED_FACE('',(#1750),#1770,.F.);
#1750 = FACE_BOUND('',#1751,.F.);
#1751 = EDGE_LOOP('',(#1752,#1763));
#1752 = ORIENTED_EDGE('',*,*,#1753,.F.);
#1753 = EDGE_CURVE('',#1754,#1756,#1758,.T.);
#1754 = VERTEX_POINT('',#1755);
#1755 = CARTESIAN_POINT('',(24.115,-7.3,-20.));
#1756 = VERTEX_POINT('',#1757);
#1757 = CARTESIAN_POINT('',(26.285,-7.3,-20.));
#1758 = CIRCLE('',#1759,1.085);
#1759 = AXIS2_PLACEMENT_3D('',#1760,#1761,#1762);
#1760 = CARTESIAN_POINT('',(25.2,-7.3,-20.));
#1761 = DIRECTION('',(0.,0.,1.));
#1762 = DIRECTION('',(-1.,0.,0.));
#1763 = ORIENTED_EDGE('',*,*,#1764,.F.);
#1764 = EDGE_CURVE('',#1756,#1754,#1765,.T.);
#1765 = CIRCLE('',#1766,1.085);
#1766 = AXIS2_PLACEMENT_3D('',#1767,#1768,#1769);
#1767 = CARTESIAN_POINT('',(25.2,-7.3,-20.));
#1768 = DIRECTION('',(0.,0.,1.));
#1769 = DIRECTION('',(1.,0.,-0.));
#1770 = PLANE('',#1771);
#1771 = AXIS2_PLACEMENT_3D('',#1772,#1773,#1774);
#1772 = CARTESIAN_POINT('',(0.,0.,-20.));
#1773 = DIRECTION('',(0.,0.,-1.));
#1774 = DIRECTION('',(-1.,0.,0.));
#1775 = ADVANCED_FACE('',(#1776,#2386,#2406,#2426,#2446,#2466,#2486,
    #2506,#2526,#2546,#2566,#2586,#2606,#2626,#2646,#2666,#2686,#2706,
    #2726,#2746,#2766,#2786,#2806,#2826,#2846,#2904,#3226,#3284),#3606,
  .F.);
#1776 = FACE_BOUND('',#1777,.F.);
#1777 = EDGE_LOOP('',(#1778,#1786,#1787,#1795,#1804,#1810,#1811,#1819,
    #1828,#1834,#1835,#1843,#1852,#1858,#1859,#1867,#1876,#1882,#1883,
    #1884,#1885,#1886,#1894,#1902,#1910,#1919,#1927,#1935,#1944,#1952,
    #1960,#1969,#1977,#1985,#1993,#2002,#2010,#2018,#2026,#2035,#2043,
    #2051,#2059,#2068,#2076,#2084,#2092,#2101,#2109,#2117,#2125,#2134,
    #2142,#2150,#2158,#2167,#2175,#2183,#2191,#2200,#2208,#2216,#2225,
    #2233,#2241,#2250,#2258,#2266,#2274,#2283,#2291,#2298,#2299,#2307,
    #2316,#2322,#2323,#2331,#2340,#2346,#2347,#2355,#2364,#2370,#2371,
    #2379));
#1778 = ORIENTED_EDGE('',*,*,#1779,.F.);
#1779 = EDGE_CURVE('',#661,#1780,#1782,.T.);
#1780 = VERTEX_POINT('',#1781);
#1781 = CARTESIAN_POINT('',(-1.075,8.075,-20.));
#1782 = LINE('',#1783,#1784);
#1783 = CARTESIAN_POINT('',(-1.075,10.3,-20.));
#1784 = VECTOR('',#1785,1.);
#1785 = DIRECTION('',(0.,-1.,0.));
#1786 = ORIENTED_EDGE('',*,*,#660,.F.);
#1787 = ORIENTED_EDGE('',*,*,#1788,.F.);
#1788 = EDGE_CURVE('',#1789,#653,#1791,.T.);
#1789 = VERTEX_POINT('',#1790);
#1790 = CARTESIAN_POINT('',(1.25,9.1,-20.));
#1791 = LINE('',#1792,#1793);
#1792 = CARTESIAN_POINT('',(1.25,9.1,-20.));
#1793 = VECTOR('',#1794,1.);
#1794 = DIRECTION('',(0.,1.,0.));
#1795 = ORIENTED_EDGE('',*,*,#1796,.F.);
#1796 = EDGE_CURVE('',#1797,#1789,#1799,.T.);
#1797 = VERTEX_POINT('',#1798);
#1798 = CARTESIAN_POINT('',(2.25,9.1,-20.));
#1799 = CIRCLE('',#1800,0.5);
#1800 = AXIS2_PLACEMENT_3D('',#1801,#1802,#1803);
#1801 = CARTESIAN_POINT('',(1.75,9.1,-20.));
#1802 = DIRECTION('',(0.,0.,-1.));
#1803 = DIRECTION('',(1.,-4.973799150321E-14,0.));
#1804 = ORIENTED_EDGE('',*,*,#1805,.F.);
#1805 = EDGE_CURVE('',#629,#1797,#1806,.T.);
#1806 = LINE('',#1807,#1808);
#1807 = CARTESIAN_POINT('',(2.25,10.3,-20.));
#1808 = VECTOR('',#1809,1.);
#1809 = DIRECTION('',(0.,-1.,0.));
#1810 = ORIENTED_EDGE('',*,*,#628,.F.);
#1811 = ORIENTED_EDGE('',*,*,#1812,.F.);
#1812 = EDGE_CURVE('',#1813,#621,#1815,.T.);
#1813 = VERTEX_POINT('',#1814);
#1814 = CARTESIAN_POINT('',(4.75,9.1,-20.));
#1815 = LINE('',#1816,#1817);
#1816 = CARTESIAN_POINT('',(4.75,9.1,-20.));
#1817 = VECTOR('',#1818,1.);
#1818 = DIRECTION('',(0.,1.,0.));
#1819 = ORIENTED_EDGE('',*,*,#1820,.F.);
#1820 = EDGE_CURVE('',#1821,#1813,#1823,.T.);
#1821 = VERTEX_POINT('',#1822);
#1822 = CARTESIAN_POINT('',(5.75,9.1,-20.));
#1823 = CIRCLE('',#1824,0.5);
#1824 = AXIS2_PLACEMENT_3D('',#1825,#1826,#1827);
#1825 = CARTESIAN_POINT('',(5.25,9.1,-20.));
#1826 = DIRECTION('',(0.,0.,-1.));
#1827 = DIRECTION('',(1.,0.,0.));
#1828 = ORIENTED_EDGE('',*,*,#1829,.F.);
#1829 = EDGE_CURVE('',#597,#1821,#1830,.T.);
#1830 = LINE('',#1831,#1832);
#1831 = CARTESIAN_POINT('',(5.75,10.3,-20.));
#1832 = VECTOR('',#1833,1.);
#1833 = DIRECTION('',(0.,-1.,0.));
#1834 = ORIENTED_EDGE('',*,*,#596,.F.);
#1835 = ORIENTED_EDGE('',*,*,#1836,.F.);
#1836 = EDGE_CURVE('',#1837,#589,#1839,.T.);
#1837 = VERTEX_POINT('',#1838);
#1838 = CARTESIAN_POINT('',(8.25,9.1,-20.));
#1839 = LINE('',#1840,#1841);
#1840 = CARTESIAN_POINT('',(8.25,9.1,-20.));
#1841 = VECTOR('',#1842,1.);
#1842 = DIRECTION('',(0.,1.,0.));
#1843 = ORIENTED_EDGE('',*,*,#1844,.F.);
#1844 = EDGE_CURVE('',#1845,#1837,#1847,.T.);
#1845 = VERTEX_POINT('',#1846);
#1846 = CARTESIAN_POINT('',(9.25,9.1,-20.));
#1847 = CIRCLE('',#1848,0.5);
#1848 = AXIS2_PLACEMENT_3D('',#1849,#1850,#1851);
#1849 = CARTESIAN_POINT('',(8.75,9.1,-20.));
#1850 = DIRECTION('',(0.,0.,-1.));
#1851 = DIRECTION('',(1.,0.,0.));
#1852 = ORIENTED_EDGE('',*,*,#1853,.F.);
#1853 = EDGE_CURVE('',#565,#1845,#1854,.T.);
#1854 = LINE('',#1855,#1856);
#1855 = CARTESIAN_POINT('',(9.25,10.3,-20.));
#1856 = VECTOR('',#1857,1.);
#1857 = DIRECTION('',(0.,-1.,0.));
#1858 = ORIENTED_EDGE('',*,*,#564,.F.);
#1859 = ORIENTED_EDGE('',*,*,#1860,.F.);
#1860 = EDGE_CURVE('',#1861,#557,#1863,.T.);
#1861 = VERTEX_POINT('',#1862);
#1862 = CARTESIAN_POINT('',(11.75,9.1,-20.));
#1863 = LINE('',#1864,#1865);
#1864 = CARTESIAN_POINT('',(11.75,9.1,-20.));
#1865 = VECTOR('',#1866,1.);
#1866 = DIRECTION('',(0.,1.,0.));
#1867 = ORIENTED_EDGE('',*,*,#1868,.F.);
#1868 = EDGE_CURVE('',#1869,#1861,#1871,.T.);
#1869 = VERTEX_POINT('',#1870);
#1870 = CARTESIAN_POINT('',(12.75,9.1,-20.));
#1871 = CIRCLE('',#1872,0.5);
#1872 = AXIS2_PLACEMENT_3D('',#1873,#1874,#1875);
#1873 = CARTESIAN_POINT('',(12.25,9.1,-20.));
#1874 = DIRECTION('',(0.,0.,-1.));
#1875 = DIRECTION('',(1.,7.105427357601E-14,0.));
#1876 = ORIENTED_EDGE('',*,*,#1877,.F.);
#1877 = EDGE_CURVE('',#533,#1869,#1878,.T.);
#1878 = LINE('',#1879,#1880);
#1879 = CARTESIAN_POINT('',(12.75,10.3,-20.));
#1880 = VECTOR('',#1881,1.);
#1881 = DIRECTION('',(0.,-1.,0.));
#1882 = ORIENTED_EDGE('',*,*,#532,.F.);
#1883 = ORIENTED_EDGE('',*,*,#1457,.T.);
#1884 = ORIENTED_EDGE('',*,*,#1490,.F.);
#1885 = ORIENTED_EDGE('',*,*,#1514,.F.);
#1886 = ORIENTED_EDGE('',*,*,#1887,.F.);
#1887 = EDGE_CURVE('',#1888,#1505,#1890,.T.);
#1888 = VERTEX_POINT('',#1889);
#1889 = CARTESIAN_POINT('',(20.2,4.7,-20.));
#1890 = LINE('',#1891,#1892);
#1891 = CARTESIAN_POINT('',(20.2,4.7,-20.));
#1892 = VECTOR('',#1893,1.);
#1893 = DIRECTION('',(-1.,0.,0.));
#1894 = ORIENTED_EDGE('',*,*,#1895,.F.);
#1895 = EDGE_CURVE('',#1896,#1888,#1898,.T.);
#1896 = VERTEX_POINT('',#1897);
#1897 = CARTESIAN_POINT('',(20.2,-3.7,-20.));
#1898 = LINE('',#1899,#1900);
#1899 = CARTESIAN_POINT('',(20.2,-3.7,-20.));
#1900 = VECTOR('',#1901,1.);
#1901 = DIRECTION('',(0.,1.,0.));
#1902 = ORIENTED_EDGE('',*,*,#1903,.F.);
#1903 = EDGE_CURVE('',#1904,#1896,#1906,.T.);
#1904 = VERTEX_POINT('',#1905);
#1905 = CARTESIAN_POINT('',(19.,-3.7,-20.));
#1906 = LINE('',#1907,#1908);
#1907 = CARTESIAN_POINT('',(19.,-3.7,-20.));
#1908 = VECTOR('',#1909,1.);
#1909 = DIRECTION('',(1.,0.,0.));
#1910 = ORIENTED_EDGE('',*,*,#1911,.F.);
#1911 = EDGE_CURVE('',#1912,#1904,#1914,.T.);
#1912 = VERTEX_POINT('',#1913);
#1913 = CARTESIAN_POINT('',(19.,-4.7,-20.));
#1914 = CIRCLE('',#1915,0.5);
#1915 = AXIS2_PLACEMENT_3D('',#1916,#1917,#1918);
#1916 = CARTESIAN_POINT('',(19.,-4.2,-20.));
#1917 = DIRECTION('',(0.,0.,-1.));
#1918 = DIRECTION('',(0.,-1.,0.));
#1919 = ORIENTED_EDGE('',*,*,#1920,.F.);
#1920 = EDGE_CURVE('',#1921,#1912,#1923,.T.);
#1921 = VERTEX_POINT('',#1922);
#1922 = CARTESIAN_POINT('',(20.2,-4.7,-20.));
#1923 = LINE('',#1924,#1925);
#1924 = CARTESIAN_POINT('',(20.2,-4.7,-20.));
#1925 = VECTOR('',#1926,1.);
#1926 = DIRECTION('',(-1.,0.,0.));
#1927 = ORIENTED_EDGE('',*,*,#1928,.F.);
#1928 = EDGE_CURVE('',#1929,#1921,#1931,.T.);
#1929 = VERTEX_POINT('',#1930);
#1930 = CARTESIAN_POINT('',(20.2,-5.6,-20.));
#1931 = LINE('',#1932,#1933);
#1932 = CARTESIAN_POINT('',(20.2,-5.6,-20.));
#1933 = VECTOR('',#1934,1.);
#1934 = DIRECTION('',(0.,1.,0.));
#1935 = ORIENTED_EDGE('',*,*,#1936,.T.);
#1936 = EDGE_CURVE('',#1929,#1937,#1939,.T.);
#1937 = VERTEX_POINT('',#1938);
#1938 = CARTESIAN_POINT('',(15.5,-10.3,-20.));
#1939 = CIRCLE('',#1940,4.7);
#1940 = AXIS2_PLACEMENT_3D('',#1941,#1942,#1943);
#1941 = CARTESIAN_POINT('',(15.5,-5.6,-20.));
#1942 = DIRECTION('',(0.,0.,-1.));
#1943 = DIRECTION('',(1.,0.,0.));
#1944 = ORIENTED_EDGE('',*,*,#1945,.F.);
#1945 = EDGE_CURVE('',#1946,#1937,#1948,.T.);
#1946 = VERTEX_POINT('',#1947);
#1947 = CARTESIAN_POINT('',(12.75,-10.3,-20.));
#1948 = LINE('',#1949,#1950);
#1949 = CARTESIAN_POINT('',(12.75,-10.3,-20.));
#1950 = VECTOR('',#1951,1.);
#1951 = DIRECTION('',(1.,0.,0.));
#1952 = ORIENTED_EDGE('',*,*,#1953,.F.);
#1953 = EDGE_CURVE('',#1954,#1946,#1956,.T.);
#1954 = VERTEX_POINT('',#1955);
#1955 = CARTESIAN_POINT('',(12.75,-9.1,-20.));
#1956 = LINE('',#1957,#1958);
#1957 = CARTESIAN_POINT('',(12.75,-9.1,-20.));
#1958 = VECTOR('',#1959,1.);
#1959 = DIRECTION('',(0.,-1.,0.));
#1960 = ORIENTED_EDGE('',*,*,#1961,.F.);
#1961 = EDGE_CURVE('',#1962,#1954,#1964,.T.);
#1962 = VERTEX_POINT('',#1963);
#1963 = CARTESIAN_POINT('',(11.75,-9.1,-20.));
#1964 = CIRCLE('',#1965,0.5);
#1965 = AXIS2_PLACEMENT_3D('',#1966,#1967,#1968);
#1966 = CARTESIAN_POINT('',(12.25,-9.1,-20.));
#1967 = DIRECTION('',(0.,0.,-1.));
#1968 = DIRECTION('',(-1.,0.,0.));
#1969 = ORIENTED_EDGE('',*,*,#1970,.F.);
#1970 = EDGE_CURVE('',#1971,#1962,#1973,.T.);
#1971 = VERTEX_POINT('',#1972);
#1972 = CARTESIAN_POINT('',(11.75,-10.3,-20.));
#1973 = LINE('',#1974,#1975);
#1974 = CARTESIAN_POINT('',(11.75,-10.3,-20.));
#1975 = VECTOR('',#1976,1.);
#1976 = DIRECTION('',(0.,1.,0.));
#1977 = ORIENTED_EDGE('',*,*,#1978,.F.);
#1978 = EDGE_CURVE('',#1979,#1971,#1981,.T.);
#1979 = VERTEX_POINT('',#1980);
#1980 = CARTESIAN_POINT('',(9.25,-10.3,-20.));
#1981 = LINE('',#1982,#1983);
#1982 = CARTESIAN_POINT('',(9.25,-10.3,-20.));
#1983 = VECTOR('',#1984,1.);
#1984 = DIRECTION('',(1.,0.,0.));
#1985 = ORIENTED_EDGE('',*,*,#1986,.F.);
#1986 = EDGE_CURVE('',#1987,#1979,#1989,.T.);
#1987 = VERTEX_POINT('',#1988);
#1988 = CARTESIAN_POINT('',(9.25,-9.1,-20.));
#1989 = LINE('',#1990,#1991);
#1990 = CARTESIAN_POINT('',(9.25,-9.1,-20.));
#1991 = VECTOR('',#1992,1.);
#1992 = DIRECTION('',(0.,-1.,0.));
#1993 = ORIENTED_EDGE('',*,*,#1994,.F.);
#1994 = EDGE_CURVE('',#1995,#1987,#1997,.T.);
#1995 = VERTEX_POINT('',#1996);
#1996 = CARTESIAN_POINT('',(8.25,-9.1,-20.));
#1997 = CIRCLE('',#1998,0.5);
#1998 = AXIS2_PLACEMENT_3D('',#1999,#2000,#2001);
#1999 = CARTESIAN_POINT('',(8.75,-9.1,-20.));
#2000 = DIRECTION('',(0.,0.,-1.));
#2001 = DIRECTION('',(-1.,0.,0.));
#2002 = ORIENTED_EDGE('',*,*,#2003,.F.);
#2003 = EDGE_CURVE('',#2004,#1995,#2006,.T.);
#2004 = VERTEX_POINT('',#2005);
#2005 = CARTESIAN_POINT('',(8.25,-10.3,-20.));
#2006 = LINE('',#2007,#2008);
#2007 = CARTESIAN_POINT('',(8.25,-10.3,-20.));
#2008 = VECTOR('',#2009,1.);
#2009 = DIRECTION('',(0.,1.,0.));
#2010 = ORIENTED_EDGE('',*,*,#2011,.F.);
#2011 = EDGE_CURVE('',#2012,#2004,#2014,.T.);
#2012 = VERTEX_POINT('',#2013);
#2013 = CARTESIAN_POINT('',(5.925,-10.3,-20.));
#2014 = LINE('',#2015,#2016);
#2015 = CARTESIAN_POINT('',(5.925,-10.3,-20.));
#2016 = VECTOR('',#2017,1.);
#2017 = DIRECTION('',(1.,0.,0.));
#2018 = ORIENTED_EDGE('',*,*,#2019,.F.);
#2019 = EDGE_CURVE('',#2020,#2012,#2022,.T.);
#2020 = VERTEX_POINT('',#2021);
#2021 = CARTESIAN_POINT('',(5.925,-8.075,-20.));
#2022 = LINE('',#2023,#2024);
#2023 = CARTESIAN_POINT('',(5.925,-8.075,-20.));
#2024 = VECTOR('',#2025,1.);
#2025 = DIRECTION('',(0.,-1.,0.));
#2026 = ORIENTED_EDGE('',*,*,#2027,.F.);
#2027 = EDGE_CURVE('',#2028,#2020,#2030,.T.);
#2028 = VERTEX_POINT('',#2029);
#2029 = CARTESIAN_POINT('',(4.575,-8.075,-20.));
#2030 = CIRCLE('',#2031,0.675);
#2031 = AXIS2_PLACEMENT_3D('',#2032,#2033,#2034);
#2032 = CARTESIAN_POINT('',(5.25,-8.075,-20.));
#2033 = DIRECTION('',(0.,0.,-1.));
#2034 = DIRECTION('',(-1.,0.,0.));
#2035 = ORIENTED_EDGE('',*,*,#2036,.F.);
#2036 = EDGE_CURVE('',#2037,#2028,#2039,.T.);
#2037 = VERTEX_POINT('',#2038);
#2038 = CARTESIAN_POINT('',(4.575,-10.3,-20.));
#2039 = LINE('',#2040,#2041);
#2040 = CARTESIAN_POINT('',(4.575,-10.3,-20.));
#2041 = VECTOR('',#2042,1.);
#2042 = DIRECTION('',(0.,1.,0.));
#2043 = ORIENTED_EDGE('',*,*,#2044,.F.);
#2044 = EDGE_CURVE('',#2045,#2037,#2047,.T.);
#2045 = VERTEX_POINT('',#2046);
#2046 = CARTESIAN_POINT('',(2.25,-10.3,-20.));
#2047 = LINE('',#2048,#2049);
#2048 = CARTESIAN_POINT('',(2.25,-10.3,-20.));
#2049 = VECTOR('',#2050,1.);
#2050 = DIRECTION('',(1.,0.,0.));
#2051 = ORIENTED_EDGE('',*,*,#2052,.F.);
#2052 = EDGE_CURVE('',#2053,#2045,#2055,.T.);
#2053 = VERTEX_POINT('',#2054);
#2054 = CARTESIAN_POINT('',(2.25,-9.1,-20.));
#2055 = LINE('',#2056,#2057);
#2056 = CARTESIAN_POINT('',(2.25,-9.1,-20.));
#2057 = VECTOR('',#2058,1.);
#2058 = DIRECTION('',(0.,-1.,0.));
#2059 = ORIENTED_EDGE('',*,*,#2060,.F.);
#2060 = EDGE_CURVE('',#2061,#2053,#2063,.T.);
#2061 = VERTEX_POINT('',#2062);
#2062 = CARTESIAN_POINT('',(1.25,-9.1,-20.));
#2063 = CIRCLE('',#2064,0.5);
#2064 = AXIS2_PLACEMENT_3D('',#2065,#2066,#2067);
#2065 = CARTESIAN_POINT('',(1.75,-9.1,-20.));
#2066 = DIRECTION('',(0.,0.,-1.));
#2067 = DIRECTION('',(-1.,0.,0.));
#2068 = ORIENTED_EDGE('',*,*,#2069,.F.);
#2069 = EDGE_CURVE('',#2070,#2061,#2072,.T.);
#2070 = VERTEX_POINT('',#2071);
#2071 = CARTESIAN_POINT('',(1.25,-10.3,-20.));
#2072 = LINE('',#2073,#2074);
#2073 = CARTESIAN_POINT('',(1.25,-10.3,-20.));
#2074 = VECTOR('',#2075,1.);
#2075 = DIRECTION('',(0.,1.,0.));
#2076 = ORIENTED_EDGE('',*,*,#2077,.F.);
#2077 = EDGE_CURVE('',#2078,#2070,#2080,.T.);
#2078 = VERTEX_POINT('',#2079);
#2079 = CARTESIAN_POINT('',(-1.25,-10.3,-20.));
#2080 = LINE('',#2081,#2082);
#2081 = CARTESIAN_POINT('',(-1.25,-10.3,-20.));
#2082 = VECTOR('',#2083,1.);
#2083 = DIRECTION('',(1.,0.,0.));
#2084 = ORIENTED_EDGE('',*,*,#2085,.F.);
#2085 = EDGE_CURVE('',#2086,#2078,#2088,.T.);
#2086 = VERTEX_POINT('',#2087);
#2087 = CARTESIAN_POINT('',(-1.25,-9.1,-20.));
#2088 = LINE('',#2089,#2090);
#2089 = CARTESIAN_POINT('',(-1.25,-9.1,-20.));
#2090 = VECTOR('',#2091,1.);
#2091 = DIRECTION('',(0.,-1.,0.));
#2092 = ORIENTED_EDGE('',*,*,#2093,.F.);
#2093 = EDGE_CURVE('',#2094,#2086,#2096,.T.);
#2094 = VERTEX_POINT('',#2095);
#2095 = CARTESIAN_POINT('',(-2.25,-9.1,-20.));
#2096 = CIRCLE('',#2097,0.5);
#2097 = AXIS2_PLACEMENT_3D('',#2098,#2099,#2100);
#2098 = CARTESIAN_POINT('',(-1.75,-9.1,-20.));
#2099 = DIRECTION('',(0.,0.,-1.));
#2100 = DIRECTION('',(-1.,0.,0.));
#2101 = ORIENTED_EDGE('',*,*,#2102,.F.);
#2102 = EDGE_CURVE('',#2103,#2094,#2105,.T.);
#2103 = VERTEX_POINT('',#2104);
#2104 = CARTESIAN_POINT('',(-2.25,-10.3,-20.));
#2105 = LINE('',#2106,#2107);
#2106 = CARTESIAN_POINT('',(-2.25,-10.3,-20.));
#2107 = VECTOR('',#2108,1.);
#2108 = DIRECTION('',(0.,1.,0.));
#2109 = ORIENTED_EDGE('',*,*,#2110,.F.);
#2110 = EDGE_CURVE('',#2111,#2103,#2113,.T.);
#2111 = VERTEX_POINT('',#2112);
#2112 = CARTESIAN_POINT('',(-4.75,-10.3,-20.));
#2113 = LINE('',#2114,#2115);
#2114 = CARTESIAN_POINT('',(-4.75,-10.3,-20.));
#2115 = VECTOR('',#2116,1.);
#2116 = DIRECTION('',(1.,0.,0.));
#2117 = ORIENTED_EDGE('',*,*,#2118,.F.);
#2118 = EDGE_CURVE('',#2119,#2111,#2121,.T.);
#2119 = VERTEX_POINT('',#2120);
#2120 = CARTESIAN_POINT('',(-4.75,-9.1,-20.));
#2121 = LINE('',#2122,#2123);
#2122 = CARTESIAN_POINT('',(-4.75,-9.1,-20.));
#2123 = VECTOR('',#2124,1.);
#2124 = DIRECTION('',(0.,-1.,0.));
#2125 = ORIENTED_EDGE('',*,*,#2126,.F.);
#2126 = EDGE_CURVE('',#2127,#2119,#2129,.T.);
#2127 = VERTEX_POINT('',#2128);
#2128 = CARTESIAN_POINT('',(-5.75,-9.1,-20.));
#2129 = CIRCLE('',#2130,0.5);
#2130 = AXIS2_PLACEMENT_3D('',#2131,#2132,#2133);
#2131 = CARTESIAN_POINT('',(-5.25,-9.1,-20.));
#2132 = DIRECTION('',(0.,0.,-1.));
#2133 = DIRECTION('',(-1.,1.06581410364E-14,0.));
#2134 = ORIENTED_EDGE('',*,*,#2135,.F.);
#2135 = EDGE_CURVE('',#2136,#2127,#2138,.T.);
#2136 = VERTEX_POINT('',#2137);
#2137 = CARTESIAN_POINT('',(-5.75,-10.3,-20.));
#2138 = LINE('',#2139,#2140);
#2139 = CARTESIAN_POINT('',(-5.75,-10.3,-20.));
#2140 = VECTOR('',#2141,1.);
#2141 = DIRECTION('',(0.,1.,0.));
#2142 = ORIENTED_EDGE('',*,*,#2143,.F.);
#2143 = EDGE_CURVE('',#2144,#2136,#2146,.T.);
#2144 = VERTEX_POINT('',#2145);
#2145 = CARTESIAN_POINT('',(-8.25,-10.3,-20.));
#2146 = LINE('',#2147,#2148);
#2147 = CARTESIAN_POINT('',(-8.25,-10.3,-20.));
#2148 = VECTOR('',#2149,1.);
#2149 = DIRECTION('',(1.,0.,0.));
#2150 = ORIENTED_EDGE('',*,*,#2151,.F.);
#2151 = EDGE_CURVE('',#2152,#2144,#2154,.T.);
#2152 = VERTEX_POINT('',#2153);
#2153 = CARTESIAN_POINT('',(-8.25,-9.1,-20.));
#2154 = LINE('',#2155,#2156);
#2155 = CARTESIAN_POINT('',(-8.25,-9.1,-20.));
#2156 = VECTOR('',#2157,1.);
#2157 = DIRECTION('',(0.,-1.,0.));
#2158 = ORIENTED_EDGE('',*,*,#2159,.F.);
#2159 = EDGE_CURVE('',#2160,#2152,#2162,.T.);
#2160 = VERTEX_POINT('',#2161);
#2161 = CARTESIAN_POINT('',(-9.25,-9.1,-20.));
#2162 = CIRCLE('',#2163,0.5);
#2163 = AXIS2_PLACEMENT_3D('',#2164,#2165,#2166);
#2164 = CARTESIAN_POINT('',(-8.75,-9.1,-20.));
#2165 = DIRECTION('',(0.,0.,-1.));
#2166 = DIRECTION('',(-1.,0.,0.));
#2167 = ORIENTED_EDGE('',*,*,#2168,.F.);
#2168 = EDGE_CURVE('',#2169,#2160,#2171,.T.);
#2169 = VERTEX_POINT('',#2170);
#2170 = CARTESIAN_POINT('',(-9.25,-10.3,-20.));
#2171 = LINE('',#2172,#2173);
#2172 = CARTESIAN_POINT('',(-9.25,-10.3,-20.));
#2173 = VECTOR('',#2174,1.);
#2174 = DIRECTION('',(0.,1.,0.));
#2175 = ORIENTED_EDGE('',*,*,#2176,.F.);
#2176 = EDGE_CURVE('',#2177,#2169,#2179,.T.);
#2177 = VERTEX_POINT('',#2178);
#2178 = CARTESIAN_POINT('',(-11.75,-10.3,-20.));
#2179 = LINE('',#2180,#2181);
#2180 = CARTESIAN_POINT('',(-11.75,-10.3,-20.));
#2181 = VECTOR('',#2182,1.);
#2182 = DIRECTION('',(1.,0.,0.));
#2183 = ORIENTED_EDGE('',*,*,#2184,.F.);
#2184 = EDGE_CURVE('',#2185,#2177,#2187,.T.);
#2185 = VERTEX_POINT('',#2186);
#2186 = CARTESIAN_POINT('',(-11.75,-9.1,-20.));
#2187 = LINE('',#2188,#2189);
#2188 = CARTESIAN_POINT('',(-11.75,-9.1,-20.));
#2189 = VECTOR('',#2190,1.);
#2190 = DIRECTION('',(0.,-1.,0.));
#2191 = ORIENTED_EDGE('',*,*,#2192,.F.);
#2192 = EDGE_CURVE('',#2193,#2185,#2195,.T.);
#2193 = VERTEX_POINT('',#2194);
#2194 = CARTESIAN_POINT('',(-12.75,-9.1,-20.));
#2195 = CIRCLE('',#2196,0.5);
#2196 = AXIS2_PLACEMENT_3D('',#2197,#2198,#2199);
#2197 = CARTESIAN_POINT('',(-12.25,-9.1,-20.));
#2198 = DIRECTION('',(0.,0.,-1.));
#2199 = DIRECTION('',(-1.,0.,0.));
#2200 = ORIENTED_EDGE('',*,*,#2201,.F.);
#2201 = EDGE_CURVE('',#2202,#2193,#2204,.T.);
#2202 = VERTEX_POINT('',#2203);
#2203 = CARTESIAN_POINT('',(-12.75,-10.3,-20.));
#2204 = LINE('',#2205,#2206);
#2205 = CARTESIAN_POINT('',(-12.75,-10.3,-20.));
#2206 = VECTOR('',#2207,1.);
#2207 = DIRECTION('',(0.,1.,0.));
#2208 = ORIENTED_EDGE('',*,*,#2209,.F.);
#2209 = EDGE_CURVE('',#2210,#2202,#2212,.T.);
#2210 = VERTEX_POINT('',#2211);
#2211 = CARTESIAN_POINT('',(-15.5,-10.3,-20.));
#2212 = LINE('',#2213,#2214);
#2213 = CARTESIAN_POINT('',(-15.5,-10.3,-20.));
#2214 = VECTOR('',#2215,1.);
#2215 = DIRECTION('',(1.,0.,0.));
#2216 = ORIENTED_EDGE('',*,*,#2217,.T.);
#2217 = EDGE_CURVE('',#2210,#2218,#2220,.T.);
#2218 = VERTEX_POINT('',#2219);
#2219 = CARTESIAN_POINT('',(-20.2,-5.6,-20.));
#2220 = CIRCLE('',#2221,4.7);
#2221 = AXIS2_PLACEMENT_3D('',#2222,#2223,#2224);
#2222 = CARTESIAN_POINT('',(-15.5,-5.6,-20.));
#2223 = DIRECTION('',(0.,0.,-1.));
#2224 = DIRECTION('',(0.,-1.,0.));
#2225 = ORIENTED_EDGE('',*,*,#2226,.F.);
#2226 = EDGE_CURVE('',#2227,#2218,#2229,.T.);
#2227 = VERTEX_POINT('',#2228);
#2228 = CARTESIAN_POINT('',(-20.2,-4.7,-20.));
#2229 = LINE('',#2230,#2231);
#2230 = CARTESIAN_POINT('',(-20.2,-4.7,-20.));
#2231 = VECTOR('',#2232,1.);
#2232 = DIRECTION('',(0.,-1.,0.));
#2233 = ORIENTED_EDGE('',*,*,#2234,.F.);
#2234 = EDGE_CURVE('',#2235,#2227,#2237,.T.);
#2235 = VERTEX_POINT('',#2236);
#2236 = CARTESIAN_POINT('',(-19.,-4.7,-20.));
#2237 = LINE('',#2238,#2239);
#2238 = CARTESIAN_POINT('',(-19.,-4.7,-20.));
#2239 = VECTOR('',#2240,1.);
#2240 = DIRECTION('',(-1.,0.,0.));
#2241 = ORIENTED_EDGE('',*,*,#2242,.F.);
#2242 = EDGE_CURVE('',#2243,#2235,#2245,.T.);
#2243 = VERTEX_POINT('',#2244);
#2244 = CARTESIAN_POINT('',(-19.,-3.7,-20.));
#2245 = CIRCLE('',#2246,0.5);
#2246 = AXIS2_PLACEMENT_3D('',#2247,#2248,#2249);
#2247 = CARTESIAN_POINT('',(-19.,-4.2,-20.));
#2248 = DIRECTION('',(0.,0.,-1.));
#2249 = DIRECTION('',(0.,1.,0.));
#2250 = ORIENTED_EDGE('',*,*,#2251,.F.);
#2251 = EDGE_CURVE('',#2252,#2243,#2254,.T.);
#2252 = VERTEX_POINT('',#2253);
#2253 = CARTESIAN_POINT('',(-20.2,-3.7,-20.));
#2254 = LINE('',#2255,#2256);
#2255 = CARTESIAN_POINT('',(-20.2,-3.7,-20.));
#2256 = VECTOR('',#2257,1.);
#2257 = DIRECTION('',(1.,0.,0.));
#2258 = ORIENTED_EDGE('',*,*,#2259,.F.);
#2259 = EDGE_CURVE('',#2260,#2252,#2262,.T.);
#2260 = VERTEX_POINT('',#2261);
#2261 = CARTESIAN_POINT('',(-20.2,4.7,-20.));
#2262 = LINE('',#2263,#2264);
#2263 = CARTESIAN_POINT('',(-20.2,4.7,-20.));
#2264 = VECTOR('',#2265,1.);
#2265 = DIRECTION('',(0.,-1.,0.));
#2266 = ORIENTED_EDGE('',*,*,#2267,.F.);
#2267 = EDGE_CURVE('',#2268,#2260,#2270,.T.);
#2268 = VERTEX_POINT('',#2269);
#2269 = CARTESIAN_POINT('',(-19.,4.7,-20.));
#2270 = LINE('',#2271,#2272);
#2271 = CARTESIAN_POINT('',(-19.,4.7,-20.));
#2272 = VECTOR('',#2273,1.);
#2273 = DIRECTION('',(-1.,0.,0.));
#2274 = ORIENTED_EDGE('',*,*,#2275,.F.);
#2275 = EDGE_CURVE('',#2276,#2268,#2278,.T.);
#2276 = VERTEX_POINT('',#2277);
#2277 = CARTESIAN_POINT('',(-19.,5.7,-20.));
#2278 = CIRCLE('',#2279,0.5);
#2279 = AXIS2_PLACEMENT_3D('',#2280,#2281,#2282);
#2280 = CARTESIAN_POINT('',(-19.,5.2,-20.));
#2281 = DIRECTION('',(0.,0.,-1.));
#2282 = DIRECTION('',(0.,1.,0.));
#2283 = ORIENTED_EDGE('',*,*,#2284,.F.);
#2284 = EDGE_CURVE('',#2285,#2276,#2287,.T.);
#2285 = VERTEX_POINT('',#2286);
#2286 = CARTESIAN_POINT('',(-20.19893604979,5.7,-20.));
#2287 = LINE('',#2288,#2289);
#2288 = CARTESIAN_POINT('',(-20.19893604979,5.7,-20.));
#2289 = VECTOR('',#2290,1.);
#2290 = DIRECTION('',(1.,0.,0.));
#2291 = ORIENTED_EDGE('',*,*,#2292,.T.);
#2292 = EDGE_CURVE('',#2285,#510,#2293,.T.);
#2293 = CIRCLE('',#2294,4.7);
#2294 = AXIS2_PLACEMENT_3D('',#2295,#2296,#2297);
#2295 = CARTESIAN_POINT('',(-15.5,5.6,-20.));
#2296 = DIRECTION('',(0.,0.,-1.));
#2297 = DIRECTION('',(-0.999773627615,2.127659574466E-02,0.));
#2298 = ORIENTED_EDGE('',*,*,#509,.F.);
#2299 = ORIENTED_EDGE('',*,*,#2300,.F.);
#2300 = EDGE_CURVE('',#2301,#502,#2303,.T.);
#2301 = VERTEX_POINT('',#2302);
#2302 = CARTESIAN_POINT('',(-12.75,9.1,-20.));
#2303 = LINE('',#2304,#2305);
#2304 = CARTESIAN_POINT('',(-12.75,9.1,-20.));
#2305 = VECTOR('',#2306,1.);
#2306 = DIRECTION('',(0.,1.,0.));
#2307 = ORIENTED_EDGE('',*,*,#2308,.F.);
#2308 = EDGE_CURVE('',#2309,#2301,#2311,.T.);
#2309 = VERTEX_POINT('',#2310);
#2310 = CARTESIAN_POINT('',(-11.75,9.1,-20.));
#2311 = CIRCLE('',#2312,0.5);
#2312 = AXIS2_PLACEMENT_3D('',#2313,#2314,#2315);
#2313 = CARTESIAN_POINT('',(-12.25,9.1,-20.));
#2314 = DIRECTION('',(0.,0.,-1.));
#2315 = DIRECTION('',(1.,0.,0.));
#2316 = ORIENTED_EDGE('',*,*,#2317,.F.);
#2317 = EDGE_CURVE('',#478,#2309,#2318,.T.);
#2318 = LINE('',#2319,#2320);
#2319 = CARTESIAN_POINT('',(-11.75,10.3,-20.));
#2320 = VECTOR('',#2321,1.);
#2321 = DIRECTION('',(0.,-1.,0.));
#2322 = ORIENTED_EDGE('',*,*,#477,.F.);
#2323 = ORIENTED_EDGE('',*,*,#2324,.F.);
#2324 = EDGE_CURVE('',#2325,#470,#2327,.T.);
#2325 = VERTEX_POINT('',#2326);
#2326 = CARTESIAN_POINT('',(-9.25,9.1,-20.));
#2327 = LINE('',#2328,#2329);
#2328 = CARTESIAN_POINT('',(-9.25,9.1,-20.));
#2329 = VECTOR('',#2330,1.);
#2330 = DIRECTION('',(0.,1.,0.));
#2331 = ORIENTED_EDGE('',*,*,#2332,.F.);
#2332 = EDGE_CURVE('',#2333,#2325,#2335,.T.);
#2333 = VERTEX_POINT('',#2334);
#2334 = CARTESIAN_POINT('',(-8.25,9.1,-20.));
#2335 = CIRCLE('',#2336,0.5);
#2336 = AXIS2_PLACEMENT_3D('',#2337,#2338,#2339);
#2337 = CARTESIAN_POINT('',(-8.75,9.1,-20.));
#2338 = DIRECTION('',(0.,0.,-1.));
#2339 = DIRECTION('',(1.,0.,0.));
#2340 = ORIENTED_EDGE('',*,*,#2341,.F.);
#2341 = EDGE_CURVE('',#446,#2333,#2342,.T.);
#2342 = LINE('',#2343,#2344);
#2343 = CARTESIAN_POINT('',(-8.25,10.3,-20.));
#2344 = VECTOR('',#2345,1.);
#2345 = DIRECTION('',(0.,-1.,0.));
#2346 = ORIENTED_EDGE('',*,*,#445,.F.);
#2347 = ORIENTED_EDGE('',*,*,#2348,.F.);
#2348 = EDGE_CURVE('',#2349,#438,#2351,.T.);
#2349 = VERTEX_POINT('',#2350);
#2350 = CARTESIAN_POINT('',(-5.75,9.1,-20.));
#2351 = LINE('',#2352,#2353);
#2352 = CARTESIAN_POINT('',(-5.75,9.1,-20.));
#2353 = VECTOR('',#2354,1.);
#2354 = DIRECTION('',(0.,1.,0.));
#2355 = ORIENTED_EDGE('',*,*,#2356,.F.);
#2356 = EDGE_CURVE('',#2357,#2349,#2359,.T.);
#2357 = VERTEX_POINT('',#2358);
#2358 = CARTESIAN_POINT('',(-4.75,9.1,-20.));
#2359 = CIRCLE('',#2360,0.5);
#2360 = AXIS2_PLACEMENT_3D('',#2361,#2362,#2363);
#2361 = CARTESIAN_POINT('',(-5.25,9.1,-20.));
#2362 = DIRECTION('',(0.,0.,-1.));
#2363 = DIRECTION('',(1.,0.,0.));
#2364 = ORIENTED_EDGE('',*,*,#2365,.F.);
#2365 = EDGE_CURVE('',#414,#2357,#2366,.T.);
#2366 = LINE('',#2367,#2368);
#2367 = CARTESIAN_POINT('',(-4.75,10.3,-20.));
#2368 = VECTOR('',#2369,1.);
#2369 = DIRECTION('',(0.,-1.,0.));
#2370 = ORIENTED_EDGE('',*,*,#413,.F.);
#2371 = ORIENTED_EDGE('',*,*,#2372,.F.);
#2372 = EDGE_CURVE('',#2373,#406,#2375,.T.);
#2373 = VERTEX_POINT('',#2374);
#2374 = CARTESIAN_POINT('',(-2.425,8.075,-20.));
#2375 = LINE('',#2376,#2377);
#2376 = CARTESIAN_POINT('',(-2.425,8.075,-20.));
#2377 = VECTOR('',#2378,1.);
#2378 = DIRECTION('',(0.,1.,0.));
#2379 = ORIENTED_EDGE('',*,*,#2380,.F.);
#2380 = EDGE_CURVE('',#1780,#2373,#2381,.T.);
#2381 = CIRCLE('',#2382,0.675);
#2382 = AXIS2_PLACEMENT_3D('',#2383,#2384,#2385);
#2383 = CARTESIAN_POINT('',(-1.75,8.075,-20.));
#2384 = DIRECTION('',(0.,0.,-1.));
#2385 = DIRECTION('',(1.,0.,0.));
#2386 = FACE_BOUND('',#2387,.F.);
#2387 = EDGE_LOOP('',(#2388,#2399));
#2388 = ORIENTED_EDGE('',*,*,#2389,.F.);
#2389 = EDGE_CURVE('',#2390,#2392,#2394,.T.);
#2390 = VERTEX_POINT('',#2391);
#2391 = CARTESIAN_POINT('',(-14.,4.65,-20.));
#2392 = VERTEX_POINT('',#2393);
#2393 = CARTESIAN_POINT('',(-14.,3.35,-20.));
#2394 = CIRCLE('',#2395,0.65);
#2395 = AXIS2_PLACEMENT_3D('',#2396,#2397,#2398);
#2396 = CARTESIAN_POINT('',(-14.,4.,-20.));
#2397 = DIRECTION('',(0.,0.,-1.));
#2398 = DIRECTION('',(0.,1.,0.));
#2399 = ORIENTED_EDGE('',*,*,#2400,.F.);
#2400 = EDGE_CURVE('',#2392,#2390,#2401,.T.);
#2401 = CIRCLE('',#2402,0.65);
#2402 = AXIS2_PLACEMENT_3D('',#2403,#2404,#2405);
#2403 = CARTESIAN_POINT('',(-14.,4.,-20.));
#2404 = DIRECTION('',(0.,0.,-1.));
#2405 = DIRECTION('',(0.,-1.,0.));
#2406 = FACE_BOUND('',#2407,.F.);
#2407 = EDGE_LOOP('',(#2408,#2419));
#2408 = ORIENTED_EDGE('',*,*,#2409,.F.);
#2409 = EDGE_CURVE('',#2410,#2412,#2414,.T.);
#2410 = VERTEX_POINT('',#2411);
#2411 = CARTESIAN_POINT('',(-10.,4.65,-20.));
#2412 = VERTEX_POINT('',#2413);
#2413 = CARTESIAN_POINT('',(-10.,3.35,-20.));
#2414 = CIRCLE('',#2415,0.65);
#2415 = AXIS2_PLACEMENT_3D('',#2416,#2417,#2418);
#2416 = CARTESIAN_POINT('',(-10.,4.,-20.));
#2417 = DIRECTION('',(0.,0.,-1.));
#2418 = DIRECTION('',(0.,1.,0.));
#2419 = ORIENTED_EDGE('',*,*,#2420,.F.);
#2420 = EDGE_CURVE('',#2412,#2410,#2421,.T.);
#2421 = CIRCLE('',#2422,0.65);
#2422 = AXIS2_PLACEMENT_3D('',#2423,#2424,#2425);
#2423 = CARTESIAN_POINT('',(-10.,4.,-20.));
#2424 = DIRECTION('',(0.,0.,-1.));
#2425 = DIRECTION('',(0.,-1.,0.));
#2426 = FACE_BOUND('',#2427,.F.);
#2427 = EDGE_LOOP('',(#2428,#2439));
#2428 = ORIENTED_EDGE('',*,*,#2429,.F.);
#2429 = EDGE_CURVE('',#2430,#2432,#2434,.T.);
#2430 = VERTEX_POINT('',#2431);
#2431 = CARTESIAN_POINT('',(-6.,4.65,-20.));
#2432 = VERTEX_POINT('',#2433);
#2433 = CARTESIAN_POINT('',(-6.,3.35,-20.));
#2434 = CIRCLE('',#2435,0.65);
#2435 = AXIS2_PLACEMENT_3D('',#2436,#2437,#2438);
#2436 = CARTESIAN_POINT('',(-6.,4.,-20.));
#2437 = DIRECTION('',(0.,0.,-1.));
#2438 = DIRECTION('',(0.,1.,0.));
#2439 = ORIENTED_EDGE('',*,*,#2440,.F.);
#2440 = EDGE_CURVE('',#2432,#2430,#2441,.T.);
#2441 = CIRCLE('',#2442,0.65);
#2442 = AXIS2_PLACEMENT_3D('',#2443,#2444,#2445);
#2443 = CARTESIAN_POINT('',(-6.,4.,-20.));
#2444 = DIRECTION('',(0.,0.,-1.));
#2445 = DIRECTION('',(0.,-1.,0.));
#2446 = FACE_BOUND('',#2447,.F.);
#2447 = EDGE_LOOP('',(#2448,#2459));
#2448 = ORIENTED_EDGE('',*,*,#2449,.F.);
#2449 = EDGE_CURVE('',#2450,#2452,#2454,.T.);
#2450 = VERTEX_POINT('',#2451);
#2451 = CARTESIAN_POINT('',(-2.,4.65,-20.));
#2452 = VERTEX_POINT('',#2453);
#2453 = CARTESIAN_POINT('',(-2.,3.35,-20.));
#2454 = CIRCLE('',#2455,0.65);
#2455 = AXIS2_PLACEMENT_3D('',#2456,#2457,#2458);
#2456 = CARTESIAN_POINT('',(-2.,4.,-20.));
#2457 = DIRECTION('',(0.,0.,-1.));
#2458 = DIRECTION('',(0.,1.,0.));
#2459 = ORIENTED_EDGE('',*,*,#2460,.F.);
#2460 = EDGE_CURVE('',#2452,#2450,#2461,.T.);
#2461 = CIRCLE('',#2462,0.65);
#2462 = AXIS2_PLACEMENT_3D('',#2463,#2464,#2465);
#2463 = CARTESIAN_POINT('',(-2.,4.,-20.));
#2464 = DIRECTION('',(0.,0.,-1.));
#2465 = DIRECTION('',(0.,-1.,0.));
#2466 = FACE_BOUND('',#2467,.F.);
#2467 = EDGE_LOOP('',(#2468,#2479));
#2468 = ORIENTED_EDGE('',*,*,#2469,.F.);
#2469 = EDGE_CURVE('',#2470,#2472,#2474,.T.);
#2470 = VERTEX_POINT('',#2471);
#2471 = CARTESIAN_POINT('',(2.,4.65,-20.));
#2472 = VERTEX_POINT('',#2473);
#2473 = CARTESIAN_POINT('',(2.,3.35,-20.));
#2474 = CIRCLE('',#2475,0.65);
#2475 = AXIS2_PLACEMENT_3D('',#2476,#2477,#2478);
#2476 = CARTESIAN_POINT('',(2.,4.,-20.));
#2477 = DIRECTION('',(0.,0.,-1.));
#2478 = DIRECTION('',(0.,1.,0.));
#2479 = ORIENTED_EDGE('',*,*,#2480,.F.);
#2480 = EDGE_CURVE('',#2472,#2470,#2481,.T.);
#2481 = CIRCLE('',#2482,0.65);
#2482 = AXIS2_PLACEMENT_3D('',#2483,#2484,#2485);
#2483 = CARTESIAN_POINT('',(2.,4.,-20.));
#2484 = DIRECTION('',(0.,0.,-1.));
#2485 = DIRECTION('',(0.,-1.,0.));
#2486 = FACE_BOUND('',#2487,.F.);
#2487 = EDGE_LOOP('',(#2488,#2499));
#2488 = ORIENTED_EDGE('',*,*,#2489,.F.);
#2489 = EDGE_CURVE('',#2490,#2492,#2494,.T.);
#2490 = VERTEX_POINT('',#2491);
#2491 = CARTESIAN_POINT('',(6.,4.65,-20.));
#2492 = VERTEX_POINT('',#2493);
#2493 = CARTESIAN_POINT('',(6.,3.35,-20.));
#2494 = CIRCLE('',#2495,0.65);
#2495 = AXIS2_PLACEMENT_3D('',#2496,#2497,#2498);
#2496 = CARTESIAN_POINT('',(6.,4.,-20.));
#2497 = DIRECTION('',(0.,0.,-1.));
#2498 = DIRECTION('',(0.,1.,0.));
#2499 = ORIENTED_EDGE('',*,*,#2500,.F.);
#2500 = EDGE_CURVE('',#2492,#2490,#2501,.T.);
#2501 = CIRCLE('',#2502,0.65);
#2502 = AXIS2_PLACEMENT_3D('',#2503,#2504,#2505);
#2503 = CARTESIAN_POINT('',(6.,4.,-20.));
#2504 = DIRECTION('',(0.,0.,-1.));
#2505 = DIRECTION('',(0.,-1.,0.));
#2506 = FACE_BOUND('',#2507,.F.);
#2507 = EDGE_LOOP('',(#2508,#2519));
#2508 = ORIENTED_EDGE('',*,*,#2509,.F.);
#2509 = EDGE_CURVE('',#2510,#2512,#2514,.T.);
#2510 = VERTEX_POINT('',#2511);
#2511 = CARTESIAN_POINT('',(10.,4.65,-20.));
#2512 = VERTEX_POINT('',#2513);
#2513 = CARTESIAN_POINT('',(10.,3.35,-20.));
#2514 = CIRCLE('',#2515,0.65);
#2515 = AXIS2_PLACEMENT_3D('',#2516,#2517,#2518);
#2516 = CARTESIAN_POINT('',(10.,4.,-20.));
#2517 = DIRECTION('',(0.,0.,-1.));
#2518 = DIRECTION('',(0.,1.,0.));
#2519 = ORIENTED_EDGE('',*,*,#2520,.F.);
#2520 = EDGE_CURVE('',#2512,#2510,#2521,.T.);
#2521 = CIRCLE('',#2522,0.65);
#2522 = AXIS2_PLACEMENT_3D('',#2523,#2524,#2525);
#2523 = CARTESIAN_POINT('',(10.,4.,-20.));
#2524 = DIRECTION('',(0.,0.,-1.));
#2525 = DIRECTION('',(0.,-1.,0.));
#2526 = FACE_BOUND('',#2527,.F.);
#2527 = EDGE_LOOP('',(#2528,#2539));
#2528 = ORIENTED_EDGE('',*,*,#2529,.F.);
#2529 = EDGE_CURVE('',#2530,#2532,#2534,.T.);
#2530 = VERTEX_POINT('',#2531);
#2531 = CARTESIAN_POINT('',(14.,4.65,-20.));
#2532 = VERTEX_POINT('',#2533);
#2533 = CARTESIAN_POINT('',(14.,3.35,-20.));
#2534 = CIRCLE('',#2535,0.65);
#2535 = AXIS2_PLACEMENT_3D('',#2536,#2537,#2538);
#2536 = CARTESIAN_POINT('',(14.,4.,-20.));
#2537 = DIRECTION('',(0.,0.,-1.));
#2538 = DIRECTION('',(0.,1.,0.));
#2539 = ORIENTED_EDGE('',*,*,#2540,.F.);
#2540 = EDGE_CURVE('',#2532,#2530,#2541,.T.);
#2541 = CIRCLE('',#2542,0.65);
#2542 = AXIS2_PLACEMENT_3D('',#2543,#2544,#2545);
#2543 = CARTESIAN_POINT('',(14.,4.,-20.));
#2544 = DIRECTION('',(0.,0.,-1.));
#2545 = DIRECTION('',(0.,-1.,0.));
#2546 = FACE_BOUND('',#2547,.F.);
#2547 = EDGE_LOOP('',(#2548,#2559));
#2548 = ORIENTED_EDGE('',*,*,#2549,.F.);
#2549 = EDGE_CURVE('',#2550,#2552,#2554,.T.);
#2550 = VERTEX_POINT('',#2551);
#2551 = CARTESIAN_POINT('',(-14.,-3.35,-20.));
#2552 = VERTEX_POINT('',#2553);
#2553 = CARTESIAN_POINT('',(-14.,-4.65,-20.));
#2554 = CIRCLE('',#2555,0.65);
#2555 = AXIS2_PLACEMENT_3D('',#2556,#2557,#2558);
#2556 = CARTESIAN_POINT('',(-14.,-4.,-20.));
#2557 = DIRECTION('',(0.,0.,-1.));
#2558 = DIRECTION('',(0.,1.,0.));
#2559 = ORIENTED_EDGE('',*,*,#2560,.F.);
#2560 = EDGE_CURVE('',#2552,#2550,#2561,.T.);
#2561 = CIRCLE('',#2562,0.65);
#2562 = AXIS2_PLACEMENT_3D('',#2563,#2564,#2565);
#2563 = CARTESIAN_POINT('',(-14.,-4.,-20.));
#2564 = DIRECTION('',(0.,0.,-1.));
#2565 = DIRECTION('',(0.,-1.,0.));
#2566 = FACE_BOUND('',#2567,.F.);
#2567 = EDGE_LOOP('',(#2568,#2579));
#2568 = ORIENTED_EDGE('',*,*,#2569,.F.);
#2569 = EDGE_CURVE('',#2570,#2572,#2574,.T.);
#2570 = VERTEX_POINT('',#2571);
#2571 = CARTESIAN_POINT('',(-10.,-3.35,-20.));
#2572 = VERTEX_POINT('',#2573);
#2573 = CARTESIAN_POINT('',(-10.,-4.65,-20.));
#2574 = CIRCLE('',#2575,0.65);
#2575 = AXIS2_PLACEMENT_3D('',#2576,#2577,#2578);
#2576 = CARTESIAN_POINT('',(-10.,-4.,-20.));
#2577 = DIRECTION('',(0.,0.,-1.));
#2578 = DIRECTION('',(0.,1.,0.));
#2579 = ORIENTED_EDGE('',*,*,#2580,.F.);
#2580 = EDGE_CURVE('',#2572,#2570,#2581,.T.);
#2581 = CIRCLE('',#2582,0.65);
#2582 = AXIS2_PLACEMENT_3D('',#2583,#2584,#2585);
#2583 = CARTESIAN_POINT('',(-10.,-4.,-20.));
#2584 = DIRECTION('',(0.,0.,-1.));
#2585 = DIRECTION('',(0.,-1.,0.));
#2586 = FACE_BOUND('',#2587,.F.);
#2587 = EDGE_LOOP('',(#2588,#2599));
#2588 = ORIENTED_EDGE('',*,*,#2589,.F.);
#2589 = EDGE_CURVE('',#2590,#2592,#2594,.T.);
#2590 = VERTEX_POINT('',#2591);
#2591 = CARTESIAN_POINT('',(-6.,-3.35,-20.));
#2592 = VERTEX_POINT('',#2593);
#2593 = CARTESIAN_POINT('',(-6.,-4.65,-20.));
#2594 = CIRCLE('',#2595,0.65);
#2595 = AXIS2_PLACEMENT_3D('',#2596,#2597,#2598);
#2596 = CARTESIAN_POINT('',(-6.,-4.,-20.));
#2597 = DIRECTION('',(0.,0.,-1.));
#2598 = DIRECTION('',(0.,1.,0.));
#2599 = ORIENTED_EDGE('',*,*,#2600,.F.);
#2600 = EDGE_CURVE('',#2592,#2590,#2601,.T.);
#2601 = CIRCLE('',#2602,0.65);
#2602 = AXIS2_PLACEMENT_3D('',#2603,#2604,#2605);
#2603 = CARTESIAN_POINT('',(-6.,-4.,-20.));
#2604 = DIRECTION('',(0.,0.,-1.));
#2605 = DIRECTION('',(0.,-1.,0.));
#2606 = FACE_BOUND('',#2607,.F.);
#2607 = EDGE_LOOP('',(#2608,#2619));
#2608 = ORIENTED_EDGE('',*,*,#2609,.F.);
#2609 = EDGE_CURVE('',#2610,#2612,#2614,.T.);
#2610 = VERTEX_POINT('',#2611);
#2611 = CARTESIAN_POINT('',(-2.,-3.35,-20.));
#2612 = VERTEX_POINT('',#2613);
#2613 = CARTESIAN_POINT('',(-2.,-4.65,-20.));
#2614 = CIRCLE('',#2615,0.65);
#2615 = AXIS2_PLACEMENT_3D('',#2616,#2617,#2618);
#2616 = CARTESIAN_POINT('',(-2.,-4.,-20.));
#2617 = DIRECTION('',(0.,0.,-1.));
#2618 = DIRECTION('',(0.,1.,0.));
#2619 = ORIENTED_EDGE('',*,*,#2620,.F.);
#2620 = EDGE_CURVE('',#2612,#2610,#2621,.T.);
#2621 = CIRCLE('',#2622,0.65);
#2622 = AXIS2_PLACEMENT_3D('',#2623,#2624,#2625);
#2623 = CARTESIAN_POINT('',(-2.,-4.,-20.));
#2624 = DIRECTION('',(0.,0.,-1.));
#2625 = DIRECTION('',(0.,-1.,0.));
#2626 = FACE_BOUND('',#2627,.F.);
#2627 = EDGE_LOOP('',(#2628,#2639));
#2628 = ORIENTED_EDGE('',*,*,#2629,.F.);
#2629 = EDGE_CURVE('',#2630,#2632,#2634,.T.);
#2630 = VERTEX_POINT('',#2631);
#2631 = CARTESIAN_POINT('',(2.,-3.35,-20.));
#2632 = VERTEX_POINT('',#2633);
#2633 = CARTESIAN_POINT('',(2.,-4.65,-20.));
#2634 = CIRCLE('',#2635,0.65);
#2635 = AXIS2_PLACEMENT_3D('',#2636,#2637,#2638);
#2636 = CARTESIAN_POINT('',(2.,-4.,-20.));
#2637 = DIRECTION('',(0.,0.,-1.));
#2638 = DIRECTION('',(0.,1.,0.));
#2639 = ORIENTED_EDGE('',*,*,#2640,.F.);
#2640 = EDGE_CURVE('',#2632,#2630,#2641,.T.);
#2641 = CIRCLE('',#2642,0.65);
#2642 = AXIS2_PLACEMENT_3D('',#2643,#2644,#2645);
#2643 = CARTESIAN_POINT('',(2.,-4.,-20.));
#2644 = DIRECTION('',(0.,0.,-1.));
#2645 = DIRECTION('',(0.,-1.,0.));
#2646 = FACE_BOUND('',#2647,.F.);
#2647 = EDGE_LOOP('',(#2648,#2659));
#2648 = ORIENTED_EDGE('',*,*,#2649,.F.);
#2649 = EDGE_CURVE('',#2650,#2652,#2654,.T.);
#2650 = VERTEX_POINT('',#2651);
#2651 = CARTESIAN_POINT('',(6.,-3.35,-20.));
#2652 = VERTEX_POINT('',#2653);
#2653 = CARTESIAN_POINT('',(6.,-4.65,-20.));
#2654 = CIRCLE('',#2655,0.65);
#2655 = AXIS2_PLACEMENT_3D('',#2656,#2657,#2658);
#2656 = CARTESIAN_POINT('',(6.,-4.,-20.));
#2657 = DIRECTION('',(0.,0.,-1.));
#2658 = DIRECTION('',(0.,1.,0.));
#2659 = ORIENTED_EDGE('',*,*,#2660,.F.);
#2660 = EDGE_CURVE('',#2652,#2650,#2661,.T.);
#2661 = CIRCLE('',#2662,0.65);
#2662 = AXIS2_PLACEMENT_3D('',#2663,#2664,#2665);
#2663 = CARTESIAN_POINT('',(6.,-4.,-20.));
#2664 = DIRECTION('',(0.,0.,-1.));
#2665 = DIRECTION('',(0.,-1.,0.));
#2666 = FACE_BOUND('',#2667,.F.);
#2667 = EDGE_LOOP('',(#2668,#2679));
#2668 = ORIENTED_EDGE('',*,*,#2669,.F.);
#2669 = EDGE_CURVE('',#2670,#2672,#2674,.T.);
#2670 = VERTEX_POINT('',#2671);
#2671 = CARTESIAN_POINT('',(10.,-3.35,-20.));
#2672 = VERTEX_POINT('',#2673);
#2673 = CARTESIAN_POINT('',(10.,-4.65,-20.));
#2674 = CIRCLE('',#2675,0.65);
#2675 = AXIS2_PLACEMENT_3D('',#2676,#2677,#2678);
#2676 = CARTESIAN_POINT('',(10.,-4.,-20.));
#2677 = DIRECTION('',(0.,0.,-1.));
#2678 = DIRECTION('',(0.,1.,0.));
#2679 = ORIENTED_EDGE('',*,*,#2680,.F.);
#2680 = EDGE_CURVE('',#2672,#2670,#2681,.T.);
#2681 = CIRCLE('',#2682,0.65);
#2682 = AXIS2_PLACEMENT_3D('',#2683,#2684,#2685);
#2683 = CARTESIAN_POINT('',(10.,-4.,-20.));
#2684 = DIRECTION('',(0.,0.,-1.));
#2685 = DIRECTION('',(0.,-1.,0.));
#2686 = FACE_BOUND('',#2687,.F.);
#2687 = EDGE_LOOP('',(#2688,#2699));
#2688 = ORIENTED_EDGE('',*,*,#2689,.F.);
#2689 = EDGE_CURVE('',#2690,#2692,#2694,.T.);
#2690 = VERTEX_POINT('',#2691);
#2691 = CARTESIAN_POINT('',(14.,-3.35,-20.));
#2692 = VERTEX_POINT('',#2693);
#2693 = CARTESIAN_POINT('',(14.,-4.65,-20.));
#2694 = CIRCLE('',#2695,0.65);
#2695 = AXIS2_PLACEMENT_3D('',#2696,#2697,#2698);
#2696 = CARTESIAN_POINT('',(14.,-4.,-20.));
#2697 = DIRECTION('',(0.,0.,-1.));
#2698 = DIRECTION('',(0.,1.,0.));
#2699 = ORIENTED_EDGE('',*,*,#2700,.F.);
#2700 = EDGE_CURVE('',#2692,#2690,#2701,.T.);
#2701 = CIRCLE('',#2702,0.65);
#2702 = AXIS2_PLACEMENT_3D('',#2703,#2704,#2705);
#2703 = CARTESIAN_POINT('',(14.,-4.,-20.));
#2704 = DIRECTION('',(0.,0.,-1.));
#2705 = DIRECTION('',(0.,-1.,0.));
#2706 = FACE_BOUND('',#2707,.F.);
#2707 = EDGE_LOOP('',(#2708,#2719));
#2708 = ORIENTED_EDGE('',*,*,#2709,.F.);
#2709 = EDGE_CURVE('',#2710,#2712,#2714,.T.);
#2710 = VERTEX_POINT('',#2711);
#2711 = CARTESIAN_POINT('',(-12.,0.65,-20.));
#2712 = VERTEX_POINT('',#2713);
#2713 = CARTESIAN_POINT('',(-12.,-0.65,-20.));
#2714 = CIRCLE('',#2715,0.65);
#2715 = AXIS2_PLACEMENT_3D('',#2716,#2717,#2718);
#2716 = CARTESIAN_POINT('',(-12.,0.,-20.));
#2717 = DIRECTION('',(0.,0.,-1.));
#2718 = DIRECTION('',(0.,1.,0.));
#2719 = ORIENTED_EDGE('',*,*,#2720,.F.);
#2720 = EDGE_CURVE('',#2712,#2710,#2721,.T.);
#2721 = CIRCLE('',#2722,0.65);
#2722 = AXIS2_PLACEMENT_3D('',#2723,#2724,#2725);
#2723 = CARTESIAN_POINT('',(-12.,0.,-20.));
#2724 = DIRECTION('',(0.,0.,-1.));
#2725 = DIRECTION('',(0.,-1.,0.));
#2726 = FACE_BOUND('',#2727,.F.);
#2727 = EDGE_LOOP('',(#2728,#2739));
#2728 = ORIENTED_EDGE('',*,*,#2729,.F.);
#2729 = EDGE_CURVE('',#2730,#2732,#2734,.T.);
#2730 = VERTEX_POINT('',#2731);
#2731 = CARTESIAN_POINT('',(-8.,0.65,-20.));
#2732 = VERTEX_POINT('',#2733);
#2733 = CARTESIAN_POINT('',(-8.,-0.65,-20.));
#2734 = CIRCLE('',#2735,0.65);
#2735 = AXIS2_PLACEMENT_3D('',#2736,#2737,#2738);
#2736 = CARTESIAN_POINT('',(-8.,0.,-20.));
#2737 = DIRECTION('',(0.,0.,-1.));
#2738 = DIRECTION('',(0.,1.,0.));
#2739 = ORIENTED_EDGE('',*,*,#2740,.F.);
#2740 = EDGE_CURVE('',#2732,#2730,#2741,.T.);
#2741 = CIRCLE('',#2742,0.65);
#2742 = AXIS2_PLACEMENT_3D('',#2743,#2744,#2745);
#2743 = CARTESIAN_POINT('',(-8.,0.,-20.));
#2744 = DIRECTION('',(0.,0.,-1.));
#2745 = DIRECTION('',(0.,-1.,0.));
#2746 = FACE_BOUND('',#2747,.F.);
#2747 = EDGE_LOOP('',(#2748,#2759));
#2748 = ORIENTED_EDGE('',*,*,#2749,.F.);
#2749 = EDGE_CURVE('',#2750,#2752,#2754,.T.);
#2750 = VERTEX_POINT('',#2751);
#2751 = CARTESIAN_POINT('',(-4.,0.65,-20.));
#2752 = VERTEX_POINT('',#2753);
#2753 = CARTESIAN_POINT('',(-4.,-0.65,-20.));
#2754 = CIRCLE('',#2755,0.65);
#2755 = AXIS2_PLACEMENT_3D('',#2756,#2757,#2758);
#2756 = CARTESIAN_POINT('',(-4.,0.,-20.));
#2757 = DIRECTION('',(0.,0.,-1.));
#2758 = DIRECTION('',(0.,1.,0.));
#2759 = ORIENTED_EDGE('',*,*,#2760,.F.);
#2760 = EDGE_CURVE('',#2752,#2750,#2761,.T.);
#2761 = CIRCLE('',#2762,0.65);
#2762 = AXIS2_PLACEMENT_3D('',#2763,#2764,#2765);
#2763 = CARTESIAN_POINT('',(-4.,0.,-20.));
#2764 = DIRECTION('',(0.,0.,-1.));
#2765 = DIRECTION('',(0.,-1.,0.));
#2766 = FACE_BOUND('',#2767,.F.);
#2767 = EDGE_LOOP('',(#2768,#2779));
#2768 = ORIENTED_EDGE('',*,*,#2769,.F.);
#2769 = EDGE_CURVE('',#2770,#2772,#2774,.T.);
#2770 = VERTEX_POINT('',#2771);
#2771 = CARTESIAN_POINT('',(0.,0.65,-20.));
#2772 = VERTEX_POINT('',#2773);
#2773 = CARTESIAN_POINT('',(0.,-0.65,-20.));
#2774 = CIRCLE('',#2775,0.65);
#2775 = AXIS2_PLACEMENT_3D('',#2776,#2777,#2778);
#2776 = CARTESIAN_POINT('',(0.,0.,-20.));
#2777 = DIRECTION('',(0.,0.,-1.));
#2778 = DIRECTION('',(0.,1.,0.));
#2779 = ORIENTED_EDGE('',*,*,#2780,.F.);
#2780 = EDGE_CURVE('',#2772,#2770,#2781,.T.);
#2781 = CIRCLE('',#2782,0.65);
#2782 = AXIS2_PLACEMENT_3D('',#2783,#2784,#2785);
#2783 = CARTESIAN_POINT('',(0.,0.,-20.));
#2784 = DIRECTION('',(0.,0.,-1.));
#2785 = DIRECTION('',(0.,-1.,0.));
#2786 = FACE_BOUND('',#2787,.F.);
#2787 = EDGE_LOOP('',(#2788,#2799));
#2788 = ORIENTED_EDGE('',*,*,#2789,.F.);
#2789 = EDGE_CURVE('',#2790,#2792,#2794,.T.);
#2790 = VERTEX_POINT('',#2791);
#2791 = CARTESIAN_POINT('',(4.,0.65,-20.));
#2792 = VERTEX_POINT('',#2793);
#2793 = CARTESIAN_POINT('',(4.,-0.65,-20.));
#2794 = CIRCLE('',#2795,0.65);
#2795 = AXIS2_PLACEMENT_3D('',#2796,#2797,#2798);
#2796 = CARTESIAN_POINT('',(4.,0.,-20.));
#2797 = DIRECTION('',(0.,0.,-1.));
#2798 = DIRECTION('',(0.,1.,0.));
#2799 = ORIENTED_EDGE('',*,*,#2800,.F.);
#2800 = EDGE_CURVE('',#2792,#2790,#2801,.T.);
#2801 = CIRCLE('',#2802,0.65);
#2802 = AXIS2_PLACEMENT_3D('',#2803,#2804,#2805);
#2803 = CARTESIAN_POINT('',(4.,0.,-20.));
#2804 = DIRECTION('',(0.,0.,-1.));
#2805 = DIRECTION('',(0.,-1.,0.));
#2806 = FACE_BOUND('',#2807,.F.);
#2807 = EDGE_LOOP('',(#2808,#2819));
#2808 = ORIENTED_EDGE('',*,*,#2809,.F.);
#2809 = EDGE_CURVE('',#2810,#2812,#2814,.T.);
#2810 = VERTEX_POINT('',#2811);
#2811 = CARTESIAN_POINT('',(8.,0.65,-20.));
#2812 = VERTEX_POINT('',#2813);
#2813 = CARTESIAN_POINT('',(8.,-0.65,-20.));
#2814 = CIRCLE('',#2815,0.65);
#2815 = AXIS2_PLACEMENT_3D('',#2816,#2817,#2818);
#2816 = CARTESIAN_POINT('',(8.,0.,-20.));
#2817 = DIRECTION('',(0.,0.,-1.));
#2818 = DIRECTION('',(0.,1.,0.));
#2819 = ORIENTED_EDGE('',*,*,#2820,.F.);
#2820 = EDGE_CURVE('',#2812,#2810,#2821,.T.);
#2821 = CIRCLE('',#2822,0.65);
#2822 = AXIS2_PLACEMENT_3D('',#2823,#2824,#2825);
#2823 = CARTESIAN_POINT('',(8.,0.,-20.));
#2824 = DIRECTION('',(0.,0.,-1.));
#2825 = DIRECTION('',(0.,-1.,0.));
#2826 = FACE_BOUND('',#2827,.F.);
#2827 = EDGE_LOOP('',(#2828,#2839));
#2828 = ORIENTED_EDGE('',*,*,#2829,.F.);
#2829 = EDGE_CURVE('',#2830,#2832,#2834,.T.);
#2830 = VERTEX_POINT('',#2831);
#2831 = CARTESIAN_POINT('',(12.,0.65,-20.));
#2832 = VERTEX_POINT('',#2833);
#2833 = CARTESIAN_POINT('',(12.,-0.65,-20.));
#2834 = CIRCLE('',#2835,0.65);
#2835 = AXIS2_PLACEMENT_3D('',#2836,#2837,#2838);
#2836 = CARTESIAN_POINT('',(12.,0.,-20.));
#2837 = DIRECTION('',(0.,0.,-1.));
#2838 = DIRECTION('',(0.,1.,0.));
#2839 = ORIENTED_EDGE('',*,*,#2840,.F.);
#2840 = EDGE_CURVE('',#2832,#2830,#2841,.T.);
#2841 = CIRCLE('',#2842,0.65);
#2842 = AXIS2_PLACEMENT_3D('',#2843,#2844,#2845);
#2843 = CARTESIAN_POINT('',(12.,0.,-20.));
#2844 = DIRECTION('',(0.,0.,-1.));
#2845 = DIRECTION('',(0.,-1.,0.));
#2846 = FACE_BOUND('',#2847,.F.);
#2847 = EDGE_LOOP('',(#2848,#2858,#2866,#2874,#2882,#2890,#2898));
#2848 = ORIENTED_EDGE('',*,*,#2849,.T.);
#2849 = EDGE_CURVE('',#2850,#2852,#2854,.T.);
#2850 = VERTEX_POINT('',#2851);
#2851 = CARTESIAN_POINT('',(-16.67567567568,3.25,-20.));
#2852 = VERTEX_POINT('',#2853);
#2853 = CARTESIAN_POINT('',(-16.35135135135,3.25,-20.));
#2854 = LINE('',#2855,#2856);
#2855 = CARTESIAN_POINT('',(-16.67567567568,3.25,-20.));
#2856 = VECTOR('',#2857,1.);
#2857 = DIRECTION('',(1.,0.,0.));
#2858 = ORIENTED_EDGE('',*,*,#2859,.T.);
#2859 = EDGE_CURVE('',#2852,#2860,#2862,.T.);
#2860 = VERTEX_POINT('',#2861);
#2861 = CARTESIAN_POINT('',(-16.35135135135,5.25,-20.));
#2862 = LINE('',#2863,#2864);
#2863 = CARTESIAN_POINT('',(-16.35135135135,3.25,-20.));
#2864 = VECTOR('',#2865,1.);
#2865 = DIRECTION('',(0.,1.,0.));
#2866 = ORIENTED_EDGE('',*,*,#2867,.T.);
#2867 = EDGE_CURVE('',#2860,#2868,#2870,.T.);
#2868 = VERTEX_POINT('',#2869);
#2869 = CARTESIAN_POINT('',(-16.67567567568,5.25,-20.));
#2870 = LINE('',#2871,#2872);
#2871 = CARTESIAN_POINT('',(-16.35135135135,5.25,-20.));
#2872 = VECTOR('',#2873,1.);
#2873 = DIRECTION('',(-1.,0.,0.));
#2874 = ORIENTED_EDGE('',*,*,#2875,.T.);
#2875 = EDGE_CURVE('',#2868,#2876,#2878,.T.);
#2876 = VERTEX_POINT('',#2877);
#2877 = CARTESIAN_POINT('',(-17.,4.952127695084,-20.));
#2878 = LINE('',#2879,#2880);
#2879 = CARTESIAN_POINT('',(-16.67567567568,5.25,-20.));
#2880 = VECTOR('',#2881,1.);
#2881 = DIRECTION('',(-0.736503374232,-0.676433869455,0.));
#2882 = ORIENTED_EDGE('',*,*,#2883,.T.);
#2883 = EDGE_CURVE('',#2876,#2884,#2886,.T.);
#2884 = VERTEX_POINT('',#2885);
#2885 = CARTESIAN_POINT('',(-17.,4.611702084541,-20.));
#2886 = LINE('',#2887,#2888);
#2887 = CARTESIAN_POINT('',(-17.,4.952127695084,-20.));
#2888 = VECTOR('',#2889,1.);
#2889 = DIRECTION('',(0.,-1.,0.));
#2890 = ORIENTED_EDGE('',*,*,#2891,.T.);
#2891 = EDGE_CURVE('',#2884,#2892,#2894,.T.);
#2892 = VERTEX_POINT('',#2893);
#2893 = CARTESIAN_POINT('',(-16.67567567568,4.909574508667,-20.));
#2894 = LINE('',#2895,#2896);
#2895 = CARTESIAN_POINT('',(-17.,4.611702084541,-20.));
#2896 = VECTOR('',#2897,1.);
#2897 = DIRECTION('',(0.736503239365,0.676434016298,0.));
#2898 = ORIENTED_EDGE('',*,*,#2899,.T.);
#2899 = EDGE_CURVE('',#2892,#2850,#2900,.T.);
#2900 = LINE('',#2901,#2902);
#2901 = CARTESIAN_POINT('',(-16.67567567568,4.909574508667,-20.));
#2902 = VECTOR('',#2903,1.);
#2903 = DIRECTION('',(0.,-1.,0.));
#2904 = FACE_BOUND('',#2905,.F.);
#2905 = EDGE_LOOP('',(#2906,#2916,#2924,#2932,#2940,#2948,#2956,#2964,
    #2972,#2980,#2988,#2996,#3004,#3012,#3020,#3028,#3036,#3044,#3052,
    #3060,#3068,#3076,#3084,#3092,#3100,#3108,#3116,#3124,#3132,#3140,
    #3148,#3156,#3164,#3172,#3180,#3188,#3196,#3204,#3212,#3220));
#2906 = ORIENTED_EDGE('',*,*,#2907,.T.);
#2907 = EDGE_CURVE('',#2908,#2910,#2912,.T.);
#2908 = VERTEX_POINT('',#2909);
#2909 = CARTESIAN_POINT('',(-14.76931818968,-0.331914889813,-20.));
#2910 = VERTEX_POINT('',#2911);
#2911 = CARTESIAN_POINT('',(-14.93409090713,-0.331914889813,-20.));
#2912 = LINE('',#2913,#2914);
#2913 = CARTESIAN_POINT('',(-14.76931818968,-0.331914889813,-20.));
#2914 = VECTOR('',#2915,1.);
#2915 = DIRECTION('',(-1.,0.,0.));
#2916 = ORIENTED_EDGE('',*,*,#2917,.T.);
#2917 = EDGE_CURVE('',#2910,#2918,#2920,.T.);
#2918 = VERTEX_POINT('',#2919);
#2919 = CARTESIAN_POINT('',(-14.90113636364,-0.459574478865,-20.));
#2920 = LINE('',#2921,#2922);
#2921 = CARTESIAN_POINT('',(-14.93409090713,-0.331914889813,-20.));
#2922 = VECTOR('',#2923,1.);
#2923 = DIRECTION('',(0.249950078156,-0.968258724944,0.));
#2924 = ORIENTED_EDGE('',*,*,#2925,.T.);
#2925 = EDGE_CURVE('',#2918,#2926,#2928,.T.);
#2926 = VERTEX_POINT('',#2927);
#2927 = CARTESIAN_POINT('',(-14.80227272727,-0.629787239432,-20.));
#2928 = LINE('',#2929,#2930);
#2929 = CARTESIAN_POINT('',(-14.90113636364,-0.459574478865,-20.));
#2930 = VECTOR('',#2931,1.);
#2931 = DIRECTION('',(0.502251089959,-0.864721829628,0.));
#2932 = ORIENTED_EDGE('',*,*,#2933,.T.);
#2933 = EDGE_CURVE('',#2926,#2934,#2936,.T.);
#2934 = VERTEX_POINT('',#2935);
#2935 = CARTESIAN_POINT('',(-14.63749999214,-0.757446809858,-20.));
#2936 = LINE('',#2937,#2938);
#2937 = CARTESIAN_POINT('',(-14.80227272727,-0.629787239432,-20.));
#2938 = VECTOR('',#2939,1.);
#2939 = DIRECTION('',(0.790506332077,-0.61245386679,0.));
#2940 = ORIENTED_EDGE('',*,*,#2941,.T.);
#2941 = EDGE_CURVE('',#2934,#2942,#2944,.T.);
#2942 = VERTEX_POINT('',#2943);
#2943 = CARTESIAN_POINT('',(-14.47272725701,-0.8,-20.));
#2944 = LINE('',#2945,#2946);
#2945 = CARTESIAN_POINT('',(-14.63749999214,-0.757446809858,-20.));
#2946 = VECTOR('',#2947,1.);
#2947 = DIRECTION('',(0.968232958511,-0.250049871132,0.));
#2948 = ORIENTED_EDGE('',*,*,#2949,.T.);
#2949 = EDGE_CURVE('',#2942,#2950,#2952,.T.);
#2950 = VERTEX_POINT('',#2951);
#2951 = CARTESIAN_POINT('',(-14.34090910662,-0.8,-20.));
#2952 = LINE('',#2953,#2954);
#2953 = CARTESIAN_POINT('',(-14.47272725701,-0.8,-20.));
#2954 = VECTOR('',#2955,1.);
#2955 = DIRECTION('',(1.,0.,0.));
#2956 = ORIENTED_EDGE('',*,*,#2957,.T.);
#2957 = EDGE_CURVE('',#2950,#2958,#2960,.T.);
#2958 = VERTEX_POINT('',#2959);
#2959 = CARTESIAN_POINT('',(-14.17613639506,-0.757446809858,-20.));
#2960 = LINE('',#2961,#2962);
#2961 = CARTESIAN_POINT('',(-14.34090910662,-0.8,-20.));
#2962 = VECTOR('',#2963,1.);
#2963 = DIRECTION('',(0.968232949851,0.250049904665,0.));
#2964 = ORIENTED_EDGE('',*,*,#2965,.T.);
#2965 = EDGE_CURVE('',#2958,#2966,#2968,.T.);
#2966 = VERTEX_POINT('',#2967);
#2967 = CARTESIAN_POINT('',(-14.01136363636,-0.629787239432,-20.));
#2968 = LINE('',#2969,#2970);
#2969 = CARTESIAN_POINT('',(-14.17613639506,-0.757446809858,-20.));
#2970 = VECTOR('',#2971,1.);
#2971 = DIRECTION('',(0.790506374494,0.612453812041,0.));
#2972 = ORIENTED_EDGE('',*,*,#2973,.T.);
#2973 = EDGE_CURVE('',#2966,#2974,#2976,.T.);
#2974 = VERTEX_POINT('',#2975);
#2975 = CARTESIAN_POINT('',(-13.9125,-0.459574478865,-20.));
#2976 = LINE('',#2977,#2978);
#2977 = CARTESIAN_POINT('',(-14.01136363636,-0.629787239432,-20.));
#2978 = VECTOR('',#2979,1.);
#2979 = DIRECTION('',(0.502251089959,0.864721829628,0.));
#2980 = ORIENTED_EDGE('',*,*,#2981,.T.);
#2981 = EDGE_CURVE('',#2974,#2982,#2984,.T.);
#2982 = VERTEX_POINT('',#2983);
#2983 = CARTESIAN_POINT('',(-13.84659087766,-0.246808516979,-20.));
#2984 = LINE('',#2985,#2986);
#2985 = CARTESIAN_POINT('',(-13.9125,-0.459574478865,-20.));
#2986 = VECTOR('',#2987,1.);
#2987 = DIRECTION('',(0.295900826404,0.955218666554,0.));
#2988 = ORIENTED_EDGE('',*,*,#2989,.T.);
#2989 = EDGE_CURVE('',#2982,#2990,#2992,.T.);
#2990 = VERTEX_POINT('',#2991);
#2991 = CARTESIAN_POINT('',(-13.81363636364,5.106384754181E-02,-20.));
#2992 = LINE('',#2993,#2994);
#2993 = CARTESIAN_POINT('',(-13.84659087766,-0.246808516979,-20.));
#2994 = VECTOR('',#2995,1.);
#2995 = DIRECTION('',(0.109962099664,0.993935780942,0.));
#2996 = ORIENTED_EDGE('',*,*,#2997,.T.);
#2997 = EDGE_CURVE('',#2990,#2998,#3000,.T.);
#2998 = VERTEX_POINT('',#2999);
#2999 = CARTESIAN_POINT('',(-13.81363636364,0.348936152458,-20.));
#3000 = LINE('',#3001,#3002);
#3001 = CARTESIAN_POINT('',(-13.81363636364,5.106384754181E-02,-20.));
#3002 = VECTOR('',#3003,1.);
#3003 = DIRECTION('',(0.,1.,0.));
#3004 = ORIENTED_EDGE('',*,*,#3005,.T.);
#3005 = EDGE_CURVE('',#2998,#3006,#3008,.T.);
#3006 = VERTEX_POINT('',#3007);
#3007 = CARTESIAN_POINT('',(-13.84659087766,0.646808457375,-20.));
#3008 = LINE('',#3009,#3010);
#3009 = CARTESIAN_POINT('',(-13.81363636364,0.348936152458,-20.));
#3010 = VECTOR('',#3011,1.);
#3011 = DIRECTION('',(-0.109962121402,0.993935778537,0.));
#3012 = ORIENTED_EDGE('',*,*,#3013,.T.);
#3013 = EDGE_CURVE('',#3006,#3014,#3016,.T.);
#3014 = VERTEX_POINT('',#3015);
#3015 = CARTESIAN_POINT('',(-13.9125,0.859574508667,-20.));
#3016 = LINE('',#3017,#3018);
#3017 = CARTESIAN_POINT('',(-13.84659087766,0.646808457375,-20.));
#3018 = VECTOR('',#3019,1.);
#3019 = DIRECTION('',(-0.29590071295,0.955218701699,0.));
#3020 = ORIENTED_EDGE('',*,*,#3021,.T.);
#3021 = EDGE_CURVE('',#3014,#3022,#3024,.T.);
#3022 = VERTEX_POINT('',#3023);
#3023 = CARTESIAN_POINT('',(-14.01136363636,1.029787254333,-20.));
#3024 = LINE('',#3025,#3026);
#3025 = CARTESIAN_POINT('',(-13.9125,0.859574508667,-20.));
#3026 = VECTOR('',#3027,1.);
#3027 = DIRECTION('',(-0.502251122837,0.864721810532,0.));
#3028 = ORIENTED_EDGE('',*,*,#3029,.T.);
#3029 = EDGE_CURVE('',#3022,#3030,#3032,.T.);
#3030 = VERTEX_POINT('',#3031);
#3031 = CARTESIAN_POINT('',(-14.17613639506,1.157446813583,-20.));
#3032 = LINE('',#3033,#3034);
#3033 = CARTESIAN_POINT('',(-14.01136363636,1.029787254333,-20.));
#3034 = VECTOR('',#3035,1.);
#3035 = DIRECTION('',(-0.790506400453,0.612453778536,0.));
#3036 = ORIENTED_EDGE('',*,*,#3037,.T.);
#3037 = EDGE_CURVE('',#3030,#3038,#3040,.T.);
#3038 = VERTEX_POINT('',#3039);
#3039 = CARTESIAN_POINT('',(-14.34090910662,1.2,-20.));
#3040 = LINE('',#3041,#3042);
#3041 = CARTESIAN_POINT('',(-14.17613639506,1.157446813583,-20.));
#3042 = VECTOR('',#3043,1.);
#3043 = DIRECTION('',(-0.968232955151,0.250049884143,0.));
#3044 = ORIENTED_EDGE('',*,*,#3045,.T.);
#3045 = EDGE_CURVE('',#3038,#3046,#3048,.T.);
#3046 = VERTEX_POINT('',#3047);
#3047 = CARTESIAN_POINT('',(-14.50568181818,1.2,-20.));
#3048 = LINE('',#3049,#3050);
#3049 = CARTESIAN_POINT('',(-14.34090910662,1.2,-20.));
#3050 = VECTOR('',#3051,1.);
#3051 = DIRECTION('',(-1.,0.,0.));
#3052 = ORIENTED_EDGE('',*,*,#3053,.T.);
#3053 = EDGE_CURVE('',#3046,#3054,#3056,.T.);
#3054 = VERTEX_POINT('',#3055);
#3055 = CARTESIAN_POINT('',(-14.67045455331,1.157446813583,-20.));
#3056 = LINE('',#3057,#3058);
#3057 = CARTESIAN_POINT('',(-14.50568181818,1.2,-20.));
#3058 = VECTOR('',#3059,1.);
#3059 = DIRECTION('',(-0.968232963811,-0.25004985061,0.));
#3060 = ORIENTED_EDGE('',*,*,#3061,.T.);
#3061 = EDGE_CURVE('',#3054,#3062,#3064,.T.);
#3062 = VERTEX_POINT('',#3063);
#3063 = CARTESIAN_POINT('',(-14.83522727666,1.029787254333,-20.));
#3064 = LINE('',#3065,#3066);
#3065 = CARTESIAN_POINT('',(-14.67045455331,1.157446813583,-20.));
#3066 = VECTOR('',#3067,1.);
#3067 = DIRECTION('',(-0.790506336827,-0.612453860659,0.));
#3068 = ORIENTED_EDGE('',*,*,#3069,.T.);
#3069 = EDGE_CURVE('',#3062,#3070,#3072,.T.);
#3070 = VERTEX_POINT('',#3071);
#3071 = CARTESIAN_POINT('',(-14.93409090713,0.859574508667,-20.));
#3072 = LINE('',#3073,#3074);
#3073 = CARTESIAN_POINT('',(-14.83522727666,1.029787254333,-20.));
#3074 = VECTOR('',#3075,1.);
#3075 = DIRECTION('',(-0.502251100452,-0.864721823533,0.));
#3076 = ORIENTED_EDGE('',*,*,#3077,.T.);
#3077 = EDGE_CURVE('',#3070,#3078,#3080,.T.);
#3078 = VERTEX_POINT('',#3079);
#3079 = CARTESIAN_POINT('',(-15.,0.646808457375,-20.));
#3080 = LINE('',#3081,#3082);
#3081 = CARTESIAN_POINT('',(-14.93409090713,0.859574508667,-20.));
#3082 = VECTOR('',#3083,1.);
#3083 = DIRECTION('',(-0.295900592253,-0.955218739088,0.));
#3084 = ORIENTED_EDGE('',*,*,#3085,.T.);
#3085 = EDGE_CURVE('',#3078,#3086,#3088,.T.);
#3086 = VERTEX_POINT('',#3087);
#3087 = CARTESIAN_POINT('',(-15.,0.476595711708,-20.));
#3088 = LINE('',#3089,#3090);
#3089 = CARTESIAN_POINT('',(-15.,0.646808457375,-20.));
#3090 = VECTOR('',#3091,1.);
#3091 = DIRECTION('',(0.,-1.,0.));
#3092 = ORIENTED_EDGE('',*,*,#3093,.T.);
#3093 = EDGE_CURVE('',#3086,#3094,#3096,.T.);
#3094 = VERTEX_POINT('',#3095);
#3095 = CARTESIAN_POINT('',(-14.93409090713,0.263829779625,-20.));
#3096 = LINE('',#3097,#3098);
#3097 = CARTESIAN_POINT('',(-15.,0.476595711708,-20.));
#3098 = VECTOR('',#3099,1.);
#3099 = DIRECTION('',(0.295900743526,-0.955218692228,0.));
#3100 = ORIENTED_EDGE('',*,*,#3101,.T.);
#3101 = EDGE_CURVE('',#3094,#3102,#3104,.T.);
#3102 = VERTEX_POINT('',#3103);
#3103 = CARTESIAN_POINT('',(-14.83522727666,9.361703395843E-02,-20.));
#3104 = LINE('',#3105,#3106);
#3105 = CARTESIAN_POINT('',(-14.93409090713,0.263829779625,-20.));
#3106 = VECTOR('',#3107,1.);
#3107 = DIRECTION('',(0.502251100452,-0.864721823533,0.));
#3108 = ORIENTED_EDGE('',*,*,#3109,.T.);
#3109 = EDGE_CURVE('',#3102,#3110,#3112,.T.);
#3110 = VERTEX_POINT('',#3111);
#3111 = CARTESIAN_POINT('',(-14.67045455331,-3.404252529144E-02,-20.));
#3112 = LINE('',#3113,#3114);
#3113 = CARTESIAN_POINT('',(-14.83522727666,9.361703395843E-02,-20.));
#3114 = VECTOR('',#3115,1.);
#3115 = DIRECTION('',(0.790506336827,-0.612453860659,0.));
#3116 = ORIENTED_EDGE('',*,*,#3117,.T.);
#3117 = EDGE_CURVE('',#3110,#3118,#3120,.T.);
#3118 = VERTEX_POINT('',#3119);
#3119 = CARTESIAN_POINT('',(-14.50568181818,-7.659577131271E-02,-20.));
#3120 = LINE('',#3121,#3122);
#3121 = CARTESIAN_POINT('',(-14.67045455331,-3.404252529144E-02,-20.));
#3122 = VECTOR('',#3123,1.);
#3123 = DIRECTION('',(0.968232879014,-0.250050178958,0.));
#3124 = ORIENTED_EDGE('',*,*,#3125,.T.);
#3125 = EDGE_CURVE('',#3118,#3126,#3128,.T.);
#3126 = VERTEX_POINT('',#3127);
#3127 = CARTESIAN_POINT('',(-14.34090910662,-7.659577131271E-02,-20.));
#3128 = LINE('',#3129,#3130);
#3129 = CARTESIAN_POINT('',(-14.50568181818,-7.659577131271E-02,-20.));
#3130 = VECTOR('',#3131,1.);
#3131 = DIRECTION('',(1.,0.,0.));
#3132 = ORIENTED_EDGE('',*,*,#3133,.T.);
#3133 = EDGE_CURVE('',#3126,#3134,#3136,.T.);
#3134 = VERTEX_POINT('',#3135);
#3135 = CARTESIAN_POINT('',(-14.17613639506,-3.404252529144E-02,-20.));
#3136 = LINE('',#3137,#3138);
#3137 = CARTESIAN_POINT('',(-14.34090910662,-7.659577131271E-02,-20.));
#3138 = VECTOR('',#3139,1.);
#3139 = DIRECTION('',(0.968232870354,0.250050212491,0.));
#3140 = ORIENTED_EDGE('',*,*,#3141,.T.);
#3141 = EDGE_CURVE('',#3134,#3142,#3144,.T.);
#3142 = VERTEX_POINT('',#3143);
#3143 = CARTESIAN_POINT('',(-13.97840912234,0.136170220375,-20.));
#3144 = LINE('',#3145,#3146);
#3145 = CARTESIAN_POINT('',(-14.17613639506,-3.404252529144E-02,-20.));
#3146 = VECTOR('',#3147,1.);
#3147 = DIRECTION('',(0.757868114203,0.652407787718,0.));
#3148 = ORIENTED_EDGE('',*,*,#3149,.T.);
#3149 = EDGE_CURVE('',#3142,#3150,#3152,.T.);
#3150 = VERTEX_POINT('',#3151);
#3151 = CARTESIAN_POINT('',(-13.97840912234,5.106384754181E-02,-20.));
#3152 = LINE('',#3153,#3154);
#3153 = CARTESIAN_POINT('',(-13.97840912234,0.136170220375,-20.));
#3154 = VECTOR('',#3155,1.);
#3155 = DIRECTION('',(0.,-1.,0.));
#3156 = ORIENTED_EDGE('',*,*,#3157,.T.);
#3157 = EDGE_CURVE('',#3150,#3158,#3160,.T.);
#3158 = VERTEX_POINT('',#3159);
#3159 = CARTESIAN_POINT('',(-14.01136363636,-0.204255330563,-20.));
#3160 = LINE('',#3161,#3162);
#3161 = CARTESIAN_POINT('',(-13.97840912234,5.106384754181E-02,-20.));
#3162 = VECTOR('',#3163,1.);
#3163 = DIRECTION('',(-0.128009942995,-0.991772884533,0.));
#3164 = ORIENTED_EDGE('',*,*,#3165,.T.);
#3165 = EDGE_CURVE('',#3158,#3166,#3168,.T.);
#3166 = VERTEX_POINT('',#3167);
#3167 = CARTESIAN_POINT('',(-14.04431815039,-0.331914889813,-20.));
#3168 = LINE('',#3169,#3170);
#3169 = CARTESIAN_POINT('',(-14.01136363636,-0.204255330563,-20.));
#3170 = VECTOR('',#3171,1.);
#3171 = DIRECTION('',(-0.249949923351,-0.968258764906,0.));
#3172 = ORIENTED_EDGE('',*,*,#3173,.T.);
#3173 = EDGE_CURVE('',#3166,#3174,#3176,.T.);
#3174 = VERTEX_POINT('',#3175);
#3175 = CARTESIAN_POINT('',(-14.11022727273,-0.459574478865,-20.));
#3176 = LINE('',#3177,#3178);
#3177 = CARTESIAN_POINT('',(-14.04431815039,-0.331914889813,-20.));
#3178 = VECTOR('',#3179,1.);
#3179 = DIRECTION('',(-0.45875450231,-0.888563057194,0.));
#3180 = ORIENTED_EDGE('',*,*,#3181,.T.);
#3181 = EDGE_CURVE('',#3174,#3182,#3184,.T.);
#3182 = VERTEX_POINT('',#3183);
#3183 = CARTESIAN_POINT('',(-14.20909090909,-0.544680851698,-20.));
#3184 = LINE('',#3185,#3186);
#3185 = CARTESIAN_POINT('',(-14.11022727273,-0.459574478865,-20.));
#3186 = VECTOR('',#3187,1.);
#3187 = DIRECTION('',(-0.757868114203,-0.652407787718,0.));
#3188 = ORIENTED_EDGE('',*,*,#3189,.T.);
#3189 = EDGE_CURVE('',#3182,#3190,#3192,.T.);
#3190 = VERTEX_POINT('',#3191);
#3191 = CARTESIAN_POINT('',(-14.30795454545,-0.587234038115,-20.));
#3192 = LINE('',#3193,#3194);
#3193 = CARTESIAN_POINT('',(-14.20909090909,-0.544680851698,-20.));
#3194 = VECTOR('',#3195,1.);
#3195 = DIRECTION('',(-0.918528117225,-0.395355659966,0.));
#3196 = ORIENTED_EDGE('',*,*,#3197,.T.);
#3197 = EDGE_CURVE('',#3190,#3198,#3200,.T.);
#3198 = VERTEX_POINT('',#3199);
#3199 = CARTESIAN_POINT('',(-14.50568181818,-0.587234038115,-20.));
#3200 = LINE('',#3201,#3202);
#3201 = CARTESIAN_POINT('',(-14.30795454545,-0.587234038115,-20.));
#3202 = VECTOR('',#3203,1.);
#3203 = DIRECTION('',(-1.,0.,0.));
#3204 = ORIENTED_EDGE('',*,*,#3205,.T.);
#3205 = EDGE_CURVE('',#3198,#3206,#3208,.T.);
#3206 = VERTEX_POINT('',#3207);
#3207 = CARTESIAN_POINT('',(-14.60454545455,-0.544680851698,-20.));
#3208 = LINE('',#3209,#3210);
#3209 = CARTESIAN_POINT('',(-14.50568181818,-0.587234038115,-20.));
#3210 = VECTOR('',#3211,1.);
#3211 = DIRECTION('',(-0.918528117225,0.395355659966,0.));
#3212 = ORIENTED_EDGE('',*,*,#3213,.T.);
#3213 = EDGE_CURVE('',#3206,#3214,#3216,.T.);
#3214 = VERTEX_POINT('',#3215);
#3215 = CARTESIAN_POINT('',(-14.70340909091,-0.459574478865,-20.));
#3216 = LINE('',#3217,#3218);
#3217 = CARTESIAN_POINT('',(-14.60454545455,-0.544680851698,-20.));
#3218 = VECTOR('',#3219,1.);
#3219 = DIRECTION('',(-0.757868114203,0.652407787718,0.));
#3220 = ORIENTED_EDGE('',*,*,#3221,.T.);
#3221 = EDGE_CURVE('',#3214,#2908,#3222,.T.);
#3222 = LINE('',#3223,#3224);
#3223 = CARTESIAN_POINT('',(-14.70340909091,-0.459574478865,-20.));
#3224 = VECTOR('',#3225,1.);
#3225 = DIRECTION('',(-0.458754372775,0.888563124072,0.));
#3226 = FACE_BOUND('',#3227,.F.);
#3227 = EDGE_LOOP('',(#3228,#3238,#3246,#3254,#3262,#3270,#3278));
#3228 = ORIENTED_EDGE('',*,*,#3229,.T.);
#3229 = EDGE_CURVE('',#3230,#3232,#3234,.T.);
#3230 = VERTEX_POINT('',#3231);
#3231 = CARTESIAN_POINT('',(-16.31743421053,-6.,-20.));
#3232 = VERTEX_POINT('',#3233);
#3233 = CARTESIAN_POINT('',(-16.13486842105,-6.,-20.));
#3234 = LINE('',#3235,#3236);
#3235 = CARTESIAN_POINT('',(-16.31743421053,-6.,-20.));
#3236 = VECTOR('',#3237,1.);
#3237 = DIRECTION('',(1.,0.,0.));
#3238 = ORIENTED_EDGE('',*,*,#3239,.T.);
#3239 = EDGE_CURVE('',#3232,#3240,#3242,.T.);
#3240 = VERTEX_POINT('',#3241);
#3241 = CARTESIAN_POINT('',(-16.13486842105,-4.,-20.));
#3242 = LINE('',#3243,#3244);
#3243 = CARTESIAN_POINT('',(-16.13486842105,-6.,-20.));
#3244 = VECTOR('',#3245,1.);
#3245 = DIRECTION('',(0.,1.,0.));
#3246 = ORIENTED_EDGE('',*,*,#3247,.T.);
#3247 = EDGE_CURVE('',#3240,#3248,#3250,.T.);
#3248 = VERTEX_POINT('',#3249);
#3249 = CARTESIAN_POINT('',(-16.31743421053,-4.,-20.));
#3250 = LINE('',#3251,#3252);
#3251 = CARTESIAN_POINT('',(-16.13486842105,-4.,-20.));
#3252 = VECTOR('',#3253,1.);
#3253 = DIRECTION('',(-1.,0.,0.));
#3254 = ORIENTED_EDGE('',*,*,#3255,.T.);
#3255 = EDGE_CURVE('',#3248,#3256,#3258,.T.);
#3256 = VERTEX_POINT('',#3257);
#3257 = CARTESIAN_POINT('',(-16.5,-4.297872304916,-20.));
#3258 = LINE('',#3259,#3260);
#3259 = CARTESIAN_POINT('',(-16.31743421053,-4.,-20.));
#3260 = VECTOR('',#3261,1.);
#3261 = DIRECTION('',(-0.522559754415,-0.852602664238,0.));
#3262 = ORIENTED_EDGE('',*,*,#3263,.T.);
#3263 = EDGE_CURVE('',#3256,#3264,#3266,.T.);
#3264 = VERTEX_POINT('',#3265);
#3265 = CARTESIAN_POINT('',(-16.5,-4.638297915459,-20.));
#3266 = LINE('',#3267,#3268);
#3267 = CARTESIAN_POINT('',(-16.5,-4.297872304916,-20.));
#3268 = VECTOR('',#3269,1.);
#3269 = DIRECTION('',(0.,-1.,0.));
#3270 = ORIENTED_EDGE('',*,*,#3271,.T.);
#3271 = EDGE_CURVE('',#3264,#3272,#3274,.T.);
#3272 = VERTEX_POINT('',#3273);
#3273 = CARTESIAN_POINT('',(-16.31743421053,-4.340425491333,-20.));
#3274 = LINE('',#3275,#3276);
#3275 = CARTESIAN_POINT('',(-16.5,-4.638297915459,-20.));
#3276 = VECTOR('',#3277,1.);
#3277 = DIRECTION('',(0.522559602392,0.852602757413,0.));
#3278 = ORIENTED_EDGE('',*,*,#3279,.T.);
#3279 = EDGE_CURVE('',#3272,#3230,#3280,.T.);
#3280 = LINE('',#3281,#3282);
#3281 = CARTESIAN_POINT('',(-16.31743421053,-4.340425491333,-20.));
#3282 = VECTOR('',#3283,1.);
#3283 = DIRECTION('',(0.,-1.,0.));
#3284 = FACE_BOUND('',#3285,.F.);
#3285 = EDGE_LOOP('',(#3286,#3296,#3304,#3312,#3320,#3328,#3336,#3344,
    #3352,#3360,#3368,#3376,#3384,#3392,#3400,#3408,#3416,#3424,#3432,
    #3440,#3448,#3456,#3464,#3472,#3480,#3488,#3496,#3504,#3512,#3520,
    #3528,#3536,#3544,#3552,#3560,#3568,#3576,#3584,#3592,#3600));
#3286 = ORIENTED_EDGE('',*,*,#3287,.T.);
#3287 = EDGE_CURVE('',#3288,#3290,#3292,.T.);
#3288 = VERTEX_POINT('',#3289);
#3289 = CARTESIAN_POINT('',(-14.79605268962,-5.234042525291,-20.));
#3290 = VERTEX_POINT('',#3291);
#3291 = CARTESIAN_POINT('',(-14.85690789474,-5.021276593208,-20.));
#3292 = LINE('',#3293,#3294);
#3293 = CARTESIAN_POINT('',(-14.79605268962,-5.234042525291,-20.));
#3294 = VECTOR('',#3295,1.);
#3295 = DIRECTION('',(-0.274992415552,0.961446395484,0.));
#3296 = ORIENTED_EDGE('',*,*,#3297,.T.);
#3297 = EDGE_CURVE('',#3290,#3298,#3300,.T.);
#3298 = VERTEX_POINT('',#3299);
#3299 = CARTESIAN_POINT('',(-14.94819078947,-4.893617033958,-20.));
#3300 = LINE('',#3301,#3302);
#3301 = CARTESIAN_POINT('',(-14.85690789474,-5.021276593208,-20.));
#3302 = VECTOR('',#3303,1.);
#3303 = DIRECTION('',(-0.581649477365,0.813439540151,0.));
#3304 = ORIENTED_EDGE('',*,*,#3305,.T.);
#3305 = EDGE_CURVE('',#3298,#3306,#3308,.T.);
#3306 = VERTEX_POINT('',#3307);
#3307 = CARTESIAN_POINT('',(-15.10032897639,-4.765957474709,-20.));
#3308 = LINE('',#3309,#3310);
#3309 = CARTESIAN_POINT('',(-14.94819078947,-4.893617033958,-20.));
#3310 = VECTOR('',#3311,1.);
#3311 = DIRECTION('',(-0.766043295868,0.642788976925,0.));
#3312 = ORIENTED_EDGE('',*,*,#3313,.T.);
#3313 = EDGE_CURVE('',#3306,#3314,#3316,.T.);
#3314 = VERTEX_POINT('',#3315);
#3315 = CARTESIAN_POINT('',(-15.25246707625,-4.723404288292,-20.));
#3316 = LINE('',#3317,#3318);
#3317 = CARTESIAN_POINT('',(-15.10032897639,-4.765957474709,-20.));
#3318 = VECTOR('',#3319,1.);
#3319 = DIRECTION('',(-0.963038734071,0.269362946004,0.));
#3320 = ORIENTED_EDGE('',*,*,#3321,.T.);
#3321 = EDGE_CURVE('',#3314,#3322,#3324,.T.);
#3322 = VERTEX_POINT('',#3323);
#3323 = CARTESIAN_POINT('',(-15.40460526316,-4.723404288292,-20.));
#3324 = LINE('',#3325,#3326);
#3325 = CARTESIAN_POINT('',(-15.25246707625,-4.723404288292,-20.));
#3326 = VECTOR('',#3327,1.);
#3327 = DIRECTION('',(-1.,0.,0.));
#3328 = ORIENTED_EDGE('',*,*,#3329,.T.);
#3329 = EDGE_CURVE('',#3322,#3330,#3332,.T.);
#3330 = VERTEX_POINT('',#3331);
#3331 = CARTESIAN_POINT('',(-15.55674345007,-4.765957474709,-20.));
#3332 = LINE('',#3333,#3334);
#3333 = CARTESIAN_POINT('',(-15.40460526316,-4.723404288292,-20.));
#3334 = VECTOR('',#3335,1.);
#3335 = DIRECTION('',(-0.963038774053,-0.269362803056,0.));
#3336 = ORIENTED_EDGE('',*,*,#3337,.T.);
#3337 = EDGE_CURVE('',#3330,#3338,#3340,.T.);
#3338 = VERTEX_POINT('',#3339);
#3339 = CARTESIAN_POINT('',(-15.73930923954,-4.936170220375,-20.));
#3340 = LINE('',#3341,#3342);
#3341 = CARTESIAN_POINT('',(-15.55674345007,-4.765957474709,-20.));
#3342 = VECTOR('',#3343,1.);
#3343 = DIRECTION('',(-0.731418856838,-0.681928482952,0.));
#3344 = ORIENTED_EDGE('',*,*,#3345,.T.);
#3345 = EDGE_CURVE('',#3338,#3346,#3348,.T.);
#3346 = VERTEX_POINT('',#3347);
#3347 = CARTESIAN_POINT('',(-15.73930923954,-4.851063847542,-20.));
#3348 = LINE('',#3349,#3350);
#3349 = CARTESIAN_POINT('',(-15.73930923954,-4.936170220375,-20.));
#3350 = VECTOR('',#3351,1.);
#3351 = DIRECTION('',(0.,1.,0.));
#3352 = ORIENTED_EDGE('',*,*,#3353,.T.);
#3353 = EDGE_CURVE('',#3346,#3354,#3356,.T.);
#3354 = VERTEX_POINT('',#3355);
#3355 = CARTESIAN_POINT('',(-15.70888154993,-4.595744729042,-20.));
#3356 = LINE('',#3357,#3358);
#3357 = CARTESIAN_POINT('',(-15.73930923954,-4.851063847542,-20.));
#3358 = VECTOR('',#3359,1.);
#3359 = DIRECTION('',(0.118337736308,0.992973403554,0.));
#3360 = ORIENTED_EDGE('',*,*,#3361,.T.);
#3361 = EDGE_CURVE('',#3354,#3362,#3364,.T.);
#3362 = VERTEX_POINT('',#3363);
#3363 = CARTESIAN_POINT('',(-15.67845394737,-4.468085050583,-20.));
#3364 = LINE('',#3365,#3366);
#3365 = CARTESIAN_POINT('',(-15.70888154993,-4.595744729042,-20.));
#3366 = VECTOR('',#3367,1.);
#3367 = DIRECTION('',(0.231854455459,0.972750487784,0.));
#3368 = ORIENTED_EDGE('',*,*,#3369,.T.);
#3369 = EDGE_CURVE('',#3362,#3370,#3372,.T.);
#3370 = VERTEX_POINT('',#3371);
#3371 = CARTESIAN_POINT('',(-15.61759865519,-4.340425491333,-20.));
#3372 = LINE('',#3373,#3374);
#3373 = CARTESIAN_POINT('',(-15.67845394737,-4.468085050583,-20.));
#3374 = VECTOR('',#3375,1.);
#3375 = DIRECTION('',(0.430308351383,0.902681961008,0.));
#3376 = ORIENTED_EDGE('',*,*,#3377,.T.);
#3377 = EDGE_CURVE('',#3370,#3378,#3380,.T.);
#3378 = VERTEX_POINT('',#3379);
#3379 = CARTESIAN_POINT('',(-15.52631576046,-4.2553191185,-20.));
#3380 = LINE('',#3381,#3382);
#3381 = CARTESIAN_POINT('',(-15.61759865519,-4.340425491333,-20.));
#3382 = VECTOR('',#3383,1.);
#3383 = DIRECTION('',(0.731418856838,0.681928482952,0.));
#3384 = ORIENTED_EDGE('',*,*,#3385,.T.);
#3385 = EDGE_CURVE('',#3378,#3386,#3388,.T.);
#3386 = VERTEX_POINT('',#3387);
#3387 = CARTESIAN_POINT('',(-15.43503286572,-4.212765932083,-20.));
#3388 = LINE('',#3389,#3390);
#3389 = CARTESIAN_POINT('',(-15.52631576046,-4.2553191185,-20.));
#3390 = VECTOR('',#3391,1.);
#3391 = DIRECTION('',(0.906356180608,0.422514465875,0.));
#3392 = ORIENTED_EDGE('',*,*,#3393,.T.);
#3393 = EDGE_CURVE('',#3386,#3394,#3396,.T.);
#3394 = VERTEX_POINT('',#3395);
#3395 = CARTESIAN_POINT('',(-15.25246707625,-4.212765932083,-20.));
#3396 = LINE('',#3397,#3398);
#3397 = CARTESIAN_POINT('',(-15.43503286572,-4.212765932083,-20.));
#3398 = VECTOR('',#3399,1.);
#3399 = DIRECTION('',(1.,0.,0.));
#3400 = ORIENTED_EDGE('',*,*,#3401,.T.);
#3401 = EDGE_CURVE('',#3394,#3402,#3404,.T.);
#3402 = VERTEX_POINT('',#3403);
#3403 = CARTESIAN_POINT('',(-15.16118418151,-4.2553191185,-20.));
#3404 = LINE('',#3405,#3406);
#3405 = CARTESIAN_POINT('',(-15.25246707625,-4.212765932083,-20.));
#3406 = VECTOR('',#3407,1.);
#3407 = DIRECTION('',(0.906356180608,-0.422514465875,0.));
#3408 = ORIENTED_EDGE('',*,*,#3409,.T.);
#3409 = EDGE_CURVE('',#3402,#3410,#3412,.T.);
#3410 = VERTEX_POINT('',#3411);
#3411 = CARTESIAN_POINT('',(-15.06990128677,-4.340425491333,-20.));
#3412 = LINE('',#3413,#3414);
#3413 = CARTESIAN_POINT('',(-15.16118418151,-4.2553191185,-20.));
#3414 = VECTOR('',#3415,1.);
#3415 = DIRECTION('',(0.731418856838,-0.681928482952,0.));
#3416 = ORIENTED_EDGE('',*,*,#3417,.T.);
#3417 = EDGE_CURVE('',#3410,#3418,#3420,.T.);
#3418 = VERTEX_POINT('',#3419);
#3419 = CARTESIAN_POINT('',(-15.0090459946,-4.468085050583,-20.));
#3420 = LINE('',#3421,#3422);
#3421 = CARTESIAN_POINT('',(-15.06990128677,-4.340425491333,-20.));
#3422 = VECTOR('',#3423,1.);
#3423 = DIRECTION('',(0.430308351383,-0.902681961008,0.));
#3424 = ORIENTED_EDGE('',*,*,#3425,.T.);
#3425 = EDGE_CURVE('',#3418,#3426,#3428,.T.);
#3426 = VERTEX_POINT('',#3427);
#3427 = CARTESIAN_POINT('',(-14.85690789474,-4.468085050583,-20.));
#3428 = LINE('',#3429,#3430);
#3429 = CARTESIAN_POINT('',(-15.0090459946,-4.468085050583,-20.));
#3430 = VECTOR('',#3431,1.);
#3431 = DIRECTION('',(1.,0.,0.));
#3432 = ORIENTED_EDGE('',*,*,#3433,.T.);
#3433 = EDGE_CURVE('',#3426,#3434,#3436,.T.);
#3434 = VERTEX_POINT('',#3435);
#3435 = CARTESIAN_POINT('',(-14.88733558435,-4.340425491333,-20.));
#3436 = LINE('',#3437,#3438);
#3437 = CARTESIAN_POINT('',(-14.85690789474,-4.468085050583,-20.));
#3438 = VECTOR('',#3439,1.);
#3439 = DIRECTION('',(-0.23185528801,0.972750289345,0.));
#3440 = ORIENTED_EDGE('',*,*,#3441,.T.);
#3441 = EDGE_CURVE('',#3434,#3442,#3444,.T.);
#3442 = VERTEX_POINT('',#3443);
#3443 = CARTESIAN_POINT('',(-14.97861847909,-4.170212745667,-20.));
#3444 = LINE('',#3445,#3446);
#3445 = CARTESIAN_POINT('',(-14.88733558435,-4.340425491333,-20.));
#3446 = VECTOR('',#3447,1.);
#3447 = DIRECTION('',(-0.472613581718,0.881269767084,0.));
#3448 = ORIENTED_EDGE('',*,*,#3449,.T.);
#3449 = EDGE_CURVE('',#3442,#3450,#3452,.T.);
#3450 = VERTEX_POINT('',#3451);
#3451 = CARTESIAN_POINT('',(-15.13075657895,-4.042553186417,-20.));
#3452 = LINE('',#3453,#3454);
#3453 = CARTESIAN_POINT('',(-14.97861847909,-4.170212745667,-20.));
#3454 = VECTOR('',#3455,1.);
#3455 = DIRECTION('',(-0.766043114758,0.642789192762,0.));
#3456 = ORIENTED_EDGE('',*,*,#3457,.T.);
#3457 = EDGE_CURVE('',#3450,#3458,#3460,.T.);
#3458 = VERTEX_POINT('',#3459);
#3459 = CARTESIAN_POINT('',(-15.28289476586,-4.,-20.));
#3460 = LINE('',#3461,#3462);
#3461 = CARTESIAN_POINT('',(-15.13075657895,-4.042553186417,-20.));
#3462 = VECTOR('',#3463,1.);
#3463 = DIRECTION('',(-0.963038774053,0.269362803056,0.));
#3464 = ORIENTED_EDGE('',*,*,#3465,.T.);
#3465 = EDGE_CURVE('',#3458,#3466,#3468,.T.);
#3466 = VERTEX_POINT('',#3467);
#3467 = CARTESIAN_POINT('',(-15.40460526316,-4.,-20.));
#3468 = LINE('',#3469,#3470);
#3469 = CARTESIAN_POINT('',(-15.28289476586,-4.,-20.));
#3470 = VECTOR('',#3471,1.);
#3471 = DIRECTION('',(-1.,0.,0.));
#3472 = ORIENTED_EDGE('',*,*,#3473,.T.);
#3473 = EDGE_CURVE('',#3466,#3474,#3476,.T.);
#3474 = VERTEX_POINT('',#3475);
#3475 = CARTESIAN_POINT('',(-15.55674345007,-4.042553186417,-20.));
#3476 = LINE('',#3477,#3478);
#3477 = CARTESIAN_POINT('',(-15.40460526316,-4.,-20.));
#3478 = VECTOR('',#3479,1.);
#3479 = DIRECTION('',(-0.963038774053,-0.269362803056,0.));
#3480 = ORIENTED_EDGE('',*,*,#3481,.T.);
#3481 = EDGE_CURVE('',#3474,#3482,#3484,.T.);
#3482 = VERTEX_POINT('',#3483);
#3483 = CARTESIAN_POINT('',(-15.70888154993,-4.170212745667,-20.));
#3484 = LINE('',#3485,#3486);
#3485 = CARTESIAN_POINT('',(-15.55674345007,-4.042553186417,-20.));
#3486 = VECTOR('',#3487,1.);
#3487 = DIRECTION('',(-0.766043114758,-0.642789192762,0.));
#3488 = ORIENTED_EDGE('',*,*,#3489,.T.);
#3489 = EDGE_CURVE('',#3482,#3490,#3492,.T.);
#3490 = VERTEX_POINT('',#3491);
#3491 = CARTESIAN_POINT('',(-15.80016448819,-4.340425491333,-20.));
#3492 = LINE('',#3493,#3494);
#3493 = CARTESIAN_POINT('',(-15.70888154993,-4.170212745667,-20.));
#3494 = VECTOR('',#3495,1.);
#3495 = DIRECTION('',(-0.47261375674,-0.881269673221,0.));
#3496 = ORIENTED_EDGE('',*,*,#3497,.T.);
#3497 = EDGE_CURVE('',#3490,#3498,#3500,.T.);
#3498 = VERTEX_POINT('',#3499);
#3499 = CARTESIAN_POINT('',(-15.86101973684,-4.553191542625,-20.));
#3500 = LINE('',#3501,#3502);
#3501 = CARTESIAN_POINT('',(-15.80016448819,-4.340425491333,-20.));
#3502 = VECTOR('',#3503,1.);
#3503 = DIRECTION('',(-0.274992454946,-0.961446384216,0.));
#3504 = ORIENTED_EDGE('',*,*,#3505,.T.);
#3505 = EDGE_CURVE('',#3498,#3506,#3508,.T.);
#3506 = VERTEX_POINT('',#3507);
#3507 = CARTESIAN_POINT('',(-15.89144738293,-4.851063847542,-20.));
#3508 = LINE('',#3509,#3510);
#3509 = CARTESIAN_POINT('',(-15.86101973684,-4.553191542625,-20.));
#3510 = VECTOR('',#3511,1.);
#3511 = DIRECTION('',(-0.101621153965,-0.994823170753,0.));
#3512 = ORIENTED_EDGE('',*,*,#3513,.T.);
#3513 = EDGE_CURVE('',#3506,#3514,#3516,.T.);
#3514 = VERTEX_POINT('',#3515);
#3515 = CARTESIAN_POINT('',(-15.89144738293,-5.148936152458,-20.));
#3516 = LINE('',#3517,#3518);
#3517 = CARTESIAN_POINT('',(-15.89144738293,-4.851063847542,-20.));
#3518 = VECTOR('',#3519,1.);
#3519 = DIRECTION('',(0.,-1.,0.));
#3520 = ORIENTED_EDGE('',*,*,#3521,.T.);
#3521 = EDGE_CURVE('',#3514,#3522,#3524,.T.);
#3522 = VERTEX_POINT('',#3523);
#3523 = CARTESIAN_POINT('',(-15.86101973684,-5.446808516979,-20.));
#3524 = LINE('',#3525,#3526);
#3525 = CARTESIAN_POINT('',(-15.89144738293,-5.148936152458,-20.));
#3526 = VECTOR('',#3527,1.);
#3527 = DIRECTION('',(0.10162113384,-0.994823172809,0.));
#3528 = ORIENTED_EDGE('',*,*,#3529,.T.);
#3529 = EDGE_CURVE('',#3522,#3530,#3532,.T.);
#3530 = VERTEX_POINT('',#3531);
#3531 = CARTESIAN_POINT('',(-15.80016448819,-5.659574478865,-20.));
#3532 = LINE('',#3533,#3534);
#3533 = CARTESIAN_POINT('',(-15.86101973684,-5.446808516979,-20.));
#3534 = VECTOR('',#3535,1.);
#3535 = DIRECTION('',(0.274992561763,-0.961446353665,0.));
#3536 = ORIENTED_EDGE('',*,*,#3537,.T.);
#3537 = EDGE_CURVE('',#3530,#3538,#3540,.T.);
#3538 = VERTEX_POINT('',#3539);
#3539 = CARTESIAN_POINT('',(-15.70888154993,-5.829787239432,-20.));
#3540 = LINE('',#3541,#3542);
#3541 = CARTESIAN_POINT('',(-15.80016448819,-5.659574478865,-20.));
#3542 = VECTOR('',#3543,1.);
#3543 = DIRECTION('',(0.472613724607,-0.881269690454,0.));
#3544 = ORIENTED_EDGE('',*,*,#3545,.T.);
#3545 = EDGE_CURVE('',#3538,#3546,#3548,.T.);
#3546 = VERTEX_POINT('',#3547);
#3547 = CARTESIAN_POINT('',(-15.55674345007,-5.957446809858,-20.));
#3548 = LINE('',#3549,#3550);
#3549 = CARTESIAN_POINT('',(-15.70888154993,-5.829787239432,-20.));
#3550 = VECTOR('',#3551,1.);
#3551 = DIRECTION('',(0.766043087049,-0.642789225784,0.));
#3552 = ORIENTED_EDGE('',*,*,#3553,.T.);
#3553 = EDGE_CURVE('',#3546,#3554,#3556,.T.);
#3554 = VERTEX_POINT('',#3555);
#3555 = CARTESIAN_POINT('',(-15.40460526316,-6.,-20.));
#3556 = LINE('',#3557,#3558);
#3557 = CARTESIAN_POINT('',(-15.55674345007,-5.957446809858,-20.));
#3558 = VECTOR('',#3559,1.);
#3559 = DIRECTION('',(0.963038767936,-0.269362824926,0.));
#3560 = ORIENTED_EDGE('',*,*,#3561,.T.);
#3561 = EDGE_CURVE('',#3554,#3562,#3564,.T.);
#3562 = VERTEX_POINT('',#3563);
#3563 = CARTESIAN_POINT('',(-15.25246707625,-6.,-20.));
#3564 = LINE('',#3565,#3566);
#3565 = CARTESIAN_POINT('',(-15.40460526316,-6.,-20.));
#3566 = VECTOR('',#3567,1.);
#3567 = DIRECTION('',(1.,0.,0.));
#3568 = ORIENTED_EDGE('',*,*,#3569,.T.);
#3569 = EDGE_CURVE('',#3562,#3570,#3572,.T.);
#3570 = VERTEX_POINT('',#3571);
#3571 = CARTESIAN_POINT('',(-15.10032897639,-5.957446809858,-20.));
#3572 = LINE('',#3573,#3574);
#3573 = CARTESIAN_POINT('',(-15.25246707625,-6.,-20.));
#3574 = VECTOR('',#3575,1.);
#3575 = DIRECTION('',(0.963038727953,0.269362967874,0.));
#3576 = ORIENTED_EDGE('',*,*,#3577,.T.);
#3577 = EDGE_CURVE('',#3570,#3578,#3580,.T.);
#3578 = VERTEX_POINT('',#3579);
#3579 = CARTESIAN_POINT('',(-14.94819078947,-5.829787239432,-20.));
#3580 = LINE('',#3581,#3582);
#3581 = CARTESIAN_POINT('',(-15.10032897639,-5.957446809858,-20.));
#3582 = VECTOR('',#3583,1.);
#3583 = DIRECTION('',(0.766043268159,0.642789009947,0.));
#3584 = ORIENTED_EDGE('',*,*,#3585,.T.);
#3585 = EDGE_CURVE('',#3578,#3586,#3588,.T.);
#3586 = VERTEX_POINT('',#3587);
#3587 = CARTESIAN_POINT('',(-14.85690789474,-5.659574478865,-20.));
#3588 = LINE('',#3589,#3590);
#3589 = CARTESIAN_POINT('',(-14.94819078947,-5.829787239432,-20.));
#3590 = VECTOR('',#3591,1.);
#3591 = DIRECTION('',(0.472613549585,0.881269784316,0.));
#3592 = ORIENTED_EDGE('',*,*,#3593,.T.);
#3593 = EDGE_CURVE('',#3586,#3594,#3596,.T.);
#3594 = VERTEX_POINT('',#3595);
#3595 = CARTESIAN_POINT('',(-14.79605268962,-5.446808516979,-20.));
#3596 = LINE('',#3597,#3598);
#3597 = CARTESIAN_POINT('',(-14.85690789474,-5.659574478865,-20.));
#3598 = VECTOR('',#3599,1.);
#3599 = DIRECTION('',(0.274992379947,0.961446405668,0.));
#3600 = ORIENTED_EDGE('',*,*,#3601,.T.);
#3601 = EDGE_CURVE('',#3594,#3288,#3602,.T.);
#3602 = LINE('',#3603,#3604);
#3603 = CARTESIAN_POINT('',(-14.79605268962,-5.446808516979,-20.));
#3604 = VECTOR('',#3605,1.);
#3605 = DIRECTION('',(0.,1.,0.));
#3606 = PLANE('',#3607);
#3607 = AXIS2_PLACEMENT_3D('',#3608,#3609,#3610);
#3608 = CARTESIAN_POINT('',(0.,0.,-20.));
#3609 = DIRECTION('',(0.,0.,-1.));
#3610 = DIRECTION('',(-1.,0.,0.));
#3611 = ADVANCED_FACE('',(#3612,#3682),#3958,.F.);
#3612 = FACE_BOUND('',#3613,.F.);
#3613 = EDGE_LOOP('',(#3614,#3624,#3633,#3641,#3650,#3658,#3667,#3675));
#3614 = ORIENTED_EDGE('',*,*,#3615,.T.);
#3615 = EDGE_CURVE('',#3616,#3618,#3620,.T.);
#3616 = VERTEX_POINT('',#3617);
#3617 = CARTESIAN_POINT('',(27.9,11.05,-20.));
#3618 = VERTEX_POINT('',#3619);
#3619 = CARTESIAN_POINT('',(27.9,-11.05,-20.));
#3620 = LINE('',#3621,#3622);
#3621 = CARTESIAN_POINT('',(27.9,11.05,-20.));
#3622 = VECTOR('',#3623,1.);
#3623 = DIRECTION('',(0.,-1.,0.));
#3624 = ORIENTED_EDGE('',*,*,#3625,.T.);
#3625 = EDGE_CURVE('',#3618,#3626,#3628,.T.);
#3626 = VERTEX_POINT('',#3627);
#3627 = CARTESIAN_POINT('',(25.4,-13.55,-20.));
#3628 = CIRCLE('',#3629,2.5);
#3629 = AXIS2_PLACEMENT_3D('',#3630,#3631,#3632);
#3630 = CARTESIAN_POINT('',(25.4,-11.05,-20.));
#3631 = DIRECTION('',(0.,0.,-1.));
#3632 = DIRECTION('',(1.,0.,0.));
#3633 = ORIENTED_EDGE('',*,*,#3634,.T.);
#3634 = EDGE_CURVE('',#3626,#3635,#3637,.T.);
#3635 = VERTEX_POINT('',#3636);
#3636 = CARTESIAN_POINT('',(-25.4,-13.55,-20.));
#3637 = LINE('',#3638,#3639);
#3638 = CARTESIAN_POINT('',(25.4,-13.55,-20.));
#3639 = VECTOR('',#3640,1.);
#3640 = DIRECTION('',(-1.,0.,0.));
#3641 = ORIENTED_EDGE('',*,*,#3642,.T.);
#3642 = EDGE_CURVE('',#3635,#3643,#3645,.T.);
#3643 = VERTEX_POINT('',#3644);
#3644 = CARTESIAN_POINT('',(-27.9,-11.05,-20.));
#3645 = CIRCLE('',#3646,2.5);
#3646 = AXIS2_PLACEMENT_3D('',#3647,#3648,#3649);
#3647 = CARTESIAN_POINT('',(-25.4,-11.05,-20.));
#3648 = DIRECTION('',(0.,0.,-1.));
#3649 = DIRECTION('',(-2.557953848736E-14,-1.,-0.));
#3650 = ORIENTED_EDGE('',*,*,#3651,.T.);
#3651 = EDGE_CURVE('',#3643,#3652,#3654,.T.);
#3652 = VERTEX_POINT('',#3653);
#3653 = CARTESIAN_POINT('',(-27.9,11.05,-20.));
#3654 = LINE('',#3655,#3656);
#3655 = CARTESIAN_POINT('',(-27.9,-11.05,-20.));
#3656 = VECTOR('',#3657,1.);
#3657 = DIRECTION('',(0.,1.,0.));
#3658 = ORIENTED_EDGE('',*,*,#3659,.T.);
#3659 = EDGE_CURVE('',#3652,#3660,#3662,.T.);
#3660 = VERTEX_POINT('',#3661);
#3661 = CARTESIAN_POINT('',(-25.4,13.55,-20.));
#3662 = CIRCLE('',#3663,2.5);
#3663 = AXIS2_PLACEMENT_3D('',#3664,#3665,#3666);
#3664 = CARTESIAN_POINT('',(-25.4,11.05,-20.));
#3665 = DIRECTION('',(0.,0.,-1.));
#3666 = DIRECTION('',(-1.,2.557953848736E-14,0.));
#3667 = ORIENTED_EDGE('',*,*,#3668,.T.);
#3668 = EDGE_CURVE('',#3660,#3669,#3671,.T.);
#3669 = VERTEX_POINT('',#3670);
#3670 = CARTESIAN_POINT('',(25.4,13.55,-20.));
#3671 = LINE('',#3672,#3673);
#3672 = CARTESIAN_POINT('',(-25.4,13.55,-20.));
#3673 = VECTOR('',#3674,1.);
#3674 = DIRECTION('',(1.,0.,0.));
#3675 = ORIENTED_EDGE('',*,*,#3676,.T.);
#3676 = EDGE_CURVE('',#3669,#3616,#3677,.T.);
#3677 = CIRCLE('',#3678,2.5);
#3678 = AXIS2_PLACEMENT_3D('',#3679,#3680,#3681);
#3679 = CARTESIAN_POINT('',(25.4,11.05,-20.));
#3680 = DIRECTION('',(0.,0.,-1.));
#3681 = DIRECTION('',(2.557953848736E-14,1.,0.));
#3682 = FACE_BOUND('',#3683,.F.);
#3683 = EDGE_LOOP('',(#3684,#3695,#3703,#3712,#3720,#3729,#3737,#3746,
    #3754,#3763,#3772,#3780,#3789,#3797,#3806,#3815,#3823,#3832,#3841,
    #3849,#3858,#3866,#3875,#3884,#3892,#3901,#3909,#3918,#3926,#3935,
    #3943,#3952));
#3684 = ORIENTED_EDGE('',*,*,#3685,.F.);
#3685 = EDGE_CURVE('',#3686,#3688,#3690,.T.);
#3686 = VERTEX_POINT('',#3687);
#3687 = CARTESIAN_POINT('',(19.23329613077,-10.55,-20.));
#3688 = VERTEX_POINT('',#3689);
#3689 = CARTESIAN_POINT('',(15.5,-11.8,-20.));
#3690 = CIRCLE('',#3691,6.2);
#3691 = AXIS2_PLACEMENT_3D('',#3692,#3693,#3694);
#3692 = CARTESIAN_POINT('',(15.5,-5.6,-20.));
#3693 = DIRECTION('',(0.,0.,-1.));
#3694 = DIRECTION('',(0.60214453722,-0.798387096774,0.));
#3695 = ORIENTED_EDGE('',*,*,#3696,.T.);
#3696 = EDGE_CURVE('',#3686,#3697,#3699,.T.);
#3697 = VERTEX_POINT('',#3698);
#3698 = CARTESIAN_POINT('',(25.2,-10.55,-20.));
#3699 = LINE('',#3700,#3701);
#3700 = CARTESIAN_POINT('',(19.23329613077,-10.55,-20.));
#3701 = VECTOR('',#3702,1.);
#3702 = DIRECTION('',(1.,0.,0.));
#3703 = ORIENTED_EDGE('',*,*,#3704,.T.);
#3704 = EDGE_CURVE('',#3697,#3705,#3707,.T.);
#3705 = VERTEX_POINT('',#3706);
#3706 = CARTESIAN_POINT('',(27.4,-9.692174742781,-20.));
#3707 = CIRCLE('',#3708,3.25);
#3708 = AXIS2_PLACEMENT_3D('',#3709,#3710,#3711);
#3709 = CARTESIAN_POINT('',(25.2,-7.3,-20.));
#3710 = DIRECTION('',(0.,0.,1.));
#3711 = DIRECTION('',(0.,-1.,0.));
#3712 = ORIENTED_EDGE('',*,*,#3713,.T.);
#3713 = EDGE_CURVE('',#3705,#3714,#3716,.T.);
#3714 = VERTEX_POINT('',#3715);
#3715 = CARTESIAN_POINT('',(27.4,-4.907825257219,-20.));
#3716 = LINE('',#3717,#3718);
#3717 = CARTESIAN_POINT('',(27.4,-9.692174742781,-20.));
#3718 = VECTOR('',#3719,1.);
#3719 = DIRECTION('',(0.,1.,0.));
#3720 = ORIENTED_EDGE('',*,*,#3721,.T.);
#3721 = EDGE_CURVE('',#3714,#3722,#3724,.T.);
#3722 = VERTEX_POINT('',#3723);
#3723 = CARTESIAN_POINT('',(25.2,-4.05,-20.));
#3724 = CIRCLE('',#3725,3.25);
#3725 = AXIS2_PLACEMENT_3D('',#3726,#3727,#3728);
#3726 = CARTESIAN_POINT('',(25.2,-7.3,-20.));
#3727 = DIRECTION('',(0.,0.,1.));
#3728 = DIRECTION('',(0.676923076923,0.73605376701,-0.));
#3729 = ORIENTED_EDGE('',*,*,#3730,.T.);
#3730 = EDGE_CURVE('',#3722,#3731,#3733,.T.);
#3731 = VERTEX_POINT('',#3732);
#3732 = CARTESIAN_POINT('',(22.7,-4.05,-20.));
#3733 = LINE('',#3734,#3735);
#3734 = CARTESIAN_POINT('',(25.2,-4.05,-20.));
#3735 = VECTOR('',#3736,1.);
#3736 = DIRECTION('',(-1.,0.,0.));
#3737 = ORIENTED_EDGE('',*,*,#3738,.F.);
#3738 = EDGE_CURVE('',#3739,#3731,#3741,.T.);
#3739 = VERTEX_POINT('',#3740);
#3740 = CARTESIAN_POINT('',(21.7,-3.05,-20.));
#3741 = CIRCLE('',#3742,1.);
#3742 = AXIS2_PLACEMENT_3D('',#3743,#3744,#3745);
#3743 = CARTESIAN_POINT('',(22.7,-3.05,-20.));
#3744 = DIRECTION('',(0.,0.,1.));
#3745 = DIRECTION('',(-1.,0.,0.));
#3746 = ORIENTED_EDGE('',*,*,#3747,.F.);
#3747 = EDGE_CURVE('',#3748,#3739,#3750,.T.);
#3748 = VERTEX_POINT('',#3749);
#3749 = CARTESIAN_POINT('',(21.7,5.6,-20.));
#3750 = LINE('',#3751,#3752);
#3751 = CARTESIAN_POINT('',(21.7,5.6,-20.));
#3752 = VECTOR('',#3753,1.);
#3753 = DIRECTION('',(0.,-1.,0.));
#3754 = ORIENTED_EDGE('',*,*,#3755,.F.);
#3755 = EDGE_CURVE('',#3756,#3748,#3758,.T.);
#3756 = VERTEX_POINT('',#3757);
#3757 = CARTESIAN_POINT('',(21.64579409906,6.418055555556,-20.));
#3758 = CIRCLE('',#3759,6.2);
#3759 = AXIS2_PLACEMENT_3D('',#3760,#3761,#3762);
#3760 = CARTESIAN_POINT('',(15.5,5.6,-20.));
#3761 = DIRECTION('',(0.,0.,-1.));
#3762 = DIRECTION('',(0.991257112751,0.131944444444,0.));
#3763 = ORIENTED_EDGE('',*,*,#3764,.F.);
#3764 = EDGE_CURVE('',#3765,#3756,#3767,.T.);
#3765 = VERTEX_POINT('',#3766);
#3766 = CARTESIAN_POINT('',(22.63705121181,7.55,-20.));
#3767 = CIRCLE('',#3768,1.);
#3768 = AXIS2_PLACEMENT_3D('',#3769,#3770,#3771);
#3769 = CARTESIAN_POINT('',(22.63705121181,6.55,-20.));
#3770 = DIRECTION('',(0.,-0.,1.));
#3771 = DIRECTION('',(0.,1.,0.));
#3772 = ORIENTED_EDGE('',*,*,#3773,.T.);
#3773 = EDGE_CURVE('',#3765,#3774,#3776,.T.);
#3774 = VERTEX_POINT('',#3775);
#3775 = CARTESIAN_POINT('',(23.7,7.55,-20.));
#3776 = LINE('',#3777,#3778);
#3777 = CARTESIAN_POINT('',(22.63705121181,7.55,-20.));
#3778 = VECTOR('',#3779,1.);
#3779 = DIRECTION('',(1.,0.,0.));
#3780 = ORIENTED_EDGE('',*,*,#3781,.T.);
#3781 = EDGE_CURVE('',#3774,#3782,#3784,.T.);
#3782 = VERTEX_POINT('',#3783);
#3783 = CARTESIAN_POINT('',(26.04520787991,13.05,-20.));
#3784 = CIRCLE('',#3785,3.25);
#3785 = AXIS2_PLACEMENT_3D('',#3786,#3787,#3788);
#3786 = CARTESIAN_POINT('',(23.7,10.8,-20.));
#3787 = DIRECTION('',(0.,0.,1.));
#3788 = DIRECTION('',(0.,-1.,0.));
#3789 = ORIENTED_EDGE('',*,*,#3790,.T.);
#3790 = EDGE_CURVE('',#3782,#3791,#3793,.T.);
#3791 = VERTEX_POINT('',#3792);
#3792 = CARTESIAN_POINT('',(21.35479212009,13.05,-20.));
#3793 = LINE('',#3794,#3795);
#3794 = CARTESIAN_POINT('',(26.04520787991,13.05,-20.));
#3795 = VECTOR('',#3796,1.);
#3796 = DIRECTION('',(-1.,0.,0.));
#3797 = ORIENTED_EDGE('',*,*,#3798,.T.);
#3798 = EDGE_CURVE('',#3791,#3799,#3801,.T.);
#3799 = VERTEX_POINT('',#3800);
#3800 = CARTESIAN_POINT('',(20.83235294118,12.32941176471,-20.));
#3801 = CIRCLE('',#3802,3.25);
#3802 = AXIS2_PLACEMENT_3D('',#3803,#3804,#3805);
#3803 = CARTESIAN_POINT('',(23.7,10.8,-20.));
#3804 = DIRECTION('',(0.,0.,1.));
#3805 = DIRECTION('',(-0.721602424588,0.692307692308,0.));
#3806 = ORIENTED_EDGE('',*,*,#3807,.F.);
#3807 = EDGE_CURVE('',#3808,#3799,#3810,.T.);
#3808 = VERTEX_POINT('',#3809);
#3809 = CARTESIAN_POINT('',(19.95,11.8,-20.));
#3810 = CIRCLE('',#3811,1.);
#3811 = AXIS2_PLACEMENT_3D('',#3812,#3813,#3814);
#3812 = CARTESIAN_POINT('',(19.95,12.8,-20.));
#3813 = DIRECTION('',(0.,0.,1.));
#3814 = DIRECTION('',(0.,-1.,0.));
#3815 = ORIENTED_EDGE('',*,*,#3816,.F.);
#3816 = EDGE_CURVE('',#3817,#3808,#3819,.T.);
#3817 = VERTEX_POINT('',#3818);
#3818 = CARTESIAN_POINT('',(-19.95,11.8,-20.));
#3819 = LINE('',#3820,#3821);
#3820 = CARTESIAN_POINT('',(-19.95,11.8,-20.));
#3821 = VECTOR('',#3822,1.);
#3822 = DIRECTION('',(1.,0.,0.));
#3823 = ORIENTED_EDGE('',*,*,#3824,.F.);
#3824 = EDGE_CURVE('',#3825,#3817,#3827,.T.);
#3825 = VERTEX_POINT('',#3826);
#3826 = CARTESIAN_POINT('',(-20.83235294118,12.32941176471,-20.));
#3827 = CIRCLE('',#3828,1.);
#3828 = AXIS2_PLACEMENT_3D('',#3829,#3830,#3831);
#3829 = CARTESIAN_POINT('',(-19.95,12.8,-20.));
#3830 = DIRECTION('',(0.,0.,1.));
#3831 = DIRECTION('',(-0.882352941176,-0.470588235294,0.));
#3832 = ORIENTED_EDGE('',*,*,#3833,.T.);
#3833 = EDGE_CURVE('',#3825,#3834,#3836,.T.);
#3834 = VERTEX_POINT('',#3835);
#3835 = CARTESIAN_POINT('',(-21.35479212009,13.05,-20.));
#3836 = CIRCLE('',#3837,3.25);
#3837 = AXIS2_PLACEMENT_3D('',#3838,#3839,#3840);
#3838 = CARTESIAN_POINT('',(-23.7,10.8,-20.));
#3839 = DIRECTION('',(0.,0.,1.));
#3840 = DIRECTION('',(0.882352941176,0.470588235294,-0.));
#3841 = ORIENTED_EDGE('',*,*,#3842,.T.);
#3842 = EDGE_CURVE('',#3834,#3843,#3845,.T.);
#3843 = VERTEX_POINT('',#3844);
#3844 = CARTESIAN_POINT('',(-26.04520787991,13.05,-20.));
#3845 = LINE('',#3846,#3847);
#3846 = CARTESIAN_POINT('',(-21.35479212009,13.05,-20.));
#3847 = VECTOR('',#3848,1.);
#3848 = DIRECTION('',(-1.,0.,0.));
#3849 = ORIENTED_EDGE('',*,*,#3850,.T.);
#3850 = EDGE_CURVE('',#3843,#3851,#3853,.T.);
#3851 = VERTEX_POINT('',#3852);
#3852 = CARTESIAN_POINT('',(-23.7,7.55,-20.));
#3853 = CIRCLE('',#3854,3.25);
#3854 = AXIS2_PLACEMENT_3D('',#3855,#3856,#3857);
#3855 = CARTESIAN_POINT('',(-23.7,10.8,-20.));
#3856 = DIRECTION('',(0.,0.,1.));
#3857 = DIRECTION('',(-0.721602424588,0.692307692308,0.));
#3858 = ORIENTED_EDGE('',*,*,#3859,.T.);
#3859 = EDGE_CURVE('',#3851,#3860,#3862,.T.);
#3860 = VERTEX_POINT('',#3861);
#3861 = CARTESIAN_POINT('',(-22.63705121181,7.55,-20.));
#3862 = LINE('',#3863,#3864);
#3863 = CARTESIAN_POINT('',(-23.7,7.55,-20.));
#3864 = VECTOR('',#3865,1.);
#3865 = DIRECTION('',(1.,0.,0.));
#3866 = ORIENTED_EDGE('',*,*,#3867,.F.);
#3867 = EDGE_CURVE('',#3868,#3860,#3870,.T.);
#3868 = VERTEX_POINT('',#3869);
#3869 = CARTESIAN_POINT('',(-21.64579409906,6.418055555556,-20.));
#3870 = CIRCLE('',#3871,1.);
#3871 = AXIS2_PLACEMENT_3D('',#3872,#3873,#3874);
#3872 = CARTESIAN_POINT('',(-22.63705121181,6.55,-20.));
#3873 = DIRECTION('',(0.,0.,1.));
#3874 = DIRECTION('',(0.991257112751,-0.131944444444,0.));
#3875 = ORIENTED_EDGE('',*,*,#3876,.F.);
#3876 = EDGE_CURVE('',#3877,#3868,#3879,.T.);
#3877 = VERTEX_POINT('',#3878);
#3878 = CARTESIAN_POINT('',(-21.7,5.6,-20.));
#3879 = CIRCLE('',#3880,6.2);
#3880 = AXIS2_PLACEMENT_3D('',#3881,#3882,#3883);
#3881 = CARTESIAN_POINT('',(-15.5,5.6,-20.));
#3882 = DIRECTION('',(0.,0.,-1.));
#3883 = DIRECTION('',(-1.,0.,0.));
#3884 = ORIENTED_EDGE('',*,*,#3885,.F.);
#3885 = EDGE_CURVE('',#3886,#3877,#3888,.T.);
#3886 = VERTEX_POINT('',#3887);
#3887 = CARTESIAN_POINT('',(-21.7,-3.05,-20.));
#3888 = LINE('',#3889,#3890);
#3889 = CARTESIAN_POINT('',(-21.7,-3.05,-20.));
#3890 = VECTOR('',#3891,1.);
#3891 = DIRECTION('',(0.,1.,0.));
#3892 = ORIENTED_EDGE('',*,*,#3893,.F.);
#3893 = EDGE_CURVE('',#3894,#3886,#3896,.T.);
#3894 = VERTEX_POINT('',#3895);
#3895 = CARTESIAN_POINT('',(-22.7,-4.05,-20.));
#3896 = CIRCLE('',#3897,1.);
#3897 = AXIS2_PLACEMENT_3D('',#3898,#3899,#3900);
#3898 = CARTESIAN_POINT('',(-22.7,-3.05,-20.));
#3899 = DIRECTION('',(0.,0.,1.));
#3900 = DIRECTION('',(0.,-1.,0.));
#3901 = ORIENTED_EDGE('',*,*,#3902,.T.);
#3902 = EDGE_CURVE('',#3894,#3903,#3905,.T.);
#3903 = VERTEX_POINT('',#3904);
#3904 = CARTESIAN_POINT('',(-25.2,-4.05,-20.));
#3905 = LINE('',#3906,#3907);
#3906 = CARTESIAN_POINT('',(-22.7,-4.05,-20.));
#3907 = VECTOR('',#3908,1.);
#3908 = DIRECTION('',(-1.,0.,0.));
#3909 = ORIENTED_EDGE('',*,*,#3910,.T.);
#3910 = EDGE_CURVE('',#3903,#3911,#3913,.T.);
#3911 = VERTEX_POINT('',#3912);
#3912 = CARTESIAN_POINT('',(-27.4,-4.907825257219,-20.));
#3913 = CIRCLE('',#3914,3.25);
#3914 = AXIS2_PLACEMENT_3D('',#3915,#3916,#3917);
#3915 = CARTESIAN_POINT('',(-25.2,-7.3,-20.));
#3916 = DIRECTION('',(0.,-0.,1.));
#3917 = DIRECTION('',(0.,1.,0.));
#3918 = ORIENTED_EDGE('',*,*,#3919,.T.);
#3919 = EDGE_CURVE('',#3911,#3920,#3922,.T.);
#3920 = VERTEX_POINT('',#3921);
#3921 = CARTESIAN_POINT('',(-27.4,-9.692174742781,-20.));
#3922 = LINE('',#3923,#3924);
#3923 = CARTESIAN_POINT('',(-27.4,-4.907825257219,-20.));
#3924 = VECTOR('',#3925,1.);
#3925 = DIRECTION('',(0.,-1.,0.));
#3926 = ORIENTED_EDGE('',*,*,#3927,.T.);
#3927 = EDGE_CURVE('',#3920,#3928,#3930,.T.);
#3928 = VERTEX_POINT('',#3929);
#3929 = CARTESIAN_POINT('',(-25.2,-10.55,-20.));
#3930 = CIRCLE('',#3931,3.25);
#3931 = AXIS2_PLACEMENT_3D('',#3932,#3933,#3934);
#3932 = CARTESIAN_POINT('',(-25.2,-7.3,-20.));
#3933 = DIRECTION('',(0.,0.,1.));
#3934 = DIRECTION('',(-0.676923076923,-0.73605376701,0.));
#3935 = ORIENTED_EDGE('',*,*,#3936,.T.);
#3936 = EDGE_CURVE('',#3928,#3937,#3939,.T.);
#3937 = VERTEX_POINT('',#3938);
#3938 = CARTESIAN_POINT('',(-19.23329613077,-10.55,-20.));
#3939 = LINE('',#3940,#3941);
#3940 = CARTESIAN_POINT('',(-25.2,-10.55,-20.));
#3941 = VECTOR('',#3942,1.);
#3942 = DIRECTION('',(1.,0.,0.));
#3943 = ORIENTED_EDGE('',*,*,#3944,.F.);
#3944 = EDGE_CURVE('',#3945,#3937,#3947,.T.);
#3945 = VERTEX_POINT('',#3946);
#3946 = CARTESIAN_POINT('',(-15.5,-11.8,-20.));
#3947 = CIRCLE('',#3948,6.2);
#3948 = AXIS2_PLACEMENT_3D('',#3949,#3950,#3951);
#3949 = CARTESIAN_POINT('',(-15.5,-5.6,-20.));
#3950 = DIRECTION('',(0.,0.,-1.));
#3951 = DIRECTION('',(0.,-1.,0.));
#3952 = ORIENTED_EDGE('',*,*,#3953,.F.);
#3953 = EDGE_CURVE('',#3688,#3945,#3954,.T.);
#3954 = LINE('',#3955,#3956);
#3955 = CARTESIAN_POINT('',(15.5,-11.8,-20.));
#3956 = VECTOR('',#3957,1.);
#3957 = DIRECTION('',(-1.,0.,0.));
#3958 = PLANE('',#3959);
#3959 = AXIS2_PLACEMENT_3D('',#3960,#3961,#3962);
#3960 = CARTESIAN_POINT('',(0.,0.,-20.));
#3961 = DIRECTION('',(0.,0.,-1.));
#3962 = DIRECTION('',(-1.,0.,0.));
#3963 = ADVANCED_FACE('',(#3964),#4126,.F.);
#3964 = FACE_BOUND('',#3965,.F.);
#3965 = EDGE_LOOP('',(#3966,#3976,#3984,#3992,#4000,#4008,#4016,#4024,
    #4032,#4040,#4048,#4056,#4064,#4072,#4080,#4088,#4096,#4104,#4112,
    #4120));
#3966 = ORIENTED_EDGE('',*,*,#3967,.T.);
#3967 = EDGE_CURVE('',#3968,#3970,#3972,.T.);
#3968 = VERTEX_POINT('',#3969);
#3969 = CARTESIAN_POINT('',(-14.01136363636,0.604255270958,-20.));
#3970 = VERTEX_POINT('',#3971);
#3971 = CARTESIAN_POINT('',(-14.01136363636,0.519148898125,-20.));
#3972 = LINE('',#3973,#3974);
#3973 = CARTESIAN_POINT('',(-14.01136363636,0.604255270958,-20.));
#3974 = VECTOR('',#3975,1.);
#3975 = DIRECTION('',(0.,-1.,0.));
#3976 = ORIENTED_EDGE('',*,*,#3977,.T.);
#3977 = EDGE_CURVE('',#3970,#3978,#3980,.T.);
#3978 = VERTEX_POINT('',#3979);
#3979 = CARTESIAN_POINT('',(-14.04431815039,0.391489338875,-20.));
#3980 = LINE('',#3981,#3982);
#3981 = CARTESIAN_POINT('',(-14.01136363636,0.519148898125,-20.));
#3982 = VECTOR('',#3983,1.);
#3983 = DIRECTION('',(-0.249949923351,-0.968258764906,0.));
#3984 = ORIENTED_EDGE('',*,*,#3985,.T.);
#3985 = EDGE_CURVE('',#3978,#3986,#3988,.T.);
#3986 = VERTEX_POINT('',#3987);
#3987 = CARTESIAN_POINT('',(-14.11022727273,0.263829779625,-20.));
#3988 = LINE('',#3989,#3990);
#3989 = CARTESIAN_POINT('',(-14.04431815039,0.391489338875,-20.));
#3990 = VECTOR('',#3991,1.);
#3991 = DIRECTION('',(-0.458754586868,-0.888563013538,0.));
#3992 = ORIENTED_EDGE('',*,*,#3993,.T.);
#3993 = EDGE_CURVE('',#3986,#3994,#3996,.T.);
#3994 = VERTEX_POINT('',#3995);
#3995 = CARTESIAN_POINT('',(-14.20909090909,0.178723406792,-20.));
#3996 = LINE('',#3997,#3998);
#3997 = CARTESIAN_POINT('',(-14.11022727273,0.263829779625,-20.));
#3998 = VECTOR('',#3999,1.);
#3999 = DIRECTION('',(-0.757868114203,-0.652407787718,0.));
#4000 = ORIENTED_EDGE('',*,*,#4001,.T.);
#4001 = EDGE_CURVE('',#3994,#4002,#4004,.T.);
#4002 = VERTEX_POINT('',#4003);
#4003 = CARTESIAN_POINT('',(-14.30795454545,0.136170220375,-20.));
#4004 = LINE('',#4005,#4006);
#4005 = CARTESIAN_POINT('',(-14.20909090909,0.178723406792,-20.));
#4006 = VECTOR('',#4007,1.);
#4007 = DIRECTION('',(-0.918528117225,-0.395355659966,0.));
#4008 = ORIENTED_EDGE('',*,*,#4009,.T.);
#4009 = EDGE_CURVE('',#4002,#4010,#4012,.T.);
#4010 = VERTEX_POINT('',#4011);
#4011 = CARTESIAN_POINT('',(-14.53863637935,0.136170220375,-20.));
#4012 = LINE('',#4013,#4014);
#4013 = CARTESIAN_POINT('',(-14.30795454545,0.136170220375,-20.));
#4014 = VECTOR('',#4015,1.);
#4015 = DIRECTION('',(-1.,0.,0.));
#4016 = ORIENTED_EDGE('',*,*,#4017,.T.);
#4017 = EDGE_CURVE('',#4010,#4018,#4020,.T.);
#4018 = VERTEX_POINT('',#4019);
#4019 = CARTESIAN_POINT('',(-14.63749999214,0.178723406792,-20.));
#4020 = LINE('',#4021,#4022);
#4021 = CARTESIAN_POINT('',(-14.53863637935,0.136170220375,-20.));
#4022 = VECTOR('',#4023,1.);
#4023 = DIRECTION('',(-0.918528082995,0.395355739493,0.));
#4024 = ORIENTED_EDGE('',*,*,#4025,.T.);
#4025 = EDGE_CURVE('',#4018,#4026,#4028,.T.);
#4026 = VERTEX_POINT('',#4027);
#4027 = CARTESIAN_POINT('',(-14.73636362851,0.263829779625,-20.));
#4028 = LINE('',#4029,#4030);
#4029 = CARTESIAN_POINT('',(-14.63749999214,0.178723406792,-20.));
#4030 = VECTOR('',#4031,1.);
#4031 = DIRECTION('',(-0.757868114203,0.652407787718,0.));
#4032 = ORIENTED_EDGE('',*,*,#4033,.T.);
#4033 = EDGE_CURVE('',#4026,#4034,#4036,.T.);
#4034 = VERTEX_POINT('',#4035);
#4035 = CARTESIAN_POINT('',(-14.80227272727,0.391489338875,-20.));
#4036 = LINE('',#4037,#4038);
#4037 = CARTESIAN_POINT('',(-14.73636362851,0.263829779625,-20.));
#4038 = VECTOR('',#4039,1.);
#4039 = DIRECTION('',(-0.458754457333,0.888563080416,0.));
#4040 = ORIENTED_EDGE('',*,*,#4041,.T.);
#4041 = EDGE_CURVE('',#4034,#4042,#4044,.T.);
#4042 = VERTEX_POINT('',#4043);
#4043 = CARTESIAN_POINT('',(-14.83522727666,0.519148898125,-20.));
#4044 = LINE('',#4045,#4046);
#4045 = CARTESIAN_POINT('',(-14.80227272727,0.391489338875,-20.));
#4046 = VECTOR('',#4047,1.);
#4047 = DIRECTION('',(-0.249950174765,0.968258700005,0.));
#4048 = ORIENTED_EDGE('',*,*,#4049,.T.);
#4049 = EDGE_CURVE('',#4042,#4050,#4052,.T.);
#4050 = VERTEX_POINT('',#4051);
#4051 = CARTESIAN_POINT('',(-14.83522727666,0.604255270958,-20.));
#4052 = LINE('',#4053,#4054);
#4053 = CARTESIAN_POINT('',(-14.83522727666,0.519148898125,-20.));
#4054 = VECTOR('',#4055,1.);
#4055 = DIRECTION('',(0.,1.,0.));
#4056 = ORIENTED_EDGE('',*,*,#4057,.T.);
#4057 = EDGE_CURVE('',#4050,#4058,#4060,.T.);
#4058 = VERTEX_POINT('',#4059);
#4059 = CARTESIAN_POINT('',(-14.80227272727,0.731914949417,-20.));
#4060 = LINE('',#4061,#4062);
#4061 = CARTESIAN_POINT('',(-14.83522727666,0.604255270958,-20.));
#4062 = VECTOR('',#4063,1.);
#4063 = DIRECTION('',(0.249949955942,0.968258756493,0.));
#4064 = ORIENTED_EDGE('',*,*,#4065,.T.);
#4065 = EDGE_CURVE('',#4058,#4066,#4068,.T.);
#4066 = VERTEX_POINT('',#4067);
#4067 = CARTESIAN_POINT('',(-14.73636362851,0.859574508667,-20.));
#4068 = LINE('',#4069,#4070);
#4069 = CARTESIAN_POINT('',(-14.80227272727,0.731914949417,-20.));
#4070 = VECTOR('',#4071,1.);
#4071 = DIRECTION('',(0.458754457333,0.888563080416,0.));
#4072 = ORIENTED_EDGE('',*,*,#4073,.T.);
#4073 = EDGE_CURVE('',#4066,#4074,#4076,.T.);
#4074 = VERTEX_POINT('',#4075);
#4075 = CARTESIAN_POINT('',(-14.63749999214,0.9446808815,-20.));
#4076 = LINE('',#4077,#4078);
#4077 = CARTESIAN_POINT('',(-14.73636362851,0.859574508667,-20.));
#4078 = VECTOR('',#4079,1.);
#4079 = DIRECTION('',(0.757868114203,0.652407787718,0.));
#4080 = ORIENTED_EDGE('',*,*,#4081,.T.);
#4081 = EDGE_CURVE('',#4074,#4082,#4084,.T.);
#4082 = VERTEX_POINT('',#4083);
#4083 = CARTESIAN_POINT('',(-14.53863637935,0.987234067917,-20.));
#4084 = LINE('',#4085,#4086);
#4085 = CARTESIAN_POINT('',(-14.63749999214,0.9446808815,-20.));
#4086 = VECTOR('',#4087,1.);
#4087 = DIRECTION('',(0.918528082995,0.395355739493,0.));
#4088 = ORIENTED_EDGE('',*,*,#4089,.T.);
#4089 = EDGE_CURVE('',#4082,#4090,#4092,.T.);
#4090 = VERTEX_POINT('',#4091);
#4091 = CARTESIAN_POINT('',(-14.30795454545,0.987234067917,-20.));
#4092 = LINE('',#4093,#4094);
#4093 = CARTESIAN_POINT('',(-14.53863637935,0.987234067917,-20.));
#4094 = VECTOR('',#4095,1.);
#4095 = DIRECTION('',(1.,0.,0.));
#4096 = ORIENTED_EDGE('',*,*,#4097,.T.);
#4097 = EDGE_CURVE('',#4090,#4098,#4100,.T.);
#4098 = VERTEX_POINT('',#4099);
#4099 = CARTESIAN_POINT('',(-14.20909090909,0.9446808815,-20.));
#4100 = LINE('',#4101,#4102);
#4101 = CARTESIAN_POINT('',(-14.30795454545,0.987234067917,-20.));
#4102 = VECTOR('',#4103,1.);
#4103 = DIRECTION('',(0.918528117225,-0.395355659966,0.));
#4104 = ORIENTED_EDGE('',*,*,#4105,.T.);
#4105 = EDGE_CURVE('',#4098,#4106,#4108,.T.);
#4106 = VERTEX_POINT('',#4107);
#4107 = CARTESIAN_POINT('',(-14.11022727273,0.859574508667,-20.));
#4108 = LINE('',#4109,#4110);
#4109 = CARTESIAN_POINT('',(-14.20909090909,0.9446808815,-20.));
#4110 = VECTOR('',#4111,1.);
#4111 = DIRECTION('',(0.757868114203,-0.652407787718,0.));
#4112 = ORIENTED_EDGE('',*,*,#4113,.T.);
#4113 = EDGE_CURVE('',#4106,#4114,#4116,.T.);
#4114 = VERTEX_POINT('',#4115);
#4115 = CARTESIAN_POINT('',(-14.04431815039,0.731914949417,-20.));
#4116 = LINE('',#4117,#4118);
#4117 = CARTESIAN_POINT('',(-14.11022727273,0.859574508667,-20.));
#4118 = VECTOR('',#4119,1.);
#4119 = DIRECTION('',(0.458754586868,-0.888563013538,0.));
#4120 = ORIENTED_EDGE('',*,*,#4121,.T.);
#4121 = EDGE_CURVE('',#4114,#3968,#4122,.T.);
#4122 = LINE('',#4123,#4124);
#4123 = CARTESIAN_POINT('',(-14.04431815039,0.731914949417,-20.));
#4124 = VECTOR('',#4125,1.);
#4125 = DIRECTION('',(0.249949704528,-0.968258821393,0.));
#4126 = PLANE('',#4127);
#4127 = AXIS2_PLACEMENT_3D('',#4128,#4129,#4130);
#4128 = CARTESIAN_POINT('',(0.,0.,-20.));
#4129 = DIRECTION('',(0.,0.,-1.));
#4130 = DIRECTION('',(-1.,0.,0.));
#4131 = ADVANCED_FACE('',(#4132),#4294,.F.);
#4132 = FACE_BOUND('',#4133,.F.);
#4133 = EDGE_LOOP('',(#4134,#4144,#4152,#4160,#4168,#4176,#4184,#4192,
    #4200,#4208,#4216,#4224,#4232,#4240,#4248,#4256,#4264,#4272,#4280,
    #4288));
#4134 = ORIENTED_EDGE('',*,*,#4135,.T.);
#4135 = EDGE_CURVE('',#4136,#4138,#4140,.T.);
#4136 = VERTEX_POINT('',#4137);
#4137 = CARTESIAN_POINT('',(-15.03947368421,-5.063829779625,-20.));
#4138 = VERTEX_POINT('',#4139);
#4139 = CARTESIAN_POINT('',(-14.97861847909,-5.148936152458,-20.));
#4140 = LINE('',#4141,#4142);
#4141 = CARTESIAN_POINT('',(-15.03947368421,-5.063829779625,-20.));
#4142 = VECTOR('',#4143,1.);
#4143 = DIRECTION('',(0.581649110326,-0.813439802602,0.));
#4144 = ORIENTED_EDGE('',*,*,#4145,.T.);
#4145 = EDGE_CURVE('',#4138,#4146,#4148,.T.);
#4146 = VERTEX_POINT('',#4147);
#4147 = CARTESIAN_POINT('',(-14.94819078947,-5.276595771313,-20.));
#4148 = LINE('',#4149,#4150);
#4149 = CARTESIAN_POINT('',(-14.97861847909,-5.148936152458,-20.));
#4150 = VECTOR('',#4151,1.);
#4151 = DIRECTION('',(0.231855185576,-0.972750313761,0.));
#4152 = ORIENTED_EDGE('',*,*,#4153,.T.);
#4153 = EDGE_CURVE('',#4146,#4154,#4156,.T.);
#4154 = VERTEX_POINT('',#4155);
#4155 = CARTESIAN_POINT('',(-14.94819078947,-5.404255330563,-20.));
#4156 = LINE('',#4157,#4158);
#4157 = CARTESIAN_POINT('',(-14.94819078947,-5.276595771313,-20.));
#4158 = VECTOR('',#4159,1.);
#4159 = DIRECTION('',(0.,-1.,0.));
#4160 = ORIENTED_EDGE('',*,*,#4161,.T.);
#4161 = EDGE_CURVE('',#4154,#4162,#4164,.T.);
#4162 = VERTEX_POINT('',#4163);
#4163 = CARTESIAN_POINT('',(-14.97861847909,-5.531914889812,-20.));
#4164 = LINE('',#4165,#4166);
#4165 = CARTESIAN_POINT('',(-14.94819078947,-5.404255330563,-20.));
#4166 = VECTOR('',#4167,1.);
#4167 = DIRECTION('',(-0.23185528801,-0.972750289345,0.));
#4168 = ORIENTED_EDGE('',*,*,#4169,.T.);
#4169 = EDGE_CURVE('',#4162,#4170,#4172,.T.);
#4170 = VERTEX_POINT('',#4171);
#4171 = CARTESIAN_POINT('',(-15.03947368421,-5.659574478865,-20.));
#4172 = LINE('',#4173,#4174);
#4173 = CARTESIAN_POINT('',(-14.97861847909,-5.531914889812,-20.));
#4174 = VECTOR('',#4175,1.);
#4175 = DIRECTION('',(-0.430307767948,-0.902682239132,0.));
#4176 = ORIENTED_EDGE('',*,*,#4177,.T.);
#4177 = EDGE_CURVE('',#4170,#4178,#4180,.T.);
#4178 = VERTEX_POINT('',#4179);
#4179 = CARTESIAN_POINT('',(-15.13075657895,-5.744680851698,-20.));
#4180 = LINE('',#4181,#4182);
#4181 = CARTESIAN_POINT('',(-15.03947368421,-5.659574478865,-20.));
#4182 = VECTOR('',#4183,1.);
#4183 = DIRECTION('',(-0.731418856838,-0.681928482952,0.));
#4184 = ORIENTED_EDGE('',*,*,#4185,.T.);
#4185 = EDGE_CURVE('',#4178,#4186,#4188,.T.);
#4186 = VERTEX_POINT('',#4187);
#4187 = CARTESIAN_POINT('',(-15.22203947368,-5.787234038115,-20.));
#4188 = LINE('',#4189,#4190);
#4189 = CARTESIAN_POINT('',(-15.13075657895,-5.744680851698,-20.));
#4190 = VECTOR('',#4191,1.);
#4191 = DIRECTION('',(-0.906356180608,-0.422514465875,0.));
#4192 = ORIENTED_EDGE('',*,*,#4193,.T.);
#4193 = EDGE_CURVE('',#4186,#4194,#4196,.T.);
#4194 = VERTEX_POINT('',#4195);
#4195 = CARTESIAN_POINT('',(-15.43503286572,-5.787234038115,-20.));
#4196 = LINE('',#4197,#4198);
#4197 = CARTESIAN_POINT('',(-15.22203947368,-5.787234038115,-20.));
#4198 = VECTOR('',#4199,1.);
#4199 = DIRECTION('',(-1.,0.,0.));
#4200 = ORIENTED_EDGE('',*,*,#4201,.T.);
#4201 = EDGE_CURVE('',#4194,#4202,#4204,.T.);
#4202 = VERTEX_POINT('',#4203);
#4203 = CARTESIAN_POINT('',(-15.52631576046,-5.744680851698,-20.));
#4204 = LINE('',#4205,#4206);
#4205 = CARTESIAN_POINT('',(-15.43503286572,-5.787234038115,-20.));
#4206 = VECTOR('',#4207,1.);
#4207 = DIRECTION('',(-0.906356180608,0.422514465875,0.));
#4208 = ORIENTED_EDGE('',*,*,#4209,.T.);
#4209 = EDGE_CURVE('',#4202,#4210,#4212,.T.);
#4210 = VERTEX_POINT('',#4211);
#4211 = CARTESIAN_POINT('',(-15.61759865519,-5.659574478865,-20.));
#4212 = LINE('',#4213,#4214);
#4213 = CARTESIAN_POINT('',(-15.52631576046,-5.744680851698,-20.));
#4214 = VECTOR('',#4215,1.);
#4215 = DIRECTION('',(-0.731418856838,0.681928482952,0.));
#4216 = ORIENTED_EDGE('',*,*,#4217,.T.);
#4217 = EDGE_CURVE('',#4210,#4218,#4220,.T.);
#4218 = VERTEX_POINT('',#4219);
#4219 = CARTESIAN_POINT('',(-15.67845394737,-5.531914889812,-20.));
#4220 = LINE('',#4221,#4222);
#4221 = CARTESIAN_POINT('',(-15.61759865519,-5.659574478865,-20.));
#4222 = VECTOR('',#4223,1.);
#4223 = DIRECTION('',(-0.430308269528,0.902682000029,0.));
#4224 = ORIENTED_EDGE('',*,*,#4225,.T.);
#4225 = EDGE_CURVE('',#4218,#4226,#4228,.T.);
#4226 = VERTEX_POINT('',#4227);
#4227 = CARTESIAN_POINT('',(-15.70888154993,-5.404255330563,-20.));
#4228 = LINE('',#4229,#4230);
#4229 = CARTESIAN_POINT('',(-15.67845394737,-5.531914889812,-20.));
#4230 = VECTOR('',#4231,1.);
#4231 = DIRECTION('',(-0.231854660327,0.972750438954,0.));
#4232 = ORIENTED_EDGE('',*,*,#4233,.T.);
#4233 = EDGE_CURVE('',#4226,#4234,#4236,.T.);
#4234 = VERTEX_POINT('',#4235);
#4235 = CARTESIAN_POINT('',(-15.70888154993,-5.276595771313,-20.));
#4236 = LINE('',#4237,#4238);
#4237 = CARTESIAN_POINT('',(-15.70888154993,-5.404255330563,-20.));
#4238 = VECTOR('',#4239,1.);
#4239 = DIRECTION('',(0.,1.,0.));
#4240 = ORIENTED_EDGE('',*,*,#4241,.T.);
#4241 = EDGE_CURVE('',#4234,#4242,#4244,.T.);
#4242 = VERTEX_POINT('',#4243);
#4243 = CARTESIAN_POINT('',(-15.67845394737,-5.148936152458,-20.));
#4244 = LINE('',#4245,#4246);
#4245 = CARTESIAN_POINT('',(-15.70888154993,-5.276595771313,-20.));
#4246 = VECTOR('',#4247,1.);
#4247 = DIRECTION('',(0.231854557893,0.972750463369,0.));
#4248 = ORIENTED_EDGE('',*,*,#4249,.T.);
#4249 = EDGE_CURVE('',#4242,#4250,#4252,.T.);
#4250 = VERTEX_POINT('',#4251);
#4251 = CARTESIAN_POINT('',(-15.61759865519,-5.063829779625,-20.));
#4252 = LINE('',#4253,#4254);
#4253 = CARTESIAN_POINT('',(-15.67845394737,-5.148936152458,-20.));
#4254 = VECTOR('',#4255,1.);
#4255 = DIRECTION('',(0.581649660885,0.813439408925,0.));
#4256 = ORIENTED_EDGE('',*,*,#4257,.T.);
#4257 = EDGE_CURVE('',#4250,#4258,#4260,.T.);
#4258 = VERTEX_POINT('',#4259);
#4259 = CARTESIAN_POINT('',(-15.52631576046,-4.978723406792,-20.));
#4260 = LINE('',#4261,#4262);
#4261 = CARTESIAN_POINT('',(-15.61759865519,-5.063829779625,-20.));
#4262 = VECTOR('',#4263,1.);
#4263 = DIRECTION('',(0.731418856838,0.681928482952,0.));
#4264 = ORIENTED_EDGE('',*,*,#4265,.T.);
#4265 = EDGE_CURVE('',#4258,#4266,#4268,.T.);
#4266 = VERTEX_POINT('',#4267);
#4267 = CARTESIAN_POINT('',(-15.43503286572,-4.936170220375,-20.));
#4268 = LINE('',#4269,#4270);
#4269 = CARTESIAN_POINT('',(-15.52631576046,-4.978723406792,-20.));
#4270 = VECTOR('',#4271,1.);
#4271 = DIRECTION('',(0.906356180608,0.422514465875,0.));
#4272 = ORIENTED_EDGE('',*,*,#4273,.T.);
#4273 = EDGE_CURVE('',#4266,#4274,#4276,.T.);
#4274 = VERTEX_POINT('',#4275);
#4275 = CARTESIAN_POINT('',(-15.22203947368,-4.936170220375,-20.));
#4276 = LINE('',#4277,#4278);
#4277 = CARTESIAN_POINT('',(-15.43503286572,-4.936170220375,-20.));
#4278 = VECTOR('',#4279,1.);
#4279 = DIRECTION('',(1.,0.,0.));
#4280 = ORIENTED_EDGE('',*,*,#4281,.T.);
#4281 = EDGE_CURVE('',#4274,#4282,#4284,.T.);
#4282 = VERTEX_POINT('',#4283);
#4283 = CARTESIAN_POINT('',(-15.13075657895,-4.978723406792,-20.));
#4284 = LINE('',#4285,#4286);
#4285 = CARTESIAN_POINT('',(-15.22203947368,-4.936170220375,-20.));
#4286 = VECTOR('',#4287,1.);
#4287 = DIRECTION('',(0.906356180608,-0.422514465875,0.));
#4288 = ORIENTED_EDGE('',*,*,#4289,.T.);
#4289 = EDGE_CURVE('',#4282,#4136,#4290,.T.);
#4290 = LINE('',#4291,#4292);
#4291 = CARTESIAN_POINT('',(-15.13075657895,-4.978723406792,-20.));
#4292 = VECTOR('',#4293,1.);
#4293 = DIRECTION('',(0.731418856838,-0.681928482952,0.));
#4294 = PLANE('',#4295);
#4295 = AXIS2_PLACEMENT_3D('',#4296,#4297,#4298);
#4296 = CARTESIAN_POINT('',(0.,0.,-20.));
#4297 = DIRECTION('',(0.,0.,-1.));
#4298 = DIRECTION('',(-1.,0.,0.));
#4299 = ADVANCED_FACE('',(#4300),#4373,.T.);
#4300 = FACE_BOUND('',#4301,.F.);
#4301 = EDGE_LOOP('',(#4302,#4312,#4320,#4328,#4336,#4344,#4350,#4351,
    #4359,#4367));
#4302 = ORIENTED_EDGE('',*,*,#4303,.T.);
#4303 = EDGE_CURVE('',#4304,#4306,#4308,.T.);
#4304 = VERTEX_POINT('',#4305);
#4305 = CARTESIAN_POINT('',(30.4,10.05,-22.));
#4306 = VERTEX_POINT('',#4307);
#4307 = CARTESIAN_POINT('',(30.4,-6.55,-22.));
#4308 = LINE('',#4309,#4310);
#4309 = CARTESIAN_POINT('',(30.4,10.05,-22.));
#4310 = VECTOR('',#4311,1.);
#4311 = DIRECTION('',(0.,-1.,0.));
#4312 = ORIENTED_EDGE('',*,*,#4313,.F.);
#4313 = EDGE_CURVE('',#4314,#4306,#4316,.T.);
#4314 = VERTEX_POINT('',#4315);
#4315 = CARTESIAN_POINT('',(30.4,-6.55,-28.5));
#4316 = LINE('',#4317,#4318);
#4317 = CARTESIAN_POINT('',(30.4,-6.55,-28.5));
#4318 = VECTOR('',#4319,1.);
#4319 = DIRECTION('',(0.,0.,1.));
#4320 = ORIENTED_EDGE('',*,*,#4321,.T.);
#4321 = EDGE_CURVE('',#4314,#4322,#4324,.T.);
#4322 = VERTEX_POINT('',#4323);
#4323 = CARTESIAN_POINT('',(30.4,-8.05,-28.5));
#4324 = LINE('',#4325,#4326);
#4325 = CARTESIAN_POINT('',(30.4,-6.55,-28.5));
#4326 = VECTOR('',#4327,1.);
#4327 = DIRECTION('',(0.,-1.,0.));
#4328 = ORIENTED_EDGE('',*,*,#4329,.T.);
#4329 = EDGE_CURVE('',#4322,#4330,#4332,.T.);
#4330 = VERTEX_POINT('',#4331);
#4331 = CARTESIAN_POINT('',(30.4,-8.05,-22.));
#4332 = LINE('',#4333,#4334);
#4333 = CARTESIAN_POINT('',(30.4,-8.05,-28.5));
#4334 = VECTOR('',#4335,1.);
#4335 = DIRECTION('',(0.,0.,1.));
#4336 = ORIENTED_EDGE('',*,*,#4337,.T.);
#4337 = EDGE_CURVE('',#4330,#4338,#4340,.T.);
#4338 = VERTEX_POINT('',#4339);
#4339 = CARTESIAN_POINT('',(30.4,-11.05,-22.));
#4340 = LINE('',#4341,#4342);
#4341 = CARTESIAN_POINT('',(30.4,-8.05,-22.));
#4342 = VECTOR('',#4343,1.);
#4343 = DIRECTION('',(0.,-1.,0.));
#4344 = ORIENTED_EDGE('',*,*,#4345,.F.);
#4345 = EDGE_CURVE('',#1532,#4338,#4346,.T.);
#4346 = LINE('',#4347,#4348);
#4347 = CARTESIAN_POINT('',(30.4,-11.05,-20.));
#4348 = VECTOR('',#4349,1.);
#4349 = DIRECTION('',(0.,0.,-1.));
#4350 = ORIENTED_EDGE('',*,*,#1529,.F.);
#4351 = ORIENTED_EDGE('',*,*,#4352,.T.);
#4352 = EDGE_CURVE('',#1530,#4353,#4355,.T.);
#4353 = VERTEX_POINT('',#4354);
#4354 = CARTESIAN_POINT('',(30.4,11.05,-28.5));
#4355 = LINE('',#4356,#4357);
#4356 = CARTESIAN_POINT('',(30.4,11.05,-20.));
#4357 = VECTOR('',#4358,1.);
#4358 = DIRECTION('',(0.,0.,-1.));
#4359 = ORIENTED_EDGE('',*,*,#4360,.F.);
#4360 = EDGE_CURVE('',#4361,#4353,#4363,.T.);
#4361 = VERTEX_POINT('',#4362);
#4362 = CARTESIAN_POINT('',(30.4,10.05,-28.5));
#4363 = LINE('',#4364,#4365);
#4364 = CARTESIAN_POINT('',(30.4,10.05,-28.5));
#4365 = VECTOR('',#4366,1.);
#4366 = DIRECTION('',(0.,1.,0.));
#4367 = ORIENTED_EDGE('',*,*,#4368,.F.);
#4368 = EDGE_CURVE('',#4304,#4361,#4369,.T.);
#4369 = LINE('',#4370,#4371);
#4370 = CARTESIAN_POINT('',(30.4,10.05,-22.));
#4371 = VECTOR('',#4372,1.);
#4372 = DIRECTION('',(0.,0.,-1.));
#4373 = PLANE('',#4374);
#4374 = AXIS2_PLACEMENT_3D('',#4375,#4376,#4377);
#4375 = CARTESIAN_POINT('',(30.4,11.05,-20.));
#4376 = DIRECTION('',(1.,0.,0.));
#4377 = DIRECTION('',(0.,-1.,0.));
#4378 = ADVANCED_FACE('',(#4379,#4757),#4871,.T.);
#4379 = FACE_BOUND('',#4380,.F.);
#4380 = EDGE_LOOP('',(#4381,#4391,#4399,#4407,#4415,#4423,#4431,#4439,
    #4447,#4455,#4463,#4471,#4480,#4488,#4496,#4505,#4513,#4520,#4521,
    #4529,#4538,#4546,#4554,#4562,#4570,#4578,#4586,#4594,#4602,#4610,
    #4618,#4626,#4634,#4643,#4649,#4650,#4658,#4667,#4675,#4684,#4692,
    #4701,#4709,#4718,#4726,#4734,#4742,#4751));
#4381 = ORIENTED_EDGE('',*,*,#4382,.T.);
#4382 = EDGE_CURVE('',#4383,#4385,#4387,.T.);
#4383 = VERTEX_POINT('',#4384);
#4384 = CARTESIAN_POINT('',(-18.05,-5.568671030682,-22.));
#4385 = VERTEX_POINT('',#4386);
#4386 = CARTESIAN_POINT('',(-16.47,-8.22,-22.));
#4387 = LINE('',#4388,#4389);
#4388 = CARTESIAN_POINT('',(-18.05,-5.568671030682,-22.));
#4389 = VECTOR('',#4390,1.);
#4390 = DIRECTION('',(0.511921117478,-0.85903246125,0.));
#4391 = ORIENTED_EDGE('',*,*,#4392,.F.);
#4392 = EDGE_CURVE('',#4393,#4385,#4395,.T.);
#4393 = VERTEX_POINT('',#4394);
#4394 = CARTESIAN_POINT('',(-16.47,-9.37,-22.));
#4395 = LINE('',#4396,#4397);
#4396 = CARTESIAN_POINT('',(-16.47,-9.37,-22.));
#4397 = VECTOR('',#4398,1.);
#4398 = DIRECTION('',(0.,1.,0.));
#4399 = ORIENTED_EDGE('',*,*,#4400,.T.);
#4400 = EDGE_CURVE('',#4393,#4401,#4403,.T.);
#4401 = VERTEX_POINT('',#4402);
#4402 = CARTESIAN_POINT('',(-16.77,-9.67,-22.));
#4403 = LINE('',#4404,#4405);
#4404 = CARTESIAN_POINT('',(-16.47,-9.37,-22.));
#4405 = VECTOR('',#4406,1.);
#4406 = DIRECTION('',(-0.707106781187,-0.707106781187,0.));
#4407 = ORIENTED_EDGE('',*,*,#4408,.T.);
#4408 = EDGE_CURVE('',#4401,#4409,#4411,.T.);
#4409 = VERTEX_POINT('',#4410);
#4410 = CARTESIAN_POINT('',(-16.77,-10.77,-22.));
#4411 = LINE('',#4412,#4413);
#4412 = CARTESIAN_POINT('',(-16.77,-9.67,-22.));
#4413 = VECTOR('',#4414,1.);
#4414 = DIRECTION('',(0.,-1.,0.));
#4415 = ORIENTED_EDGE('',*,*,#4416,.T.);
#4416 = EDGE_CURVE('',#4409,#4417,#4419,.T.);
#4417 = VERTEX_POINT('',#4418);
#4418 = CARTESIAN_POINT('',(-16.47,-11.07,-22.));
#4419 = LINE('',#4420,#4421);
#4420 = CARTESIAN_POINT('',(-16.77,-10.77,-22.));
#4421 = VECTOR('',#4422,1.);
#4422 = DIRECTION('',(0.707106781186,-0.707106781187,0.));
#4423 = ORIENTED_EDGE('',*,*,#4424,.T.);
#4424 = EDGE_CURVE('',#4417,#4425,#4427,.T.);
#4425 = VERTEX_POINT('',#4426);
#4426 = CARTESIAN_POINT('',(-16.47,-11.72,-22.));
#4427 = LINE('',#4428,#4429);
#4428 = CARTESIAN_POINT('',(-16.47,-11.07,-22.));
#4429 = VECTOR('',#4430,1.);
#4430 = DIRECTION('',(0.,-1.,0.));
#4431 = ORIENTED_EDGE('',*,*,#4432,.T.);
#4432 = EDGE_CURVE('',#4425,#4433,#4435,.T.);
#4433 = VERTEX_POINT('',#4434);
#4434 = CARTESIAN_POINT('',(-17.77,-11.72,-22.));
#4435 = LINE('',#4436,#4437);
#4436 = CARTESIAN_POINT('',(-16.47,-11.72,-22.));
#4437 = VECTOR('',#4438,1.);
#4438 = DIRECTION('',(-1.,0.,0.));
#4439 = ORIENTED_EDGE('',*,*,#4440,.T.);
#4440 = EDGE_CURVE('',#4433,#4441,#4443,.T.);
#4441 = VERTEX_POINT('',#4442);
#4442 = CARTESIAN_POINT('',(-17.77,-11.07,-22.));
#4443 = LINE('',#4444,#4445);
#4444 = CARTESIAN_POINT('',(-17.77,-11.72,-22.));
#4445 = VECTOR('',#4446,1.);
#4446 = DIRECTION('',(0.,1.,0.));
#4447 = ORIENTED_EDGE('',*,*,#4448,.T.);
#4448 = EDGE_CURVE('',#4441,#4449,#4451,.T.);
#4449 = VERTEX_POINT('',#4450);
#4450 = CARTESIAN_POINT('',(-22.75,-11.07,-22.));
#4451 = LINE('',#4452,#4453);
#4452 = CARTESIAN_POINT('',(-17.77,-11.07,-22.));
#4453 = VECTOR('',#4454,1.);
#4454 = DIRECTION('',(-1.,0.,0.));
#4455 = ORIENTED_EDGE('',*,*,#4456,.T.);
#4456 = EDGE_CURVE('',#4449,#4457,#4459,.T.);
#4457 = VERTEX_POINT('',#4458);
#4458 = CARTESIAN_POINT('',(-22.75,-10.3,-22.));
#4459 = LINE('',#4460,#4461);
#4460 = CARTESIAN_POINT('',(-22.75,-11.07,-22.));
#4461 = VECTOR('',#4462,1.);
#4462 = DIRECTION('',(0.,1.,0.));
#4463 = ORIENTED_EDGE('',*,*,#4464,.T.);
#4464 = EDGE_CURVE('',#4457,#4465,#4467,.T.);
#4465 = VERTEX_POINT('',#4466);
#4466 = CARTESIAN_POINT('',(-25.2,-10.3,-22.));
#4467 = LINE('',#4468,#4469);
#4468 = CARTESIAN_POINT('',(-22.75,-10.3,-22.));
#4469 = VECTOR('',#4470,1.);
#4470 = DIRECTION('',(-1.,0.,0.));
#4471 = ORIENTED_EDGE('',*,*,#4472,.T.);
#4472 = EDGE_CURVE('',#4465,#4473,#4475,.T.);
#4473 = VERTEX_POINT('',#4474);
#4474 = CARTESIAN_POINT('',(-28.10473750966,-8.05,-22.));
#4475 = CIRCLE('',#4476,3.);
#4476 = AXIS2_PLACEMENT_3D('',#4477,#4478,#4479);
#4477 = CARTESIAN_POINT('',(-25.2,-7.3,-22.));
#4478 = DIRECTION('',(0.,0.,-1.));
#4479 = DIRECTION('',(0.,-1.,0.));
#4480 = ORIENTED_EDGE('',*,*,#4481,.F.);
#4481 = EDGE_CURVE('',#4482,#4473,#4484,.T.);
#4482 = VERTEX_POINT('',#4483);
#4483 = CARTESIAN_POINT('',(-30.4,-8.05,-22.));
#4484 = LINE('',#4485,#4486);
#4485 = CARTESIAN_POINT('',(-30.4,-8.05,-22.));
#4486 = VECTOR('',#4487,1.);
#4487 = DIRECTION('',(1.,0.,0.));
#4488 = ORIENTED_EDGE('',*,*,#4489,.F.);
#4489 = EDGE_CURVE('',#4490,#4482,#4492,.T.);
#4490 = VERTEX_POINT('',#4491);
#4491 = CARTESIAN_POINT('',(-30.4,-11.05,-22.));
#4492 = LINE('',#4493,#4494);
#4493 = CARTESIAN_POINT('',(-30.4,-11.05,-22.));
#4494 = VECTOR('',#4495,1.);
#4495 = DIRECTION('',(0.,1.,0.));
#4496 = ORIENTED_EDGE('',*,*,#4497,.F.);
#4497 = EDGE_CURVE('',#4498,#4490,#4500,.T.);
#4498 = VERTEX_POINT('',#4499);
#4499 = CARTESIAN_POINT('',(-25.4,-16.05,-22.));
#4500 = CIRCLE('',#4501,5.);
#4501 = AXIS2_PLACEMENT_3D('',#4502,#4503,#4504);
#4502 = CARTESIAN_POINT('',(-25.4,-11.05,-22.));
#4503 = DIRECTION('',(0.,0.,-1.));
#4504 = DIRECTION('',(0.,-1.,0.));
#4505 = ORIENTED_EDGE('',*,*,#4506,.F.);
#4506 = EDGE_CURVE('',#4507,#4498,#4509,.T.);
#4507 = VERTEX_POINT('',#4508);
#4508 = CARTESIAN_POINT('',(25.4,-16.05,-22.));
#4509 = LINE('',#4510,#4511);
#4510 = CARTESIAN_POINT('',(25.4,-16.05,-22.));
#4511 = VECTOR('',#4512,1.);
#4512 = DIRECTION('',(-1.,0.,0.));
#4513 = ORIENTED_EDGE('',*,*,#4514,.F.);
#4514 = EDGE_CURVE('',#4338,#4507,#4515,.T.);
#4515 = CIRCLE('',#4516,5.);
#4516 = AXIS2_PLACEMENT_3D('',#4517,#4518,#4519);
#4517 = CARTESIAN_POINT('',(25.4,-11.05,-22.));
#4518 = DIRECTION('',(0.,0.,-1.));
#4519 = DIRECTION('',(1.,0.,0.));
#4520 = ORIENTED_EDGE('',*,*,#4337,.F.);
#4521 = ORIENTED_EDGE('',*,*,#4522,.T.);
#4522 = EDGE_CURVE('',#4330,#4523,#4525,.T.);
#4523 = VERTEX_POINT('',#4524);
#4524 = CARTESIAN_POINT('',(28.10473750966,-8.05,-22.));
#4525 = LINE('',#4526,#4527);
#4526 = CARTESIAN_POINT('',(30.4,-8.05,-22.));
#4527 = VECTOR('',#4528,1.);
#4528 = DIRECTION('',(-1.,0.,0.));
#4529 = ORIENTED_EDGE('',*,*,#4530,.T.);
#4530 = EDGE_CURVE('',#4523,#4531,#4533,.T.);
#4531 = VERTEX_POINT('',#4532);
#4532 = CARTESIAN_POINT('',(25.2,-10.3,-22.));
#4533 = CIRCLE('',#4534,3.);
#4534 = AXIS2_PLACEMENT_3D('',#4535,#4536,#4537);
#4535 = CARTESIAN_POINT('',(25.2,-7.3,-22.));
#4536 = DIRECTION('',(0.,0.,-1.));
#4537 = DIRECTION('',(0.968245836552,-0.25,0.));
#4538 = ORIENTED_EDGE('',*,*,#4539,.T.);
#4539 = EDGE_CURVE('',#4531,#4540,#4542,.T.);
#4540 = VERTEX_POINT('',#4541);
#4541 = CARTESIAN_POINT('',(22.75,-10.3,-22.));
#4542 = LINE('',#4543,#4544);
#4543 = CARTESIAN_POINT('',(25.2,-10.3,-22.));
#4544 = VECTOR('',#4545,1.);
#4545 = DIRECTION('',(-1.,0.,0.));
#4546 = ORIENTED_EDGE('',*,*,#4547,.T.);
#4547 = EDGE_CURVE('',#4540,#4548,#4550,.T.);
#4548 = VERTEX_POINT('',#4549);
#4549 = CARTESIAN_POINT('',(22.75,-11.07,-22.));
#4550 = LINE('',#4551,#4552);
#4551 = CARTESIAN_POINT('',(22.75,-10.3,-22.));
#4552 = VECTOR('',#4553,1.);
#4553 = DIRECTION('',(0.,-1.,0.));
#4554 = ORIENTED_EDGE('',*,*,#4555,.T.);
#4555 = EDGE_CURVE('',#4548,#4556,#4558,.T.);
#4556 = VERTEX_POINT('',#4557);
#4557 = CARTESIAN_POINT('',(17.77,-11.07,-22.));
#4558 = LINE('',#4559,#4560);
#4559 = CARTESIAN_POINT('',(22.75,-11.07,-22.));
#4560 = VECTOR('',#4561,1.);
#4561 = DIRECTION('',(-1.,0.,0.));
#4562 = ORIENTED_EDGE('',*,*,#4563,.T.);
#4563 = EDGE_CURVE('',#4556,#4564,#4566,.T.);
#4564 = VERTEX_POINT('',#4565);
#4565 = CARTESIAN_POINT('',(17.77,-11.72,-22.));
#4566 = LINE('',#4567,#4568);
#4567 = CARTESIAN_POINT('',(17.77,-11.07,-22.));
#4568 = VECTOR('',#4569,1.);
#4569 = DIRECTION('',(1.0931426704E-14,-1.,0.));
#4570 = ORIENTED_EDGE('',*,*,#4571,.T.);
#4571 = EDGE_CURVE('',#4564,#4572,#4574,.T.);
#4572 = VERTEX_POINT('',#4573);
#4573 = CARTESIAN_POINT('',(16.47,-11.72,-22.));
#4574 = LINE('',#4575,#4576);
#4575 = CARTESIAN_POINT('',(17.77,-11.72,-22.));
#4576 = VECTOR('',#4577,1.);
#4577 = DIRECTION('',(-1.,0.,0.));
#4578 = ORIENTED_EDGE('',*,*,#4579,.T.);
#4579 = EDGE_CURVE('',#4572,#4580,#4582,.T.);
#4580 = VERTEX_POINT('',#4581);
#4581 = CARTESIAN_POINT('',(16.47,-11.07,-22.));
#4582 = LINE('',#4583,#4584);
#4583 = CARTESIAN_POINT('',(16.47,-11.72,-22.));
#4584 = VECTOR('',#4585,1.);
#4585 = DIRECTION('',(0.,1.,0.));
#4586 = ORIENTED_EDGE('',*,*,#4587,.T.);
#4587 = EDGE_CURVE('',#4580,#4588,#4590,.T.);
#4588 = VERTEX_POINT('',#4589);
#4589 = CARTESIAN_POINT('',(16.77,-10.77,-22.));
#4590 = LINE('',#4591,#4592);
#4591 = CARTESIAN_POINT('',(16.47,-11.07,-22.));
#4592 = VECTOR('',#4593,1.);
#4593 = DIRECTION('',(0.707106781186,0.707106781187,0.));
#4594 = ORIENTED_EDGE('',*,*,#4595,.T.);
#4595 = EDGE_CURVE('',#4588,#4596,#4598,.T.);
#4596 = VERTEX_POINT('',#4597);
#4597 = CARTESIAN_POINT('',(16.77,-9.67,-22.));
#4598 = LINE('',#4599,#4600);
#4599 = CARTESIAN_POINT('',(16.77,-10.77,-22.));
#4600 = VECTOR('',#4601,1.);
#4601 = DIRECTION('',(0.,1.,0.));
#4602 = ORIENTED_EDGE('',*,*,#4603,.T.);
#4603 = EDGE_CURVE('',#4596,#4604,#4606,.T.);
#4604 = VERTEX_POINT('',#4605);
#4605 = CARTESIAN_POINT('',(16.47,-9.37,-22.));
#4606 = LINE('',#4607,#4608);
#4607 = CARTESIAN_POINT('',(16.77,-9.67,-22.));
#4608 = VECTOR('',#4609,1.);
#4609 = DIRECTION('',(-0.707106781186,0.707106781187,0.));
#4610 = ORIENTED_EDGE('',*,*,#4611,.F.);
#4611 = EDGE_CURVE('',#4612,#4604,#4614,.T.);
#4612 = VERTEX_POINT('',#4613);
#4613 = CARTESIAN_POINT('',(16.47,-8.22,-22.));
#4614 = LINE('',#4615,#4616);
#4615 = CARTESIAN_POINT('',(16.47,-8.22,-22.));
#4616 = VECTOR('',#4617,1.);
#4617 = DIRECTION('',(0.,-1.,0.));
#4618 = ORIENTED_EDGE('',*,*,#4619,.T.);
#4619 = EDGE_CURVE('',#4612,#4620,#4622,.T.);
#4620 = VERTEX_POINT('',#4621);
#4621 = CARTESIAN_POINT('',(18.05,-5.568671030682,-22.));
#4622 = LINE('',#4623,#4624);
#4623 = CARTESIAN_POINT('',(16.47,-8.22,-22.));
#4624 = VECTOR('',#4625,1.);
#4625 = DIRECTION('',(0.511921117478,0.85903246125,0.));
#4626 = ORIENTED_EDGE('',*,*,#4627,.T.);
#4627 = EDGE_CURVE('',#4620,#4628,#4630,.T.);
#4628 = VERTEX_POINT('',#4629);
#4629 = CARTESIAN_POINT('',(22.75,-5.568671030682,-22.));
#4630 = LINE('',#4631,#4632);
#4631 = CARTESIAN_POINT('',(18.05,-5.568671030682,-22.));
#4632 = VECTOR('',#4633,1.);
#4633 = DIRECTION('',(1.,0.,0.));
#4634 = ORIENTED_EDGE('',*,*,#4635,.T.);
#4635 = EDGE_CURVE('',#4628,#4636,#4638,.T.);
#4636 = VERTEX_POINT('',#4637);
#4637 = CARTESIAN_POINT('',(28.10473750966,-6.55,-22.));
#4638 = CIRCLE('',#4639,3.);
#4639 = AXIS2_PLACEMENT_3D('',#4640,#4641,#4642);
#4640 = CARTESIAN_POINT('',(25.2,-7.3,-22.));
#4641 = DIRECTION('',(0.,0.,-1.));
#4642 = DIRECTION('',(-0.816666666667,0.577109656439,0.));
#4643 = ORIENTED_EDGE('',*,*,#4644,.F.);
#4644 = EDGE_CURVE('',#4306,#4636,#4645,.T.);
#4645 = LINE('',#4646,#4647);
#4646 = CARTESIAN_POINT('',(30.4,-6.55,-22.));
#4647 = VECTOR('',#4648,1.);
#4648 = DIRECTION('',(-1.,0.,0.));
#4649 = ORIENTED_EDGE('',*,*,#4303,.F.);
#4650 = ORIENTED_EDGE('',*,*,#4651,.T.);
#4651 = EDGE_CURVE('',#4304,#4652,#4654,.T.);
#4652 = VERTEX_POINT('',#4653);
#4653 = CARTESIAN_POINT('',(26.60473750966,10.05,-22.));
#4654 = LINE('',#4655,#4656);
#4655 = CARTESIAN_POINT('',(30.4,10.05,-22.));
#4656 = VECTOR('',#4657,1.);
#4657 = DIRECTION('',(-1.,0.,0.));
#4658 = ORIENTED_EDGE('',*,*,#4659,.T.);
#4659 = EDGE_CURVE('',#4652,#4660,#4662,.T.);
#4660 = VERTEX_POINT('',#4661);
#4661 = CARTESIAN_POINT('',(26.60473750966,11.55,-22.));
#4662 = CIRCLE('',#4663,3.);
#4663 = AXIS2_PLACEMENT_3D('',#4664,#4665,#4666);
#4664 = CARTESIAN_POINT('',(23.7,10.8,-22.));
#4665 = DIRECTION('',(0.,0.,-1.));
#4666 = DIRECTION('',(0.968245836552,-0.25,0.));
#4667 = ORIENTED_EDGE('',*,*,#4668,.T.);
#4668 = EDGE_CURVE('',#4660,#4669,#4671,.T.);
#4669 = VERTEX_POINT('',#4670);
#4670 = CARTESIAN_POINT('',(30.37493718553,11.55,-22.));
#4671 = LINE('',#4672,#4673);
#4672 = CARTESIAN_POINT('',(26.60473750966,11.55,-22.));
#4673 = VECTOR('',#4674,1.);
#4674 = DIRECTION('',(1.,0.,0.));
#4675 = ORIENTED_EDGE('',*,*,#4676,.F.);
#4676 = EDGE_CURVE('',#4677,#4669,#4679,.T.);
#4677 = VERTEX_POINT('',#4678);
#4678 = CARTESIAN_POINT('',(25.4,16.05,-22.));
#4679 = CIRCLE('',#4680,5.);
#4680 = AXIS2_PLACEMENT_3D('',#4681,#4682,#4683);
#4681 = CARTESIAN_POINT('',(25.4,11.05,-22.));
#4682 = DIRECTION('',(0.,0.,-1.));
#4683 = DIRECTION('',(0.,1.,0.));
#4684 = ORIENTED_EDGE('',*,*,#4685,.F.);
#4685 = EDGE_CURVE('',#4686,#4677,#4688,.T.);
#4686 = VERTEX_POINT('',#4687);
#4687 = CARTESIAN_POINT('',(-25.4,16.05,-22.));
#4688 = LINE('',#4689,#4690);
#4689 = CARTESIAN_POINT('',(-25.4,16.05,-22.));
#4690 = VECTOR('',#4691,1.);
#4691 = DIRECTION('',(1.,0.,0.));
#4692 = ORIENTED_EDGE('',*,*,#4693,.F.);
#4693 = EDGE_CURVE('',#4694,#4686,#4696,.T.);
#4694 = VERTEX_POINT('',#4695);
#4695 = CARTESIAN_POINT('',(-30.37493718553,11.55,-22.));
#4696 = CIRCLE('',#4697,5.);
#4697 = AXIS2_PLACEMENT_3D('',#4698,#4699,#4700);
#4698 = CARTESIAN_POINT('',(-25.4,11.05,-22.));
#4699 = DIRECTION('',(0.,0.,-1.));
#4700 = DIRECTION('',(-0.994987437107,0.1,0.));
#4701 = ORIENTED_EDGE('',*,*,#4702,.T.);
#4702 = EDGE_CURVE('',#4694,#4703,#4705,.T.);
#4703 = VERTEX_POINT('',#4704);
#4704 = CARTESIAN_POINT('',(-26.60473750966,11.55,-22.));
#4705 = LINE('',#4706,#4707);
#4706 = CARTESIAN_POINT('',(-30.37493718553,11.55,-22.));
#4707 = VECTOR('',#4708,1.);
#4708 = DIRECTION('',(1.,0.,0.));
#4709 = ORIENTED_EDGE('',*,*,#4710,.T.);
#4710 = EDGE_CURVE('',#4703,#4711,#4713,.T.);
#4711 = VERTEX_POINT('',#4712);
#4712 = CARTESIAN_POINT('',(-26.60473750966,10.05,-22.));
#4713 = CIRCLE('',#4714,3.);
#4714 = AXIS2_PLACEMENT_3D('',#4715,#4716,#4717);
#4715 = CARTESIAN_POINT('',(-23.7,10.8,-22.));
#4716 = DIRECTION('',(0.,0.,-1.));
#4717 = DIRECTION('',(-0.968245836552,0.25,0.));
#4718 = ORIENTED_EDGE('',*,*,#4719,.F.);
#4719 = EDGE_CURVE('',#4720,#4711,#4722,.T.);
#4720 = VERTEX_POINT('',#4721);
#4721 = CARTESIAN_POINT('',(-30.4,10.05,-22.));
#4722 = LINE('',#4723,#4724);
#4723 = CARTESIAN_POINT('',(-30.4,10.05,-22.));
#4724 = VECTOR('',#4725,1.);
#4725 = DIRECTION('',(1.,0.,0.));
#4726 = ORIENTED_EDGE('',*,*,#4727,.F.);
#4727 = EDGE_CURVE('',#4728,#4720,#4730,.T.);
#4728 = VERTEX_POINT('',#4729);
#4729 = CARTESIAN_POINT('',(-30.4,-6.55,-22.));
#4730 = LINE('',#4731,#4732);
#4731 = CARTESIAN_POINT('',(-30.4,-6.55,-22.));
#4732 = VECTOR('',#4733,1.);
#4733 = DIRECTION('',(0.,1.,0.));
#4734 = ORIENTED_EDGE('',*,*,#4735,.T.);
#4735 = EDGE_CURVE('',#4728,#4736,#4738,.T.);
#4736 = VERTEX_POINT('',#4737);
#4737 = CARTESIAN_POINT('',(-28.10473750966,-6.55,-22.));
#4738 = LINE('',#4739,#4740);
#4739 = CARTESIAN_POINT('',(-30.4,-6.55,-22.));
#4740 = VECTOR('',#4741,1.);
#4741 = DIRECTION('',(1.,0.,0.));
#4742 = ORIENTED_EDGE('',*,*,#4743,.T.);
#4743 = EDGE_CURVE('',#4736,#4744,#4746,.T.);
#4744 = VERTEX_POINT('',#4745);
#4745 = CARTESIAN_POINT('',(-22.75,-5.568671030682,-22.));
#4746 = CIRCLE('',#4747,3.);
#4747 = AXIS2_PLACEMENT_3D('',#4748,#4749,#4750);
#4748 = CARTESIAN_POINT('',(-25.2,-7.3,-22.));
#4749 = DIRECTION('',(0.,0.,-1.));
#4750 = DIRECTION('',(-0.968245836552,0.25,0.));
#4751 = ORIENTED_EDGE('',*,*,#4752,.T.);
#4752 = EDGE_CURVE('',#4744,#4383,#4753,.T.);
#4753 = LINE('',#4754,#4755);
#4754 = CARTESIAN_POINT('',(-22.75,-5.568671030682,-22.));
#4755 = VECTOR('',#4756,1.);
#4756 = DIRECTION('',(1.,0.,0.));
#4757 = FACE_BOUND('',#4758,.F.);
#4758 = EDGE_LOOP('',(#4759,#4769,#4777,#4785,#4793,#4801,#4809,#4817,
    #4825,#4833,#4841,#4849,#4857,#4865));
#4759 = ORIENTED_EDGE('',*,*,#4760,.F.);
#4760 = EDGE_CURVE('',#4761,#4763,#4765,.T.);
#4761 = VERTEX_POINT('',#4762);
#4762 = CARTESIAN_POINT('',(-13.81259053755,-9.944486372867,-22.));
#4763 = VERTEX_POINT('',#4764);
#4764 = CARTESIAN_POINT('',(13.81259053755,-9.944486372867,-22.));
#4765 = LINE('',#4766,#4767);
#4766 = CARTESIAN_POINT('',(-13.81259053755,-9.944486372867,-22.));
#4767 = VECTOR('',#4768,1.);
#4768 = DIRECTION('',(1.,0.,0.));
#4769 = ORIENTED_EDGE('',*,*,#4770,.F.);
#4770 = EDGE_CURVE('',#4771,#4761,#4773,.T.);
#4771 = VERTEX_POINT('',#4772);
#4772 = CARTESIAN_POINT('',(-16.7,-5.099250705736,-22.));
#4773 = LINE('',#4774,#4775);
#4774 = CARTESIAN_POINT('',(-16.7,-5.099250705736,-22.));
#4775 = VECTOR('',#4776,1.);
#4776 = DIRECTION('',(0.511921117478,-0.85903246125,0.));
#4777 = ORIENTED_EDGE('',*,*,#4778,.T.);
#4778 = EDGE_CURVE('',#4771,#4779,#4781,.T.);
#4779 = VERTEX_POINT('',#4780);
#4780 = CARTESIAN_POINT('',(-16.7,-3.25,-22.));
#4781 = LINE('',#4782,#4783);
#4782 = CARTESIAN_POINT('',(-16.7,-5.099250705736,-22.));
#4783 = VECTOR('',#4784,1.);
#4784 = DIRECTION('',(0.,1.,0.));
#4785 = ORIENTED_EDGE('',*,*,#4786,.T.);
#4786 = EDGE_CURVE('',#4779,#4787,#4789,.T.);
#4787 = VERTEX_POINT('',#4788);
#4788 = CARTESIAN_POINT('',(-15.25,-3.25,-22.));
#4789 = LINE('',#4790,#4791);
#4790 = CARTESIAN_POINT('',(-16.7,-3.25,-22.));
#4791 = VECTOR('',#4792,1.);
#4792 = DIRECTION('',(1.,0.,0.));
#4793 = ORIENTED_EDGE('',*,*,#4794,.T.);
#4794 = EDGE_CURVE('',#4787,#4795,#4797,.T.);
#4795 = VERTEX_POINT('',#4796);
#4796 = CARTESIAN_POINT('',(-15.25,0.75,-22.));
#4797 = LINE('',#4798,#4799);
#4798 = CARTESIAN_POINT('',(-15.25,-3.25,-22.));
#4799 = VECTOR('',#4800,1.);
#4800 = DIRECTION('',(0.,1.,0.));
#4801 = ORIENTED_EDGE('',*,*,#4802,.F.);
#4802 = EDGE_CURVE('',#4803,#4795,#4805,.T.);
#4803 = VERTEX_POINT('',#4804);
#4804 = CARTESIAN_POINT('',(-16.7,0.75,-22.));
#4805 = LINE('',#4806,#4807);
#4806 = CARTESIAN_POINT('',(-16.7,0.75,-22.));
#4807 = VECTOR('',#4808,1.);
#4808 = DIRECTION('',(1.,0.,0.));
#4809 = ORIENTED_EDGE('',*,*,#4810,.T.);
#4810 = EDGE_CURVE('',#4803,#4811,#4813,.T.);
#4811 = VERTEX_POINT('',#4812);
#4812 = CARTESIAN_POINT('',(-16.7,7.,-22.));
#4813 = LINE('',#4814,#4815);
#4814 = CARTESIAN_POINT('',(-16.7,0.75,-22.));
#4815 = VECTOR('',#4816,1.);
#4816 = DIRECTION('',(0.,1.,0.));
#4817 = ORIENTED_EDGE('',*,*,#4818,.T.);
#4818 = EDGE_CURVE('',#4811,#4819,#4821,.T.);
#4819 = VERTEX_POINT('',#4820);
#4820 = CARTESIAN_POINT('',(16.7,7.,-22.));
#4821 = LINE('',#4822,#4823);
#4822 = CARTESIAN_POINT('',(-16.7,7.,-22.));
#4823 = VECTOR('',#4824,1.);
#4824 = DIRECTION('',(1.,0.,0.));
#4825 = ORIENTED_EDGE('',*,*,#4826,.F.);
#4826 = EDGE_CURVE('',#4827,#4819,#4829,.T.);
#4827 = VERTEX_POINT('',#4828);
#4828 = CARTESIAN_POINT('',(16.7,0.75,-22.));
#4829 = LINE('',#4830,#4831);
#4830 = CARTESIAN_POINT('',(16.7,0.75,-22.));
#4831 = VECTOR('',#4832,1.);
#4832 = DIRECTION('',(0.,1.,0.));
#4833 = ORIENTED_EDGE('',*,*,#4834,.T.);
#4834 = EDGE_CURVE('',#4827,#4835,#4837,.T.);
#4835 = VERTEX_POINT('',#4836);
#4836 = CARTESIAN_POINT('',(15.25,0.75,-22.));
#4837 = LINE('',#4838,#4839);
#4838 = CARTESIAN_POINT('',(16.7,0.75,-22.));
#4839 = VECTOR('',#4840,1.);
#4840 = DIRECTION('',(-1.,0.,0.));
#4841 = ORIENTED_EDGE('',*,*,#4842,.F.);
#4842 = EDGE_CURVE('',#4843,#4835,#4845,.T.);
#4843 = VERTEX_POINT('',#4844);
#4844 = CARTESIAN_POINT('',(15.25,-3.25,-22.));
#4845 = LINE('',#4846,#4847);
#4846 = CARTESIAN_POINT('',(15.25,-3.25,-22.));
#4847 = VECTOR('',#4848,1.);
#4848 = DIRECTION('',(0.,1.,0.));
#4849 = ORIENTED_EDGE('',*,*,#4850,.F.);
#4850 = EDGE_CURVE('',#4851,#4843,#4853,.T.);
#4851 = VERTEX_POINT('',#4852);
#4852 = CARTESIAN_POINT('',(16.7,-3.25,-22.));
#4853 = LINE('',#4854,#4855);
#4854 = CARTESIAN_POINT('',(16.7,-3.25,-22.));
#4855 = VECTOR('',#4856,1.);
#4856 = DIRECTION('',(-1.,0.,0.));
#4857 = ORIENTED_EDGE('',*,*,#4858,.F.);
#4858 = EDGE_CURVE('',#4859,#4851,#4861,.T.);
#4859 = VERTEX_POINT('',#4860);
#4860 = CARTESIAN_POINT('',(16.7,-5.099250705736,-22.));
#4861 = LINE('',#4862,#4863);
#4862 = CARTESIAN_POINT('',(16.7,-5.099250705736,-22.));
#4863 = VECTOR('',#4864,1.);
#4864 = DIRECTION('',(0.,1.,0.));
#4865 = ORIENTED_EDGE('',*,*,#4866,.F.);
#4866 = EDGE_CURVE('',#4763,#4859,#4867,.T.);
#4867 = LINE('',#4868,#4869);
#4868 = CARTESIAN_POINT('',(13.81259053755,-9.944486372867,-22.));
#4869 = VECTOR('',#4870,1.);
#4870 = DIRECTION('',(0.511921117478,0.85903246125,0.));
#4871 = PLANE('',#4872);
#4872 = AXIS2_PLACEMENT_3D('',#4873,#4874,#4875);
#4873 = CARTESIAN_POINT('',(0.,0.,-22.));
#4874 = DIRECTION('',(0.,0.,-1.));
#4875 = DIRECTION('',(-1.,0.,0.));
#4876 = ADVANCED_FACE('',(#4877),#4902,.T.);
#4877 = FACE_BOUND('',#4878,.F.);
#4878 = EDGE_LOOP('',(#4879,#4887,#4895,#4901));
#4879 = ORIENTED_EDGE('',*,*,#4880,.T.);
#4880 = EDGE_CURVE('',#4763,#4881,#4883,.T.);
#4881 = VERTEX_POINT('',#4882);
#4882 = CARTESIAN_POINT('',(15.56729111337,-7.,-27.1));
#4883 = LINE('',#4884,#4885);
#4884 = CARTESIAN_POINT('',(13.81259053755,-9.944486372867,-22.));
#4885 = VECTOR('',#4886,1.);
#4886 = DIRECTION('',(0.285557075458,0.479180852251,-0.829965582113));
#4887 = ORIENTED_EDGE('',*,*,#4888,.F.);
#4888 = EDGE_CURVE('',#4889,#4881,#4891,.T.);
#4889 = VERTEX_POINT('',#4890);
#4890 = CARTESIAN_POINT('',(-15.56729111337,-7.,-27.1));
#4891 = LINE('',#4892,#4893);
#4892 = CARTESIAN_POINT('',(-15.56729111337,-7.,-27.1));
#4893 = VECTOR('',#4894,1.);
#4894 = DIRECTION('',(1.,0.,0.));
#4895 = ORIENTED_EDGE('',*,*,#4896,.F.);
#4896 = EDGE_CURVE('',#4761,#4889,#4897,.T.);
#4897 = LINE('',#4898,#4899);
#4898 = CARTESIAN_POINT('',(-13.81259053755,-9.944486372867,-22.));
#4899 = VECTOR('',#4900,1.);
#4900 = DIRECTION('',(-0.285557075458,0.479180852251,-0.829965582113));
#4901 = ORIENTED_EDGE('',*,*,#4760,.T.);
#4902 = PLANE('',#4903);
#4903 = AXIS2_PLACEMENT_3D('',#4904,#4905,#4906);
#4904 = CARTESIAN_POINT('',(-16.7,-9.944486372867,-22.));
#4905 = DIRECTION('',(0.,-0.866025403784,-0.5));
#4906 = DIRECTION('',(0.,0.5,-0.866025403784));
#4907 = ADVANCED_FACE('',(#4908),#4942,.F.);
#4908 = FACE_BOUND('',#4909,.F.);
#4909 = EDGE_LOOP('',(#4910,#4918,#4926,#4934,#4940,#4941));
#4910 = ORIENTED_EDGE('',*,*,#4911,.T.);
#4911 = EDGE_CURVE('',#4859,#4912,#4914,.T.);
#4912 = VERTEX_POINT('',#4913);
#4913 = CARTESIAN_POINT('',(16.7,-5.099250705736,-29.68586710738));
#4914 = LINE('',#4915,#4916);
#4915 = CARTESIAN_POINT('',(16.7,-5.099250705736,-22.));
#4916 = VECTOR('',#4917,1.);
#4917 = DIRECTION('',(0.,0.,-1.));
#4918 = ORIENTED_EDGE('',*,*,#4919,.F.);
#4919 = EDGE_CURVE('',#4920,#4912,#4922,.T.);
#4920 = VERTEX_POINT('',#4921);
#4921 = CARTESIAN_POINT('',(15.77586575891,-6.65,-28.5));
#4922 = LINE('',#4923,#4924);
#4923 = CARTESIAN_POINT('',(15.77586575891,-6.65,-28.5));
#4924 = VECTOR('',#4925,1.);
#4925 = DIRECTION('',(0.427861557316,0.717975785931,-0.549040306888));
#4926 = ORIENTED_EDGE('',*,*,#4927,.F.);
#4927 = EDGE_CURVE('',#4928,#4920,#4930,.T.);
#4928 = VERTEX_POINT('',#4929);
#4929 = CARTESIAN_POINT('',(15.56729111337,-7.,-28.5));
#4930 = LINE('',#4931,#4932);
#4931 = CARTESIAN_POINT('',(15.56729111337,-7.,-28.5));
#4932 = VECTOR('',#4933,1.);
#4933 = DIRECTION('',(0.511921117478,0.85903246125,0.));
#4934 = ORIENTED_EDGE('',*,*,#4935,.F.);
#4935 = EDGE_CURVE('',#4881,#4928,#4936,.T.);
#4936 = LINE('',#4937,#4938);
#4937 = CARTESIAN_POINT('',(15.56729111337,-7.,-27.1));
#4938 = VECTOR('',#4939,1.);
#4939 = DIRECTION('',(0.,0.,-1.));
#4940 = ORIENTED_EDGE('',*,*,#4880,.F.);
#4941 = ORIENTED_EDGE('',*,*,#4866,.T.);
#4942 = PLANE('',#4943);
#4943 = AXIS2_PLACEMENT_3D('',#4944,#4945,#4946);
#4944 = CARTESIAN_POINT('',(13.81259053755,-9.944486372867,-40.15));
#4945 = DIRECTION('',(-0.85903246125,0.511921117478,0.));
#4946 = DIRECTION('',(0.511921117478,0.85903246125,0.));
#4947 = ADVANCED_FACE('',(#4948),#4982,.T.);
#4948 = FACE_BOUND('',#4949,.F.);
#4949 = EDGE_LOOP('',(#4950,#4958,#4959,#4967,#4975));
#4950 = ORIENTED_EDGE('',*,*,#4951,.F.);
#4951 = EDGE_CURVE('',#4827,#4952,#4954,.T.);
#4952 = VERTEX_POINT('',#4953);
#4953 = CARTESIAN_POINT('',(16.7,0.75,-36.5));
#4954 = LINE('',#4955,#4956);
#4955 = CARTESIAN_POINT('',(16.7,0.75,-22.));
#4956 = VECTOR('',#4957,1.);
#4957 = DIRECTION('',(0.,0.,-1.));
#4958 = ORIENTED_EDGE('',*,*,#4826,.T.);
#4959 = ORIENTED_EDGE('',*,*,#4960,.F.);
#4960 = EDGE_CURVE('',#4961,#4819,#4963,.T.);
#4961 = VERTEX_POINT('',#4962);
#4962 = CARTESIAN_POINT('',(16.7,7.,-25.));
#4963 = LINE('',#4964,#4965);
#4964 = CARTESIAN_POINT('',(16.7,7.,-25.));
#4965 = VECTOR('',#4966,1.);
#4966 = DIRECTION('',(0.,0.,1.));
#4967 = ORIENTED_EDGE('',*,*,#4968,.F.);
#4968 = EDGE_CURVE('',#4969,#4961,#4971,.T.);
#4969 = VERTEX_POINT('',#4970);
#4970 = CARTESIAN_POINT('',(16.7,3.87676320947,-34.25515488527));
#4971 = LINE('',#4972,#4973);
#4972 = CARTESIAN_POINT('',(16.7,3.87676320947,-34.25515488527));
#4973 = VECTOR('',#4974,1.);
#4974 = DIRECTION('',(0.,0.319743904626,0.94750400287));
#4975 = ORIENTED_EDGE('',*,*,#4976,.F.);
#4976 = EDGE_CURVE('',#4952,#4969,#4977,.T.);
#4977 = CIRCLE('',#4978,3.3);
#4978 = AXIS2_PLACEMENT_3D('',#4979,#4980,#4981);
#4979 = CARTESIAN_POINT('',(16.7,0.75,-33.2));
#4980 = DIRECTION('',(1.,0.,0.));
#4981 = DIRECTION('',(0.,0.,-1.));
#4982 = PLANE('',#4983);
#4983 = AXIS2_PLACEMENT_3D('',#4984,#4985,#4986);
#4984 = CARTESIAN_POINT('',(16.7,0.,0.));
#4985 = DIRECTION('',(1.,0.,0.));
#4986 = DIRECTION('',(0.,0.,-1.));
#4987 = ADVANCED_FACE('',(#4988),#5006,.T.);
#4988 = FACE_BOUND('',#4989,.F.);
#4989 = EDGE_LOOP('',(#4990,#4991,#4992,#5000));
#4990 = ORIENTED_EDGE('',*,*,#4911,.F.);
#4991 = ORIENTED_EDGE('',*,*,#4858,.T.);
#4992 = ORIENTED_EDGE('',*,*,#4993,.T.);
#4993 = EDGE_CURVE('',#4851,#4994,#4996,.T.);
#4994 = VERTEX_POINT('',#4995);
#4995 = CARTESIAN_POINT('',(16.7,-3.25,-31.1));
#4996 = LINE('',#4997,#4998);
#4997 = CARTESIAN_POINT('',(16.7,-3.25,-22.));
#4998 = VECTOR('',#4999,1.);
#4999 = DIRECTION('',(0.,0.,-1.));
#5000 = ORIENTED_EDGE('',*,*,#5001,.F.);
#5001 = EDGE_CURVE('',#4912,#4994,#5002,.T.);
#5002 = LINE('',#5003,#5004);
#5003 = CARTESIAN_POINT('',(16.7,-5.099250705736,-29.68586710738));
#5004 = VECTOR('',#5005,1.);
#5005 = DIRECTION('',(0.,0.794357832977,-0.607450107571));
#5006 = PLANE('',#5007);
#5007 = AXIS2_PLACEMENT_3D('',#5008,#5009,#5010);
#5008 = CARTESIAN_POINT('',(16.7,0.,0.));
#5009 = DIRECTION('',(1.,0.,0.));
#5010 = DIRECTION('',(0.,0.,-1.));
#5011 = ADVANCED_FACE('',(#5012,#5053,#5073,#5093,#5113,#5133,#5153,
    #5173,#5193),#5213,.T.);
#5012 = FACE_BOUND('',#5013,.F.);
#5013 = EDGE_LOOP('',(#5014,#5024,#5030,#5031,#5032,#5040,#5046,#5047));
#5014 = ORIENTED_EDGE('',*,*,#5015,.T.);
#5015 = EDGE_CURVE('',#5016,#5018,#5020,.T.);
#5016 = VERTEX_POINT('',#5017);
#5017 = CARTESIAN_POINT('',(-15.25,0.75,-35.1));
#5018 = VERTEX_POINT('',#5019);
#5019 = CARTESIAN_POINT('',(15.25,0.75,-35.1));
#5020 = LINE('',#5021,#5022);
#5021 = CARTESIAN_POINT('',(-15.25,0.75,-35.1));
#5022 = VECTOR('',#5023,1.);
#5023 = DIRECTION('',(1.,0.,0.));
#5024 = ORIENTED_EDGE('',*,*,#5025,.F.);
#5025 = EDGE_CURVE('',#4835,#5018,#5026,.T.);
#5026 = LINE('',#5027,#5028);
#5027 = CARTESIAN_POINT('',(15.25,0.75,-22.));
#5028 = VECTOR('',#5029,1.);
#5029 = DIRECTION('',(0.,0.,-1.));
#5030 = ORIENTED_EDGE('',*,*,#4834,.F.);
#5031 = ORIENTED_EDGE('',*,*,#4951,.T.);
#5032 = ORIENTED_EDGE('',*,*,#5033,.F.);
#5033 = EDGE_CURVE('',#5034,#4952,#5036,.T.);
#5034 = VERTEX_POINT('',#5035);
#5035 = CARTESIAN_POINT('',(-16.7,0.75,-36.5));
#5036 = LINE('',#5037,#5038);
#5037 = CARTESIAN_POINT('',(-16.7,0.75,-36.5));
#5038 = VECTOR('',#5039,1.);
#5039 = DIRECTION('',(1.,0.,0.));
#5040 = ORIENTED_EDGE('',*,*,#5041,.T.);
#5041 = EDGE_CURVE('',#5034,#4803,#5042,.T.);
#5042 = LINE('',#5043,#5044);
#5043 = CARTESIAN_POINT('',(-16.7,0.75,-36.5));
#5044 = VECTOR('',#5045,1.);
#5045 = DIRECTION('',(0.,0.,1.));
#5046 = ORIENTED_EDGE('',*,*,#4802,.T.);
#5047 = ORIENTED_EDGE('',*,*,#5048,.T.);
#5048 = EDGE_CURVE('',#4795,#5016,#5049,.T.);
#5049 = LINE('',#5050,#5051);
#5050 = CARTESIAN_POINT('',(-15.25,0.75,-22.));
#5051 = VECTOR('',#5052,1.);
#5052 = DIRECTION('',(0.,0.,-1.));
#5053 = FACE_BOUND('',#5054,.F.);
#5054 = EDGE_LOOP('',(#5055,#5066));
#5055 = ORIENTED_EDGE('',*,*,#5056,.T.);
#5056 = EDGE_CURVE('',#5057,#5059,#5061,.T.);
#5057 = VERTEX_POINT('',#5058);
#5058 = CARTESIAN_POINT('',(-14.,0.75,-36.45));
#5059 = VERTEX_POINT('',#5060);
#5060 = CARTESIAN_POINT('',(-14.,0.75,-35.15));
#5061 = CIRCLE('',#5062,0.65);
#5062 = AXIS2_PLACEMENT_3D('',#5063,#5064,#5065);
#5063 = CARTESIAN_POINT('',(-14.,0.75,-35.8));
#5064 = DIRECTION('',(0.,-1.,0.));
#5065 = DIRECTION('',(0.,0.,-1.));
#5066 = ORIENTED_EDGE('',*,*,#5067,.T.);
#5067 = EDGE_CURVE('',#5059,#5057,#5068,.T.);
#5068 = CIRCLE('',#5069,0.65);
#5069 = AXIS2_PLACEMENT_3D('',#5070,#5071,#5072);
#5070 = CARTESIAN_POINT('',(-14.,0.75,-35.8));
#5071 = DIRECTION('',(0.,-1.,0.));
#5072 = DIRECTION('',(0.,0.,1.));
#5073 = FACE_BOUND('',#5074,.F.);
#5074 = EDGE_LOOP('',(#5075,#5086));
#5075 = ORIENTED_EDGE('',*,*,#5076,.T.);
#5076 = EDGE_CURVE('',#5077,#5079,#5081,.T.);
#5077 = VERTEX_POINT('',#5078);
#5078 = CARTESIAN_POINT('',(-10.,0.75,-36.45));
#5079 = VERTEX_POINT('',#5080);
#5080 = CARTESIAN_POINT('',(-10.,0.75,-35.15));
#5081 = CIRCLE('',#5082,0.65);
#5082 = AXIS2_PLACEMENT_3D('',#5083,#5084,#5085);
#5083 = CARTESIAN_POINT('',(-10.,0.75,-35.8));
#5084 = DIRECTION('',(0.,-1.,0.));
#5085 = DIRECTION('',(0.,0.,-1.));
#5086 = ORIENTED_EDGE('',*,*,#5087,.T.);
#5087 = EDGE_CURVE('',#5079,#5077,#5088,.T.);
#5088 = CIRCLE('',#5089,0.65);
#5089 = AXIS2_PLACEMENT_3D('',#5090,#5091,#5092);
#5090 = CARTESIAN_POINT('',(-10.,0.75,-35.8));
#5091 = DIRECTION('',(0.,-1.,0.));
#5092 = DIRECTION('',(0.,0.,1.));
#5093 = FACE_BOUND('',#5094,.F.);
#5094 = EDGE_LOOP('',(#5095,#5106));
#5095 = ORIENTED_EDGE('',*,*,#5096,.T.);
#5096 = EDGE_CURVE('',#5097,#5099,#5101,.T.);
#5097 = VERTEX_POINT('',#5098);
#5098 = CARTESIAN_POINT('',(-6.,0.75,-36.45));
#5099 = VERTEX_POINT('',#5100);
#5100 = CARTESIAN_POINT('',(-6.,0.75,-35.15));
#5101 = CIRCLE('',#5102,0.65);
#5102 = AXIS2_PLACEMENT_3D('',#5103,#5104,#5105);
#5103 = CARTESIAN_POINT('',(-6.,0.75,-35.8));
#5104 = DIRECTION('',(0.,-1.,0.));
#5105 = DIRECTION('',(0.,0.,-1.));
#5106 = ORIENTED_EDGE('',*,*,#5107,.T.);
#5107 = EDGE_CURVE('',#5099,#5097,#5108,.T.);
#5108 = CIRCLE('',#5109,0.65);
#5109 = AXIS2_PLACEMENT_3D('',#5110,#5111,#5112);
#5110 = CARTESIAN_POINT('',(-6.,0.75,-35.8));
#5111 = DIRECTION('',(0.,-1.,0.));
#5112 = DIRECTION('',(0.,0.,1.));
#5113 = FACE_BOUND('',#5114,.F.);
#5114 = EDGE_LOOP('',(#5115,#5126));
#5115 = ORIENTED_EDGE('',*,*,#5116,.T.);
#5116 = EDGE_CURVE('',#5117,#5119,#5121,.T.);
#5117 = VERTEX_POINT('',#5118);
#5118 = CARTESIAN_POINT('',(-2.,0.75,-36.45));
#5119 = VERTEX_POINT('',#5120);
#5120 = CARTESIAN_POINT('',(-2.,0.75,-35.15));
#5121 = CIRCLE('',#5122,0.65);
#5122 = AXIS2_PLACEMENT_3D('',#5123,#5124,#5125);
#5123 = CARTESIAN_POINT('',(-2.,0.75,-35.8));
#5124 = DIRECTION('',(0.,-1.,0.));
#5125 = DIRECTION('',(0.,0.,-1.));
#5126 = ORIENTED_EDGE('',*,*,#5127,.T.);
#5127 = EDGE_CURVE('',#5119,#5117,#5128,.T.);
#5128 = CIRCLE('',#5129,0.65);
#5129 = AXIS2_PLACEMENT_3D('',#5130,#5131,#5132);
#5130 = CARTESIAN_POINT('',(-2.,0.75,-35.8));
#5131 = DIRECTION('',(0.,-1.,0.));
#5132 = DIRECTION('',(0.,0.,1.));
#5133 = FACE_BOUND('',#5134,.F.);
#5134 = EDGE_LOOP('',(#5135,#5146));
#5135 = ORIENTED_EDGE('',*,*,#5136,.T.);
#5136 = EDGE_CURVE('',#5137,#5139,#5141,.T.);
#5137 = VERTEX_POINT('',#5138);
#5138 = CARTESIAN_POINT('',(2.,0.75,-36.45));
#5139 = VERTEX_POINT('',#5140);
#5140 = CARTESIAN_POINT('',(2.,0.75,-35.15));
#5141 = CIRCLE('',#5142,0.65);
#5142 = AXIS2_PLACEMENT_3D('',#5143,#5144,#5145);
#5143 = CARTESIAN_POINT('',(2.,0.75,-35.8));
#5144 = DIRECTION('',(0.,-1.,0.));
#5145 = DIRECTION('',(0.,0.,-1.));
#5146 = ORIENTED_EDGE('',*,*,#5147,.T.);
#5147 = EDGE_CURVE('',#5139,#5137,#5148,.T.);
#5148 = CIRCLE('',#5149,0.65);
#5149 = AXIS2_PLACEMENT_3D('',#5150,#5151,#5152);
#5150 = CARTESIAN_POINT('',(2.,0.75,-35.8));
#5151 = DIRECTION('',(0.,-1.,0.));
#5152 = DIRECTION('',(0.,0.,1.));
#5153 = FACE_BOUND('',#5154,.F.);
#5154 = EDGE_LOOP('',(#5155,#5166));
#5155 = ORIENTED_EDGE('',*,*,#5156,.T.);
#5156 = EDGE_CURVE('',#5157,#5159,#5161,.T.);
#5157 = VERTEX_POINT('',#5158);
#5158 = CARTESIAN_POINT('',(6.,0.75,-36.45));
#5159 = VERTEX_POINT('',#5160);
#5160 = CARTESIAN_POINT('',(6.,0.75,-35.15));
#5161 = CIRCLE('',#5162,0.65);
#5162 = AXIS2_PLACEMENT_3D('',#5163,#5164,#5165);
#5163 = CARTESIAN_POINT('',(6.,0.75,-35.8));
#5164 = DIRECTION('',(0.,-1.,0.));
#5165 = DIRECTION('',(0.,0.,-1.));
#5166 = ORIENTED_EDGE('',*,*,#5167,.T.);
#5167 = EDGE_CURVE('',#5159,#5157,#5168,.T.);
#5168 = CIRCLE('',#5169,0.65);
#5169 = AXIS2_PLACEMENT_3D('',#5170,#5171,#5172);
#5170 = CARTESIAN_POINT('',(6.,0.75,-35.8));
#5171 = DIRECTION('',(0.,-1.,0.));
#5172 = DIRECTION('',(0.,0.,1.));
#5173 = FACE_BOUND('',#5174,.F.);
#5174 = EDGE_LOOP('',(#5175,#5186));
#5175 = ORIENTED_EDGE('',*,*,#5176,.T.);
#5176 = EDGE_CURVE('',#5177,#5179,#5181,.T.);
#5177 = VERTEX_POINT('',#5178);
#5178 = CARTESIAN_POINT('',(10.,0.75,-36.45));
#5179 = VERTEX_POINT('',#5180);
#5180 = CARTESIAN_POINT('',(10.,0.75,-35.15));
#5181 = CIRCLE('',#5182,0.65);
#5182 = AXIS2_PLACEMENT_3D('',#5183,#5184,#5185);
#5183 = CARTESIAN_POINT('',(10.,0.75,-35.8));
#5184 = DIRECTION('',(0.,-1.,0.));
#5185 = DIRECTION('',(0.,0.,-1.));
#5186 = ORIENTED_EDGE('',*,*,#5187,.T.);
#5187 = EDGE_CURVE('',#5179,#5177,#5188,.T.);
#5188 = CIRCLE('',#5189,0.65);
#5189 = AXIS2_PLACEMENT_3D('',#5190,#5191,#5192);
#5190 = CARTESIAN_POINT('',(10.,0.75,-35.8));
#5191 = DIRECTION('',(0.,-1.,0.));
#5192 = DIRECTION('',(0.,0.,1.));
#5193 = FACE_BOUND('',#5194,.F.);
#5194 = EDGE_LOOP('',(#5195,#5206));
#5195 = ORIENTED_EDGE('',*,*,#5196,.T.);
#5196 = EDGE_CURVE('',#5197,#5199,#5201,.T.);
#5197 = VERTEX_POINT('',#5198);
#5198 = CARTESIAN_POINT('',(14.,0.75,-36.45));
#5199 = VERTEX_POINT('',#5200);
#5200 = CARTESIAN_POINT('',(14.,0.75,-35.15));
#5201 = CIRCLE('',#5202,0.65);
#5202 = AXIS2_PLACEMENT_3D('',#5203,#5204,#5205);
#5203 = CARTESIAN_POINT('',(14.,0.75,-35.8));
#5204 = DIRECTION('',(0.,-1.,0.));
#5205 = DIRECTION('',(0.,0.,-1.));
#5206 = ORIENTED_EDGE('',*,*,#5207,.T.);
#5207 = EDGE_CURVE('',#5199,#5197,#5208,.T.);
#5208 = CIRCLE('',#5209,0.65);
#5209 = AXIS2_PLACEMENT_3D('',#5210,#5211,#5212);
#5210 = CARTESIAN_POINT('',(14.,0.75,-35.8));
#5211 = DIRECTION('',(0.,-1.,0.));
#5212 = DIRECTION('',(0.,0.,1.));
#5213 = PLANE('',#5214);
#5214 = AXIS2_PLACEMENT_3D('',#5215,#5216,#5217);
#5215 = CARTESIAN_POINT('',(-16.7,0.75,-35.1));
#5216 = DIRECTION('',(0.,-1.,0.));
#5217 = DIRECTION('',(0.,0.,-1.));
#5218 = ADVANCED_FACE('',(#5219),#5244,.T.);
#5219 = FACE_BOUND('',#5220,.F.);
#5220 = EDGE_LOOP('',(#5221,#5229,#5230,#5238));
#5221 = ORIENTED_EDGE('',*,*,#5222,.T.);
#5222 = EDGE_CURVE('',#5223,#5018,#5225,.T.);
#5223 = VERTEX_POINT('',#5224);
#5224 = CARTESIAN_POINT('',(15.25,-2.65,-32.5));
#5225 = LINE('',#5226,#5227);
#5226 = CARTESIAN_POINT('',(15.25,-2.65,-32.5));
#5227 = VECTOR('',#5228,1.);
#5228 = DIRECTION('',(0.,0.794357832977,-0.607450107571));
#5229 = ORIENTED_EDGE('',*,*,#5015,.F.);
#5230 = ORIENTED_EDGE('',*,*,#5231,.F.);
#5231 = EDGE_CURVE('',#5232,#5016,#5234,.T.);
#5232 = VERTEX_POINT('',#5233);
#5233 = CARTESIAN_POINT('',(-15.25,-2.65,-32.5));
#5234 = LINE('',#5235,#5236);
#5235 = CARTESIAN_POINT('',(-15.25,-2.65,-32.5));
#5236 = VECTOR('',#5237,1.);
#5237 = DIRECTION('',(0.,0.794357832977,-0.607450107571));
#5238 = ORIENTED_EDGE('',*,*,#5239,.T.);
#5239 = EDGE_CURVE('',#5232,#5223,#5240,.T.);
#5240 = LINE('',#5241,#5242);
#5241 = CARTESIAN_POINT('',(-15.25,-2.65,-32.5));
#5242 = VECTOR('',#5243,1.);
#5243 = DIRECTION('',(1.,0.,0.));
#5244 = PLANE('',#5245);
#5245 = AXIS2_PLACEMENT_3D('',#5246,#5247,#5248);
#5246 = CARTESIAN_POINT('',(-16.7,-2.65,-32.5));
#5247 = DIRECTION('',(0.,-0.607450107571,-0.794357832977));
#5248 = DIRECTION('',(0.,0.794357832977,-0.607450107571));
#5249 = ADVANCED_FACE('',(#5250),#5277,.F.);
#5250 = FACE_BOUND('',#5251,.F.);
#5251 = EDGE_LOOP('',(#5252,#5262,#5268,#5269,#5270,#5271));
#5252 = ORIENTED_EDGE('',*,*,#5253,.F.);
#5253 = EDGE_CURVE('',#5254,#5256,#5258,.T.);
#5254 = VERTEX_POINT('',#5255);
#5255 = CARTESIAN_POINT('',(15.25,-3.25,-31.1));
#5256 = VERTEX_POINT('',#5257);
#5257 = CARTESIAN_POINT('',(15.25,-3.25,-32.5));
#5258 = LINE('',#5259,#5260);
#5259 = CARTESIAN_POINT('',(15.25,-3.25,-31.1));
#5260 = VECTOR('',#5261,1.);
#5261 = DIRECTION('',(0.,0.,-1.));
#5262 = ORIENTED_EDGE('',*,*,#5263,.T.);
#5263 = EDGE_CURVE('',#5254,#4843,#5264,.T.);
#5264 = LINE('',#5265,#5266);
#5265 = CARTESIAN_POINT('',(15.25,-3.25,-31.1));
#5266 = VECTOR('',#5267,1.);
#5267 = DIRECTION('',(0.,0.,1.));
#5268 = ORIENTED_EDGE('',*,*,#4842,.T.);
#5269 = ORIENTED_EDGE('',*,*,#5025,.T.);
#5270 = ORIENTED_EDGE('',*,*,#5222,.F.);
#5271 = ORIENTED_EDGE('',*,*,#5272,.F.);
#5272 = EDGE_CURVE('',#5256,#5223,#5273,.T.);
#5273 = LINE('',#5274,#5275);
#5274 = CARTESIAN_POINT('',(15.25,-3.25,-32.5));
#5275 = VECTOR('',#5276,1.);
#5276 = DIRECTION('',(0.,1.,0.));
#5277 = PLANE('',#5278);
#5278 = AXIS2_PLACEMENT_3D('',#5279,#5280,#5281);
#5279 = CARTESIAN_POINT('',(15.25,0.,0.));
#5280 = DIRECTION('',(-1.,0.,0.));
#5281 = DIRECTION('',(0.,0.,1.));
#5282 = ADVANCED_FACE('',(#5283,#5308,#5328,#5348,#5368,#5388,#5408,
    #5428),#5448,.T.);
#5283 = FACE_BOUND('',#5284,.F.);
#5284 = EDGE_LOOP('',(#5285,#5286,#5294,#5302));
#5285 = ORIENTED_EDGE('',*,*,#5253,.T.);
#5286 = ORIENTED_EDGE('',*,*,#5287,.F.);
#5287 = EDGE_CURVE('',#5288,#5256,#5290,.T.);
#5288 = VERTEX_POINT('',#5289);
#5289 = CARTESIAN_POINT('',(-15.25,-3.25,-32.5));
#5290 = LINE('',#5291,#5292);
#5291 = CARTESIAN_POINT('',(-15.25,-3.25,-32.5));
#5292 = VECTOR('',#5293,1.);
#5293 = DIRECTION('',(1.,0.,0.));
#5294 = ORIENTED_EDGE('',*,*,#5295,.F.);
#5295 = EDGE_CURVE('',#5296,#5288,#5298,.T.);
#5296 = VERTEX_POINT('',#5297);
#5297 = CARTESIAN_POINT('',(-15.25,-3.25,-31.1));
#5298 = LINE('',#5299,#5300);
#5299 = CARTESIAN_POINT('',(-15.25,-3.25,-31.1));
#5300 = VECTOR('',#5301,1.);
#5301 = DIRECTION('',(0.,0.,-1.));
#5302 = ORIENTED_EDGE('',*,*,#5303,.T.);
#5303 = EDGE_CURVE('',#5296,#5254,#5304,.T.);
#5304 = LINE('',#5305,#5306);
#5305 = CARTESIAN_POINT('',(-15.25,-3.25,-31.1));
#5306 = VECTOR('',#5307,1.);
#5307 = DIRECTION('',(1.,0.,0.));
#5308 = FACE_BOUND('',#5309,.F.);
#5309 = EDGE_LOOP('',(#5310,#5321));
#5310 = ORIENTED_EDGE('',*,*,#5311,.T.);
#5311 = EDGE_CURVE('',#5312,#5314,#5316,.T.);
#5312 = VERTEX_POINT('',#5313);
#5313 = CARTESIAN_POINT('',(-12.,-3.25,-32.45));
#5314 = VERTEX_POINT('',#5315);
#5315 = CARTESIAN_POINT('',(-12.,-3.25,-31.15));
#5316 = CIRCLE('',#5317,0.65);
#5317 = AXIS2_PLACEMENT_3D('',#5318,#5319,#5320);
#5318 = CARTESIAN_POINT('',(-12.,-3.25,-31.8));
#5319 = DIRECTION('',(0.,-1.,0.));
#5320 = DIRECTION('',(0.,0.,-1.));
#5321 = ORIENTED_EDGE('',*,*,#5322,.T.);
#5322 = EDGE_CURVE('',#5314,#5312,#5323,.T.);
#5323 = CIRCLE('',#5324,0.65);
#5324 = AXIS2_PLACEMENT_3D('',#5325,#5326,#5327);
#5325 = CARTESIAN_POINT('',(-12.,-3.25,-31.8));
#5326 = DIRECTION('',(0.,-1.,0.));
#5327 = DIRECTION('',(0.,0.,1.));
#5328 = FACE_BOUND('',#5329,.F.);
#5329 = EDGE_LOOP('',(#5330,#5341));
#5330 = ORIENTED_EDGE('',*,*,#5331,.T.);
#5331 = EDGE_CURVE('',#5332,#5334,#5336,.T.);
#5332 = VERTEX_POINT('',#5333);
#5333 = CARTESIAN_POINT('',(-8.,-3.25,-32.45));
#5334 = VERTEX_POINT('',#5335);
#5335 = CARTESIAN_POINT('',(-8.,-3.25,-31.15));
#5336 = CIRCLE('',#5337,0.65);
#5337 = AXIS2_PLACEMENT_3D('',#5338,#5339,#5340);
#5338 = CARTESIAN_POINT('',(-8.,-3.25,-31.8));
#5339 = DIRECTION('',(0.,-1.,0.));
#5340 = DIRECTION('',(0.,0.,-1.));
#5341 = ORIENTED_EDGE('',*,*,#5342,.T.);
#5342 = EDGE_CURVE('',#5334,#5332,#5343,.T.);
#5343 = CIRCLE('',#5344,0.65);
#5344 = AXIS2_PLACEMENT_3D('',#5345,#5346,#5347);
#5345 = CARTESIAN_POINT('',(-8.,-3.25,-31.8));
#5346 = DIRECTION('',(0.,-1.,0.));
#5347 = DIRECTION('',(0.,0.,1.));
#5348 = FACE_BOUND('',#5349,.F.);
#5349 = EDGE_LOOP('',(#5350,#5361));
#5350 = ORIENTED_EDGE('',*,*,#5351,.T.);
#5351 = EDGE_CURVE('',#5352,#5354,#5356,.T.);
#5352 = VERTEX_POINT('',#5353);
#5353 = CARTESIAN_POINT('',(-4.,-3.25,-32.45));
#5354 = VERTEX_POINT('',#5355);
#5355 = CARTESIAN_POINT('',(-4.,-3.25,-31.15));
#5356 = CIRCLE('',#5357,0.65);
#5357 = AXIS2_PLACEMENT_3D('',#5358,#5359,#5360);
#5358 = CARTESIAN_POINT('',(-4.,-3.25,-31.8));
#5359 = DIRECTION('',(0.,-1.,0.));
#5360 = DIRECTION('',(0.,0.,-1.));
#5361 = ORIENTED_EDGE('',*,*,#5362,.T.);
#5362 = EDGE_CURVE('',#5354,#5352,#5363,.T.);
#5363 = CIRCLE('',#5364,0.65);
#5364 = AXIS2_PLACEMENT_3D('',#5365,#5366,#5367);
#5365 = CARTESIAN_POINT('',(-4.,-3.25,-31.8));
#5366 = DIRECTION('',(0.,-1.,0.));
#5367 = DIRECTION('',(0.,0.,1.));
#5368 = FACE_BOUND('',#5369,.F.);
#5369 = EDGE_LOOP('',(#5370,#5381));
#5370 = ORIENTED_EDGE('',*,*,#5371,.T.);
#5371 = EDGE_CURVE('',#5372,#5374,#5376,.T.);
#5372 = VERTEX_POINT('',#5373);
#5373 = CARTESIAN_POINT('',(0.,-3.25,-32.45));
#5374 = VERTEX_POINT('',#5375);
#5375 = CARTESIAN_POINT('',(0.,-3.25,-31.15));
#5376 = CIRCLE('',#5377,0.65);
#5377 = AXIS2_PLACEMENT_3D('',#5378,#5379,#5380);
#5378 = CARTESIAN_POINT('',(0.,-3.25,-31.8));
#5379 = DIRECTION('',(0.,-1.,0.));
#5380 = DIRECTION('',(0.,0.,-1.));
#5381 = ORIENTED_EDGE('',*,*,#5382,.T.);
#5382 = EDGE_CURVE('',#5374,#5372,#5383,.T.);
#5383 = CIRCLE('',#5384,0.65);
#5384 = AXIS2_PLACEMENT_3D('',#5385,#5386,#5387);
#5385 = CARTESIAN_POINT('',(0.,-3.25,-31.8));
#5386 = DIRECTION('',(0.,-1.,0.));
#5387 = DIRECTION('',(0.,0.,1.));
#5388 = FACE_BOUND('',#5389,.F.);
#5389 = EDGE_LOOP('',(#5390,#5401));
#5390 = ORIENTED_EDGE('',*,*,#5391,.T.);
#5391 = EDGE_CURVE('',#5392,#5394,#5396,.T.);
#5392 = VERTEX_POINT('',#5393);
#5393 = CARTESIAN_POINT('',(4.,-3.25,-32.45));
#5394 = VERTEX_POINT('',#5395);
#5395 = CARTESIAN_POINT('',(4.,-3.25,-31.15));
#5396 = CIRCLE('',#5397,0.65);
#5397 = AXIS2_PLACEMENT_3D('',#5398,#5399,#5400);
#5398 = CARTESIAN_POINT('',(4.,-3.25,-31.8));
#5399 = DIRECTION('',(0.,-1.,0.));
#5400 = DIRECTION('',(0.,0.,-1.));
#5401 = ORIENTED_EDGE('',*,*,#5402,.T.);
#5402 = EDGE_CURVE('',#5394,#5392,#5403,.T.);
#5403 = CIRCLE('',#5404,0.65);
#5404 = AXIS2_PLACEMENT_3D('',#5405,#5406,#5407);
#5405 = CARTESIAN_POINT('',(4.,-3.25,-31.8));
#5406 = DIRECTION('',(0.,-1.,0.));
#5407 = DIRECTION('',(0.,0.,1.));
#5408 = FACE_BOUND('',#5409,.F.);
#5409 = EDGE_LOOP('',(#5410,#5421));
#5410 = ORIENTED_EDGE('',*,*,#5411,.T.);
#5411 = EDGE_CURVE('',#5412,#5414,#5416,.T.);
#5412 = VERTEX_POINT('',#5413);
#5413 = CARTESIAN_POINT('',(8.,-3.25,-32.45));
#5414 = VERTEX_POINT('',#5415);
#5415 = CARTESIAN_POINT('',(8.,-3.25,-31.15));
#5416 = CIRCLE('',#5417,0.65);
#5417 = AXIS2_PLACEMENT_3D('',#5418,#5419,#5420);
#5418 = CARTESIAN_POINT('',(8.,-3.25,-31.8));
#5419 = DIRECTION('',(0.,-1.,0.));
#5420 = DIRECTION('',(0.,0.,-1.));
#5421 = ORIENTED_EDGE('',*,*,#5422,.T.);
#5422 = EDGE_CURVE('',#5414,#5412,#5423,.T.);
#5423 = CIRCLE('',#5424,0.65);
#5424 = AXIS2_PLACEMENT_3D('',#5425,#5426,#5427);
#5425 = CARTESIAN_POINT('',(8.,-3.25,-31.8));
#5426 = DIRECTION('',(0.,-1.,0.));
#5427 = DIRECTION('',(0.,0.,1.));
#5428 = FACE_BOUND('',#5429,.F.);
#5429 = EDGE_LOOP('',(#5430,#5441));
#5430 = ORIENTED_EDGE('',*,*,#5431,.T.);
#5431 = EDGE_CURVE('',#5432,#5434,#5436,.T.);
#5432 = VERTEX_POINT('',#5433);
#5433 = CARTESIAN_POINT('',(12.,-3.25,-32.45));
#5434 = VERTEX_POINT('',#5435);
#5435 = CARTESIAN_POINT('',(12.,-3.25,-31.15));
#5436 = CIRCLE('',#5437,0.65);
#5437 = AXIS2_PLACEMENT_3D('',#5438,#5439,#5440);
#5438 = CARTESIAN_POINT('',(12.,-3.25,-31.8));
#5439 = DIRECTION('',(0.,-1.,0.));
#5440 = DIRECTION('',(0.,0.,-1.));
#5441 = ORIENTED_EDGE('',*,*,#5442,.T.);
#5442 = EDGE_CURVE('',#5434,#5432,#5443,.T.);
#5443 = CIRCLE('',#5444,0.65);
#5444 = AXIS2_PLACEMENT_3D('',#5445,#5446,#5447);
#5445 = CARTESIAN_POINT('',(12.,-3.25,-31.8));
#5446 = DIRECTION('',(0.,-1.,0.));
#5447 = DIRECTION('',(0.,0.,1.));
#5448 = PLANE('',#5449);
#5449 = AXIS2_PLACEMENT_3D('',#5450,#5451,#5452);
#5450 = CARTESIAN_POINT('',(-16.7,-3.25,-31.1));
#5451 = DIRECTION('',(0.,-1.,0.));
#5452 = DIRECTION('',(0.,0.,-1.));
#5453 = ADVANCED_FACE('',(#5454),#5465,.T.);
#5454 = FACE_BOUND('',#5455,.F.);
#5455 = EDGE_LOOP('',(#5456,#5457,#5458,#5464));
#5456 = ORIENTED_EDGE('',*,*,#5272,.T.);
#5457 = ORIENTED_EDGE('',*,*,#5239,.F.);
#5458 = ORIENTED_EDGE('',*,*,#5459,.F.);
#5459 = EDGE_CURVE('',#5288,#5232,#5460,.T.);
#5460 = LINE('',#5461,#5462);
#5461 = CARTESIAN_POINT('',(-15.25,-3.25,-32.5));
#5462 = VECTOR('',#5463,1.);
#5463 = DIRECTION('',(0.,1.,0.));
#5464 = ORIENTED_EDGE('',*,*,#5287,.T.);
#5465 = PLANE('',#5466);
#5466 = AXIS2_PLACEMENT_3D('',#5467,#5468,#5469);
#5467 = CARTESIAN_POINT('',(-16.7,-3.25,-32.5));
#5468 = DIRECTION('',(0.,0.,-1.));
#5469 = DIRECTION('',(0.,1.,0.));
#5470 = ADVANCED_FACE('',(#5471),#5484,.T.);
#5471 = FACE_BOUND('',#5472,.F.);
#5472 = EDGE_LOOP('',(#5473,#5474,#5475,#5476,#5477,#5478));
#5473 = ORIENTED_EDGE('',*,*,#5295,.T.);
#5474 = ORIENTED_EDGE('',*,*,#5459,.T.);
#5475 = ORIENTED_EDGE('',*,*,#5231,.T.);
#5476 = ORIENTED_EDGE('',*,*,#5048,.F.);
#5477 = ORIENTED_EDGE('',*,*,#4794,.F.);
#5478 = ORIENTED_EDGE('',*,*,#5479,.F.);
#5479 = EDGE_CURVE('',#5296,#4787,#5480,.T.);
#5480 = LINE('',#5481,#5482);
#5481 = CARTESIAN_POINT('',(-15.25,-3.25,-31.1));
#5482 = VECTOR('',#5483,1.);
#5483 = DIRECTION('',(0.,0.,1.));
#5484 = PLANE('',#5485);
#5485 = AXIS2_PLACEMENT_3D('',#5486,#5487,#5488);
#5486 = CARTESIAN_POINT('',(-15.25,0.,0.));
#5487 = DIRECTION('',(-1.,0.,0.));
#5488 = DIRECTION('',(0.,0.,1.));
#5489 = ADVANCED_FACE('',(#5490),#5508,.F.);
#5490 = FACE_BOUND('',#5491,.F.);
#5491 = EDGE_LOOP('',(#5492,#5500,#5506,#5507));
#5492 = ORIENTED_EDGE('',*,*,#5493,.T.);
#5493 = EDGE_CURVE('',#4779,#5494,#5496,.T.);
#5494 = VERTEX_POINT('',#5495);
#5495 = CARTESIAN_POINT('',(-16.7,-3.25,-31.1));
#5496 = LINE('',#5497,#5498);
#5497 = CARTESIAN_POINT('',(-16.7,-3.25,-22.));
#5498 = VECTOR('',#5499,1.);
#5499 = DIRECTION('',(0.,0.,-1.));
#5500 = ORIENTED_EDGE('',*,*,#5501,.T.);
#5501 = EDGE_CURVE('',#5494,#5296,#5502,.T.);
#5502 = LINE('',#5503,#5504);
#5503 = CARTESIAN_POINT('',(-16.7,-3.25,-31.1));
#5504 = VECTOR('',#5505,1.);
#5505 = DIRECTION('',(1.,0.,0.));
#5506 = ORIENTED_EDGE('',*,*,#5479,.T.);
#5507 = ORIENTED_EDGE('',*,*,#4786,.F.);
#5508 = PLANE('',#5509);
#5509 = AXIS2_PLACEMENT_3D('',#5510,#5511,#5512);
#5510 = CARTESIAN_POINT('',(-16.7,-3.25,-32.5));
#5511 = DIRECTION('',(0.,-1.,0.));
#5512 = DIRECTION('',(0.,0.,1.));
#5513 = ADVANCED_FACE('',(#5514),#5541,.F.);
#5514 = FACE_BOUND('',#5515,.F.);
#5515 = EDGE_LOOP('',(#5516,#5517,#5526,#5534,#5540));
#5516 = ORIENTED_EDGE('',*,*,#5041,.F.);
#5517 = ORIENTED_EDGE('',*,*,#5518,.T.);
#5518 = EDGE_CURVE('',#5034,#5519,#5521,.T.);
#5519 = VERTEX_POINT('',#5520);
#5520 = CARTESIAN_POINT('',(-16.7,3.87676320947,-34.25515488527));
#5521 = CIRCLE('',#5522,3.3);
#5522 = AXIS2_PLACEMENT_3D('',#5523,#5524,#5525);
#5523 = CARTESIAN_POINT('',(-16.7,0.75,-33.2));
#5524 = DIRECTION('',(1.,0.,0.));
#5525 = DIRECTION('',(0.,0.,-1.));
#5526 = ORIENTED_EDGE('',*,*,#5527,.T.);
#5527 = EDGE_CURVE('',#5519,#5528,#5530,.T.);
#5528 = VERTEX_POINT('',#5529);
#5529 = CARTESIAN_POINT('',(-16.7,7.,-25.));
#5530 = LINE('',#5531,#5532);
#5531 = CARTESIAN_POINT('',(-16.7,3.87676320947,-34.25515488527));
#5532 = VECTOR('',#5533,1.);
#5533 = DIRECTION('',(0.,0.319743904626,0.94750400287));
#5534 = ORIENTED_EDGE('',*,*,#5535,.T.);
#5535 = EDGE_CURVE('',#5528,#4811,#5536,.T.);
#5536 = LINE('',#5537,#5538);
#5537 = CARTESIAN_POINT('',(-16.7,7.,-25.));
#5538 = VECTOR('',#5539,1.);
#5539 = DIRECTION('',(0.,0.,1.));
#5540 = ORIENTED_EDGE('',*,*,#4810,.F.);
#5541 = PLANE('',#5542);
#5542 = AXIS2_PLACEMENT_3D('',#5543,#5544,#5545);
#5543 = CARTESIAN_POINT('',(-16.7,0.,0.));
#5544 = DIRECTION('',(1.,0.,0.));
#5545 = DIRECTION('',(0.,0.,-1.));
#5546 = ADVANCED_FACE('',(#5547),#5565,.F.);
#5547 = FACE_BOUND('',#5548,.F.);
#5548 = EDGE_LOOP('',(#5549,#5557,#5563,#5564));
#5549 = ORIENTED_EDGE('',*,*,#5550,.T.);
#5550 = EDGE_CURVE('',#4771,#5551,#5553,.T.);
#5551 = VERTEX_POINT('',#5552);
#5552 = CARTESIAN_POINT('',(-16.7,-5.099250705736,-29.68586710738));
#5553 = LINE('',#5554,#5555);
#5554 = CARTESIAN_POINT('',(-16.7,-5.099250705736,-22.));
#5555 = VECTOR('',#5556,1.);
#5556 = DIRECTION('',(0.,0.,-1.));
#5557 = ORIENTED_EDGE('',*,*,#5558,.T.);
#5558 = EDGE_CURVE('',#5551,#5494,#5559,.T.);
#5559 = LINE('',#5560,#5561);
#5560 = CARTESIAN_POINT('',(-16.7,-5.099250705736,-29.68586710738));
#5561 = VECTOR('',#5562,1.);
#5562 = DIRECTION('',(0.,0.794357832977,-0.607450107571));
#5563 = ORIENTED_EDGE('',*,*,#5493,.F.);
#5564 = ORIENTED_EDGE('',*,*,#4778,.F.);
#5565 = PLANE('',#5566);
#5566 = AXIS2_PLACEMENT_3D('',#5567,#5568,#5569);
#5567 = CARTESIAN_POINT('',(-16.7,0.,0.));
#5568 = DIRECTION('',(1.,0.,0.));
#5569 = DIRECTION('',(0.,0.,-1.));
#5570 = ADVANCED_FACE('',(#5571),#6150,.T.);
#5571 = FACE_BOUND('',#5572,.T.);
#5572 = EDGE_LOOP('',(#5573,#5581,#5582,#5583,#5584,#5592,#5618,#5629,
    #5655,#5663,#5689,#5700,#5726,#5734,#5760,#5771,#5797,#5805,#5831,
    #5842,#5868,#5876,#5902,#5913,#5939,#5947,#5973,#5984,#6010,#6018,
    #6044,#6055,#6081,#6089,#6115,#6126));
#5573 = ORIENTED_EDGE('',*,*,#5574,.T.);
#5574 = EDGE_CURVE('',#5575,#4969,#5577,.T.);
#5575 = VERTEX_POINT('',#5576);
#5576 = CARTESIAN_POINT('',(14.64098518058,3.87676320947,-34.25515488527
    ));
#5577 = LINE('',#5578,#5579);
#5578 = CARTESIAN_POINT('',(14.64098518058,3.87676320947,-34.25515488527
    ));
#5579 = VECTOR('',#5580,1.);
#5580 = DIRECTION('',(1.,0.,0.));
#5581 = ORIENTED_EDGE('',*,*,#4976,.F.);
#5582 = ORIENTED_EDGE('',*,*,#5033,.F.);
#5583 = ORIENTED_EDGE('',*,*,#5518,.T.);
#5584 = ORIENTED_EDGE('',*,*,#5585,.T.);
#5585 = EDGE_CURVE('',#5519,#5586,#5588,.T.);
#5586 = VERTEX_POINT('',#5587);
#5587 = CARTESIAN_POINT('',(-14.64098518058,3.87676320947,
    -34.25515488527));
#5588 = LINE('',#5589,#5590);
#5589 = CARTESIAN_POINT('',(-16.7,3.87676320947,-34.25515488527));
#5590 = VECTOR('',#5591,1.);
#5591 = DIRECTION('',(1.,0.,0.));
#5592 = ORIENTED_EDGE('',*,*,#5593,.F.);
#5593 = EDGE_CURVE('',#5594,#5586,#5596,.T.);
#5594 = VERTEX_POINT('',#5595);
#5595 = CARTESIAN_POINT('',(-14.0804982557,1.35,-36.44499614792));
#5596 = B_SPLINE_CURVE_WITH_KNOTS('',3,(#5597,#5598,#5599,#5600,#5601,
    #5602,#5603,#5604,#5605,#5606,#5607,#5608,#5609,#5610,#5611,#5612,
    #5613,#5614,#5615,#5616,#5617),.UNSPECIFIED.,.F.,.F.,(4,1,1,1,1,1,1,
    1,1,1,1,1,1,1,1,1,1,1,4),(0.,5.555555555556E-02,0.111111111111,
    0.166666666667,0.222222222222,0.277777777778,0.333333333333,
    0.388888888889,0.444444444444,0.5,0.555555555556,0.611111111111,
    0.666666666667,0.722222222222,0.777777777778,0.833333333333,
    0.888888888889,0.944444444444,1.),.UNSPECIFIED.);
#5597 = CARTESIAN_POINT('',(-14.0804982557,1.35,-36.44499614792));
#5598 = CARTESIAN_POINT('',(-14.10274132653,1.365013675635,
    -36.44222011831));
#5599 = CARTESIAN_POINT('',(-14.14240242553,1.403622352366,
    -36.43487968123));
#5600 = CARTESIAN_POINT('',(-14.19544229742,1.481224832249,
    -36.41833233444));
#5601 = CARTESIAN_POINT('',(-14.23968623237,1.565853139478,
    -36.39799386852));
#5602 = CARTESIAN_POINT('',(-14.28015376549,1.659441995013,
    -36.37275778027));
#5603 = CARTESIAN_POINT('',(-14.31794306846,1.762333686216,
    -36.3415645457));
#5604 = CARTESIAN_POINT('',(-14.35382665912,1.874914163241,
    -36.30318945443));
#5605 = CARTESIAN_POINT('',(-14.38813489175,1.997557991048,
    -36.25611842584));
#5606 = CARTESIAN_POINT('',(-14.42069031421,2.129020079091,
    -36.19929711576));
#5607 = CARTESIAN_POINT('',(-14.45200034313,2.27110559451,
    -36.13010264545));
#5608 = CARTESIAN_POINT('',(-14.48233830836,2.425878384428,
    -36.04482516144));
#5609 = CARTESIAN_POINT('',(-14.51154955374,2.593945104959,
    -35.93946805566));
#5610 = CARTESIAN_POINT('',(-14.53939917411,2.775993194842,
    -35.80844596996));
#5611 = CARTESIAN_POINT('',(-14.56485577033,2.966900747878,-35.649077841
    ));
#5612 = CARTESIAN_POINT('',(-14.5873092013,3.162162371749,
    -35.45801147666));
#5613 = CARTESIAN_POINT('',(-14.6063795672,3.357357233162,
    -35.23090605625));
#5614 = CARTESIAN_POINT('',(-14.62191475487,3.548635381,-34.96016438025)
  );
#5615 = CARTESIAN_POINT('',(-14.63365845914,3.728095619667,
    -34.63899248383));
#5616 = CARTESIAN_POINT('',(-14.63892313883,3.831600126631,
    -34.38898762188));
#5617 = CARTESIAN_POINT('',(-14.64098518058,3.87676320947,
    -34.25515488527));
#5618 = ORIENTED_EDGE('',*,*,#5619,.T.);
#5619 = EDGE_CURVE('',#5594,#5620,#5622,.T.);
#5620 = VERTEX_POINT('',#5621);
#5621 = CARTESIAN_POINT('',(-13.9195017443,1.35,-36.44499614792));
#5622 = B_SPLINE_CURVE_WITH_KNOTS('',3,(#5623,#5624,#5625,#5626,#5627,
    #5628),.UNSPECIFIED.,.F.,.F.,(4,1,1,4),(0.,0.333333333333,
    0.666666666667,1.),.UNSPECIFIED.);
#5623 = CARTESIAN_POINT('',(-14.0804982557,1.35,-36.44499614792));
#5624 = CARTESIAN_POINT('',(-14.06277945385,1.338040125138,
    -36.44720752956));
#5625 = CARTESIAN_POINT('',(-14.02766656273,1.321327998573,
    -36.45017030861));
#5626 = CARTESIAN_POINT('',(-13.97233840571,1.321326356276,
    -36.45017059379));
#5627 = CARTESIAN_POINT('',(-13.93722234944,1.338038907946,
    -36.44720775462));
#5628 = CARTESIAN_POINT('',(-13.9195017443,1.35,-36.44499614792));
#5629 = ORIENTED_EDGE('',*,*,#5630,.F.);
#5630 = EDGE_CURVE('',#5631,#5620,#5633,.T.);
#5631 = VERTEX_POINT('',#5632);
#5632 = CARTESIAN_POINT('',(-13.35901481942,3.87676320947,
    -34.25515488527));
#5633 = B_SPLINE_CURVE_WITH_KNOTS('',3,(#5634,#5635,#5636,#5637,#5638,
    #5639,#5640,#5641,#5642,#5643,#5644,#5645,#5646,#5647,#5648,#5649,
    #5650,#5651,#5652,#5653,#5654),.UNSPECIFIED.,.F.,.F.,(4,1,1,1,1,1,1,
    1,1,1,1,1,1,1,1,1,1,1,4),(0.,5.555555555556E-02,0.111111111111,
    0.166666666667,0.222222222222,0.277777777778,0.333333333333,
    0.388888888889,0.444444444444,0.5,0.555555555556,0.611111111111,
    0.666666666667,0.722222222222,0.777777777778,0.833333333333,
    0.888888888889,0.944444444444,1.),.UNSPECIFIED.);
#5634 = CARTESIAN_POINT('',(-13.35901481942,3.87676320947,
    -34.25515488527));
#5635 = CARTESIAN_POINT('',(-13.36101760789,3.832897898867,
    -34.38514190545));
#5636 = CARTESIAN_POINT('',(-13.36609054195,3.73294192508,
    -34.62783233167));
#5637 = CARTESIAN_POINT('',(-13.37721442778,3.561171992396,
    -34.93928631563));
#5638 = CARTESIAN_POINT('',(-13.39175474664,3.379018439366,
    -35.20219752433));
#5639 = CARTESIAN_POINT('',(-13.40942292145,3.193876488312,
    -35.42321020747));
#5640 = CARTESIAN_POINT('',(-13.43013412108,3.008454241782,
    -35.6104889772));
#5641 = CARTESIAN_POINT('',(-13.45353403831,2.826797889478,
    -35.76798199427));
#5642 = CARTESIAN_POINT('',(-13.47949800353,2.650117466965,
    -35.90084492933));
#5643 = CARTESIAN_POINT('',(-13.5078212994,2.480273423653,
    -36.01221033553));
#5644 = CARTESIAN_POINT('',(-13.53762687914,2.321980629758,
    -36.1032530683));
#5645 = CARTESIAN_POINT('',(-13.56886832248,2.174502655373,
    -36.17809440806));
#5646 = CARTESIAN_POINT('',(-13.60153512891,2.037512553499,
    -36.23959622693));
#5647 = CARTESIAN_POINT('',(-13.63592326667,1.909815392669,
    -36.29041146644));
#5648 = CARTESIAN_POINT('',(-13.67275797403,1.78978609554,-36.332700788)
  );
#5649 = CARTESIAN_POINT('',(-13.7123155147,1.678380284107,
    -36.36736548194));
#5650 = CARTESIAN_POINT('',(-13.75481638066,1.577234258476,
    -36.39514121593));
#5651 = CARTESIAN_POINT('',(-13.80124647006,1.486604976119,
    -36.41714458276));
#5652 = CARTESIAN_POINT('',(-13.85541184645,1.406060999064,
    -36.43440532523));
#5653 = CARTESIAN_POINT('',(-13.89641606216,1.365582423225,
    -36.44211495684));
#5654 = CARTESIAN_POINT('',(-13.9195017443,1.35,-36.44499614792));
#5655 = ORIENTED_EDGE('',*,*,#5656,.T.);
#5656 = EDGE_CURVE('',#5631,#5657,#5659,.T.);
#5657 = VERTEX_POINT('',#5658);
#5658 = CARTESIAN_POINT('',(-10.64098518058,3.87676320947,
    -34.25515488527));
#5659 = LINE('',#5660,#5661);
#5660 = CARTESIAN_POINT('',(-13.35901481942,3.87676320947,
    -34.25515488527));
#5661 = VECTOR('',#5662,1.);
#5662 = DIRECTION('',(1.,0.,0.));
#5663 = ORIENTED_EDGE('',*,*,#5664,.F.);
#5664 = EDGE_CURVE('',#5665,#5657,#5667,.T.);
#5665 = VERTEX_POINT('',#5666);
#5666 = CARTESIAN_POINT('',(-10.0804982557,1.35,-36.44499614792));
#5667 = B_SPLINE_CURVE_WITH_KNOTS('',3,(#5668,#5669,#5670,#5671,#5672,
    #5673,#5674,#5675,#5676,#5677,#5678,#5679,#5680,#5681,#5682,#5683,
    #5684,#5685,#5686,#5687,#5688),.UNSPECIFIED.,.F.,.F.,(4,1,1,1,1,1,1,
    1,1,1,1,1,1,1,1,1,1,1,4),(0.,5.555555555556E-02,0.111111111111,
    0.166666666667,0.222222222222,0.277777777778,0.333333333333,
    0.388888888889,0.444444444444,0.5,0.555555555556,0.611111111111,
    0.666666666667,0.722222222222,0.777777777778,0.833333333333,
    0.888888888889,0.944444444444,1.),.UNSPECIFIED.);
#5668 = CARTESIAN_POINT('',(-10.0804982557,1.35,-36.44499614792));
#5669 = CARTESIAN_POINT('',(-10.10274132653,1.365013675635,
    -36.44222011831));
#5670 = CARTESIAN_POINT('',(-10.14240242553,1.403622352366,
    -36.43487968123));
#5671 = CARTESIAN_POINT('',(-10.19544229742,1.481224832249,
    -36.41833233444));
#5672 = CARTESIAN_POINT('',(-10.23968623237,1.565853139478,
    -36.39799386852));
#5673 = CARTESIAN_POINT('',(-10.28015376549,1.659441995013,
    -36.37275778027));
#5674 = CARTESIAN_POINT('',(-10.31794306846,1.762333686216,
    -36.3415645457));
#5675 = CARTESIAN_POINT('',(-10.35382665912,1.874914163241,
    -36.30318945443));
#5676 = CARTESIAN_POINT('',(-10.38813489175,1.997557991048,
    -36.25611842584));
#5677 = CARTESIAN_POINT('',(-10.42069031421,2.129020079091,
    -36.19929711576));
#5678 = CARTESIAN_POINT('',(-10.45200034313,2.27110559451,
    -36.13010264545));
#5679 = CARTESIAN_POINT('',(-10.48233830836,2.425878384428,
    -36.04482516144));
#5680 = CARTESIAN_POINT('',(-10.51154955374,2.593945104959,
    -35.93946805566));
#5681 = CARTESIAN_POINT('',(-10.53939917411,2.775993194842,
    -35.80844596996));
#5682 = CARTESIAN_POINT('',(-10.56485577033,2.966900747878,-35.649077841
    ));
#5683 = CARTESIAN_POINT('',(-10.5873092013,3.162162371749,
    -35.45801147666));
#5684 = CARTESIAN_POINT('',(-10.6063795672,3.357357233162,
    -35.23090605625));
#5685 = CARTESIAN_POINT('',(-10.62191475487,3.548635381,-34.96016438025)
  );
#5686 = CARTESIAN_POINT('',(-10.63365845914,3.728095619667,
    -34.63899248383));
#5687 = CARTESIAN_POINT('',(-10.63892313883,3.831600126631,
    -34.38898762188));
#5688 = CARTESIAN_POINT('',(-10.64098518058,3.87676320947,
    -34.25515488527));
#5689 = ORIENTED_EDGE('',*,*,#5690,.T.);
#5690 = EDGE_CURVE('',#5665,#5691,#5693,.T.);
#5691 = VERTEX_POINT('',#5692);
#5692 = CARTESIAN_POINT('',(-9.919501744295,1.35,-36.44499614792));
#5693 = B_SPLINE_CURVE_WITH_KNOTS('',3,(#5694,#5695,#5696,#5697,#5698,
    #5699),.UNSPECIFIED.,.F.,.F.,(4,1,1,4),(0.,0.333333333333,
    0.666666666667,1.),.UNSPECIFIED.);
#5694 = CARTESIAN_POINT('',(-10.0804982557,1.35,-36.44499614792));
#5695 = CARTESIAN_POINT('',(-10.06277945385,1.338040125138,
    -36.44720752956));
#5696 = CARTESIAN_POINT('',(-10.02766656273,1.321327998573,
    -36.45017030861));
#5697 = CARTESIAN_POINT('',(-9.972338405711,1.321326356276,
    -36.45017059379));
#5698 = CARTESIAN_POINT('',(-9.937222349441,1.338038907946,
    -36.44720775462));
#5699 = CARTESIAN_POINT('',(-9.919501744295,1.35,-36.44499614792));
#5700 = ORIENTED_EDGE('',*,*,#5701,.F.);
#5701 = EDGE_CURVE('',#5702,#5691,#5704,.T.);
#5702 = VERTEX_POINT('',#5703);
#5703 = CARTESIAN_POINT('',(-9.359014819423,3.87676320947,
    -34.25515488527));
#5704 = B_SPLINE_CURVE_WITH_KNOTS('',3,(#5705,#5706,#5707,#5708,#5709,
    #5710,#5711,#5712,#5713,#5714,#5715,#5716,#5717,#5718,#5719,#5720,
    #5721,#5722,#5723,#5724,#5725),.UNSPECIFIED.,.F.,.F.,(4,1,1,1,1,1,1,
    1,1,1,1,1,1,1,1,1,1,1,4),(0.,5.555555555556E-02,0.111111111111,
    0.166666666667,0.222222222222,0.277777777778,0.333333333333,
    0.388888888889,0.444444444444,0.5,0.555555555556,0.611111111111,
    0.666666666667,0.722222222222,0.777777777778,0.833333333333,
    0.888888888889,0.944444444444,1.),.UNSPECIFIED.);
#5705 = CARTESIAN_POINT('',(-9.359014819423,3.87676320947,
    -34.25515488527));
#5706 = CARTESIAN_POINT('',(-9.361017607891,3.832897898867,
    -34.38514190545));
#5707 = CARTESIAN_POINT('',(-9.36609054195,3.73294192508,-34.62783233167
    ));
#5708 = CARTESIAN_POINT('',(-9.37721442778,3.561171992396,
    -34.93928631563));
#5709 = CARTESIAN_POINT('',(-9.391754746643,3.379018439366,
    -35.20219752433));
#5710 = CARTESIAN_POINT('',(-9.409422921447,3.193876488312,
    -35.42321020747));
#5711 = CARTESIAN_POINT('',(-9.430134121076,3.008454241782,
    -35.6104889772));
#5712 = CARTESIAN_POINT('',(-9.453534038312,2.826797889478,
    -35.76798199427));
#5713 = CARTESIAN_POINT('',(-9.479498003534,2.650117466965,
    -35.90084492933));
#5714 = CARTESIAN_POINT('',(-9.507821299398,2.480273423653,
    -36.01221033553));
#5715 = CARTESIAN_POINT('',(-9.537626879142,2.321980629758,
    -36.1032530683));
#5716 = CARTESIAN_POINT('',(-9.568868322477,2.174502655373,
    -36.17809440806));
#5717 = CARTESIAN_POINT('',(-9.601535128912,2.037512553499,
    -36.23959622693));
#5718 = CARTESIAN_POINT('',(-9.635923266673,1.909815392668,
    -36.29041146644));
#5719 = CARTESIAN_POINT('',(-9.672757974028,1.78978609554,-36.332700788)
  );
#5720 = CARTESIAN_POINT('',(-9.712315514698,1.678380284107,
    -36.36736548194));
#5721 = CARTESIAN_POINT('',(-9.754816380661,1.577234258476,
    -36.39514121593));
#5722 = CARTESIAN_POINT('',(-9.80124647006,1.486604976119,
    -36.41714458276));
#5723 = CARTESIAN_POINT('',(-9.855411846447,1.406060999064,
    -36.43440532523));
#5724 = CARTESIAN_POINT('',(-9.896416062158,1.365582423225,
    -36.44211495684));
#5725 = CARTESIAN_POINT('',(-9.919501744295,1.35,-36.44499614792));
#5726 = ORIENTED_EDGE('',*,*,#5727,.T.);
#5727 = EDGE_CURVE('',#5702,#5728,#5730,.T.);
#5728 = VERTEX_POINT('',#5729);
#5729 = CARTESIAN_POINT('',(-6.640985180577,3.87676320947,
    -34.25515488527));
#5730 = LINE('',#5731,#5732);
#5731 = CARTESIAN_POINT('',(-9.359014819423,3.87676320947,
    -34.25515488527));
#5732 = VECTOR('',#5733,1.);
#5733 = DIRECTION('',(1.,0.,0.));
#5734 = ORIENTED_EDGE('',*,*,#5735,.F.);
#5735 = EDGE_CURVE('',#5736,#5728,#5738,.T.);
#5736 = VERTEX_POINT('',#5737);
#5737 = CARTESIAN_POINT('',(-6.080498255705,1.35,-36.44499614792));
#5738 = B_SPLINE_CURVE_WITH_KNOTS('',3,(#5739,#5740,#5741,#5742,#5743,
    #5744,#5745,#5746,#5747,#5748,#5749,#5750,#5751,#5752,#5753,#5754,
    #5755,#5756,#5757,#5758,#5759),.UNSPECIFIED.,.F.,.F.,(4,1,1,1,1,1,1,
    1,1,1,1,1,1,1,1,1,1,1,4),(0.,5.555555555556E-02,0.111111111111,
    0.166666666667,0.222222222222,0.277777777778,0.333333333333,
    0.388888888889,0.444444444444,0.5,0.555555555556,0.611111111111,
    0.666666666667,0.722222222222,0.777777777778,0.833333333333,
    0.888888888889,0.944444444444,1.),.UNSPECIFIED.);
#5739 = CARTESIAN_POINT('',(-6.080498255705,1.35,-36.44499614792));
#5740 = CARTESIAN_POINT('',(-6.10274132653,1.365013675635,
    -36.44222011831));
#5741 = CARTESIAN_POINT('',(-6.142402425531,1.403622352366,
    -36.43487968123));
#5742 = CARTESIAN_POINT('',(-6.195442297415,1.481224832249,
    -36.41833233444));
#5743 = CARTESIAN_POINT('',(-6.239686232373,1.565853139478,
    -36.39799386852));
#5744 = CARTESIAN_POINT('',(-6.280153765493,1.659441995013,
    -36.37275778027));
#5745 = CARTESIAN_POINT('',(-6.317943068462,1.762333686216,
    -36.3415645457));
#5746 = CARTESIAN_POINT('',(-6.353826659121,1.874914163241,
    -36.30318945443));
#5747 = CARTESIAN_POINT('',(-6.388134891751,1.997557991048,
    -36.25611842584));
#5748 = CARTESIAN_POINT('',(-6.420690314208,2.129020079091,
    -36.19929711576));
#5749 = CARTESIAN_POINT('',(-6.452000343129,2.27110559451,
    -36.13010264545));
#5750 = CARTESIAN_POINT('',(-6.482338308359,2.425878384428,
    -36.04482516144));
#5751 = CARTESIAN_POINT('',(-6.511549553739,2.593945104959,
    -35.93946805566));
#5752 = CARTESIAN_POINT('',(-6.539399174108,2.775993194842,
    -35.80844596996));
#5753 = CARTESIAN_POINT('',(-6.564855770328,2.966900747878,-35.649077841
    ));
#5754 = CARTESIAN_POINT('',(-6.587309201299,3.162162371749,
    -35.45801147666));
#5755 = CARTESIAN_POINT('',(-6.606379567198,3.357357233162,
    -35.23090605625));
#5756 = CARTESIAN_POINT('',(-6.621914754869,3.548635381,-34.96016438025)
  );
#5757 = CARTESIAN_POINT('',(-6.633658459141,3.728095619667,
    -34.63899248383));
#5758 = CARTESIAN_POINT('',(-6.638923138835,3.831600126631,
    -34.38898762188));
#5759 = CARTESIAN_POINT('',(-6.640985180577,3.87676320947,
    -34.25515488527));
#5760 = ORIENTED_EDGE('',*,*,#5761,.T.);
#5761 = EDGE_CURVE('',#5736,#5762,#5764,.T.);
#5762 = VERTEX_POINT('',#5763);
#5763 = CARTESIAN_POINT('',(-5.919501744295,1.35,-36.44499614792));
#5764 = B_SPLINE_CURVE_WITH_KNOTS('',3,(#5765,#5766,#5767,#5768,#5769,
    #5770),.UNSPECIFIED.,.F.,.F.,(4,1,1,4),(0.,0.333333333333,
    0.666666666667,1.),.UNSPECIFIED.);
#5765 = CARTESIAN_POINT('',(-6.080498255705,1.35,-36.44499614792));
#5766 = CARTESIAN_POINT('',(-6.062779453854,1.338040125138,
    -36.44720752956));
#5767 = CARTESIAN_POINT('',(-6.02766656273,1.321327998573,
    -36.45017030861));
#5768 = CARTESIAN_POINT('',(-5.972338405711,1.321326356276,
    -36.45017059379));
#5769 = CARTESIAN_POINT('',(-5.937222349441,1.338038907946,
    -36.44720775462));
#5770 = CARTESIAN_POINT('',(-5.919501744295,1.35,-36.44499614792));
#5771 = ORIENTED_EDGE('',*,*,#5772,.F.);
#5772 = EDGE_CURVE('',#5773,#5762,#5775,.T.);
#5773 = VERTEX_POINT('',#5774);
#5774 = CARTESIAN_POINT('',(-5.359014819423,3.87676320947,
    -34.25515488527));
#5775 = B_SPLINE_CURVE_WITH_KNOTS('',3,(#5776,#5777,#5778,#5779,#5780,
    #5781,#5782,#5783,#5784,#5785,#5786,#5787,#5788,#5789,#5790,#5791,
    #5792,#5793,#5794,#5795,#5796),.UNSPECIFIED.,.F.,.F.,(4,1,1,1,1,1,1,
    1,1,1,1,1,1,1,1,1,1,1,4),(0.,5.555555555556E-02,0.111111111111,
    0.166666666667,0.222222222222,0.277777777778,0.333333333333,
    0.388888888889,0.444444444444,0.5,0.555555555556,0.611111111111,
    0.666666666667,0.722222222222,0.777777777778,0.833333333333,
    0.888888888889,0.944444444444,1.),.UNSPECIFIED.);
#5776 = CARTESIAN_POINT('',(-5.359014819423,3.87676320947,
    -34.25515488527));
#5777 = CARTESIAN_POINT('',(-5.361017607891,3.832897898867,
    -34.38514190545));
#5778 = CARTESIAN_POINT('',(-5.36609054195,3.73294192508,-34.62783233167
    ));
#5779 = CARTESIAN_POINT('',(-5.37721442778,3.561171992396,
    -34.93928631563));
#5780 = CARTESIAN_POINT('',(-5.391754746643,3.379018439366,
    -35.20219752433));
#5781 = CARTESIAN_POINT('',(-5.409422921447,3.193876488312,
    -35.42321020747));
#5782 = CARTESIAN_POINT('',(-5.430134121076,3.008454241782,
    -35.6104889772));
#5783 = CARTESIAN_POINT('',(-5.453534038312,2.826797889478,
    -35.76798199427));
#5784 = CARTESIAN_POINT('',(-5.479498003534,2.650117466965,
    -35.90084492933));
#5785 = CARTESIAN_POINT('',(-5.507821299398,2.480273423653,
    -36.01221033553));
#5786 = CARTESIAN_POINT('',(-5.537626879142,2.321980629758,
    -36.1032530683));
#5787 = CARTESIAN_POINT('',(-5.568868322477,2.174502655373,
    -36.17809440806));
#5788 = CARTESIAN_POINT('',(-5.601535128912,2.037512553499,
    -36.23959622693));
#5789 = CARTESIAN_POINT('',(-5.635923266673,1.909815392668,
    -36.29041146644));
#5790 = CARTESIAN_POINT('',(-5.672757974028,1.78978609554,-36.332700788)
  );
#5791 = CARTESIAN_POINT('',(-5.712315514698,1.678380284107,
    -36.36736548194));
#5792 = CARTESIAN_POINT('',(-5.754816380661,1.577234258476,
    -36.39514121593));
#5793 = CARTESIAN_POINT('',(-5.80124647006,1.486604976119,
    -36.41714458276));
#5794 = CARTESIAN_POINT('',(-5.855411846447,1.406060999064,
    -36.43440532523));
#5795 = CARTESIAN_POINT('',(-5.896416062158,1.365582423225,
    -36.44211495684));
#5796 = CARTESIAN_POINT('',(-5.919501744295,1.35,-36.44499614792));
#5797 = ORIENTED_EDGE('',*,*,#5798,.T.);
#5798 = EDGE_CURVE('',#5773,#5799,#5801,.T.);
#5799 = VERTEX_POINT('',#5800);
#5800 = CARTESIAN_POINT('',(-2.640985180577,3.87676320947,
    -34.25515488527));
#5801 = LINE('',#5802,#5803);
#5802 = CARTESIAN_POINT('',(-5.359014819423,3.87676320947,
    -34.25515488527));
#5803 = VECTOR('',#5804,1.);
#5804 = DIRECTION('',(1.,0.,0.));
#5805 = ORIENTED_EDGE('',*,*,#5806,.F.);
#5806 = EDGE_CURVE('',#5807,#5799,#5809,.T.);
#5807 = VERTEX_POINT('',#5808);
#5808 = CARTESIAN_POINT('',(-2.080498255705,1.35,-36.44499614792));
#5809 = B_SPLINE_CURVE_WITH_KNOTS('',3,(#5810,#5811,#5812,#5813,#5814,
    #5815,#5816,#5817,#5818,#5819,#5820,#5821,#5822,#5823,#5824,#5825,
    #5826,#5827,#5828,#5829,#5830),.UNSPECIFIED.,.F.,.F.,(4,1,1,1,1,1,1,
    1,1,1,1,1,1,1,1,1,1,1,4),(0.,5.555555555556E-02,0.111111111111,
    0.166666666667,0.222222222222,0.277777777778,0.333333333333,
    0.388888888889,0.444444444444,0.5,0.555555555556,0.611111111111,
    0.666666666667,0.722222222222,0.777777777778,0.833333333333,
    0.888888888889,0.944444444444,1.),.UNSPECIFIED.);
#5810 = CARTESIAN_POINT('',(-2.080498255705,1.35,-36.44499614792));
#5811 = CARTESIAN_POINT('',(-2.10274132653,1.365013675635,
    -36.44222011831));
#5812 = CARTESIAN_POINT('',(-2.142402425531,1.403622352365,
    -36.43487968123));
#5813 = CARTESIAN_POINT('',(-2.195442297415,1.481224832249,
    -36.41833233444));
#5814 = CARTESIAN_POINT('',(-2.239686232373,1.565853139478,
    -36.39799386852));
#5815 = CARTESIAN_POINT('',(-2.280153765493,1.659441995013,
    -36.37275778027));
#5816 = CARTESIAN_POINT('',(-2.317943068462,1.762333686216,
    -36.3415645457));
#5817 = CARTESIAN_POINT('',(-2.353826659121,1.874914163241,
    -36.30318945443));
#5818 = CARTESIAN_POINT('',(-2.388134891751,1.997557991048,
    -36.25611842584));
#5819 = CARTESIAN_POINT('',(-2.420690314208,2.129020079091,
    -36.19929711576));
#5820 = CARTESIAN_POINT('',(-2.452000343129,2.271105594509,
    -36.13010264545));
#5821 = CARTESIAN_POINT('',(-2.482338308359,2.425878384428,
    -36.04482516144));
#5822 = CARTESIAN_POINT('',(-2.511549553739,2.593945104958,
    -35.93946805566));
#5823 = CARTESIAN_POINT('',(-2.539399174108,2.775993194841,
    -35.80844596996));
#5824 = CARTESIAN_POINT('',(-2.564855770328,2.966900747878,-35.649077841
    ));
#5825 = CARTESIAN_POINT('',(-2.587309201299,3.162162371749,
    -35.45801147667));
#5826 = CARTESIAN_POINT('',(-2.606379567198,3.357357233162,
    -35.23090605625));
#5827 = CARTESIAN_POINT('',(-2.621914754869,3.548635381,-34.96016438025)
  );
#5828 = CARTESIAN_POINT('',(-2.633658459141,3.728095619667,
    -34.63899248383));
#5829 = CARTESIAN_POINT('',(-2.638923138835,3.831600126631,
    -34.38898762188));
#5830 = CARTESIAN_POINT('',(-2.640985180577,3.87676320947,
    -34.25515488527));
#5831 = ORIENTED_EDGE('',*,*,#5832,.T.);
#5832 = EDGE_CURVE('',#5807,#5833,#5835,.T.);
#5833 = VERTEX_POINT('',#5834);
#5834 = CARTESIAN_POINT('',(-1.919501744295,1.35,-36.44499614792));
#5835 = B_SPLINE_CURVE_WITH_KNOTS('',3,(#5836,#5837,#5838,#5839,#5840,
    #5841),.UNSPECIFIED.,.F.,.F.,(4,1,1,4),(0.,0.333333333333,
    0.666666666667,1.),.UNSPECIFIED.);
#5836 = CARTESIAN_POINT('',(-2.080498255705,1.35,-36.44499614792));
#5837 = CARTESIAN_POINT('',(-2.062779453854,1.338040125138,
    -36.44720752956));
#5838 = CARTESIAN_POINT('',(-2.02766656273,1.321327998573,
    -36.45017030861));
#5839 = CARTESIAN_POINT('',(-1.972338405711,1.321326356276,
    -36.45017059379));
#5840 = CARTESIAN_POINT('',(-1.937222349441,1.338038907946,
    -36.44720775462));
#5841 = CARTESIAN_POINT('',(-1.919501744295,1.35,-36.44499614792));
#5842 = ORIENTED_EDGE('',*,*,#5843,.F.);
#5843 = EDGE_CURVE('',#5844,#5833,#5846,.T.);
#5844 = VERTEX_POINT('',#5845);
#5845 = CARTESIAN_POINT('',(-1.359014819423,3.87676320947,
    -34.25515488527));
#5846 = B_SPLINE_CURVE_WITH_KNOTS('',3,(#5847,#5848,#5849,#5850,#5851,
    #5852,#5853,#5854,#5855,#5856,#5857,#5858,#5859,#5860,#5861,#5862,
    #5863,#5864,#5865,#5866,#5867),.UNSPECIFIED.,.F.,.F.,(4,1,1,1,1,1,1,
    1,1,1,1,1,1,1,1,1,1,1,4),(0.,5.555555555556E-02,0.111111111111,
    0.166666666667,0.222222222222,0.277777777778,0.333333333333,
    0.388888888889,0.444444444444,0.5,0.555555555556,0.611111111111,
    0.666666666667,0.722222222222,0.777777777778,0.833333333333,
    0.888888888889,0.944444444444,1.),.UNSPECIFIED.);
#5847 = CARTESIAN_POINT('',(-1.359014819423,3.87676320947,
    -34.25515488527));
#5848 = CARTESIAN_POINT('',(-1.361017607891,3.832897898867,
    -34.38514190545));
#5849 = CARTESIAN_POINT('',(-1.36609054195,3.73294192508,-34.62783233167
    ));
#5850 = CARTESIAN_POINT('',(-1.37721442778,3.561171992396,
    -34.93928631563));
#5851 = CARTESIAN_POINT('',(-1.391754746643,3.379018439366,
    -35.20219752433));
#5852 = CARTESIAN_POINT('',(-1.409422921447,3.193876488312,
    -35.42321020747));
#5853 = CARTESIAN_POINT('',(-1.430134121076,3.008454241782,
    -35.6104889772));
#5854 = CARTESIAN_POINT('',(-1.453534038312,2.826797889478,
    -35.76798199427));
#5855 = CARTESIAN_POINT('',(-1.479498003534,2.650117466965,
    -35.90084492933));
#5856 = CARTESIAN_POINT('',(-1.507821299398,2.480273423653,
    -36.01221033553));
#5857 = CARTESIAN_POINT('',(-1.537626879142,2.321980629758,
    -36.1032530683));
#5858 = CARTESIAN_POINT('',(-1.568868322477,2.174502655373,
    -36.17809440806));
#5859 = CARTESIAN_POINT('',(-1.601535128912,2.037512553499,
    -36.23959622693));
#5860 = CARTESIAN_POINT('',(-1.635923266673,1.909815392668,
    -36.29041146644));
#5861 = CARTESIAN_POINT('',(-1.672757974028,1.78978609554,-36.332700788)
  );
#5862 = CARTESIAN_POINT('',(-1.712315514698,1.678380284107,
    -36.36736548194));
#5863 = CARTESIAN_POINT('',(-1.754816380661,1.577234258476,
    -36.39514121593));
#5864 = CARTESIAN_POINT('',(-1.80124647006,1.486604976119,
    -36.41714458276));
#5865 = CARTESIAN_POINT('',(-1.855411846447,1.406060999064,
    -36.43440532523));
#5866 = CARTESIAN_POINT('',(-1.896416062158,1.365582423225,
    -36.44211495684));
#5867 = CARTESIAN_POINT('',(-1.919501744295,1.35,-36.44499614792));
#5868 = ORIENTED_EDGE('',*,*,#5869,.T.);
#5869 = EDGE_CURVE('',#5844,#5870,#5872,.T.);
#5870 = VERTEX_POINT('',#5871);
#5871 = CARTESIAN_POINT('',(1.359014819423,3.87676320947,-34.25515488527
    ));
#5872 = LINE('',#5873,#5874);
#5873 = CARTESIAN_POINT('',(-1.359014819423,3.87676320947,
    -34.25515488527));
#5874 = VECTOR('',#5875,1.);
#5875 = DIRECTION('',(1.,0.,0.));
#5876 = ORIENTED_EDGE('',*,*,#5877,.F.);
#5877 = EDGE_CURVE('',#5878,#5870,#5880,.T.);
#5878 = VERTEX_POINT('',#5879);
#5879 = CARTESIAN_POINT('',(1.919501744295,1.35,-36.44499614792));
#5880 = B_SPLINE_CURVE_WITH_KNOTS('',3,(#5881,#5882,#5883,#5884,#5885,
    #5886,#5887,#5888,#5889,#5890,#5891,#5892,#5893,#5894,#5895,#5896,
    #5897,#5898,#5899,#5900,#5901),.UNSPECIFIED.,.F.,.F.,(4,1,1,1,1,1,1,
    1,1,1,1,1,1,1,1,1,1,1,4),(0.,5.555555555556E-02,0.111111111111,
    0.166666666667,0.222222222222,0.277777777778,0.333333333333,
    0.388888888889,0.444444444444,0.5,0.555555555556,0.611111111111,
    0.666666666667,0.722222222222,0.777777777778,0.833333333333,
    0.888888888889,0.944444444444,1.),.UNSPECIFIED.);
#5881 = CARTESIAN_POINT('',(1.919501744295,1.35,-36.44499614792));
#5882 = CARTESIAN_POINT('',(1.89725867347,1.365013675635,-36.44222011831
    ));
#5883 = CARTESIAN_POINT('',(1.857597574469,1.403622352365,
    -36.43487968123));
#5884 = CARTESIAN_POINT('',(1.804557702585,1.481224832249,
    -36.41833233444));
#5885 = CARTESIAN_POINT('',(1.760313767627,1.565853139478,
    -36.39799386852));
#5886 = CARTESIAN_POINT('',(1.719846234507,1.659441995013,
    -36.37275778027));
#5887 = CARTESIAN_POINT('',(1.682056931538,1.762333686216,-36.3415645457
    ));
#5888 = CARTESIAN_POINT('',(1.646173340879,1.874914163241,
    -36.30318945443));
#5889 = CARTESIAN_POINT('',(1.611865108249,1.997557991048,
    -36.25611842584));
#5890 = CARTESIAN_POINT('',(1.579309685792,2.129020079091,
    -36.19929711576));
#5891 = CARTESIAN_POINT('',(1.547999656871,2.27110559451,-36.13010264545
    ));
#5892 = CARTESIAN_POINT('',(1.517661691641,2.425878384428,
    -36.04482516144));
#5893 = CARTESIAN_POINT('',(1.488450446261,2.593945104959,
    -35.93946805566));
#5894 = CARTESIAN_POINT('',(1.460600825892,2.775993194842,
    -35.80844596996));
#5895 = CARTESIAN_POINT('',(1.435144229672,2.966900747878,-35.649077841)
  );
#5896 = CARTESIAN_POINT('',(1.412690798701,3.162162371749,
    -35.45801147666));
#5897 = CARTESIAN_POINT('',(1.393620432802,3.357357233162,
    -35.23090605625));
#5898 = CARTESIAN_POINT('',(1.378085245131,3.548635381,-34.96016438025)
  );
#5899 = CARTESIAN_POINT('',(1.366341540859,3.728095619667,
    -34.63899248383));
#5900 = CARTESIAN_POINT('',(1.361076861165,3.831600126631,
    -34.38898762188));
#5901 = CARTESIAN_POINT('',(1.359014819423,3.87676320947,-34.25515488527
    ));
#5902 = ORIENTED_EDGE('',*,*,#5903,.T.);
#5903 = EDGE_CURVE('',#5878,#5904,#5906,.T.);
#5904 = VERTEX_POINT('',#5905);
#5905 = CARTESIAN_POINT('',(2.080498255705,1.35,-36.44499614792));
#5906 = B_SPLINE_CURVE_WITH_KNOTS('',3,(#5907,#5908,#5909,#5910,#5911,
    #5912),.UNSPECIFIED.,.F.,.F.,(4,1,1,4),(0.,0.333333333333,
    0.666666666667,1.),.UNSPECIFIED.);
#5907 = CARTESIAN_POINT('',(1.919501744295,1.35,-36.44499614792));
#5908 = CARTESIAN_POINT('',(1.937220546146,1.338040125138,
    -36.44720752956));
#5909 = CARTESIAN_POINT('',(1.97233343727,1.321327998573,-36.45017030861
    ));
#5910 = CARTESIAN_POINT('',(2.027661594289,1.321326356276,
    -36.45017059379));
#5911 = CARTESIAN_POINT('',(2.062777650559,1.338038907946,
    -36.44720775462));
#5912 = CARTESIAN_POINT('',(2.080498255705,1.35,-36.44499614792));
#5913 = ORIENTED_EDGE('',*,*,#5914,.F.);
#5914 = EDGE_CURVE('',#5915,#5904,#5917,.T.);
#5915 = VERTEX_POINT('',#5916);
#5916 = CARTESIAN_POINT('',(2.640985180577,3.87676320947,-34.25515488527
    ));
#5917 = B_SPLINE_CURVE_WITH_KNOTS('',3,(#5918,#5919,#5920,#5921,#5922,
    #5923,#5924,#5925,#5926,#5927,#5928,#5929,#5930,#5931,#5932,#5933,
    #5934,#5935,#5936,#5937,#5938),.UNSPECIFIED.,.F.,.F.,(4,1,1,1,1,1,1,
    1,1,1,1,1,1,1,1,1,1,1,4),(0.,5.555555555556E-02,0.111111111111,
    0.166666666667,0.222222222222,0.277777777778,0.333333333333,
    0.388888888889,0.444444444444,0.5,0.555555555556,0.611111111111,
    0.666666666667,0.722222222222,0.777777777778,0.833333333333,
    0.888888888889,0.944444444444,1.),.UNSPECIFIED.);
#5918 = CARTESIAN_POINT('',(2.640985180577,3.87676320947,-34.25515488527
    ));
#5919 = CARTESIAN_POINT('',(2.638982392109,3.832897898867,
    -34.38514190545));
#5920 = CARTESIAN_POINT('',(2.63390945805,3.73294192508,-34.62783233167)
  );
#5921 = CARTESIAN_POINT('',(2.62278557222,3.561171992396,-34.93928631563
    ));
#5922 = CARTESIAN_POINT('',(2.608245253357,3.379018439366,
    -35.20219752433));
#5923 = CARTESIAN_POINT('',(2.590577078553,3.193876488312,
    -35.42321020747));
#5924 = CARTESIAN_POINT('',(2.569865878924,3.008454241782,-35.6104889772
    ));
#5925 = CARTESIAN_POINT('',(2.546465961688,2.826797889478,
    -35.76798199427));
#5926 = CARTESIAN_POINT('',(2.520501996466,2.650117466965,
    -35.90084492933));
#5927 = CARTESIAN_POINT('',(2.492178700602,2.480273423653,
    -36.01221033553));
#5928 = CARTESIAN_POINT('',(2.462373120858,2.321980629758,-36.1032530683
    ));
#5929 = CARTESIAN_POINT('',(2.431131677523,2.174502655373,
    -36.17809440806));
#5930 = CARTESIAN_POINT('',(2.398464871088,2.037512553499,
    -36.23959622693));
#5931 = CARTESIAN_POINT('',(2.364076733327,1.909815392668,
    -36.29041146644));
#5932 = CARTESIAN_POINT('',(2.327242025972,1.78978609554,-36.332700788)
  );
#5933 = CARTESIAN_POINT('',(2.287684485302,1.678380284107,
    -36.36736548194));
#5934 = CARTESIAN_POINT('',(2.245183619339,1.577234258476,
    -36.39514121593));
#5935 = CARTESIAN_POINT('',(2.19875352994,1.486604976119,-36.41714458276
    ));
#5936 = CARTESIAN_POINT('',(2.144588153553,1.406060999064,
    -36.43440532523));
#5937 = CARTESIAN_POINT('',(2.103583937842,1.365582423225,
    -36.44211495684));
#5938 = CARTESIAN_POINT('',(2.080498255705,1.35,-36.44499614792));
#5939 = ORIENTED_EDGE('',*,*,#5940,.T.);
#5940 = EDGE_CURVE('',#5915,#5941,#5943,.T.);
#5941 = VERTEX_POINT('',#5942);
#5942 = CARTESIAN_POINT('',(5.359014819423,3.87676320947,-34.25515488527
    ));
#5943 = LINE('',#5944,#5945);
#5944 = CARTESIAN_POINT('',(2.640985180577,3.87676320947,-34.25515488527
    ));
#5945 = VECTOR('',#5946,1.);
#5946 = DIRECTION('',(1.,0.,0.));
#5947 = ORIENTED_EDGE('',*,*,#5948,.F.);
#5948 = EDGE_CURVE('',#5949,#5941,#5951,.T.);
#5949 = VERTEX_POINT('',#5950);
#5950 = CARTESIAN_POINT('',(5.919501744295,1.35,-36.44499614792));
#5951 = B_SPLINE_CURVE_WITH_KNOTS('',3,(#5952,#5953,#5954,#5955,#5956,
    #5957,#5958,#5959,#5960,#5961,#5962,#5963,#5964,#5965,#5966,#5967,
    #5968,#5969,#5970,#5971,#5972),.UNSPECIFIED.,.F.,.F.,(4,1,1,1,1,1,1,
    1,1,1,1,1,1,1,1,1,1,1,4),(0.,5.555555555556E-02,0.111111111111,
    0.166666666667,0.222222222222,0.277777777778,0.333333333333,
    0.388888888889,0.444444444444,0.5,0.555555555556,0.611111111111,
    0.666666666667,0.722222222222,0.777777777778,0.833333333333,
    0.888888888889,0.944444444444,1.),.UNSPECIFIED.);
#5952 = CARTESIAN_POINT('',(5.919501744295,1.35,-36.44499614792));
#5953 = CARTESIAN_POINT('',(5.89725867347,1.365013675635,-36.44222011831
    ));
#5954 = CARTESIAN_POINT('',(5.857597574469,1.403622352366,
    -36.43487968123));
#5955 = CARTESIAN_POINT('',(5.804557702585,1.481224832249,
    -36.41833233444));
#5956 = CARTESIAN_POINT('',(5.760313767627,1.565853139478,
    -36.39799386852));
#5957 = CARTESIAN_POINT('',(5.719846234507,1.659441995013,
    -36.37275778027));
#5958 = CARTESIAN_POINT('',(5.682056931538,1.762333686216,-36.3415645457
    ));
#5959 = CARTESIAN_POINT('',(5.646173340879,1.874914163241,
    -36.30318945443));
#5960 = CARTESIAN_POINT('',(5.611865108249,1.997557991048,
    -36.25611842584));
#5961 = CARTESIAN_POINT('',(5.579309685792,2.129020079091,
    -36.19929711576));
#5962 = CARTESIAN_POINT('',(5.547999656871,2.27110559451,-36.13010264545
    ));
#5963 = CARTESIAN_POINT('',(5.517661691641,2.425878384428,
    -36.04482516144));
#5964 = CARTESIAN_POINT('',(5.488450446261,2.593945104959,
    -35.93946805566));
#5965 = CARTESIAN_POINT('',(5.460600825892,2.775993194842,
    -35.80844596996));
#5966 = CARTESIAN_POINT('',(5.435144229672,2.966900747878,-35.649077841)
  );
#5967 = CARTESIAN_POINT('',(5.412690798701,3.162162371749,
    -35.45801147666));
#5968 = CARTESIAN_POINT('',(5.393620432802,3.357357233162,
    -35.23090605625));
#5969 = CARTESIAN_POINT('',(5.378085245131,3.548635381,-34.96016438025)
  );
#5970 = CARTESIAN_POINT('',(5.366341540859,3.728095619667,
    -34.63899248383));
#5971 = CARTESIAN_POINT('',(5.361076861165,3.831600126631,
    -34.38898762188));
#5972 = CARTESIAN_POINT('',(5.359014819423,3.87676320947,-34.25515488527
    ));
#5973 = ORIENTED_EDGE('',*,*,#5974,.T.);
#5974 = EDGE_CURVE('',#5949,#5975,#5977,.T.);
#5975 = VERTEX_POINT('',#5976);
#5976 = CARTESIAN_POINT('',(6.080498255705,1.35,-36.44499614792));
#5977 = B_SPLINE_CURVE_WITH_KNOTS('',3,(#5978,#5979,#5980,#5981,#5982,
    #5983),.UNSPECIFIED.,.F.,.F.,(4,1,1,4),(0.,0.333333333333,
    0.666666666667,1.),.UNSPECIFIED.);
#5978 = CARTESIAN_POINT('',(5.919501744295,1.35,-36.44499614792));
#5979 = CARTESIAN_POINT('',(5.937220546146,1.338040125138,
    -36.44720752956));
#5980 = CARTESIAN_POINT('',(5.97233343727,1.321327998573,-36.45017030861
    ));
#5981 = CARTESIAN_POINT('',(6.027661594289,1.321326356276,
    -36.45017059379));
#5982 = CARTESIAN_POINT('',(6.062777650559,1.338038907946,
    -36.44720775462));
#5983 = CARTESIAN_POINT('',(6.080498255705,1.35,-36.44499614792));
#5984 = ORIENTED_EDGE('',*,*,#5985,.F.);
#5985 = EDGE_CURVE('',#5986,#5975,#5988,.T.);
#5986 = VERTEX_POINT('',#5987);
#5987 = CARTESIAN_POINT('',(6.640985180577,3.87676320947,-34.25515488527
    ));
#5988 = B_SPLINE_CURVE_WITH_KNOTS('',3,(#5989,#5990,#5991,#5992,#5993,
    #5994,#5995,#5996,#5997,#5998,#5999,#6000,#6001,#6002,#6003,#6004,
    #6005,#6006,#6007,#6008,#6009),.UNSPECIFIED.,.F.,.F.,(4,1,1,1,1,1,1,
    1,1,1,1,1,1,1,1,1,1,1,4),(0.,5.555555555556E-02,0.111111111111,
    0.166666666667,0.222222222222,0.277777777778,0.333333333333,
    0.388888888889,0.444444444444,0.5,0.555555555556,0.611111111111,
    0.666666666667,0.722222222222,0.777777777778,0.833333333333,
    0.888888888889,0.944444444444,1.),.UNSPECIFIED.);
#5989 = CARTESIAN_POINT('',(6.640985180577,3.87676320947,-34.25515488527
    ));
#5990 = CARTESIAN_POINT('',(6.638982392109,3.832897898867,
    -34.38514190545));
#5991 = CARTESIAN_POINT('',(6.63390945805,3.73294192508,-34.62783233167)
  );
#5992 = CARTESIAN_POINT('',(6.62278557222,3.561171992396,-34.93928631563
    ));
#5993 = CARTESIAN_POINT('',(6.608245253357,3.379018439366,
    -35.20219752433));
#5994 = CARTESIAN_POINT('',(6.590577078553,3.193876488312,
    -35.42321020747));
#5995 = CARTESIAN_POINT('',(6.569865878924,3.008454241782,-35.6104889772
    ));
#5996 = CARTESIAN_POINT('',(6.546465961688,2.826797889478,
    -35.76798199427));
#5997 = CARTESIAN_POINT('',(6.520501996466,2.650117466965,
    -35.90084492933));
#5998 = CARTESIAN_POINT('',(6.492178700602,2.480273423653,
    -36.01221033553));
#5999 = CARTESIAN_POINT('',(6.462373120858,2.321980629758,-36.1032530683
    ));
#6000 = CARTESIAN_POINT('',(6.431131677523,2.174502655373,
    -36.17809440806));
#6001 = CARTESIAN_POINT('',(6.398464871088,2.037512553499,
    -36.23959622693));
#6002 = CARTESIAN_POINT('',(6.364076733327,1.909815392668,
    -36.29041146644));
#6003 = CARTESIAN_POINT('',(6.327242025972,1.78978609554,-36.332700788)
  );
#6004 = CARTESIAN_POINT('',(6.287684485302,1.678380284107,
    -36.36736548194));
#6005 = CARTESIAN_POINT('',(6.245183619339,1.577234258476,
    -36.39514121593));
#6006 = CARTESIAN_POINT('',(6.19875352994,1.486604976119,-36.41714458276
    ));
#6007 = CARTESIAN_POINT('',(6.144588153553,1.406060999064,
    -36.43440532523));
#6008 = CARTESIAN_POINT('',(6.103583937842,1.365582423225,
    -36.44211495684));
#6009 = CARTESIAN_POINT('',(6.080498255705,1.35,-36.44499614792));
#6010 = ORIENTED_EDGE('',*,*,#6011,.T.);
#6011 = EDGE_CURVE('',#5986,#6012,#6014,.T.);
#6012 = VERTEX_POINT('',#6013);
#6013 = CARTESIAN_POINT('',(9.359014819423,3.87676320947,-34.25515488527
    ));
#6014 = LINE('',#6015,#6016);
#6015 = CARTESIAN_POINT('',(6.640985180577,3.87676320947,-34.25515488527
    ));
#6016 = VECTOR('',#6017,1.);
#6017 = DIRECTION('',(1.,0.,0.));
#6018 = ORIENTED_EDGE('',*,*,#6019,.F.);
#6019 = EDGE_CURVE('',#6020,#6012,#6022,.T.);
#6020 = VERTEX_POINT('',#6021);
#6021 = CARTESIAN_POINT('',(9.919501744295,1.35,-36.44499614792));
#6022 = B_SPLINE_CURVE_WITH_KNOTS('',3,(#6023,#6024,#6025,#6026,#6027,
    #6028,#6029,#6030,#6031,#6032,#6033,#6034,#6035,#6036,#6037,#6038,
    #6039,#6040,#6041,#6042,#6043),.UNSPECIFIED.,.F.,.F.,(4,1,1,1,1,1,1,
    1,1,1,1,1,1,1,1,1,1,1,4),(0.,5.555555555556E-02,0.111111111111,
    0.166666666667,0.222222222222,0.277777777778,0.333333333333,
    0.388888888889,0.444444444444,0.5,0.555555555556,0.611111111111,
    0.666666666667,0.722222222222,0.777777777778,0.833333333333,
    0.888888888889,0.944444444444,1.),.UNSPECIFIED.);
#6023 = CARTESIAN_POINT('',(9.919501744295,1.35,-36.44499614792));
#6024 = CARTESIAN_POINT('',(9.89725867347,1.365013675635,-36.44222011831
    ));
#6025 = CARTESIAN_POINT('',(9.857597574469,1.403622352366,
    -36.43487968123));
#6026 = CARTESIAN_POINT('',(9.804557702585,1.481224832249,
    -36.41833233444));
#6027 = CARTESIAN_POINT('',(9.760313767627,1.565853139478,
    -36.39799386852));
#6028 = CARTESIAN_POINT('',(9.719846234507,1.659441995013,
    -36.37275778027));
#6029 = CARTESIAN_POINT('',(9.682056931538,1.762333686216,-36.3415645457
    ));
#6030 = CARTESIAN_POINT('',(9.646173340879,1.874914163241,
    -36.30318945443));
#6031 = CARTESIAN_POINT('',(9.611865108249,1.997557991048,
    -36.25611842584));
#6032 = CARTESIAN_POINT('',(9.579309685792,2.129020079091,
    -36.19929711576));
#6033 = CARTESIAN_POINT('',(9.547999656871,2.27110559451,-36.13010264545
    ));
#6034 = CARTESIAN_POINT('',(9.517661691641,2.425878384428,
    -36.04482516144));
#6035 = CARTESIAN_POINT('',(9.488450446261,2.593945104959,
    -35.93946805566));
#6036 = CARTESIAN_POINT('',(9.460600825892,2.775993194842,
    -35.80844596996));
#6037 = CARTESIAN_POINT('',(9.435144229672,2.966900747878,-35.649077841)
  );
#6038 = CARTESIAN_POINT('',(9.412690798701,3.162162371749,
    -35.45801147666));
#6039 = CARTESIAN_POINT('',(9.393620432802,3.357357233162,
    -35.23090605625));
#6040 = CARTESIAN_POINT('',(9.378085245131,3.548635381,-34.96016438025)
  );
#6041 = CARTESIAN_POINT('',(9.366341540859,3.728095619667,
    -34.63899248383));
#6042 = CARTESIAN_POINT('',(9.361076861165,3.831600126631,
    -34.38898762188));
#6043 = CARTESIAN_POINT('',(9.359014819423,3.87676320947,-34.25515488527
    ));
#6044 = ORIENTED_EDGE('',*,*,#6045,.T.);
#6045 = EDGE_CURVE('',#6020,#6046,#6048,.T.);
#6046 = VERTEX_POINT('',#6047);
#6047 = CARTESIAN_POINT('',(10.0804982557,1.35,-36.44499614792));
#6048 = B_SPLINE_CURVE_WITH_KNOTS('',3,(#6049,#6050,#6051,#6052,#6053,
    #6054),.UNSPECIFIED.,.F.,.F.,(4,1,1,4),(0.,0.333333333333,
    0.666666666667,1.),.UNSPECIFIED.);
#6049 = CARTESIAN_POINT('',(9.919501744295,1.35,-36.44499614792));
#6050 = CARTESIAN_POINT('',(9.937220546146,1.338040125138,
    -36.44720752956));
#6051 = CARTESIAN_POINT('',(9.97233343727,1.321327998573,-36.45017030861
    ));
#6052 = CARTESIAN_POINT('',(10.02766159429,1.321326356276,
    -36.45017059379));
#6053 = CARTESIAN_POINT('',(10.06277765056,1.338038907946,
    -36.44720775462));
#6054 = CARTESIAN_POINT('',(10.0804982557,1.35,-36.44499614792));
#6055 = ORIENTED_EDGE('',*,*,#6056,.F.);
#6056 = EDGE_CURVE('',#6057,#6046,#6059,.T.);
#6057 = VERTEX_POINT('',#6058);
#6058 = CARTESIAN_POINT('',(10.64098518058,3.87676320947,-34.25515488527
    ));
#6059 = B_SPLINE_CURVE_WITH_KNOTS('',3,(#6060,#6061,#6062,#6063,#6064,
    #6065,#6066,#6067,#6068,#6069,#6070,#6071,#6072,#6073,#6074,#6075,
    #6076,#6077,#6078,#6079,#6080),.UNSPECIFIED.,.F.,.F.,(4,1,1,1,1,1,1,
    1,1,1,1,1,1,1,1,1,1,1,4),(0.,5.555555555556E-02,0.111111111111,
    0.166666666667,0.222222222222,0.277777777778,0.333333333333,
    0.388888888889,0.444444444444,0.5,0.555555555556,0.611111111111,
    0.666666666667,0.722222222222,0.777777777778,0.833333333333,
    0.888888888889,0.944444444444,1.),.UNSPECIFIED.);
#6060 = CARTESIAN_POINT('',(10.64098518058,3.87676320947,-34.25515488527
    ));
#6061 = CARTESIAN_POINT('',(10.63898239211,3.832897898867,
    -34.38514190545));
#6062 = CARTESIAN_POINT('',(10.63390945805,3.73294192508,-34.62783233167
    ));
#6063 = CARTESIAN_POINT('',(10.62278557222,3.561171992396,
    -34.93928631563));
#6064 = CARTESIAN_POINT('',(10.60824525336,3.379018439366,
    -35.20219752433));
#6065 = CARTESIAN_POINT('',(10.59057707855,3.193876488312,
    -35.42321020747));
#6066 = CARTESIAN_POINT('',(10.56986587892,3.008454241782,-35.6104889772
    ));
#6067 = CARTESIAN_POINT('',(10.54646596169,2.826797889478,
    -35.76798199427));
#6068 = CARTESIAN_POINT('',(10.52050199647,2.650117466965,
    -35.90084492933));
#6069 = CARTESIAN_POINT('',(10.4921787006,2.480273423653,-36.01221033553
    ));
#6070 = CARTESIAN_POINT('',(10.46237312086,2.321980629758,-36.1032530683
    ));
#6071 = CARTESIAN_POINT('',(10.43113167752,2.174502655373,
    -36.17809440806));
#6072 = CARTESIAN_POINT('',(10.39846487109,2.037512553499,
    -36.23959622693));
#6073 = CARTESIAN_POINT('',(10.36407673333,1.909815392668,
    -36.29041146644));
#6074 = CARTESIAN_POINT('',(10.32724202597,1.78978609554,-36.332700788)
  );
#6075 = CARTESIAN_POINT('',(10.2876844853,1.678380284107,-36.36736548194
    ));
#6076 = CARTESIAN_POINT('',(10.24518361934,1.577234258476,
    -36.39514121593));
#6077 = CARTESIAN_POINT('',(10.19875352994,1.486604976119,
    -36.41714458276));
#6078 = CARTESIAN_POINT('',(10.14458815355,1.406060999064,
    -36.43440532523));
#6079 = CARTESIAN_POINT('',(10.10358393784,1.365582423225,
    -36.44211495684));
#6080 = CARTESIAN_POINT('',(10.0804982557,1.35,-36.44499614792));
#6081 = ORIENTED_EDGE('',*,*,#6082,.T.);
#6082 = EDGE_CURVE('',#6057,#6083,#6085,.T.);
#6083 = VERTEX_POINT('',#6084);
#6084 = CARTESIAN_POINT('',(13.35901481942,3.87676320947,-34.25515488527
    ));
#6085 = LINE('',#6086,#6087);
#6086 = CARTESIAN_POINT('',(10.64098518058,3.87676320947,-34.25515488527
    ));
#6087 = VECTOR('',#6088,1.);
#6088 = DIRECTION('',(1.,0.,0.));
#6089 = ORIENTED_EDGE('',*,*,#6090,.F.);
#6090 = EDGE_CURVE('',#6091,#6083,#6093,.T.);
#6091 = VERTEX_POINT('',#6092);
#6092 = CARTESIAN_POINT('',(13.9195017443,1.35,-36.44499614792));
#6093 = B_SPLINE_CURVE_WITH_KNOTS('',3,(#6094,#6095,#6096,#6097,#6098,
    #6099,#6100,#6101,#6102,#6103,#6104,#6105,#6106,#6107,#6108,#6109,
    #6110,#6111,#6112,#6113,#6114),.UNSPECIFIED.,.F.,.F.,(4,1,1,1,1,1,1,
    1,1,1,1,1,1,1,1,1,1,1,4),(0.,5.555555555556E-02,0.111111111111,
    0.166666666667,0.222222222222,0.277777777778,0.333333333333,
    0.388888888889,0.444444444444,0.5,0.555555555556,0.611111111111,
    0.666666666667,0.722222222222,0.777777777778,0.833333333333,
    0.888888888889,0.944444444444,1.),.UNSPECIFIED.);
#6094 = CARTESIAN_POINT('',(13.9195017443,1.35,-36.44499614792));
#6095 = CARTESIAN_POINT('',(13.89725867347,1.365013675635,
    -36.44222011831));
#6096 = CARTESIAN_POINT('',(13.85759757447,1.403622352366,
    -36.43487968123));
#6097 = CARTESIAN_POINT('',(13.80455770258,1.481224832249,
    -36.41833233444));
#6098 = CARTESIAN_POINT('',(13.76031376763,1.565853139478,
    -36.39799386852));
#6099 = CARTESIAN_POINT('',(13.71984623451,1.659441995013,
    -36.37275778027));
#6100 = CARTESIAN_POINT('',(13.68205693154,1.762333686216,-36.3415645457
    ));
#6101 = CARTESIAN_POINT('',(13.64617334088,1.874914163241,
    -36.30318945443));
#6102 = CARTESIAN_POINT('',(13.61186510825,1.997557991048,
    -36.25611842584));
#6103 = CARTESIAN_POINT('',(13.57930968579,2.129020079091,
    -36.19929711576));
#6104 = CARTESIAN_POINT('',(13.54799965687,2.27110559451,-36.13010264545
    ));
#6105 = CARTESIAN_POINT('',(13.51766169164,2.425878384428,
    -36.04482516144));
#6106 = CARTESIAN_POINT('',(13.48845044626,2.593945104959,
    -35.93946805566));
#6107 = CARTESIAN_POINT('',(13.46060082589,2.775993194842,
    -35.80844596996));
#6108 = CARTESIAN_POINT('',(13.43514422967,2.966900747878,-35.649077841)
  );
#6109 = CARTESIAN_POINT('',(13.4126907987,3.162162371749,-35.45801147666
    ));
#6110 = CARTESIAN_POINT('',(13.3936204328,3.357357233162,-35.23090605625
    ));
#6111 = CARTESIAN_POINT('',(13.37808524513,3.548635381,-34.96016438025)
  );
#6112 = CARTESIAN_POINT('',(13.36634154086,3.728095619667,
    -34.63899248383));
#6113 = CARTESIAN_POINT('',(13.36107686117,3.831600126631,
    -34.38898762188));
#6114 = CARTESIAN_POINT('',(13.35901481942,3.87676320947,-34.25515488527
    ));
#6115 = ORIENTED_EDGE('',*,*,#6116,.T.);
#6116 = EDGE_CURVE('',#6091,#6117,#6119,.T.);
#6117 = VERTEX_POINT('',#6118);
#6118 = CARTESIAN_POINT('',(14.0804982557,1.35,-36.44499614792));
#6119 = B_SPLINE_CURVE_WITH_KNOTS('',3,(#6120,#6121,#6122,#6123,#6124,
    #6125),.UNSPECIFIED.,.F.,.F.,(4,1,1,4),(0.,0.333333333333,
    0.666666666667,1.),.UNSPECIFIED.);
#6120 = CARTESIAN_POINT('',(13.9195017443,1.35,-36.44499614792));
#6121 = CARTESIAN_POINT('',(13.93722054615,1.338040125138,
    -36.44720752956));
#6122 = CARTESIAN_POINT('',(13.97233343727,1.321327998573,
    -36.45017030861));
#6123 = CARTESIAN_POINT('',(14.02766159429,1.321326356276,
    -36.45017059379));
#6124 = CARTESIAN_POINT('',(14.06277765056,1.338038907946,
    -36.44720775462));
#6125 = CARTESIAN_POINT('',(14.0804982557,1.35,-36.44499614792));
#6126 = ORIENTED_EDGE('',*,*,#6127,.F.);
#6127 = EDGE_CURVE('',#5575,#6117,#6128,.T.);
#6128 = B_SPLINE_CURVE_WITH_KNOTS('',3,(#6129,#6130,#6131,#6132,#6133,
    #6134,#6135,#6136,#6137,#6138,#6139,#6140,#6141,#6142,#6143,#6144,
    #6145,#6146,#6147,#6148,#6149),.UNSPECIFIED.,.F.,.F.,(4,1,1,1,1,1,1,
    1,1,1,1,1,1,1,1,1,1,1,4),(0.,5.555555555556E-02,0.111111111111,
    0.166666666667,0.222222222222,0.277777777778,0.333333333333,
    0.388888888889,0.444444444444,0.5,0.555555555556,0.611111111111,
    0.666666666667,0.722222222222,0.777777777778,0.833333333333,
    0.888888888889,0.944444444444,1.),.UNSPECIFIED.);
#6129 = CARTESIAN_POINT('',(14.64098518058,3.87676320947,-34.25515488527
    ));
#6130 = CARTESIAN_POINT('',(14.63898239211,3.832897898867,
    -34.38514190545));
#6131 = CARTESIAN_POINT('',(14.63390945805,3.73294192508,-34.62783233167
    ));
#6132 = CARTESIAN_POINT('',(14.62278557222,3.561171992396,
    -34.93928631563));
#6133 = CARTESIAN_POINT('',(14.60824525336,3.379018439366,
    -35.20219752433));
#6134 = CARTESIAN_POINT('',(14.59057707855,3.193876488312,
    -35.42321020747));
#6135 = CARTESIAN_POINT('',(14.56986587892,3.008454241782,-35.6104889772
    ));
#6136 = CARTESIAN_POINT('',(14.54646596169,2.826797889478,
    -35.76798199427));
#6137 = CARTESIAN_POINT('',(14.52050199647,2.650117466965,
    -35.90084492933));
#6138 = CARTESIAN_POINT('',(14.4921787006,2.480273423653,-36.01221033553
    ));
#6139 = CARTESIAN_POINT('',(14.46237312086,2.321980629758,-36.1032530683
    ));
#6140 = CARTESIAN_POINT('',(14.43113167752,2.174502655373,
    -36.17809440806));
#6141 = CARTESIAN_POINT('',(14.39846487109,2.037512553499,
    -36.23959622693));
#6142 = CARTESIAN_POINT('',(14.36407673333,1.909815392668,
    -36.29041146644));
#6143 = CARTESIAN_POINT('',(14.32724202597,1.78978609554,-36.332700788)
  );
#6144 = CARTESIAN_POINT('',(14.2876844853,1.678380284107,-36.36736548194
    ));
#6145 = CARTESIAN_POINT('',(14.24518361934,1.577234258476,
    -36.39514121593));
#6146 = CARTESIAN_POINT('',(14.19875352994,1.486604976119,
    -36.41714458276));
#6147 = CARTESIAN_POINT('',(14.14458815355,1.406060999064,
    -36.43440532523));
#6148 = CARTESIAN_POINT('',(14.10358393784,1.365582423225,
    -36.44211495684));
#6149 = CARTESIAN_POINT('',(14.0804982557,1.35,-36.44499614792));
#6150 = CYLINDRICAL_SURFACE('',#6151,3.3);
#6151 = AXIS2_PLACEMENT_3D('',#6152,#6153,#6154);
#6152 = CARTESIAN_POINT('',(-16.7,0.75,-33.2));
#6153 = DIRECTION('',(1.,0.,0.));
#6154 = DIRECTION('',(0.,0.,-1.));
#6155 = ADVANCED_FACE('',(#6156),#6222,.T.);
#6156 = FACE_BOUND('',#6157,.T.);
#6157 = EDGE_LOOP('',(#6158,#6173,#6174,#6183,#6190,#6191,#6206,#6215));
#6158 = ORIENTED_EDGE('',*,*,#6159,.T.);
#6159 = EDGE_CURVE('',#6160,#5575,#6162,.T.);
#6160 = VERTEX_POINT('',#6161);
#6161 = CARTESIAN_POINT('',(14.60012164638,4.249707848397,-33.15));
#6162 = B_SPLINE_CURVE_WITH_KNOTS('',3,(#6163,#6164,#6165,#6166,#6167,
    #6168,#6169,#6170,#6171,#6172),.UNSPECIFIED.,.F.,.F.,(4,1,1,1,1,1,1,
    4),(0.,0.142857142857,0.285714285714,0.428571428571,0.571428571429,
    0.714285714286,0.857142857143,1.),.UNSPECIFIED.);
#6163 = CARTESIAN_POINT('',(14.60012164638,4.249707848397,-33.15));
#6164 = CARTESIAN_POINT('',(14.60726677962,4.232535984739,
    -33.20088575362));
#6165 = CARTESIAN_POINT('',(14.6187518828,4.198134849493,-33.30282737902
    ));
#6166 = CARTESIAN_POINT('',(14.62987849066,4.146631520677,
    -33.45544830317));
#6167 = CARTESIAN_POINT('',(14.63676874391,4.094782940751,
    -33.60909231737));
#6168 = CARTESIAN_POINT('',(14.64070977396,4.042285992993,
    -33.76465765394));
#6169 = CARTESIAN_POINT('',(14.64257922232,3.988755282596,
    -33.92328636161));
#6170 = CARTESIAN_POINT('',(14.64282398486,3.933861092642,
    -34.08595549764));
#6171 = CARTESIAN_POINT('',(14.64186293431,3.895987875848,
    -34.19818601711));
#6172 = CARTESIAN_POINT('',(14.64098518058,3.87676320947,-34.25515488527
    ));
#6173 = ORIENTED_EDGE('',*,*,#6127,.T.);
#6174 = ORIENTED_EDGE('',*,*,#6175,.F.);
#6175 = EDGE_CURVE('',#6176,#6117,#6178,.T.);
#6176 = VERTEX_POINT('',#6177);
#6177 = CARTESIAN_POINT('',(14.,1.35,-36.45));
#6178 = CIRCLE('',#6179,0.65);
#6179 = AXIS2_PLACEMENT_3D('',#6180,#6181,#6182);
#6180 = CARTESIAN_POINT('',(14.,1.35,-35.8));
#6181 = DIRECTION('',(0.,-1.,0.));
#6182 = DIRECTION('',(0.,0.,-1.));
#6183 = ORIENTED_EDGE('',*,*,#6184,.F.);
#6184 = EDGE_CURVE('',#6091,#6176,#6185,.T.);
#6185 = CIRCLE('',#6186,0.65);
#6186 = AXIS2_PLACEMENT_3D('',#6187,#6188,#6189);
#6187 = CARTESIAN_POINT('',(14.,1.35,-35.8));
#6188 = DIRECTION('',(0.,-1.,0.));
#6189 = DIRECTION('',(-0.123843470315,-0.,-0.992301766027));
#6190 = ORIENTED_EDGE('',*,*,#6090,.T.);
#6191 = ORIENTED_EDGE('',*,*,#6192,.T.);
#6192 = EDGE_CURVE('',#6083,#6193,#6195,.T.);
#6193 = VERTEX_POINT('',#6194);
#6194 = CARTESIAN_POINT('',(13.39987835362,4.249707848397,-33.15));
#6195 = B_SPLINE_CURVE_WITH_KNOTS('',3,(#6196,#6197,#6198,#6199,#6200,
    #6201,#6202,#6203,#6204,#6205),.UNSPECIFIED.,.F.,.F.,(4,1,1,1,1,1,1,
    4),(0.,0.142857142857,0.285714285714,0.428571428571,0.571428571429,
    0.714285714286,0.857142857143,1.),.UNSPECIFIED.);
#6196 = CARTESIAN_POINT('',(13.35901481942,3.87676320947,-34.25515488527
    ));
#6197 = CARTESIAN_POINT('',(13.35813696006,3.89599018938,-34.19817916137
    ));
#6198 = CARTESIAN_POINT('',(13.35717591821,3.933867104226,
    -34.08593768338));
#6199 = CARTESIAN_POINT('',(13.35742092199,3.988763743035,
    -33.92326129061));
#6200 = CARTESIAN_POINT('',(13.35929069225,4.042294731292,
    -33.76463175955));
#6201 = CARTESIAN_POINT('',(13.3632320307,4.094790317726,-33.60907045702
    ));
#6202 = CARTESIAN_POINT('',(13.37012243783,4.146636562571,
    -33.45543336241));
#6203 = CARTESIAN_POINT('',(13.38124882778,4.19813712014,-33.30282065036
    ));
#6204 = CARTESIAN_POINT('',(13.39273352705,4.232536721768,
    -33.20088356957));
#6205 = CARTESIAN_POINT('',(13.39987835362,4.249707848397,-33.15));
#6206 = ORIENTED_EDGE('',*,*,#6207,.T.);
#6207 = EDGE_CURVE('',#6193,#6208,#6210,.T.);
#6208 = VERTEX_POINT('',#6209);
#6209 = CARTESIAN_POINT('',(14.,4.65,-33.15));
#6210 = CIRCLE('',#6211,0.65);
#6211 = AXIS2_PLACEMENT_3D('',#6212,#6213,#6214);
#6212 = CARTESIAN_POINT('',(14.,4.,-33.15));
#6213 = DIRECTION('',(0.,0.,-1.));
#6214 = DIRECTION('',(-0.923264071347,0.384165920611,0.));
#6215 = ORIENTED_EDGE('',*,*,#6216,.T.);
#6216 = EDGE_CURVE('',#6208,#6160,#6217,.T.);
#6217 = CIRCLE('',#6218,0.65);
#6218 = AXIS2_PLACEMENT_3D('',#6219,#6220,#6221);
#6219 = CARTESIAN_POINT('',(14.,4.,-33.15));
#6220 = DIRECTION('',(0.,0.,-1.));
#6221 = DIRECTION('',(0.,1.,0.));
#6222 = TOROIDAL_SURFACE('',#6223,2.65,0.65);
#6223 = AXIS2_PLACEMENT_3D('',#6224,#6225,#6226);
#6224 = CARTESIAN_POINT('',(14.,1.35,-33.15));
#6225 = DIRECTION('',(-1.,0.,0.));
#6226 = DIRECTION('',(0.,-1.,0.));
#6227 = ADVANCED_FACE('',(#6228),#6248,.T.);
#6228 = FACE_BOUND('',#6229,.T.);
#6229 = EDGE_LOOP('',(#6230,#6231,#6232));
#6230 = ORIENTED_EDGE('',*,*,#6216,.F.);
#6231 = ORIENTED_EDGE('',*,*,#6207,.F.);
#6232 = ORIENTED_EDGE('',*,*,#6233,.F.);
#6233 = EDGE_CURVE('',#6160,#6193,#6234,.T.);
#6234 = B_SPLINE_CURVE_WITH_KNOTS('',3,(#6235,#6236,#6237,#6238,#6239,
    #6240,#6241,#6242,#6243,#6244,#6245,#6246,#6247),.UNSPECIFIED.,.F.,
  .F.,(4,1,1,1,1,1,1,1,1,1,4),(0.,6.25E-02,0.125,0.25,0.375,0.5,0.625,
    0.75,0.875,0.9375,1.),.UNSPECIFIED.);
#6235 = CARTESIAN_POINT('',(14.60012164638,4.249707848397,-33.15));
#6236 = CARTESIAN_POINT('',(14.57511657778,4.309802407025,
    -32.97192049942));
#6237 = CARTESIAN_POINT('',(14.52510644058,4.388911792851,
    -32.73749395164));
#6238 = CARTESIAN_POINT('',(14.42508616618,4.500611330572,
    -32.40649230445));
#6239 = CARTESIAN_POINT('',(14.30006082319,4.584249480515,
    -32.15864557237));
#6240 = CARTESIAN_POINT('',(14.15003041159,4.638697265885,
    -31.99729927667));
#6241 = CARTESIAN_POINT('',(14.,4.655651367058,-31.94705882331));
#6242 = CARTESIAN_POINT('',(13.84996958841,4.638697265885,
    -31.99729927667));
#6243 = CARTESIAN_POINT('',(13.69993917681,4.584249480515,
    -32.15864557237));
#6244 = CARTESIAN_POINT('',(13.57491383382,4.500611330572,
    -32.40649230445));
#6245 = CARTESIAN_POINT('',(13.47489355942,4.388911792851,
    -32.73749395164));
#6246 = CARTESIAN_POINT('',(13.42488342222,4.309802407025,
    -32.97192049942));
#6247 = CARTESIAN_POINT('',(13.39987835362,4.249707848397,-33.15));
#6248 = CYLINDRICAL_SURFACE('',#6249,0.65);
#6249 = AXIS2_PLACEMENT_3D('',#6250,#6251,#6252);
#6250 = CARTESIAN_POINT('',(14.,4.,-12.475));
#6251 = DIRECTION('',(0.,0.,-1.));
#6252 = DIRECTION('',(0.,1.,0.));
#6253 = ADVANCED_FACE('',(#6254),#6280,.T.);
#6254 = FACE_BOUND('',#6255,.T.);
#6255 = EDGE_LOOP('',(#6256,#6264,#6273,#6279));
#6256 = ORIENTED_EDGE('',*,*,#6257,.F.);
#6257 = EDGE_CURVE('',#6258,#2532,#6260,.T.);
#6258 = VERTEX_POINT('',#6259);
#6259 = CARTESIAN_POINT('',(14.,3.35,-12.475));
#6260 = LINE('',#6261,#6262);
#6261 = CARTESIAN_POINT('',(14.,3.35,-12.475));
#6262 = VECTOR('',#6263,1.);
#6263 = DIRECTION('',(0.,0.,-1.));
#6264 = ORIENTED_EDGE('',*,*,#6265,.T.);
#6265 = EDGE_CURVE('',#6258,#6266,#6268,.T.);
#6266 = VERTEX_POINT('',#6267);
#6267 = CARTESIAN_POINT('',(14.,4.65,-12.475));
#6268 = CIRCLE('',#6269,0.65);
#6269 = AXIS2_PLACEMENT_3D('',#6270,#6271,#6272);
#6270 = CARTESIAN_POINT('',(14.,4.,-12.475));
#6271 = DIRECTION('',(0.,0.,-1.));
#6272 = DIRECTION('',(0.,-1.,0.));
#6273 = ORIENTED_EDGE('',*,*,#6274,.T.);
#6274 = EDGE_CURVE('',#6266,#2530,#6275,.T.);
#6275 = LINE('',#6276,#6277);
#6276 = CARTESIAN_POINT('',(14.,4.65,-12.475));
#6277 = VECTOR('',#6278,1.);
#6278 = DIRECTION('',(0.,0.,-1.));
#6279 = ORIENTED_EDGE('',*,*,#2540,.F.);
#6280 = CYLINDRICAL_SURFACE('',#6281,0.65);
#6281 = AXIS2_PLACEMENT_3D('',#6282,#6283,#6284);
#6282 = CARTESIAN_POINT('',(14.,4.,-12.475));
#6283 = DIRECTION('',(0.,0.,-1.));
#6284 = DIRECTION('',(0.,1.,0.));
#6285 = ADVANCED_FACE('',(#6286),#6630,.T.);
#6286 = FACE_BOUND('',#6287,.F.);
#6287 = EDGE_LOOP('',(#6288,#6289,#6290,#6291,#6292,#6298,#6299,#6300,
    #6315,#6333,#6346,#6347,#6362,#6380,#6393,#6394,#6409,#6427,#6440,
    #6441,#6456,#6474,#6487,#6488,#6503,#6521,#6534,#6535,#6550,#6568,
    #6581,#6582,#6597,#6615,#6628,#6629));
#6288 = ORIENTED_EDGE('',*,*,#6233,.F.);
#6289 = ORIENTED_EDGE('',*,*,#6159,.T.);
#6290 = ORIENTED_EDGE('',*,*,#5574,.T.);
#6291 = ORIENTED_EDGE('',*,*,#4968,.T.);
#6292 = ORIENTED_EDGE('',*,*,#6293,.F.);
#6293 = EDGE_CURVE('',#5528,#4961,#6294,.T.);
#6294 = LINE('',#6295,#6296);
#6295 = CARTESIAN_POINT('',(-16.7,7.,-25.));
#6296 = VECTOR('',#6297,1.);
#6297 = DIRECTION('',(1.,0.,0.));
#6298 = ORIENTED_EDGE('',*,*,#5527,.F.);
#6299 = ORIENTED_EDGE('',*,*,#5585,.T.);
#6300 = ORIENTED_EDGE('',*,*,#6301,.T.);
#6301 = EDGE_CURVE('',#5586,#6302,#6304,.T.);
#6302 = VERTEX_POINT('',#6303);
#6303 = CARTESIAN_POINT('',(-14.60012164638,4.249707848397,-33.15));
#6304 = B_SPLINE_CURVE_WITH_KNOTS('',3,(#6305,#6306,#6307,#6308,#6309,
    #6310,#6311,#6312,#6313,#6314),.UNSPECIFIED.,.F.,.F.,(4,1,1,1,1,1,1,
    4),(0.,0.142857142857,0.285714285714,0.428571428571,0.571428571429,
    0.714285714286,0.857142857143,1.),.UNSPECIFIED.);
#6305 = CARTESIAN_POINT('',(-14.64098518058,3.87676320947,
    -34.25515488527));
#6306 = CARTESIAN_POINT('',(-14.64186303994,3.89599018938,
    -34.19817916137));
#6307 = CARTESIAN_POINT('',(-14.64282408179,3.933867104226,
    -34.08593768338));
#6308 = CARTESIAN_POINT('',(-14.64257907801,3.988763743035,
    -33.92326129061));
#6309 = CARTESIAN_POINT('',(-14.64070930775,4.042294731292,
    -33.76463175955));
#6310 = CARTESIAN_POINT('',(-14.6367679693,4.094790317726,
    -33.60907045702));
#6311 = CARTESIAN_POINT('',(-14.62987756217,4.146636562571,
    -33.45543336241));
#6312 = CARTESIAN_POINT('',(-14.61875117222,4.19813712014,
    -33.30282065036));
#6313 = CARTESIAN_POINT('',(-14.60726647295,4.232536721768,
    -33.20088356957));
#6314 = CARTESIAN_POINT('',(-14.60012164638,4.249707848397,-33.15));
#6315 = ORIENTED_EDGE('',*,*,#6316,.F.);
#6316 = EDGE_CURVE('',#6317,#6302,#6319,.T.);
#6317 = VERTEX_POINT('',#6318);
#6318 = CARTESIAN_POINT('',(-13.39987835362,4.249707848397,-33.15));
#6319 = B_SPLINE_CURVE_WITH_KNOTS('',3,(#6320,#6321,#6322,#6323,#6324,
    #6325,#6326,#6327,#6328,#6329,#6330,#6331,#6332),.UNSPECIFIED.,.F.,
  .F.,(4,1,1,1,1,1,1,1,1,1,4),(0.,6.25E-02,0.125,0.25,0.375,0.5,0.625,
    0.75,0.875,0.9375,1.),.UNSPECIFIED.);
#6320 = CARTESIAN_POINT('',(-13.39987835362,4.249707848397,-33.15));
#6321 = CARTESIAN_POINT('',(-13.42488342222,4.309802407025,
    -32.97192049942));
#6322 = CARTESIAN_POINT('',(-13.47489355942,4.388911792851,
    -32.73749395164));
#6323 = CARTESIAN_POINT('',(-13.57491383382,4.500611330572,
    -32.40649230445));
#6324 = CARTESIAN_POINT('',(-13.69993917681,4.584249480515,
    -32.15864557237));
#6325 = CARTESIAN_POINT('',(-13.84996958841,4.638697265885,
    -31.99729927667));
#6326 = CARTESIAN_POINT('',(-14.,4.655651367058,-31.94705882331));
#6327 = CARTESIAN_POINT('',(-14.15003041159,4.638697265885,
    -31.99729927667));
#6328 = CARTESIAN_POINT('',(-14.30006082319,4.584249480515,
    -32.15864557237));
#6329 = CARTESIAN_POINT('',(-14.42508616618,4.500611330572,
    -32.40649230445));
#6330 = CARTESIAN_POINT('',(-14.52510644058,4.388911792851,
    -32.73749395164));
#6331 = CARTESIAN_POINT('',(-14.57511657778,4.309802407025,
    -32.97192049942));
#6332 = CARTESIAN_POINT('',(-14.60012164638,4.249707848397,-33.15));
#6333 = ORIENTED_EDGE('',*,*,#6334,.T.);
#6334 = EDGE_CURVE('',#6317,#5631,#6335,.T.);
#6335 = B_SPLINE_CURVE_WITH_KNOTS('',3,(#6336,#6337,#6338,#6339,#6340,
    #6341,#6342,#6343,#6344,#6345),.UNSPECIFIED.,.F.,.F.,(4,1,1,1,1,1,1,
    4),(0.,0.142857142857,0.285714285714,0.428571428571,0.571428571429,
    0.714285714286,0.857142857143,1.),.UNSPECIFIED.);
#6336 = CARTESIAN_POINT('',(-13.39987835362,4.249707848397,-33.15));
#6337 = CARTESIAN_POINT('',(-13.39273322038,4.232535984739,
    -33.20088575362));
#6338 = CARTESIAN_POINT('',(-13.3812481172,4.198134849493,
    -33.30282737902));
#6339 = CARTESIAN_POINT('',(-13.37012150934,4.146631520677,
    -33.45544830317));
#6340 = CARTESIAN_POINT('',(-13.36323125609,4.094782940751,
    -33.60909231737));
#6341 = CARTESIAN_POINT('',(-13.35929022604,4.042285992993,
    -33.76465765394));
#6342 = CARTESIAN_POINT('',(-13.35742077768,3.988755282596,
    -33.92328636161));
#6343 = CARTESIAN_POINT('',(-13.35717601514,3.933861092642,
    -34.08595549764));
#6344 = CARTESIAN_POINT('',(-13.35813706569,3.895987875848,
    -34.19818601711));
#6345 = CARTESIAN_POINT('',(-13.35901481942,3.87676320947,
    -34.25515488527));
#6346 = ORIENTED_EDGE('',*,*,#5656,.T.);
#6347 = ORIENTED_EDGE('',*,*,#6348,.T.);
#6348 = EDGE_CURVE('',#5657,#6349,#6351,.T.);
#6349 = VERTEX_POINT('',#6350);
#6350 = CARTESIAN_POINT('',(-10.60012164638,4.249707848397,-33.15));
#6351 = B_SPLINE_CURVE_WITH_KNOTS('',3,(#6352,#6353,#6354,#6355,#6356,
    #6357,#6358,#6359,#6360,#6361),.UNSPECIFIED.,.F.,.F.,(4,1,1,1,1,1,1,
    4),(0.,0.142857142857,0.285714285714,0.428571428571,0.571428571429,
    0.714285714286,0.857142857143,1.),.UNSPECIFIED.);
#6352 = CARTESIAN_POINT('',(-10.64098518058,3.87676320947,
    -34.25515488527));
#6353 = CARTESIAN_POINT('',(-10.64186303994,3.895990189381,
    -34.19817916137));
#6354 = CARTESIAN_POINT('',(-10.64282408179,3.933867104226,
    -34.08593768338));
#6355 = CARTESIAN_POINT('',(-10.64257907801,3.988763743035,
    -33.92326129061));
#6356 = CARTESIAN_POINT('',(-10.64070930775,4.042294731292,
    -33.76463175955));
#6357 = CARTESIAN_POINT('',(-10.6367679693,4.094790317726,
    -33.60907045702));
#6358 = CARTESIAN_POINT('',(-10.62987756217,4.146636562571,
    -33.45543336241));
#6359 = CARTESIAN_POINT('',(-10.61875117222,4.19813712014,
    -33.30282065036));
#6360 = CARTESIAN_POINT('',(-10.60726647295,4.232536721768,
    -33.20088356957));
#6361 = CARTESIAN_POINT('',(-10.60012164638,4.249707848397,-33.15));
#6362 = ORIENTED_EDGE('',*,*,#6363,.F.);
#6363 = EDGE_CURVE('',#6364,#6349,#6366,.T.);
#6364 = VERTEX_POINT('',#6365);
#6365 = CARTESIAN_POINT('',(-9.399878353624,4.249707848397,-33.15));
#6366 = B_SPLINE_CURVE_WITH_KNOTS('',3,(#6367,#6368,#6369,#6370,#6371,
    #6372,#6373,#6374,#6375,#6376,#6377,#6378,#6379),.UNSPECIFIED.,.F.,
  .F.,(4,1,1,1,1,1,1,1,1,1,4),(0.,6.25E-02,0.125,0.25,0.375,0.5,0.625,
    0.75,0.875,0.9375,1.),.UNSPECIFIED.);
#6367 = CARTESIAN_POINT('',(-9.399878353624,4.249707848397,-33.15));
#6368 = CARTESIAN_POINT('',(-9.424883422223,4.309802407025,
    -32.97192049942));
#6369 = CARTESIAN_POINT('',(-9.474893559421,4.388911792851,
    -32.73749395164));
#6370 = CARTESIAN_POINT('',(-9.574913833817,4.500611330572,
    -32.40649230445));
#6371 = CARTESIAN_POINT('',(-9.699939176812,4.584249480515,
    -32.15864557237));
#6372 = CARTESIAN_POINT('',(-9.849969588406,4.638697265885,
    -31.99729927667));
#6373 = CARTESIAN_POINT('',(-10.,4.655651367058,-31.94705882331));
#6374 = CARTESIAN_POINT('',(-10.15003041159,4.638697265885,
    -31.99729927667));
#6375 = CARTESIAN_POINT('',(-10.30006082319,4.584249480515,
    -32.15864557237));
#6376 = CARTESIAN_POINT('',(-10.42508616618,4.500611330572,
    -32.40649230445));
#6377 = CARTESIAN_POINT('',(-10.52510644058,4.388911792851,
    -32.73749395164));
#6378 = CARTESIAN_POINT('',(-10.57511657778,4.309802407025,
    -32.97192049942));
#6379 = CARTESIAN_POINT('',(-10.60012164638,4.249707848397,-33.15));
#6380 = ORIENTED_EDGE('',*,*,#6381,.T.);
#6381 = EDGE_CURVE('',#6364,#5702,#6382,.T.);
#6382 = B_SPLINE_CURVE_WITH_KNOTS('',3,(#6383,#6384,#6385,#6386,#6387,
    #6388,#6389,#6390,#6391,#6392),.UNSPECIFIED.,.F.,.F.,(4,1,1,1,1,1,1,
    4),(0.,0.142857142857,0.285714285714,0.428571428571,0.571428571429,
    0.714285714286,0.857142857143,1.),.UNSPECIFIED.);
#6383 = CARTESIAN_POINT('',(-9.399878353624,4.249707848397,-33.15));
#6384 = CARTESIAN_POINT('',(-9.392733220378,4.232535984739,
    -33.20088575362));
#6385 = CARTESIAN_POINT('',(-9.381248117199,4.198134849493,
    -33.30282737902));
#6386 = CARTESIAN_POINT('',(-9.370121509341,4.146631520677,
    -33.45544830317));
#6387 = CARTESIAN_POINT('',(-9.363231256091,4.094782940751,
    -33.60909231737));
#6388 = CARTESIAN_POINT('',(-9.359290226037,4.042285992993,
    -33.76465765394));
#6389 = CARTESIAN_POINT('',(-9.357420777676,3.988755282596,
    -33.92328636161));
#6390 = CARTESIAN_POINT('',(-9.357176015139,3.933861092642,
    -34.08595549764));
#6391 = CARTESIAN_POINT('',(-9.35813706569,3.895987875848,
    -34.19818601711));
#6392 = CARTESIAN_POINT('',(-9.359014819423,3.87676320947,
    -34.25515488527));
#6393 = ORIENTED_EDGE('',*,*,#5727,.T.);
#6394 = ORIENTED_EDGE('',*,*,#6395,.T.);
#6395 = EDGE_CURVE('',#5728,#6396,#6398,.T.);
#6396 = VERTEX_POINT('',#6397);
#6397 = CARTESIAN_POINT('',(-6.600121646376,4.249707848397,-33.15));
#6398 = B_SPLINE_CURVE_WITH_KNOTS('',3,(#6399,#6400,#6401,#6402,#6403,
    #6404,#6405,#6406,#6407,#6408),.UNSPECIFIED.,.F.,.F.,(4,1,1,1,1,1,1,
    4),(0.,0.142857142857,0.285714285714,0.428571428571,0.571428571429,
    0.714285714286,0.857142857143,1.),.UNSPECIFIED.);
#6399 = CARTESIAN_POINT('',(-6.640985180577,3.87676320947,
    -34.25515488527));
#6400 = CARTESIAN_POINT('',(-6.641863039941,3.895990189381,
    -34.19817916137));
#6401 = CARTESIAN_POINT('',(-6.642824081788,3.933867104226,
    -34.08593768338));
#6402 = CARTESIAN_POINT('',(-6.642579078011,3.988763743035,
    -33.92326129061));
#6403 = CARTESIAN_POINT('',(-6.640709307747,4.042294731292,
    -33.76463175955));
#6404 = CARTESIAN_POINT('',(-6.636767969303,4.094790317726,
    -33.60907045702));
#6405 = CARTESIAN_POINT('',(-6.629877562169,4.146636562571,
    -33.45543336241));
#6406 = CARTESIAN_POINT('',(-6.618751172219,4.19813712014,
    -33.30282065036));
#6407 = CARTESIAN_POINT('',(-6.607266472947,4.232536721768,
    -33.20088356957));
#6408 = CARTESIAN_POINT('',(-6.600121646376,4.249707848397,-33.15));
#6409 = ORIENTED_EDGE('',*,*,#6410,.F.);
#6410 = EDGE_CURVE('',#6411,#6396,#6413,.T.);
#6411 = VERTEX_POINT('',#6412);
#6412 = CARTESIAN_POINT('',(-5.399878353624,4.249707848397,-33.15));
#6413 = B_SPLINE_CURVE_WITH_KNOTS('',3,(#6414,#6415,#6416,#6417,#6418,
    #6419,#6420,#6421,#6422,#6423,#6424,#6425,#6426),.UNSPECIFIED.,.F.,
  .F.,(4,1,1,1,1,1,1,1,1,1,4),(0.,6.25E-02,0.125,0.25,0.375,0.5,0.625,
    0.75,0.875,0.9375,1.),.UNSPECIFIED.);
#6414 = CARTESIAN_POINT('',(-5.399878353624,4.249707848397,-33.15));
#6415 = CARTESIAN_POINT('',(-5.424883422223,4.309802407025,
    -32.97192049942));
#6416 = CARTESIAN_POINT('',(-5.474893559421,4.388911792851,
    -32.73749395164));
#6417 = CARTESIAN_POINT('',(-5.574913833817,4.500611330572,
    -32.40649230445));
#6418 = CARTESIAN_POINT('',(-5.699939176812,4.584249480515,
    -32.15864557237));
#6419 = CARTESIAN_POINT('',(-5.849969588406,4.638697265885,
    -31.99729927667));
#6420 = CARTESIAN_POINT('',(-6.,4.655651367058,-31.94705882331));
#6421 = CARTESIAN_POINT('',(-6.150030411594,4.638697265885,
    -31.99729927667));
#6422 = CARTESIAN_POINT('',(-6.300060823188,4.584249480515,
    -32.15864557237));
#6423 = CARTESIAN_POINT('',(-6.425086166183,4.500611330572,
    -32.40649230445));
#6424 = CARTESIAN_POINT('',(-6.525106440579,4.388911792851,
    -32.73749395164));
#6425 = CARTESIAN_POINT('',(-6.575116577777,4.309802407025,
    -32.97192049942));
#6426 = CARTESIAN_POINT('',(-6.600121646376,4.249707848397,-33.15));
#6427 = ORIENTED_EDGE('',*,*,#6428,.T.);
#6428 = EDGE_CURVE('',#6411,#5773,#6429,.T.);
#6429 = B_SPLINE_CURVE_WITH_KNOTS('',3,(#6430,#6431,#6432,#6433,#6434,
    #6435,#6436,#6437,#6438,#6439),.UNSPECIFIED.,.F.,.F.,(4,1,1,1,1,1,1,
    4),(0.,0.142857142857,0.285714285714,0.428571428571,0.571428571429,
    0.714285714286,0.857142857143,1.),.UNSPECIFIED.);
#6430 = CARTESIAN_POINT('',(-5.399878353624,4.249707848397,-33.15));
#6431 = CARTESIAN_POINT('',(-5.392733220378,4.232535984739,
    -33.20088575362));
#6432 = CARTESIAN_POINT('',(-5.381248117199,4.198134849493,
    -33.30282737902));
#6433 = CARTESIAN_POINT('',(-5.370121509341,4.146631520677,
    -33.45544830317));
#6434 = CARTESIAN_POINT('',(-5.363231256091,4.094782940751,
    -33.60909231737));
#6435 = CARTESIAN_POINT('',(-5.359290226037,4.042285992993,
    -33.76465765394));
#6436 = CARTESIAN_POINT('',(-5.357420777676,3.988755282596,
    -33.92328636161));
#6437 = CARTESIAN_POINT('',(-5.357176015139,3.933861092642,
    -34.08595549764));
#6438 = CARTESIAN_POINT('',(-5.35813706569,3.895987875848,
    -34.19818601711));
#6439 = CARTESIAN_POINT('',(-5.359014819423,3.87676320947,
    -34.25515488527));
#6440 = ORIENTED_EDGE('',*,*,#5798,.T.);
#6441 = ORIENTED_EDGE('',*,*,#6442,.T.);
#6442 = EDGE_CURVE('',#5799,#6443,#6445,.T.);
#6443 = VERTEX_POINT('',#6444);
#6444 = CARTESIAN_POINT('',(-2.600121646376,4.249707848397,-33.15));
#6445 = B_SPLINE_CURVE_WITH_KNOTS('',3,(#6446,#6447,#6448,#6449,#6450,
    #6451,#6452,#6453,#6454,#6455),.UNSPECIFIED.,.F.,.F.,(4,1,1,1,1,1,1,
    4),(0.,0.142857142857,0.285714285714,0.428571428571,0.571428571429,
    0.714285714286,0.857142857143,1.),.UNSPECIFIED.);
#6446 = CARTESIAN_POINT('',(-2.640985180577,3.87676320947,
    -34.25515488527));
#6447 = CARTESIAN_POINT('',(-2.641863039941,3.895990189381,
    -34.19817916137));
#6448 = CARTESIAN_POINT('',(-2.642824081788,3.933867104226,
    -34.08593768338));
#6449 = CARTESIAN_POINT('',(-2.642579078011,3.988763743035,
    -33.92326129061));
#6450 = CARTESIAN_POINT('',(-2.640709307747,4.042294731292,
    -33.76463175955));
#6451 = CARTESIAN_POINT('',(-2.636767969303,4.094790317726,
    -33.60907045702));
#6452 = CARTESIAN_POINT('',(-2.629877562169,4.146636562571,
    -33.45543336241));
#6453 = CARTESIAN_POINT('',(-2.618751172219,4.19813712014,
    -33.30282065036));
#6454 = CARTESIAN_POINT('',(-2.607266472947,4.232536721768,
    -33.20088356957));
#6455 = CARTESIAN_POINT('',(-2.600121646376,4.249707848397,-33.15));
#6456 = ORIENTED_EDGE('',*,*,#6457,.F.);
#6457 = EDGE_CURVE('',#6458,#6443,#6460,.T.);
#6458 = VERTEX_POINT('',#6459);
#6459 = CARTESIAN_POINT('',(-1.399878353624,4.249707848397,-33.15));
#6460 = B_SPLINE_CURVE_WITH_KNOTS('',3,(#6461,#6462,#6463,#6464,#6465,
    #6466,#6467,#6468,#6469,#6470,#6471,#6472,#6473),.UNSPECIFIED.,.F.,
  .F.,(4,1,1,1,1,1,1,1,1,1,4),(0.,6.25E-02,0.125,0.25,0.375,0.5,0.625,
    0.75,0.875,0.9375,1.),.UNSPECIFIED.);
#6461 = CARTESIAN_POINT('',(-1.399878353624,4.249707848397,-33.15));
#6462 = CARTESIAN_POINT('',(-1.424883422223,4.309802407025,
    -32.97192049942));
#6463 = CARTESIAN_POINT('',(-1.474893559421,4.388911792851,
    -32.73749395164));
#6464 = CARTESIAN_POINT('',(-1.574913833817,4.500611330572,
    -32.40649230445));
#6465 = CARTESIAN_POINT('',(-1.699939176812,4.584249480515,
    -32.15864557237));
#6466 = CARTESIAN_POINT('',(-1.849969588406,4.638697265885,
    -31.99729927667));
#6467 = CARTESIAN_POINT('',(-2.,4.655651367058,-31.94705882331));
#6468 = CARTESIAN_POINT('',(-2.150030411594,4.638697265885,
    -31.99729927667));
#6469 = CARTESIAN_POINT('',(-2.300060823188,4.584249480515,
    -32.15864557237));
#6470 = CARTESIAN_POINT('',(-2.425086166183,4.500611330572,
    -32.40649230445));
#6471 = CARTESIAN_POINT('',(-2.525106440579,4.388911792851,
    -32.73749395164));
#6472 = CARTESIAN_POINT('',(-2.575116577777,4.309802407025,
    -32.97192049942));
#6473 = CARTESIAN_POINT('',(-2.600121646376,4.249707848397,-33.15));
#6474 = ORIENTED_EDGE('',*,*,#6475,.T.);
#6475 = EDGE_CURVE('',#6458,#5844,#6476,.T.);
#6476 = B_SPLINE_CURVE_WITH_KNOTS('',3,(#6477,#6478,#6479,#6480,#6481,
    #6482,#6483,#6484,#6485,#6486),.UNSPECIFIED.,.F.,.F.,(4,1,1,1,1,1,1,
    4),(0.,0.142857142857,0.285714285714,0.428571428571,0.571428571429,
    0.714285714286,0.857142857143,1.),.UNSPECIFIED.);
#6477 = CARTESIAN_POINT('',(-1.399878353624,4.249707848397,-33.15));
#6478 = CARTESIAN_POINT('',(-1.392733220378,4.232535984739,
    -33.20088575362));
#6479 = CARTESIAN_POINT('',(-1.381248117199,4.198134849493,
    -33.30282737902));
#6480 = CARTESIAN_POINT('',(-1.370121509341,4.146631520677,
    -33.45544830317));
#6481 = CARTESIAN_POINT('',(-1.363231256091,4.094782940751,
    -33.60909231737));
#6482 = CARTESIAN_POINT('',(-1.359290226037,4.042285992993,
    -33.76465765394));
#6483 = CARTESIAN_POINT('',(-1.357420777676,3.988755282596,
    -33.92328636161));
#6484 = CARTESIAN_POINT('',(-1.357176015139,3.933861092642,
    -34.08595549764));
#6485 = CARTESIAN_POINT('',(-1.35813706569,3.895987875848,
    -34.19818601711));
#6486 = CARTESIAN_POINT('',(-1.359014819423,3.87676320947,
    -34.25515488527));
#6487 = ORIENTED_EDGE('',*,*,#5869,.T.);
#6488 = ORIENTED_EDGE('',*,*,#6489,.T.);
#6489 = EDGE_CURVE('',#5870,#6490,#6492,.T.);
#6490 = VERTEX_POINT('',#6491);
#6491 = CARTESIAN_POINT('',(1.399878353624,4.249707848397,-33.15));
#6492 = B_SPLINE_CURVE_WITH_KNOTS('',3,(#6493,#6494,#6495,#6496,#6497,
    #6498,#6499,#6500,#6501,#6502),.UNSPECIFIED.,.F.,.F.,(4,1,1,1,1,1,1,
    4),(0.,0.142857142857,0.285714285714,0.428571428571,0.571428571429,
    0.714285714286,0.857142857143,1.),.UNSPECIFIED.);
#6493 = CARTESIAN_POINT('',(1.359014819423,3.87676320947,-34.25515488527
    ));
#6494 = CARTESIAN_POINT('',(1.358136960059,3.895990189381,
    -34.19817916137));
#6495 = CARTESIAN_POINT('',(1.357175918212,3.933867104226,
    -34.08593768338));
#6496 = CARTESIAN_POINT('',(1.357420921989,3.988763743035,
    -33.92326129061));
#6497 = CARTESIAN_POINT('',(1.359290692253,4.042294731292,
    -33.76463175955));
#6498 = CARTESIAN_POINT('',(1.363232030697,4.094790317726,
    -33.60907045702));
#6499 = CARTESIAN_POINT('',(1.370122437831,4.146636562571,
    -33.45543336241));
#6500 = CARTESIAN_POINT('',(1.381248827781,4.19813712014,-33.30282065036
    ));
#6501 = CARTESIAN_POINT('',(1.392733527053,4.232536721768,
    -33.20088356957));
#6502 = CARTESIAN_POINT('',(1.399878353624,4.249707848397,-33.15));
#6503 = ORIENTED_EDGE('',*,*,#6504,.F.);
#6504 = EDGE_CURVE('',#6505,#6490,#6507,.T.);
#6505 = VERTEX_POINT('',#6506);
#6506 = CARTESIAN_POINT('',(2.600121646376,4.249707848397,-33.15));
#6507 = B_SPLINE_CURVE_WITH_KNOTS('',3,(#6508,#6509,#6510,#6511,#6512,
    #6513,#6514,#6515,#6516,#6517,#6518,#6519,#6520),.UNSPECIFIED.,.F.,
  .F.,(4,1,1,1,1,1,1,1,1,1,4),(0.,6.25E-02,0.125,0.25,0.375,0.5,0.625,
    0.75,0.875,0.9375,1.),.UNSPECIFIED.);
#6508 = CARTESIAN_POINT('',(2.600121646376,4.249707848397,-33.15));
#6509 = CARTESIAN_POINT('',(2.575116577777,4.309802407025,
    -32.97192049942));
#6510 = CARTESIAN_POINT('',(2.525106440579,4.388911792851,
    -32.73749395164));
#6511 = CARTESIAN_POINT('',(2.425086166183,4.500611330572,
    -32.40649230445));
#6512 = CARTESIAN_POINT('',(2.300060823188,4.584249480515,
    -32.15864557237));
#6513 = CARTESIAN_POINT('',(2.150030411594,4.638697265885,
    -31.99729927667));
#6514 = CARTESIAN_POINT('',(2.,4.655651367058,-31.94705882331));
#6515 = CARTESIAN_POINT('',(1.849969588406,4.638697265885,
    -31.99729927667));
#6516 = CARTESIAN_POINT('',(1.699939176812,4.584249480515,
    -32.15864557237));
#6517 = CARTESIAN_POINT('',(1.574913833817,4.500611330572,
    -32.40649230445));
#6518 = CARTESIAN_POINT('',(1.474893559421,4.388911792851,
    -32.73749395164));
#6519 = CARTESIAN_POINT('',(1.424883422223,4.309802407025,
    -32.97192049942));
#6520 = CARTESIAN_POINT('',(1.399878353624,4.249707848397,-33.15));
#6521 = ORIENTED_EDGE('',*,*,#6522,.T.);
#6522 = EDGE_CURVE('',#6505,#5915,#6523,.T.);
#6523 = B_SPLINE_CURVE_WITH_KNOTS('',3,(#6524,#6525,#6526,#6527,#6528,
    #6529,#6530,#6531,#6532,#6533),.UNSPECIFIED.,.F.,.F.,(4,1,1,1,1,1,1,
    4),(0.,0.142857142857,0.285714285714,0.428571428571,0.571428571429,
    0.714285714286,0.857142857143,1.),.UNSPECIFIED.);
#6524 = CARTESIAN_POINT('',(2.600121646376,4.249707848397,-33.15));
#6525 = CARTESIAN_POINT('',(2.607266779622,4.232535984739,
    -33.20088575362));
#6526 = CARTESIAN_POINT('',(2.618751882801,4.198134849493,
    -33.30282737902));
#6527 = CARTESIAN_POINT('',(2.629878490659,4.146631520677,
    -33.45544830317));
#6528 = CARTESIAN_POINT('',(2.636768743909,4.094782940751,
    -33.60909231737));
#6529 = CARTESIAN_POINT('',(2.640709773963,4.042285992993,
    -33.76465765394));
#6530 = CARTESIAN_POINT('',(2.642579222324,3.988755282596,
    -33.92328636161));
#6531 = CARTESIAN_POINT('',(2.642823984861,3.933861092642,
    -34.08595549764));
#6532 = CARTESIAN_POINT('',(2.64186293431,3.895987875848,-34.19818601711
    ));
#6533 = CARTESIAN_POINT('',(2.640985180577,3.87676320947,-34.25515488527
    ));
#6534 = ORIENTED_EDGE('',*,*,#5940,.T.);
#6535 = ORIENTED_EDGE('',*,*,#6536,.T.);
#6536 = EDGE_CURVE('',#5941,#6537,#6539,.T.);
#6537 = VERTEX_POINT('',#6538);
#6538 = CARTESIAN_POINT('',(5.399878353624,4.249707848397,-33.15));
#6539 = B_SPLINE_CURVE_WITH_KNOTS('',3,(#6540,#6541,#6542,#6543,#6544,
    #6545,#6546,#6547,#6548,#6549),.UNSPECIFIED.,.F.,.F.,(4,1,1,1,1,1,1,
    4),(0.,0.142857142857,0.285714285714,0.428571428571,0.571428571429,
    0.714285714286,0.857142857143,1.),.UNSPECIFIED.);
#6540 = CARTESIAN_POINT('',(5.359014819423,3.87676320947,-34.25515488527
    ));
#6541 = CARTESIAN_POINT('',(5.358136960059,3.89599018938,-34.19817916137
    ));
#6542 = CARTESIAN_POINT('',(5.357175918212,3.933867104226,
    -34.08593768338));
#6543 = CARTESIAN_POINT('',(5.357420921989,3.988763743035,
    -33.92326129061));
#6544 = CARTESIAN_POINT('',(5.359290692253,4.042294731292,
    -33.76463175955));
#6545 = CARTESIAN_POINT('',(5.363232030697,4.094790317726,
    -33.60907045702));
#6546 = CARTESIAN_POINT('',(5.370122437831,4.146636562571,
    -33.45543336241));
#6547 = CARTESIAN_POINT('',(5.381248827781,4.19813712014,-33.30282065036
    ));
#6548 = CARTESIAN_POINT('',(5.392733527053,4.232536721768,
    -33.20088356957));
#6549 = CARTESIAN_POINT('',(5.399878353624,4.249707848397,-33.15));
#6550 = ORIENTED_EDGE('',*,*,#6551,.F.);
#6551 = EDGE_CURVE('',#6552,#6537,#6554,.T.);
#6552 = VERTEX_POINT('',#6553);
#6553 = CARTESIAN_POINT('',(6.600121646376,4.249707848397,-33.15));
#6554 = B_SPLINE_CURVE_WITH_KNOTS('',3,(#6555,#6556,#6557,#6558,#6559,
    #6560,#6561,#6562,#6563,#6564,#6565,#6566,#6567),.UNSPECIFIED.,.F.,
  .F.,(4,1,1,1,1,1,1,1,1,1,4),(0.,6.25E-02,0.125,0.25,0.375,0.5,0.625,
    0.75,0.875,0.9375,1.),.UNSPECIFIED.);
#6555 = CARTESIAN_POINT('',(6.600121646376,4.249707848397,-33.15));
#6556 = CARTESIAN_POINT('',(6.575116577777,4.309802407025,
    -32.97192049942));
#6557 = CARTESIAN_POINT('',(6.525106440579,4.388911792851,
    -32.73749395164));
#6558 = CARTESIAN_POINT('',(6.425086166183,4.500611330572,
    -32.40649230445));
#6559 = CARTESIAN_POINT('',(6.300060823188,4.584249480515,
    -32.15864557237));
#6560 = CARTESIAN_POINT('',(6.150030411594,4.638697265885,
    -31.99729927667));
#6561 = CARTESIAN_POINT('',(6.,4.655651367058,-31.94705882331));
#6562 = CARTESIAN_POINT('',(5.849969588406,4.638697265885,
    -31.99729927667));
#6563 = CARTESIAN_POINT('',(5.699939176812,4.584249480515,
    -32.15864557237));
#6564 = CARTESIAN_POINT('',(5.574913833817,4.500611330572,
    -32.40649230445));
#6565 = CARTESIAN_POINT('',(5.474893559421,4.388911792851,
    -32.73749395164));
#6566 = CARTESIAN_POINT('',(5.424883422223,4.309802407025,
    -32.97192049942));
#6567 = CARTESIAN_POINT('',(5.399878353624,4.249707848397,-33.15));
#6568 = ORIENTED_EDGE('',*,*,#6569,.T.);
#6569 = EDGE_CURVE('',#6552,#5986,#6570,.T.);
#6570 = B_SPLINE_CURVE_WITH_KNOTS('',3,(#6571,#6572,#6573,#6574,#6575,
    #6576,#6577,#6578,#6579,#6580),.UNSPECIFIED.,.F.,.F.,(4,1,1,1,1,1,1,
    4),(0.,0.142857142857,0.285714285714,0.428571428571,0.571428571429,
    0.714285714286,0.857142857143,1.),.UNSPECIFIED.);
#6571 = CARTESIAN_POINT('',(6.600121646376,4.249707848397,-33.15));
#6572 = CARTESIAN_POINT('',(6.607266779622,4.232535984739,
    -33.20088575362));
#6573 = CARTESIAN_POINT('',(6.618751882801,4.198134849493,
    -33.30282737902));
#6574 = CARTESIAN_POINT('',(6.629878490659,4.146631520677,
    -33.45544830317));
#6575 = CARTESIAN_POINT('',(6.636768743909,4.094782940751,
    -33.60909231737));
#6576 = CARTESIAN_POINT('',(6.640709773963,4.042285992993,
    -33.76465765394));
#6577 = CARTESIAN_POINT('',(6.642579222324,3.988755282596,
    -33.92328636161));
#6578 = CARTESIAN_POINT('',(6.642823984861,3.933861092642,
    -34.08595549764));
#6579 = CARTESIAN_POINT('',(6.64186293431,3.895987875848,-34.19818601711
    ));
#6580 = CARTESIAN_POINT('',(6.640985180577,3.87676320947,-34.25515488527
    ));
#6581 = ORIENTED_EDGE('',*,*,#6011,.T.);
#6582 = ORIENTED_EDGE('',*,*,#6583,.T.);
#6583 = EDGE_CURVE('',#6012,#6584,#6586,.T.);
#6584 = VERTEX_POINT('',#6585);
#6585 = CARTESIAN_POINT('',(9.399878353624,4.249707848397,-33.15));
#6586 = B_SPLINE_CURVE_WITH_KNOTS('',3,(#6587,#6588,#6589,#6590,#6591,
    #6592,#6593,#6594,#6595,#6596),.UNSPECIFIED.,.F.,.F.,(4,1,1,1,1,1,1,
    4),(0.,0.142857142857,0.285714285714,0.428571428571,0.571428571429,
    0.714285714286,0.857142857143,1.),.UNSPECIFIED.);
#6587 = CARTESIAN_POINT('',(9.359014819423,3.87676320947,-34.25515488527
    ));
#6588 = CARTESIAN_POINT('',(9.358136960059,3.89599018938,-34.19817916137
    ));
#6589 = CARTESIAN_POINT('',(9.357175918212,3.933867104226,
    -34.08593768338));
#6590 = CARTESIAN_POINT('',(9.357420921989,3.988763743035,
    -33.92326129061));
#6591 = CARTESIAN_POINT('',(9.359290692253,4.042294731292,
    -33.76463175955));
#6592 = CARTESIAN_POINT('',(9.363232030697,4.094790317726,
    -33.60907045702));
#6593 = CARTESIAN_POINT('',(9.370122437831,4.146636562571,
    -33.45543336241));
#6594 = CARTESIAN_POINT('',(9.381248827781,4.19813712014,-33.30282065036
    ));
#6595 = CARTESIAN_POINT('',(9.392733527053,4.232536721768,
    -33.20088356957));
#6596 = CARTESIAN_POINT('',(9.399878353624,4.249707848397,-33.15));
#6597 = ORIENTED_EDGE('',*,*,#6598,.F.);
#6598 = EDGE_CURVE('',#6599,#6584,#6601,.T.);
#6599 = VERTEX_POINT('',#6600);
#6600 = CARTESIAN_POINT('',(10.60012164638,4.249707848397,-33.15));
#6601 = B_SPLINE_CURVE_WITH_KNOTS('',3,(#6602,#6603,#6604,#6605,#6606,
    #6607,#6608,#6609,#6610,#6611,#6612,#6613,#6614),.UNSPECIFIED.,.F.,
  .F.,(4,1,1,1,1,1,1,1,1,1,4),(0.,6.25E-02,0.125,0.25,0.375,0.5,0.625,
    0.75,0.875,0.9375,1.),.UNSPECIFIED.);
#6602 = CARTESIAN_POINT('',(10.60012164638,4.249707848397,-33.15));
#6603 = CARTESIAN_POINT('',(10.57511657778,4.309802407025,
    -32.97192049942));
#6604 = CARTESIAN_POINT('',(10.52510644058,4.388911792851,
    -32.73749395164));
#6605 = CARTESIAN_POINT('',(10.42508616618,4.500611330572,
    -32.40649230445));
#6606 = CARTESIAN_POINT('',(10.30006082319,4.584249480515,
    -32.15864557237));
#6607 = CARTESIAN_POINT('',(10.15003041159,4.638697265885,
    -31.99729927667));
#6608 = CARTESIAN_POINT('',(10.,4.655651367058,-31.94705882331));
#6609 = CARTESIAN_POINT('',(9.849969588406,4.638697265885,
    -31.99729927667));
#6610 = CARTESIAN_POINT('',(9.699939176812,4.584249480515,
    -32.15864557237));
#6611 = CARTESIAN_POINT('',(9.574913833817,4.500611330572,
    -32.40649230445));
#6612 = CARTESIAN_POINT('',(9.474893559421,4.388911792851,
    -32.73749395164));
#6613 = CARTESIAN_POINT('',(9.424883422223,4.309802407025,
    -32.97192049942));
#6614 = CARTESIAN_POINT('',(9.399878353624,4.249707848397,-33.15));
#6615 = ORIENTED_EDGE('',*,*,#6616,.T.);
#6616 = EDGE_CURVE('',#6599,#6057,#6617,.T.);
#6617 = B_SPLINE_CURVE_WITH_KNOTS('',3,(#6618,#6619,#6620,#6621,#6622,
    #6623,#6624,#6625,#6626,#6627),.UNSPECIFIED.,.F.,.F.,(4,1,1,1,1,1,1,
    4),(0.,0.142857142857,0.285714285714,0.428571428571,0.571428571429,
    0.714285714286,0.857142857143,1.),.UNSPECIFIED.);
#6618 = CARTESIAN_POINT('',(10.60012164638,4.249707848397,-33.15));
#6619 = CARTESIAN_POINT('',(10.60726677962,4.232535984739,
    -33.20088575362));
#6620 = CARTESIAN_POINT('',(10.6187518828,4.198134849493,-33.30282737902
    ));
#6621 = CARTESIAN_POINT('',(10.62987849066,4.146631520677,
    -33.45544830317));
#6622 = CARTESIAN_POINT('',(10.63676874391,4.094782940751,
    -33.60909231737));
#6623 = CARTESIAN_POINT('',(10.64070977396,4.042285992993,
    -33.76465765394));
#6624 = CARTESIAN_POINT('',(10.64257922232,3.988755282596,
    -33.92328636161));
#6625 = CARTESIAN_POINT('',(10.64282398486,3.933861092642,
    -34.08595549764));
#6626 = CARTESIAN_POINT('',(10.64186293431,3.895987875848,
    -34.19818601711));
#6627 = CARTESIAN_POINT('',(10.64098518058,3.87676320947,-34.25515488527
    ));
#6628 = ORIENTED_EDGE('',*,*,#6082,.T.);
#6629 = ORIENTED_EDGE('',*,*,#6192,.T.);
#6630 = PLANE('',#6631);
#6631 = AXIS2_PLACEMENT_3D('',#6632,#6633,#6634);
#6632 = CARTESIAN_POINT('',(-16.7,3.87676320947,-34.25515488527));
#6633 = DIRECTION('',(0.,0.94750400287,-0.319743904626));
#6634 = DIRECTION('',(0.,0.319743904626,0.94750400287));
#6635 = ADVANCED_FACE('',(#6636),#6642,.T.);
#6636 = FACE_BOUND('',#6637,.F.);
#6637 = EDGE_LOOP('',(#6638,#6639,#6640,#6641));
#6638 = ORIENTED_EDGE('',*,*,#4818,.F.);
#6639 = ORIENTED_EDGE('',*,*,#5535,.F.);
#6640 = ORIENTED_EDGE('',*,*,#6293,.T.);
#6641 = ORIENTED_EDGE('',*,*,#4960,.T.);
#6642 = PLANE('',#6643);
#6643 = AXIS2_PLACEMENT_3D('',#6644,#6645,#6646);
#6644 = CARTESIAN_POINT('',(-16.7,7.,-25.));
#6645 = DIRECTION('',(0.,1.,0.));
#6646 = DIRECTION('',(0.,-0.,1.));
#6647 = ADVANCED_FACE('',(#6648),#6686,.T.);
#6648 = FACE_BOUND('',#6649,.T.);
#6649 = EDGE_LOOP('',(#6650,#6651,#6652,#6661,#6668,#6669,#6670,#6679));
#6650 = ORIENTED_EDGE('',*,*,#6334,.T.);
#6651 = ORIENTED_EDGE('',*,*,#5630,.T.);
#6652 = ORIENTED_EDGE('',*,*,#6653,.F.);
#6653 = EDGE_CURVE('',#6654,#5620,#6656,.T.);
#6654 = VERTEX_POINT('',#6655);
#6655 = CARTESIAN_POINT('',(-14.,1.35,-36.45));
#6656 = CIRCLE('',#6657,0.65);
#6657 = AXIS2_PLACEMENT_3D('',#6658,#6659,#6660);
#6658 = CARTESIAN_POINT('',(-14.,1.35,-35.8));
#6659 = DIRECTION('',(0.,-1.,0.));
#6660 = DIRECTION('',(0.,0.,-1.));
#6661 = ORIENTED_EDGE('',*,*,#6662,.F.);
#6662 = EDGE_CURVE('',#5594,#6654,#6663,.T.);
#6663 = CIRCLE('',#6664,0.65);
#6664 = AXIS2_PLACEMENT_3D('',#6665,#6666,#6667);
#6665 = CARTESIAN_POINT('',(-14.,1.35,-35.8));
#6666 = DIRECTION('',(0.,-1.,0.));
#6667 = DIRECTION('',(-0.123843470315,-0.,-0.992301766027));
#6668 = ORIENTED_EDGE('',*,*,#5593,.T.);
#6669 = ORIENTED_EDGE('',*,*,#6301,.T.);
#6670 = ORIENTED_EDGE('',*,*,#6671,.T.);
#6671 = EDGE_CURVE('',#6302,#6672,#6674,.T.);
#6672 = VERTEX_POINT('',#6673);
#6673 = CARTESIAN_POINT('',(-14.,4.65,-33.15));
#6674 = CIRCLE('',#6675,0.65);
#6675 = AXIS2_PLACEMENT_3D('',#6676,#6677,#6678);
#6676 = CARTESIAN_POINT('',(-14.,4.,-33.15));
#6677 = DIRECTION('',(0.,0.,-1.));
#6678 = DIRECTION('',(-0.923264071347,0.384165920611,0.));
#6679 = ORIENTED_EDGE('',*,*,#6680,.T.);
#6680 = EDGE_CURVE('',#6672,#6317,#6681,.T.);
#6681 = CIRCLE('',#6682,0.65);
#6682 = AXIS2_PLACEMENT_3D('',#6683,#6684,#6685);
#6683 = CARTESIAN_POINT('',(-14.,4.,-33.15));
#6684 = DIRECTION('',(0.,0.,-1.));
#6685 = DIRECTION('',(0.,1.,0.));
#6686 = TOROIDAL_SURFACE('',#6687,2.65,0.65);
#6687 = AXIS2_PLACEMENT_3D('',#6688,#6689,#6690);
#6688 = CARTESIAN_POINT('',(-14.,1.35,-33.15));
#6689 = DIRECTION('',(-1.,0.,0.));
#6690 = DIRECTION('',(0.,-1.,0.));
#6691 = ADVANCED_FACE('',(#6692),#6697,.T.);
#6692 = FACE_BOUND('',#6693,.T.);
#6693 = EDGE_LOOP('',(#6694,#6695,#6696));
#6694 = ORIENTED_EDGE('',*,*,#6680,.F.);
#6695 = ORIENTED_EDGE('',*,*,#6671,.F.);
#6696 = ORIENTED_EDGE('',*,*,#6316,.F.);
#6697 = CYLINDRICAL_SURFACE('',#6698,0.65);
#6698 = AXIS2_PLACEMENT_3D('',#6699,#6700,#6701);
#6699 = CARTESIAN_POINT('',(-14.,4.,-12.475));
#6700 = DIRECTION('',(0.,0.,-1.));
#6701 = DIRECTION('',(0.,1.,0.));
#6702 = ADVANCED_FACE('',(#6703),#6729,.T.);
#6703 = FACE_BOUND('',#6704,.T.);
#6704 = EDGE_LOOP('',(#6705,#6713,#6722,#6728));
#6705 = ORIENTED_EDGE('',*,*,#6706,.F.);
#6706 = EDGE_CURVE('',#6707,#2392,#6709,.T.);
#6707 = VERTEX_POINT('',#6708);
#6708 = CARTESIAN_POINT('',(-14.,3.35,-12.475));
#6709 = LINE('',#6710,#6711);
#6710 = CARTESIAN_POINT('',(-14.,3.35,-12.475));
#6711 = VECTOR('',#6712,1.);
#6712 = DIRECTION('',(0.,0.,-1.));
#6713 = ORIENTED_EDGE('',*,*,#6714,.T.);
#6714 = EDGE_CURVE('',#6707,#6715,#6717,.T.);
#6715 = VERTEX_POINT('',#6716);
#6716 = CARTESIAN_POINT('',(-14.,4.65,-12.475));
#6717 = CIRCLE('',#6718,0.65);
#6718 = AXIS2_PLACEMENT_3D('',#6719,#6720,#6721);
#6719 = CARTESIAN_POINT('',(-14.,4.,-12.475));
#6720 = DIRECTION('',(0.,0.,-1.));
#6721 = DIRECTION('',(0.,-1.,0.));
#6722 = ORIENTED_EDGE('',*,*,#6723,.T.);
#6723 = EDGE_CURVE('',#6715,#2390,#6724,.T.);
#6724 = LINE('',#6725,#6726);
#6725 = CARTESIAN_POINT('',(-14.,4.65,-12.475));
#6726 = VECTOR('',#6727,1.);
#6727 = DIRECTION('',(0.,0.,-1.));
#6728 = ORIENTED_EDGE('',*,*,#2400,.F.);
#6729 = CYLINDRICAL_SURFACE('',#6730,0.65);
#6730 = AXIS2_PLACEMENT_3D('',#6731,#6732,#6733);
#6731 = CARTESIAN_POINT('',(-14.,4.,-12.475));
#6732 = DIRECTION('',(0.,0.,-1.));
#6733 = DIRECTION('',(0.,1.,0.));
#6734 = ADVANCED_FACE('',(#6735),#6747,.T.);
#6735 = FACE_BOUND('',#6736,.T.);
#6736 = EDGE_LOOP('',(#6737,#6738,#6745,#6746));
#6737 = ORIENTED_EDGE('',*,*,#6723,.F.);
#6738 = ORIENTED_EDGE('',*,*,#6739,.T.);
#6739 = EDGE_CURVE('',#6715,#6707,#6740,.T.);
#6740 = CIRCLE('',#6741,0.65);
#6741 = AXIS2_PLACEMENT_3D('',#6742,#6743,#6744);
#6742 = CARTESIAN_POINT('',(-14.,4.,-12.475));
#6743 = DIRECTION('',(0.,0.,-1.));
#6744 = DIRECTION('',(0.,1.,0.));
#6745 = ORIENTED_EDGE('',*,*,#6706,.T.);
#6746 = ORIENTED_EDGE('',*,*,#2389,.F.);
#6747 = CYLINDRICAL_SURFACE('',#6748,0.65);
#6748 = AXIS2_PLACEMENT_3D('',#6749,#6750,#6751);
#6749 = CARTESIAN_POINT('',(-14.,4.,-12.475));
#6750 = DIRECTION('',(0.,0.,-1.));
#6751 = DIRECTION('',(0.,1.,0.));
#6752 = ADVANCED_FACE('',(#6753),#6757,.F.);
#6753 = FACE_BOUND('',#6754,.F.);
#6754 = EDGE_LOOP('',(#6755,#6756));
#6755 = ORIENTED_EDGE('',*,*,#6739,.T.);
#6756 = ORIENTED_EDGE('',*,*,#6714,.T.);
#6757 = PLANE('',#6758);
#6758 = AXIS2_PLACEMENT_3D('',#6759,#6760,#6761);
#6759 = CARTESIAN_POINT('',(-14.,4.,-12.475));
#6760 = DIRECTION('',(0.,0.,-1.));
#6761 = DIRECTION('',(0.,1.,0.));
#6762 = ADVANCED_FACE('',(#6763),#6768,.T.);
#6763 = FACE_BOUND('',#6764,.T.);
#6764 = EDGE_LOOP('',(#6765,#6766,#6767));
#6765 = ORIENTED_EDGE('',*,*,#5619,.F.);
#6766 = ORIENTED_EDGE('',*,*,#6662,.T.);
#6767 = ORIENTED_EDGE('',*,*,#6653,.T.);
#6768 = CYLINDRICAL_SURFACE('',#6769,0.65);
#6769 = AXIS2_PLACEMENT_3D('',#6770,#6771,#6772);
#6770 = CARTESIAN_POINT('',(-14.,1.35,-35.8));
#6771 = DIRECTION('',(0.,-1.,0.));
#6772 = DIRECTION('',(0.,0.,-1.));
#6773 = ADVANCED_FACE('',(#6774),#6800,.T.);
#6774 = FACE_BOUND('',#6775,.T.);
#6775 = EDGE_LOOP('',(#6776,#6784,#6793,#6799));
#6776 = ORIENTED_EDGE('',*,*,#6777,.T.);
#6777 = EDGE_CURVE('',#5057,#6778,#6780,.T.);
#6778 = VERTEX_POINT('',#6779);
#6779 = CARTESIAN_POINT('',(-14.,-15.22,-36.45));
#6780 = LINE('',#6781,#6782);
#6781 = CARTESIAN_POINT('',(-14.,0.75,-36.45));
#6782 = VECTOR('',#6783,1.);
#6783 = DIRECTION('',(0.,-1.,0.));
#6784 = ORIENTED_EDGE('',*,*,#6785,.F.);
#6785 = EDGE_CURVE('',#6786,#6778,#6788,.T.);
#6786 = VERTEX_POINT('',#6787);
#6787 = CARTESIAN_POINT('',(-14.,-15.22,-35.15));
#6788 = CIRCLE('',#6789,0.65);
#6789 = AXIS2_PLACEMENT_3D('',#6790,#6791,#6792);
#6790 = CARTESIAN_POINT('',(-14.,-15.22,-35.8));
#6791 = DIRECTION('',(0.,-1.,0.));
#6792 = DIRECTION('',(0.,0.,1.));
#6793 = ORIENTED_EDGE('',*,*,#6794,.F.);
#6794 = EDGE_CURVE('',#5059,#6786,#6795,.T.);
#6795 = LINE('',#6796,#6797);
#6796 = CARTESIAN_POINT('',(-14.,0.75,-35.15));
#6797 = VECTOR('',#6798,1.);
#6798 = DIRECTION('',(0.,-1.,0.));
#6799 = ORIENTED_EDGE('',*,*,#5067,.T.);
#6800 = CYLINDRICAL_SURFACE('',#6801,0.65);
#6801 = AXIS2_PLACEMENT_3D('',#6802,#6803,#6804);
#6802 = CARTESIAN_POINT('',(-14.,1.35,-35.8));
#6803 = DIRECTION('',(0.,-1.,0.));
#6804 = DIRECTION('',(0.,0.,-1.));
#6805 = ADVANCED_FACE('',(#6806),#6818,.T.);
#6806 = FACE_BOUND('',#6807,.T.);
#6807 = EDGE_LOOP('',(#6808,#6809,#6816,#6817));
#6808 = ORIENTED_EDGE('',*,*,#6794,.T.);
#6809 = ORIENTED_EDGE('',*,*,#6810,.F.);
#6810 = EDGE_CURVE('',#6778,#6786,#6811,.T.);
#6811 = CIRCLE('',#6812,0.65);
#6812 = AXIS2_PLACEMENT_3D('',#6813,#6814,#6815);
#6813 = CARTESIAN_POINT('',(-14.,-15.22,-35.8));
#6814 = DIRECTION('',(0.,-1.,0.));
#6815 = DIRECTION('',(0.,0.,-1.));
#6816 = ORIENTED_EDGE('',*,*,#6777,.F.);
#6817 = ORIENTED_EDGE('',*,*,#5056,.T.);
#6818 = CYLINDRICAL_SURFACE('',#6819,0.65);
#6819 = AXIS2_PLACEMENT_3D('',#6820,#6821,#6822);
#6820 = CARTESIAN_POINT('',(-14.,1.35,-35.8));
#6821 = DIRECTION('',(0.,-1.,0.));
#6822 = DIRECTION('',(0.,0.,-1.));
#6823 = ADVANCED_FACE('',(#6824),#6828,.T.);
#6824 = FACE_BOUND('',#6825,.F.);
#6825 = EDGE_LOOP('',(#6826,#6827));
#6826 = ORIENTED_EDGE('',*,*,#6810,.F.);
#6827 = ORIENTED_EDGE('',*,*,#6785,.F.);
#6828 = PLANE('',#6829);
#6829 = AXIS2_PLACEMENT_3D('',#6830,#6831,#6832);
#6830 = CARTESIAN_POINT('',(-14.,-15.22,-35.8));
#6831 = DIRECTION('',(0.,-1.,0.));
#6832 = DIRECTION('',(0.,0.,-1.));
#6833 = ADVANCED_FACE('',(#6834),#6872,.T.);
#6834 = FACE_BOUND('',#6835,.T.);
#6835 = EDGE_LOOP('',(#6836,#6837,#6838,#6847,#6854,#6855,#6856,#6865));
#6836 = ORIENTED_EDGE('',*,*,#6381,.T.);
#6837 = ORIENTED_EDGE('',*,*,#5701,.T.);
#6838 = ORIENTED_EDGE('',*,*,#6839,.F.);
#6839 = EDGE_CURVE('',#6840,#5691,#6842,.T.);
#6840 = VERTEX_POINT('',#6841);
#6841 = CARTESIAN_POINT('',(-10.,1.35,-36.45));
#6842 = CIRCLE('',#6843,0.65);
#6843 = AXIS2_PLACEMENT_3D('',#6844,#6845,#6846);
#6844 = CARTESIAN_POINT('',(-10.,1.35,-35.8));
#6845 = DIRECTION('',(0.,-1.,0.));
#6846 = DIRECTION('',(0.,0.,-1.));
#6847 = ORIENTED_EDGE('',*,*,#6848,.F.);
#6848 = EDGE_CURVE('',#5665,#6840,#6849,.T.);
#6849 = CIRCLE('',#6850,0.65);
#6850 = AXIS2_PLACEMENT_3D('',#6851,#6852,#6853);
#6851 = CARTESIAN_POINT('',(-10.,1.35,-35.8));
#6852 = DIRECTION('',(0.,-1.,0.));
#6853 = DIRECTION('',(-0.123843470315,-0.,-0.992301766027));
#6854 = ORIENTED_EDGE('',*,*,#5664,.T.);
#6855 = ORIENTED_EDGE('',*,*,#6348,.T.);
#6856 = ORIENTED_EDGE('',*,*,#6857,.T.);
#6857 = EDGE_CURVE('',#6349,#6858,#6860,.T.);
#6858 = VERTEX_POINT('',#6859);
#6859 = CARTESIAN_POINT('',(-10.,4.65,-33.15));
#6860 = CIRCLE('',#6861,0.65);
#6861 = AXIS2_PLACEMENT_3D('',#6862,#6863,#6864);
#6862 = CARTESIAN_POINT('',(-10.,4.,-33.15));
#6863 = DIRECTION('',(0.,0.,-1.));
#6864 = DIRECTION('',(-0.923264071347,0.384165920611,0.));
#6865 = ORIENTED_EDGE('',*,*,#6866,.T.);
#6866 = EDGE_CURVE('',#6858,#6364,#6867,.T.);
#6867 = CIRCLE('',#6868,0.65);
#6868 = AXIS2_PLACEMENT_3D('',#6869,#6870,#6871);
#6869 = CARTESIAN_POINT('',(-10.,4.,-33.15));
#6870 = DIRECTION('',(0.,0.,-1.));
#6871 = DIRECTION('',(0.,1.,0.));
#6872 = TOROIDAL_SURFACE('',#6873,2.65,0.65);
#6873 = AXIS2_PLACEMENT_3D('',#6874,#6875,#6876);
#6874 = CARTESIAN_POINT('',(-10.,1.35,-33.15));
#6875 = DIRECTION('',(-1.,0.,0.));
#6876 = DIRECTION('',(0.,-1.,0.));
#6877 = ADVANCED_FACE('',(#6878),#6883,.T.);
#6878 = FACE_BOUND('',#6879,.T.);
#6879 = EDGE_LOOP('',(#6880,#6881,#6882));
#6880 = ORIENTED_EDGE('',*,*,#6866,.F.);
#6881 = ORIENTED_EDGE('',*,*,#6857,.F.);
#6882 = ORIENTED_EDGE('',*,*,#6363,.F.);
#6883 = CYLINDRICAL_SURFACE('',#6884,0.65);
#6884 = AXIS2_PLACEMENT_3D('',#6885,#6886,#6887);
#6885 = CARTESIAN_POINT('',(-10.,4.,-12.475));
#6886 = DIRECTION('',(0.,0.,-1.));
#6887 = DIRECTION('',(0.,1.,0.));
#6888 = ADVANCED_FACE('',(#6889),#6915,.T.);
#6889 = FACE_BOUND('',#6890,.T.);
#6890 = EDGE_LOOP('',(#6891,#6899,#6908,#6914));
#6891 = ORIENTED_EDGE('',*,*,#6892,.F.);
#6892 = EDGE_CURVE('',#6893,#2412,#6895,.T.);
#6893 = VERTEX_POINT('',#6894);
#6894 = CARTESIAN_POINT('',(-10.,3.35,-12.475));
#6895 = LINE('',#6896,#6897);
#6896 = CARTESIAN_POINT('',(-10.,3.35,-12.475));
#6897 = VECTOR('',#6898,1.);
#6898 = DIRECTION('',(0.,0.,-1.));
#6899 = ORIENTED_EDGE('',*,*,#6900,.T.);
#6900 = EDGE_CURVE('',#6893,#6901,#6903,.T.);
#6901 = VERTEX_POINT('',#6902);
#6902 = CARTESIAN_POINT('',(-10.,4.65,-12.475));
#6903 = CIRCLE('',#6904,0.65);
#6904 = AXIS2_PLACEMENT_3D('',#6905,#6906,#6907);
#6905 = CARTESIAN_POINT('',(-10.,4.,-12.475));
#6906 = DIRECTION('',(0.,0.,-1.));
#6907 = DIRECTION('',(0.,-1.,0.));
#6908 = ORIENTED_EDGE('',*,*,#6909,.T.);
#6909 = EDGE_CURVE('',#6901,#2410,#6910,.T.);
#6910 = LINE('',#6911,#6912);
#6911 = CARTESIAN_POINT('',(-10.,4.65,-12.475));
#6912 = VECTOR('',#6913,1.);
#6913 = DIRECTION('',(0.,0.,-1.));
#6914 = ORIENTED_EDGE('',*,*,#2420,.F.);
#6915 = CYLINDRICAL_SURFACE('',#6916,0.65);
#6916 = AXIS2_PLACEMENT_3D('',#6917,#6918,#6919);
#6917 = CARTESIAN_POINT('',(-10.,4.,-12.475));
#6918 = DIRECTION('',(0.,0.,-1.));
#6919 = DIRECTION('',(0.,1.,0.));
#6920 = ADVANCED_FACE('',(#6921),#6933,.T.);
#6921 = FACE_BOUND('',#6922,.T.);
#6922 = EDGE_LOOP('',(#6923,#6924,#6931,#6932));
#6923 = ORIENTED_EDGE('',*,*,#6909,.F.);
#6924 = ORIENTED_EDGE('',*,*,#6925,.T.);
#6925 = EDGE_CURVE('',#6901,#6893,#6926,.T.);
#6926 = CIRCLE('',#6927,0.65);
#6927 = AXIS2_PLACEMENT_3D('',#6928,#6929,#6930);
#6928 = CARTESIAN_POINT('',(-10.,4.,-12.475));
#6929 = DIRECTION('',(0.,0.,-1.));
#6930 = DIRECTION('',(0.,1.,0.));
#6931 = ORIENTED_EDGE('',*,*,#6892,.T.);
#6932 = ORIENTED_EDGE('',*,*,#2409,.F.);
#6933 = CYLINDRICAL_SURFACE('',#6934,0.65);
#6934 = AXIS2_PLACEMENT_3D('',#6935,#6936,#6937);
#6935 = CARTESIAN_POINT('',(-10.,4.,-12.475));
#6936 = DIRECTION('',(0.,0.,-1.));
#6937 = DIRECTION('',(0.,1.,0.));
#6938 = ADVANCED_FACE('',(#6939),#6943,.F.);
#6939 = FACE_BOUND('',#6940,.F.);
#6940 = EDGE_LOOP('',(#6941,#6942));
#6941 = ORIENTED_EDGE('',*,*,#6925,.T.);
#6942 = ORIENTED_EDGE('',*,*,#6900,.T.);
#6943 = PLANE('',#6944);
#6944 = AXIS2_PLACEMENT_3D('',#6945,#6946,#6947);
#6945 = CARTESIAN_POINT('',(-10.,4.,-12.475));
#6946 = DIRECTION('',(0.,0.,-1.));
#6947 = DIRECTION('',(0.,1.,0.));
#6948 = ADVANCED_FACE('',(#6949),#6954,.T.);
#6949 = FACE_BOUND('',#6950,.T.);
#6950 = EDGE_LOOP('',(#6951,#6952,#6953));
#6951 = ORIENTED_EDGE('',*,*,#5690,.F.);
#6952 = ORIENTED_EDGE('',*,*,#6848,.T.);
#6953 = ORIENTED_EDGE('',*,*,#6839,.T.);
#6954 = CYLINDRICAL_SURFACE('',#6955,0.65);
#6955 = AXIS2_PLACEMENT_3D('',#6956,#6957,#6958);
#6956 = CARTESIAN_POINT('',(-10.,1.35,-35.8));
#6957 = DIRECTION('',(0.,-1.,0.));
#6958 = DIRECTION('',(0.,0.,-1.));
#6959 = ADVANCED_FACE('',(#6960),#6986,.T.);
#6960 = FACE_BOUND('',#6961,.T.);
#6961 = EDGE_LOOP('',(#6962,#6970,#6979,#6985));
#6962 = ORIENTED_EDGE('',*,*,#6963,.T.);
#6963 = EDGE_CURVE('',#5077,#6964,#6966,.T.);
#6964 = VERTEX_POINT('',#6965);
#6965 = CARTESIAN_POINT('',(-10.,-15.22,-36.45));
#6966 = LINE('',#6967,#6968);
#6967 = CARTESIAN_POINT('',(-10.,0.75,-36.45));
#6968 = VECTOR('',#6969,1.);
#6969 = DIRECTION('',(0.,-1.,0.));
#6970 = ORIENTED_EDGE('',*,*,#6971,.F.);
#6971 = EDGE_CURVE('',#6972,#6964,#6974,.T.);
#6972 = VERTEX_POINT('',#6973);
#6973 = CARTESIAN_POINT('',(-10.,-15.22,-35.15));
#6974 = CIRCLE('',#6975,0.65);
#6975 = AXIS2_PLACEMENT_3D('',#6976,#6977,#6978);
#6976 = CARTESIAN_POINT('',(-10.,-15.22,-35.8));
#6977 = DIRECTION('',(0.,-1.,0.));
#6978 = DIRECTION('',(0.,0.,1.));
#6979 = ORIENTED_EDGE('',*,*,#6980,.F.);
#6980 = EDGE_CURVE('',#5079,#6972,#6981,.T.);
#6981 = LINE('',#6982,#6983);
#6982 = CARTESIAN_POINT('',(-10.,0.75,-35.15));
#6983 = VECTOR('',#6984,1.);
#6984 = DIRECTION('',(0.,-1.,0.));
#6985 = ORIENTED_EDGE('',*,*,#5087,.T.);
#6986 = CYLINDRICAL_SURFACE('',#6987,0.65);
#6987 = AXIS2_PLACEMENT_3D('',#6988,#6989,#6990);
#6988 = CARTESIAN_POINT('',(-10.,1.35,-35.8));
#6989 = DIRECTION('',(0.,-1.,0.));
#6990 = DIRECTION('',(0.,0.,-1.));
#6991 = ADVANCED_FACE('',(#6992),#7004,.T.);
#6992 = FACE_BOUND('',#6993,.T.);
#6993 = EDGE_LOOP('',(#6994,#6995,#7002,#7003));
#6994 = ORIENTED_EDGE('',*,*,#6980,.T.);
#6995 = ORIENTED_EDGE('',*,*,#6996,.F.);
#6996 = EDGE_CURVE('',#6964,#6972,#6997,.T.);
#6997 = CIRCLE('',#6998,0.65);
#6998 = AXIS2_PLACEMENT_3D('',#6999,#7000,#7001);
#6999 = CARTESIAN_POINT('',(-10.,-15.22,-35.8));
#7000 = DIRECTION('',(0.,-1.,0.));
#7001 = DIRECTION('',(0.,0.,-1.));
#7002 = ORIENTED_EDGE('',*,*,#6963,.F.);
#7003 = ORIENTED_EDGE('',*,*,#5076,.T.);
#7004 = CYLINDRICAL_SURFACE('',#7005,0.65);
#7005 = AXIS2_PLACEMENT_3D('',#7006,#7007,#7008);
#7006 = CARTESIAN_POINT('',(-10.,1.35,-35.8));
#7007 = DIRECTION('',(0.,-1.,0.));
#7008 = DIRECTION('',(0.,0.,-1.));
#7009 = ADVANCED_FACE('',(#7010),#7014,.T.);
#7010 = FACE_BOUND('',#7011,.F.);
#7011 = EDGE_LOOP('',(#7012,#7013));
#7012 = ORIENTED_EDGE('',*,*,#6996,.F.);
#7013 = ORIENTED_EDGE('',*,*,#6971,.F.);
#7014 = PLANE('',#7015);
#7015 = AXIS2_PLACEMENT_3D('',#7016,#7017,#7018);
#7016 = CARTESIAN_POINT('',(-10.,-15.22,-35.8));
#7017 = DIRECTION('',(0.,-1.,0.));
#7018 = DIRECTION('',(0.,0.,-1.));
#7019 = ADVANCED_FACE('',(#7020),#7058,.T.);
#7020 = FACE_BOUND('',#7021,.T.);
#7021 = EDGE_LOOP('',(#7022,#7023,#7024,#7033,#7040,#7041,#7042,#7051));
#7022 = ORIENTED_EDGE('',*,*,#6428,.T.);
#7023 = ORIENTED_EDGE('',*,*,#5772,.T.);
#7024 = ORIENTED_EDGE('',*,*,#7025,.F.);
#7025 = EDGE_CURVE('',#7026,#5762,#7028,.T.);
#7026 = VERTEX_POINT('',#7027);
#7027 = CARTESIAN_POINT('',(-6.,1.35,-36.45));
#7028 = CIRCLE('',#7029,0.65);
#7029 = AXIS2_PLACEMENT_3D('',#7030,#7031,#7032);
#7030 = CARTESIAN_POINT('',(-6.,1.35,-35.8));
#7031 = DIRECTION('',(0.,-1.,0.));
#7032 = DIRECTION('',(0.,0.,-1.));
#7033 = ORIENTED_EDGE('',*,*,#7034,.F.);
#7034 = EDGE_CURVE('',#5736,#7026,#7035,.T.);
#7035 = CIRCLE('',#7036,0.65);
#7036 = AXIS2_PLACEMENT_3D('',#7037,#7038,#7039);
#7037 = CARTESIAN_POINT('',(-6.,1.35,-35.8));
#7038 = DIRECTION('',(0.,-1.,0.));
#7039 = DIRECTION('',(-0.123843470315,-0.,-0.992301766027));
#7040 = ORIENTED_EDGE('',*,*,#5735,.T.);
#7041 = ORIENTED_EDGE('',*,*,#6395,.T.);
#7042 = ORIENTED_EDGE('',*,*,#7043,.T.);
#7043 = EDGE_CURVE('',#6396,#7044,#7046,.T.);
#7044 = VERTEX_POINT('',#7045);
#7045 = CARTESIAN_POINT('',(-6.,4.65,-33.15));
#7046 = CIRCLE('',#7047,0.65);
#7047 = AXIS2_PLACEMENT_3D('',#7048,#7049,#7050);
#7048 = CARTESIAN_POINT('',(-6.,4.,-33.15));
#7049 = DIRECTION('',(0.,0.,-1.));
#7050 = DIRECTION('',(-0.923264071347,0.384165920611,0.));
#7051 = ORIENTED_EDGE('',*,*,#7052,.T.);
#7052 = EDGE_CURVE('',#7044,#6411,#7053,.T.);
#7053 = CIRCLE('',#7054,0.65);
#7054 = AXIS2_PLACEMENT_3D('',#7055,#7056,#7057);
#7055 = CARTESIAN_POINT('',(-6.,4.,-33.15));
#7056 = DIRECTION('',(0.,0.,-1.));
#7057 = DIRECTION('',(0.,1.,0.));
#7058 = TOROIDAL_SURFACE('',#7059,2.65,0.65);
#7059 = AXIS2_PLACEMENT_3D('',#7060,#7061,#7062);
#7060 = CARTESIAN_POINT('',(-6.,1.35,-33.15));
#7061 = DIRECTION('',(-1.,0.,0.));
#7062 = DIRECTION('',(0.,-1.,0.));
#7063 = ADVANCED_FACE('',(#7064),#7069,.T.);
#7064 = FACE_BOUND('',#7065,.T.);
#7065 = EDGE_LOOP('',(#7066,#7067,#7068));
#7066 = ORIENTED_EDGE('',*,*,#7052,.F.);
#7067 = ORIENTED_EDGE('',*,*,#7043,.F.);
#7068 = ORIENTED_EDGE('',*,*,#6410,.F.);
#7069 = CYLINDRICAL_SURFACE('',#7070,0.65);
#7070 = AXIS2_PLACEMENT_3D('',#7071,#7072,#7073);
#7071 = CARTESIAN_POINT('',(-6.,4.,-12.475));
#7072 = DIRECTION('',(0.,0.,-1.));
#7073 = DIRECTION('',(0.,1.,0.));
#7074 = ADVANCED_FACE('',(#7075),#7101,.T.);
#7075 = FACE_BOUND('',#7076,.T.);
#7076 = EDGE_LOOP('',(#7077,#7085,#7094,#7100));
#7077 = ORIENTED_EDGE('',*,*,#7078,.F.);
#7078 = EDGE_CURVE('',#7079,#2432,#7081,.T.);
#7079 = VERTEX_POINT('',#7080);
#7080 = CARTESIAN_POINT('',(-6.,3.35,-12.475));
#7081 = LINE('',#7082,#7083);
#7082 = CARTESIAN_POINT('',(-6.,3.35,-12.475));
#7083 = VECTOR('',#7084,1.);
#7084 = DIRECTION('',(0.,0.,-1.));
#7085 = ORIENTED_EDGE('',*,*,#7086,.T.);
#7086 = EDGE_CURVE('',#7079,#7087,#7089,.T.);
#7087 = VERTEX_POINT('',#7088);
#7088 = CARTESIAN_POINT('',(-6.,4.65,-12.475));
#7089 = CIRCLE('',#7090,0.65);
#7090 = AXIS2_PLACEMENT_3D('',#7091,#7092,#7093);
#7091 = CARTESIAN_POINT('',(-6.,4.,-12.475));
#7092 = DIRECTION('',(0.,0.,-1.));
#7093 = DIRECTION('',(0.,-1.,0.));
#7094 = ORIENTED_EDGE('',*,*,#7095,.T.);
#7095 = EDGE_CURVE('',#7087,#2430,#7096,.T.);
#7096 = LINE('',#7097,#7098);
#7097 = CARTESIAN_POINT('',(-6.,4.65,-12.475));
#7098 = VECTOR('',#7099,1.);
#7099 = DIRECTION('',(0.,0.,-1.));
#7100 = ORIENTED_EDGE('',*,*,#2440,.F.);
#7101 = CYLINDRICAL_SURFACE('',#7102,0.65);
#7102 = AXIS2_PLACEMENT_3D('',#7103,#7104,#7105);
#7103 = CARTESIAN_POINT('',(-6.,4.,-12.475));
#7104 = DIRECTION('',(0.,0.,-1.));
#7105 = DIRECTION('',(0.,1.,0.));
#7106 = ADVANCED_FACE('',(#7107),#7119,.T.);
#7107 = FACE_BOUND('',#7108,.T.);
#7108 = EDGE_LOOP('',(#7109,#7110,#7117,#7118));
#7109 = ORIENTED_EDGE('',*,*,#7095,.F.);
#7110 = ORIENTED_EDGE('',*,*,#7111,.T.);
#7111 = EDGE_CURVE('',#7087,#7079,#7112,.T.);
#7112 = CIRCLE('',#7113,0.65);
#7113 = AXIS2_PLACEMENT_3D('',#7114,#7115,#7116);
#7114 = CARTESIAN_POINT('',(-6.,4.,-12.475));
#7115 = DIRECTION('',(0.,0.,-1.));
#7116 = DIRECTION('',(0.,1.,0.));
#7117 = ORIENTED_EDGE('',*,*,#7078,.T.);
#7118 = ORIENTED_EDGE('',*,*,#2429,.F.);
#7119 = CYLINDRICAL_SURFACE('',#7120,0.65);
#7120 = AXIS2_PLACEMENT_3D('',#7121,#7122,#7123);
#7121 = CARTESIAN_POINT('',(-6.,4.,-12.475));
#7122 = DIRECTION('',(0.,0.,-1.));
#7123 = DIRECTION('',(0.,1.,0.));
#7124 = ADVANCED_FACE('',(#7125),#7129,.F.);
#7125 = FACE_BOUND('',#7126,.F.);
#7126 = EDGE_LOOP('',(#7127,#7128));
#7127 = ORIENTED_EDGE('',*,*,#7111,.T.);
#7128 = ORIENTED_EDGE('',*,*,#7086,.T.);
#7129 = PLANE('',#7130);
#7130 = AXIS2_PLACEMENT_3D('',#7131,#7132,#7133);
#7131 = CARTESIAN_POINT('',(-6.,4.,-12.475));
#7132 = DIRECTION('',(0.,0.,-1.));
#7133 = DIRECTION('',(0.,1.,0.));
#7134 = ADVANCED_FACE('',(#7135),#7140,.T.);
#7135 = FACE_BOUND('',#7136,.T.);
#7136 = EDGE_LOOP('',(#7137,#7138,#7139));
#7137 = ORIENTED_EDGE('',*,*,#5761,.F.);
#7138 = ORIENTED_EDGE('',*,*,#7034,.T.);
#7139 = ORIENTED_EDGE('',*,*,#7025,.T.);
#7140 = CYLINDRICAL_SURFACE('',#7141,0.65);
#7141 = AXIS2_PLACEMENT_3D('',#7142,#7143,#7144);
#7142 = CARTESIAN_POINT('',(-6.,1.35,-35.8));
#7143 = DIRECTION('',(0.,-1.,0.));
#7144 = DIRECTION('',(0.,0.,-1.));
#7145 = ADVANCED_FACE('',(#7146),#7172,.T.);
#7146 = FACE_BOUND('',#7147,.T.);
#7147 = EDGE_LOOP('',(#7148,#7156,#7165,#7171));
#7148 = ORIENTED_EDGE('',*,*,#7149,.T.);
#7149 = EDGE_CURVE('',#5097,#7150,#7152,.T.);
#7150 = VERTEX_POINT('',#7151);
#7151 = CARTESIAN_POINT('',(-6.,-15.22,-36.45));
#7152 = LINE('',#7153,#7154);
#7153 = CARTESIAN_POINT('',(-6.,0.75,-36.45));
#7154 = VECTOR('',#7155,1.);
#7155 = DIRECTION('',(0.,-1.,0.));
#7156 = ORIENTED_EDGE('',*,*,#7157,.F.);
#7157 = EDGE_CURVE('',#7158,#7150,#7160,.T.);
#7158 = VERTEX_POINT('',#7159);
#7159 = CARTESIAN_POINT('',(-6.,-15.22,-35.15));
#7160 = CIRCLE('',#7161,0.65);
#7161 = AXIS2_PLACEMENT_3D('',#7162,#7163,#7164);
#7162 = CARTESIAN_POINT('',(-6.,-15.22,-35.8));
#7163 = DIRECTION('',(0.,-1.,0.));
#7164 = DIRECTION('',(0.,0.,1.));
#7165 = ORIENTED_EDGE('',*,*,#7166,.F.);
#7166 = EDGE_CURVE('',#5099,#7158,#7167,.T.);
#7167 = LINE('',#7168,#7169);
#7168 = CARTESIAN_POINT('',(-6.,0.75,-35.15));
#7169 = VECTOR('',#7170,1.);
#7170 = DIRECTION('',(0.,-1.,0.));
#7171 = ORIENTED_EDGE('',*,*,#5107,.T.);
#7172 = CYLINDRICAL_SURFACE('',#7173,0.65);
#7173 = AXIS2_PLACEMENT_3D('',#7174,#7175,#7176);
#7174 = CARTESIAN_POINT('',(-6.,1.35,-35.8));
#7175 = DIRECTION('',(0.,-1.,0.));
#7176 = DIRECTION('',(0.,0.,-1.));
#7177 = ADVANCED_FACE('',(#7178),#7190,.T.);
#7178 = FACE_BOUND('',#7179,.T.);
#7179 = EDGE_LOOP('',(#7180,#7181,#7188,#7189));
#7180 = ORIENTED_EDGE('',*,*,#7166,.T.);
#7181 = ORIENTED_EDGE('',*,*,#7182,.F.);
#7182 = EDGE_CURVE('',#7150,#7158,#7183,.T.);
#7183 = CIRCLE('',#7184,0.65);
#7184 = AXIS2_PLACEMENT_3D('',#7185,#7186,#7187);
#7185 = CARTESIAN_POINT('',(-6.,-15.22,-35.8));
#7186 = DIRECTION('',(0.,-1.,0.));
#7187 = DIRECTION('',(0.,0.,-1.));
#7188 = ORIENTED_EDGE('',*,*,#7149,.F.);
#7189 = ORIENTED_EDGE('',*,*,#5096,.T.);
#7190 = CYLINDRICAL_SURFACE('',#7191,0.65);
#7191 = AXIS2_PLACEMENT_3D('',#7192,#7193,#7194);
#7192 = CARTESIAN_POINT('',(-6.,1.35,-35.8));
#7193 = DIRECTION('',(0.,-1.,0.));
#7194 = DIRECTION('',(0.,0.,-1.));
#7195 = ADVANCED_FACE('',(#7196),#7200,.T.);
#7196 = FACE_BOUND('',#7197,.F.);
#7197 = EDGE_LOOP('',(#7198,#7199));
#7198 = ORIENTED_EDGE('',*,*,#7182,.F.);
#7199 = ORIENTED_EDGE('',*,*,#7157,.F.);
#7200 = PLANE('',#7201);
#7201 = AXIS2_PLACEMENT_3D('',#7202,#7203,#7204);
#7202 = CARTESIAN_POINT('',(-6.,-15.22,-35.8));
#7203 = DIRECTION('',(0.,-1.,0.));
#7204 = DIRECTION('',(0.,0.,-1.));
#7205 = ADVANCED_FACE('',(#7206),#7244,.T.);
#7206 = FACE_BOUND('',#7207,.T.);
#7207 = EDGE_LOOP('',(#7208,#7209,#7210,#7219,#7226,#7227,#7228,#7237));
#7208 = ORIENTED_EDGE('',*,*,#6475,.T.);
#7209 = ORIENTED_EDGE('',*,*,#5843,.T.);
#7210 = ORIENTED_EDGE('',*,*,#7211,.F.);
#7211 = EDGE_CURVE('',#7212,#5833,#7214,.T.);
#7212 = VERTEX_POINT('',#7213);
#7213 = CARTESIAN_POINT('',(-2.,1.35,-36.45));
#7214 = CIRCLE('',#7215,0.65);
#7215 = AXIS2_PLACEMENT_3D('',#7216,#7217,#7218);
#7216 = CARTESIAN_POINT('',(-2.,1.35,-35.8));
#7217 = DIRECTION('',(0.,-1.,0.));
#7218 = DIRECTION('',(0.,0.,-1.));
#7219 = ORIENTED_EDGE('',*,*,#7220,.F.);
#7220 = EDGE_CURVE('',#5807,#7212,#7221,.T.);
#7221 = CIRCLE('',#7222,0.65);
#7222 = AXIS2_PLACEMENT_3D('',#7223,#7224,#7225);
#7223 = CARTESIAN_POINT('',(-2.,1.35,-35.8));
#7224 = DIRECTION('',(0.,-1.,0.));
#7225 = DIRECTION('',(-0.123843470315,-0.,-0.992301766027));
#7226 = ORIENTED_EDGE('',*,*,#5806,.T.);
#7227 = ORIENTED_EDGE('',*,*,#6442,.T.);
#7228 = ORIENTED_EDGE('',*,*,#7229,.T.);
#7229 = EDGE_CURVE('',#6443,#7230,#7232,.T.);
#7230 = VERTEX_POINT('',#7231);
#7231 = CARTESIAN_POINT('',(-2.,4.65,-33.15));
#7232 = CIRCLE('',#7233,0.65);
#7233 = AXIS2_PLACEMENT_3D('',#7234,#7235,#7236);
#7234 = CARTESIAN_POINT('',(-2.,4.,-33.15));
#7235 = DIRECTION('',(0.,0.,-1.));
#7236 = DIRECTION('',(-0.923264071347,0.384165920611,0.));
#7237 = ORIENTED_EDGE('',*,*,#7238,.T.);
#7238 = EDGE_CURVE('',#7230,#6458,#7239,.T.);
#7239 = CIRCLE('',#7240,0.65);
#7240 = AXIS2_PLACEMENT_3D('',#7241,#7242,#7243);
#7241 = CARTESIAN_POINT('',(-2.,4.,-33.15));
#7242 = DIRECTION('',(0.,0.,-1.));
#7243 = DIRECTION('',(0.,1.,0.));
#7244 = TOROIDAL_SURFACE('',#7245,2.65,0.65);
#7245 = AXIS2_PLACEMENT_3D('',#7246,#7247,#7248);
#7246 = CARTESIAN_POINT('',(-2.,1.35,-33.15));
#7247 = DIRECTION('',(-1.,0.,0.));
#7248 = DIRECTION('',(0.,-1.,0.));
#7249 = ADVANCED_FACE('',(#7250),#7255,.T.);
#7250 = FACE_BOUND('',#7251,.T.);
#7251 = EDGE_LOOP('',(#7252,#7253,#7254));
#7252 = ORIENTED_EDGE('',*,*,#7238,.F.);
#7253 = ORIENTED_EDGE('',*,*,#7229,.F.);
#7254 = ORIENTED_EDGE('',*,*,#6457,.F.);
#7255 = CYLINDRICAL_SURFACE('',#7256,0.65);
#7256 = AXIS2_PLACEMENT_3D('',#7257,#7258,#7259);
#7257 = CARTESIAN_POINT('',(-2.,4.,-12.475));
#7258 = DIRECTION('',(0.,0.,-1.));
#7259 = DIRECTION('',(0.,1.,0.));
#7260 = ADVANCED_FACE('',(#7261),#7287,.T.);
#7261 = FACE_BOUND('',#7262,.T.);
#7262 = EDGE_LOOP('',(#7263,#7271,#7280,#7286));
#7263 = ORIENTED_EDGE('',*,*,#7264,.F.);
#7264 = EDGE_CURVE('',#7265,#2452,#7267,.T.);
#7265 = VERTEX_POINT('',#7266);
#7266 = CARTESIAN_POINT('',(-2.,3.35,-12.475));
#7267 = LINE('',#7268,#7269);
#7268 = CARTESIAN_POINT('',(-2.,3.35,-12.475));
#7269 = VECTOR('',#7270,1.);
#7270 = DIRECTION('',(0.,0.,-1.));
#7271 = ORIENTED_EDGE('',*,*,#7272,.T.);
#7272 = EDGE_CURVE('',#7265,#7273,#7275,.T.);
#7273 = VERTEX_POINT('',#7274);
#7274 = CARTESIAN_POINT('',(-2.,4.65,-12.475));
#7275 = CIRCLE('',#7276,0.65);
#7276 = AXIS2_PLACEMENT_3D('',#7277,#7278,#7279);
#7277 = CARTESIAN_POINT('',(-2.,4.,-12.475));
#7278 = DIRECTION('',(0.,0.,-1.));
#7279 = DIRECTION('',(0.,-1.,0.));
#7280 = ORIENTED_EDGE('',*,*,#7281,.T.);
#7281 = EDGE_CURVE('',#7273,#2450,#7282,.T.);
#7282 = LINE('',#7283,#7284);
#7283 = CARTESIAN_POINT('',(-2.,4.65,-12.475));
#7284 = VECTOR('',#7285,1.);
#7285 = DIRECTION('',(0.,0.,-1.));
#7286 = ORIENTED_EDGE('',*,*,#2460,.F.);
#7287 = CYLINDRICAL_SURFACE('',#7288,0.65);
#7288 = AXIS2_PLACEMENT_3D('',#7289,#7290,#7291);
#7289 = CARTESIAN_POINT('',(-2.,4.,-12.475));
#7290 = DIRECTION('',(0.,0.,-1.));
#7291 = DIRECTION('',(0.,1.,0.));
#7292 = ADVANCED_FACE('',(#7293),#7305,.T.);
#7293 = FACE_BOUND('',#7294,.T.);
#7294 = EDGE_LOOP('',(#7295,#7296,#7303,#7304));
#7295 = ORIENTED_EDGE('',*,*,#7281,.F.);
#7296 = ORIENTED_EDGE('',*,*,#7297,.T.);
#7297 = EDGE_CURVE('',#7273,#7265,#7298,.T.);
#7298 = CIRCLE('',#7299,0.65);
#7299 = AXIS2_PLACEMENT_3D('',#7300,#7301,#7302);
#7300 = CARTESIAN_POINT('',(-2.,4.,-12.475));
#7301 = DIRECTION('',(0.,0.,-1.));
#7302 = DIRECTION('',(0.,1.,0.));
#7303 = ORIENTED_EDGE('',*,*,#7264,.T.);
#7304 = ORIENTED_EDGE('',*,*,#2449,.F.);
#7305 = CYLINDRICAL_SURFACE('',#7306,0.65);
#7306 = AXIS2_PLACEMENT_3D('',#7307,#7308,#7309);
#7307 = CARTESIAN_POINT('',(-2.,4.,-12.475));
#7308 = DIRECTION('',(0.,0.,-1.));
#7309 = DIRECTION('',(0.,1.,0.));
#7310 = ADVANCED_FACE('',(#7311),#7315,.F.);
#7311 = FACE_BOUND('',#7312,.F.);
#7312 = EDGE_LOOP('',(#7313,#7314));
#7313 = ORIENTED_EDGE('',*,*,#7297,.T.);
#7314 = ORIENTED_EDGE('',*,*,#7272,.T.);
#7315 = PLANE('',#7316);
#7316 = AXIS2_PLACEMENT_3D('',#7317,#7318,#7319);
#7317 = CARTESIAN_POINT('',(-2.,4.,-12.475));
#7318 = DIRECTION('',(0.,0.,-1.));
#7319 = DIRECTION('',(0.,1.,0.));
#7320 = ADVANCED_FACE('',(#7321),#7326,.T.);
#7321 = FACE_BOUND('',#7322,.T.);
#7322 = EDGE_LOOP('',(#7323,#7324,#7325));
#7323 = ORIENTED_EDGE('',*,*,#5832,.F.);
#7324 = ORIENTED_EDGE('',*,*,#7220,.T.);
#7325 = ORIENTED_EDGE('',*,*,#7211,.T.);
#7326 = CYLINDRICAL_SURFACE('',#7327,0.65);
#7327 = AXIS2_PLACEMENT_3D('',#7328,#7329,#7330);
#7328 = CARTESIAN_POINT('',(-2.,1.35,-35.8));
#7329 = DIRECTION('',(0.,-1.,0.));
#7330 = DIRECTION('',(0.,0.,-1.));
#7331 = ADVANCED_FACE('',(#7332),#7358,.T.);
#7332 = FACE_BOUND('',#7333,.T.);
#7333 = EDGE_LOOP('',(#7334,#7342,#7351,#7357));
#7334 = ORIENTED_EDGE('',*,*,#7335,.T.);
#7335 = EDGE_CURVE('',#5117,#7336,#7338,.T.);
#7336 = VERTEX_POINT('',#7337);
#7337 = CARTESIAN_POINT('',(-2.,-15.22,-36.45));
#7338 = LINE('',#7339,#7340);
#7339 = CARTESIAN_POINT('',(-2.,0.75,-36.45));
#7340 = VECTOR('',#7341,1.);
#7341 = DIRECTION('',(0.,-1.,0.));
#7342 = ORIENTED_EDGE('',*,*,#7343,.F.);
#7343 = EDGE_CURVE('',#7344,#7336,#7346,.T.);
#7344 = VERTEX_POINT('',#7345);
#7345 = CARTESIAN_POINT('',(-2.,-15.22,-35.15));
#7346 = CIRCLE('',#7347,0.65);
#7347 = AXIS2_PLACEMENT_3D('',#7348,#7349,#7350);
#7348 = CARTESIAN_POINT('',(-2.,-15.22,-35.8));
#7349 = DIRECTION('',(0.,-1.,0.));
#7350 = DIRECTION('',(0.,0.,1.));
#7351 = ORIENTED_EDGE('',*,*,#7352,.F.);
#7352 = EDGE_CURVE('',#5119,#7344,#7353,.T.);
#7353 = LINE('',#7354,#7355);
#7354 = CARTESIAN_POINT('',(-2.,0.75,-35.15));
#7355 = VECTOR('',#7356,1.);
#7356 = DIRECTION('',(0.,-1.,0.));
#7357 = ORIENTED_EDGE('',*,*,#5127,.T.);
#7358 = CYLINDRICAL_SURFACE('',#7359,0.65);
#7359 = AXIS2_PLACEMENT_3D('',#7360,#7361,#7362);
#7360 = CARTESIAN_POINT('',(-2.,1.35,-35.8));
#7361 = DIRECTION('',(0.,-1.,0.));
#7362 = DIRECTION('',(0.,0.,-1.));
#7363 = ADVANCED_FACE('',(#7364),#7376,.T.);
#7364 = FACE_BOUND('',#7365,.T.);
#7365 = EDGE_LOOP('',(#7366,#7367,#7374,#7375));
#7366 = ORIENTED_EDGE('',*,*,#7352,.T.);
#7367 = ORIENTED_EDGE('',*,*,#7368,.F.);
#7368 = EDGE_CURVE('',#7336,#7344,#7369,.T.);
#7369 = CIRCLE('',#7370,0.65);
#7370 = AXIS2_PLACEMENT_3D('',#7371,#7372,#7373);
#7371 = CARTESIAN_POINT('',(-2.,-15.22,-35.8));
#7372 = DIRECTION('',(0.,-1.,0.));
#7373 = DIRECTION('',(0.,0.,-1.));
#7374 = ORIENTED_EDGE('',*,*,#7335,.F.);
#7375 = ORIENTED_EDGE('',*,*,#5116,.T.);
#7376 = CYLINDRICAL_SURFACE('',#7377,0.65);
#7377 = AXIS2_PLACEMENT_3D('',#7378,#7379,#7380);
#7378 = CARTESIAN_POINT('',(-2.,1.35,-35.8));
#7379 = DIRECTION('',(0.,-1.,0.));
#7380 = DIRECTION('',(0.,0.,-1.));
#7381 = ADVANCED_FACE('',(#7382),#7386,.T.);
#7382 = FACE_BOUND('',#7383,.F.);
#7383 = EDGE_LOOP('',(#7384,#7385));
#7384 = ORIENTED_EDGE('',*,*,#7368,.F.);
#7385 = ORIENTED_EDGE('',*,*,#7343,.F.);
#7386 = PLANE('',#7387);
#7387 = AXIS2_PLACEMENT_3D('',#7388,#7389,#7390);
#7388 = CARTESIAN_POINT('',(-2.,-15.22,-35.8));
#7389 = DIRECTION('',(0.,-1.,0.));
#7390 = DIRECTION('',(0.,0.,-1.));
#7391 = ADVANCED_FACE('',(#7392),#7430,.T.);
#7392 = FACE_BOUND('',#7393,.T.);
#7393 = EDGE_LOOP('',(#7394,#7395,#7396,#7405,#7412,#7413,#7414,#7423));
#7394 = ORIENTED_EDGE('',*,*,#6522,.T.);
#7395 = ORIENTED_EDGE('',*,*,#5914,.T.);
#7396 = ORIENTED_EDGE('',*,*,#7397,.F.);
#7397 = EDGE_CURVE('',#7398,#5904,#7400,.T.);
#7398 = VERTEX_POINT('',#7399);
#7399 = CARTESIAN_POINT('',(2.,1.35,-36.45));
#7400 = CIRCLE('',#7401,0.65);
#7401 = AXIS2_PLACEMENT_3D('',#7402,#7403,#7404);
#7402 = CARTESIAN_POINT('',(2.,1.35,-35.8));
#7403 = DIRECTION('',(0.,-1.,0.));
#7404 = DIRECTION('',(0.,0.,-1.));
#7405 = ORIENTED_EDGE('',*,*,#7406,.F.);
#7406 = EDGE_CURVE('',#5878,#7398,#7407,.T.);
#7407 = CIRCLE('',#7408,0.65);
#7408 = AXIS2_PLACEMENT_3D('',#7409,#7410,#7411);
#7409 = CARTESIAN_POINT('',(2.,1.35,-35.8));
#7410 = DIRECTION('',(0.,-1.,0.));
#7411 = DIRECTION('',(-0.123843470315,-0.,-0.992301766027));
#7412 = ORIENTED_EDGE('',*,*,#5877,.T.);
#7413 = ORIENTED_EDGE('',*,*,#6489,.T.);
#7414 = ORIENTED_EDGE('',*,*,#7415,.T.);
#7415 = EDGE_CURVE('',#6490,#7416,#7418,.T.);
#7416 = VERTEX_POINT('',#7417);
#7417 = CARTESIAN_POINT('',(2.,4.65,-33.15));
#7418 = CIRCLE('',#7419,0.65);
#7419 = AXIS2_PLACEMENT_3D('',#7420,#7421,#7422);
#7420 = CARTESIAN_POINT('',(2.,4.,-33.15));
#7421 = DIRECTION('',(0.,0.,-1.));
#7422 = DIRECTION('',(-0.923264071347,0.384165920611,0.));
#7423 = ORIENTED_EDGE('',*,*,#7424,.T.);
#7424 = EDGE_CURVE('',#7416,#6505,#7425,.T.);
#7425 = CIRCLE('',#7426,0.65);
#7426 = AXIS2_PLACEMENT_3D('',#7427,#7428,#7429);
#7427 = CARTESIAN_POINT('',(2.,4.,-33.15));
#7428 = DIRECTION('',(0.,0.,-1.));
#7429 = DIRECTION('',(0.,1.,0.));
#7430 = TOROIDAL_SURFACE('',#7431,2.65,0.65);
#7431 = AXIS2_PLACEMENT_3D('',#7432,#7433,#7434);
#7432 = CARTESIAN_POINT('',(2.,1.35,-33.15));
#7433 = DIRECTION('',(-1.,0.,0.));
#7434 = DIRECTION('',(0.,-1.,0.));
#7435 = ADVANCED_FACE('',(#7436),#7441,.T.);
#7436 = FACE_BOUND('',#7437,.T.);
#7437 = EDGE_LOOP('',(#7438,#7439,#7440));
#7438 = ORIENTED_EDGE('',*,*,#7424,.F.);
#7439 = ORIENTED_EDGE('',*,*,#7415,.F.);
#7440 = ORIENTED_EDGE('',*,*,#6504,.F.);
#7441 = CYLINDRICAL_SURFACE('',#7442,0.65);
#7442 = AXIS2_PLACEMENT_3D('',#7443,#7444,#7445);
#7443 = CARTESIAN_POINT('',(2.,4.,-12.475));
#7444 = DIRECTION('',(0.,0.,-1.));
#7445 = DIRECTION('',(0.,1.,0.));
#7446 = ADVANCED_FACE('',(#7447),#7473,.T.);
#7447 = FACE_BOUND('',#7448,.T.);
#7448 = EDGE_LOOP('',(#7449,#7457,#7466,#7472));
#7449 = ORIENTED_EDGE('',*,*,#7450,.F.);
#7450 = EDGE_CURVE('',#7451,#2472,#7453,.T.);
#7451 = VERTEX_POINT('',#7452);
#7452 = CARTESIAN_POINT('',(2.,3.35,-12.475));
#7453 = LINE('',#7454,#7455);
#7454 = CARTESIAN_POINT('',(2.,3.35,-12.475));
#7455 = VECTOR('',#7456,1.);
#7456 = DIRECTION('',(0.,0.,-1.));
#7457 = ORIENTED_EDGE('',*,*,#7458,.T.);
#7458 = EDGE_CURVE('',#7451,#7459,#7461,.T.);
#7459 = VERTEX_POINT('',#7460);
#7460 = CARTESIAN_POINT('',(2.,4.65,-12.475));
#7461 = CIRCLE('',#7462,0.65);
#7462 = AXIS2_PLACEMENT_3D('',#7463,#7464,#7465);
#7463 = CARTESIAN_POINT('',(2.,4.,-12.475));
#7464 = DIRECTION('',(0.,0.,-1.));
#7465 = DIRECTION('',(0.,-1.,0.));
#7466 = ORIENTED_EDGE('',*,*,#7467,.T.);
#7467 = EDGE_CURVE('',#7459,#2470,#7468,.T.);
#7468 = LINE('',#7469,#7470);
#7469 = CARTESIAN_POINT('',(2.,4.65,-12.475));
#7470 = VECTOR('',#7471,1.);
#7471 = DIRECTION('',(0.,0.,-1.));
#7472 = ORIENTED_EDGE('',*,*,#2480,.F.);
#7473 = CYLINDRICAL_SURFACE('',#7474,0.65);
#7474 = AXIS2_PLACEMENT_3D('',#7475,#7476,#7477);
#7475 = CARTESIAN_POINT('',(2.,4.,-12.475));
#7476 = DIRECTION('',(0.,0.,-1.));
#7477 = DIRECTION('',(0.,1.,0.));
#7478 = ADVANCED_FACE('',(#7479),#7491,.T.);
#7479 = FACE_BOUND('',#7480,.T.);
#7480 = EDGE_LOOP('',(#7481,#7482,#7489,#7490));
#7481 = ORIENTED_EDGE('',*,*,#7467,.F.);
#7482 = ORIENTED_EDGE('',*,*,#7483,.T.);
#7483 = EDGE_CURVE('',#7459,#7451,#7484,.T.);
#7484 = CIRCLE('',#7485,0.65);
#7485 = AXIS2_PLACEMENT_3D('',#7486,#7487,#7488);
#7486 = CARTESIAN_POINT('',(2.,4.,-12.475));
#7487 = DIRECTION('',(0.,0.,-1.));
#7488 = DIRECTION('',(0.,1.,0.));
#7489 = ORIENTED_EDGE('',*,*,#7450,.T.);
#7490 = ORIENTED_EDGE('',*,*,#2469,.F.);
#7491 = CYLINDRICAL_SURFACE('',#7492,0.65);
#7492 = AXIS2_PLACEMENT_3D('',#7493,#7494,#7495);
#7493 = CARTESIAN_POINT('',(2.,4.,-12.475));
#7494 = DIRECTION('',(0.,0.,-1.));
#7495 = DIRECTION('',(0.,1.,0.));
#7496 = ADVANCED_FACE('',(#7497),#7501,.F.);
#7497 = FACE_BOUND('',#7498,.F.);
#7498 = EDGE_LOOP('',(#7499,#7500));
#7499 = ORIENTED_EDGE('',*,*,#7483,.T.);
#7500 = ORIENTED_EDGE('',*,*,#7458,.T.);
#7501 = PLANE('',#7502);
#7502 = AXIS2_PLACEMENT_3D('',#7503,#7504,#7505);
#7503 = CARTESIAN_POINT('',(2.,4.,-12.475));
#7504 = DIRECTION('',(0.,0.,-1.));
#7505 = DIRECTION('',(0.,1.,0.));
#7506 = ADVANCED_FACE('',(#7507),#7512,.T.);
#7507 = FACE_BOUND('',#7508,.T.);
#7508 = EDGE_LOOP('',(#7509,#7510,#7511));
#7509 = ORIENTED_EDGE('',*,*,#5903,.F.);
#7510 = ORIENTED_EDGE('',*,*,#7406,.T.);
#7511 = ORIENTED_EDGE('',*,*,#7397,.T.);
#7512 = CYLINDRICAL_SURFACE('',#7513,0.65);
#7513 = AXIS2_PLACEMENT_3D('',#7514,#7515,#7516);
#7514 = CARTESIAN_POINT('',(2.,1.35,-35.8));
#7515 = DIRECTION('',(0.,-1.,0.));
#7516 = DIRECTION('',(0.,0.,-1.));
#7517 = ADVANCED_FACE('',(#7518),#7544,.T.);
#7518 = FACE_BOUND('',#7519,.T.);
#7519 = EDGE_LOOP('',(#7520,#7528,#7537,#7543));
#7520 = ORIENTED_EDGE('',*,*,#7521,.T.);
#7521 = EDGE_CURVE('',#5137,#7522,#7524,.T.);
#7522 = VERTEX_POINT('',#7523);
#7523 = CARTESIAN_POINT('',(2.,-15.22,-36.45));
#7524 = LINE('',#7525,#7526);
#7525 = CARTESIAN_POINT('',(2.,0.75,-36.45));
#7526 = VECTOR('',#7527,1.);
#7527 = DIRECTION('',(0.,-1.,0.));
#7528 = ORIENTED_EDGE('',*,*,#7529,.F.);
#7529 = EDGE_CURVE('',#7530,#7522,#7532,.T.);
#7530 = VERTEX_POINT('',#7531);
#7531 = CARTESIAN_POINT('',(2.,-15.22,-35.15));
#7532 = CIRCLE('',#7533,0.65);
#7533 = AXIS2_PLACEMENT_3D('',#7534,#7535,#7536);
#7534 = CARTESIAN_POINT('',(2.,-15.22,-35.8));
#7535 = DIRECTION('',(0.,-1.,0.));
#7536 = DIRECTION('',(0.,0.,1.));
#7537 = ORIENTED_EDGE('',*,*,#7538,.F.);
#7538 = EDGE_CURVE('',#5139,#7530,#7539,.T.);
#7539 = LINE('',#7540,#7541);
#7540 = CARTESIAN_POINT('',(2.,0.75,-35.15));
#7541 = VECTOR('',#7542,1.);
#7542 = DIRECTION('',(0.,-1.,0.));
#7543 = ORIENTED_EDGE('',*,*,#5147,.T.);
#7544 = CYLINDRICAL_SURFACE('',#7545,0.65);
#7545 = AXIS2_PLACEMENT_3D('',#7546,#7547,#7548);
#7546 = CARTESIAN_POINT('',(2.,1.35,-35.8));
#7547 = DIRECTION('',(0.,-1.,0.));
#7548 = DIRECTION('',(0.,0.,-1.));
#7549 = ADVANCED_FACE('',(#7550),#7562,.T.);
#7550 = FACE_BOUND('',#7551,.T.);
#7551 = EDGE_LOOP('',(#7552,#7553,#7560,#7561));
#7552 = ORIENTED_EDGE('',*,*,#7538,.T.);
#7553 = ORIENTED_EDGE('',*,*,#7554,.F.);
#7554 = EDGE_CURVE('',#7522,#7530,#7555,.T.);
#7555 = CIRCLE('',#7556,0.65);
#7556 = AXIS2_PLACEMENT_3D('',#7557,#7558,#7559);
#7557 = CARTESIAN_POINT('',(2.,-15.22,-35.8));
#7558 = DIRECTION('',(0.,-1.,0.));
#7559 = DIRECTION('',(0.,0.,-1.));
#7560 = ORIENTED_EDGE('',*,*,#7521,.F.);
#7561 = ORIENTED_EDGE('',*,*,#5136,.T.);
#7562 = CYLINDRICAL_SURFACE('',#7563,0.65);
#7563 = AXIS2_PLACEMENT_3D('',#7564,#7565,#7566);
#7564 = CARTESIAN_POINT('',(2.,1.35,-35.8));
#7565 = DIRECTION('',(0.,-1.,0.));
#7566 = DIRECTION('',(0.,0.,-1.));
#7567 = ADVANCED_FACE('',(#7568),#7572,.T.);
#7568 = FACE_BOUND('',#7569,.F.);
#7569 = EDGE_LOOP('',(#7570,#7571));
#7570 = ORIENTED_EDGE('',*,*,#7554,.F.);
#7571 = ORIENTED_EDGE('',*,*,#7529,.F.);
#7572 = PLANE('',#7573);
#7573 = AXIS2_PLACEMENT_3D('',#7574,#7575,#7576);
#7574 = CARTESIAN_POINT('',(2.,-15.22,-35.8));
#7575 = DIRECTION('',(0.,-1.,0.));
#7576 = DIRECTION('',(0.,0.,-1.));
#7577 = ADVANCED_FACE('',(#7578),#7616,.T.);
#7578 = FACE_BOUND('',#7579,.T.);
#7579 = EDGE_LOOP('',(#7580,#7581,#7582,#7591,#7598,#7599,#7600,#7609));
#7580 = ORIENTED_EDGE('',*,*,#6569,.T.);
#7581 = ORIENTED_EDGE('',*,*,#5985,.T.);
#7582 = ORIENTED_EDGE('',*,*,#7583,.F.);
#7583 = EDGE_CURVE('',#7584,#5975,#7586,.T.);
#7584 = VERTEX_POINT('',#7585);
#7585 = CARTESIAN_POINT('',(6.,1.35,-36.45));
#7586 = CIRCLE('',#7587,0.65);
#7587 = AXIS2_PLACEMENT_3D('',#7588,#7589,#7590);
#7588 = CARTESIAN_POINT('',(6.,1.35,-35.8));
#7589 = DIRECTION('',(0.,-1.,0.));
#7590 = DIRECTION('',(0.,0.,-1.));
#7591 = ORIENTED_EDGE('',*,*,#7592,.F.);
#7592 = EDGE_CURVE('',#5949,#7584,#7593,.T.);
#7593 = CIRCLE('',#7594,0.65);
#7594 = AXIS2_PLACEMENT_3D('',#7595,#7596,#7597);
#7595 = CARTESIAN_POINT('',(6.,1.35,-35.8));
#7596 = DIRECTION('',(0.,-1.,0.));
#7597 = DIRECTION('',(-0.123843470315,-0.,-0.992301766027));
#7598 = ORIENTED_EDGE('',*,*,#5948,.T.);
#7599 = ORIENTED_EDGE('',*,*,#6536,.T.);
#7600 = ORIENTED_EDGE('',*,*,#7601,.T.);
#7601 = EDGE_CURVE('',#6537,#7602,#7604,.T.);
#7602 = VERTEX_POINT('',#7603);
#7603 = CARTESIAN_POINT('',(6.,4.65,-33.15));
#7604 = CIRCLE('',#7605,0.65);
#7605 = AXIS2_PLACEMENT_3D('',#7606,#7607,#7608);
#7606 = CARTESIAN_POINT('',(6.,4.,-33.15));
#7607 = DIRECTION('',(0.,0.,-1.));
#7608 = DIRECTION('',(-0.923264071347,0.384165920611,0.));
#7609 = ORIENTED_EDGE('',*,*,#7610,.T.);
#7610 = EDGE_CURVE('',#7602,#6552,#7611,.T.);
#7611 = CIRCLE('',#7612,0.65);
#7612 = AXIS2_PLACEMENT_3D('',#7613,#7614,#7615);
#7613 = CARTESIAN_POINT('',(6.,4.,-33.15));
#7614 = DIRECTION('',(0.,0.,-1.));
#7615 = DIRECTION('',(0.,1.,0.));
#7616 = TOROIDAL_SURFACE('',#7617,2.65,0.65);
#7617 = AXIS2_PLACEMENT_3D('',#7618,#7619,#7620);
#7618 = CARTESIAN_POINT('',(6.,1.35,-33.15));
#7619 = DIRECTION('',(-1.,0.,0.));
#7620 = DIRECTION('',(0.,-1.,0.));
#7621 = ADVANCED_FACE('',(#7622),#7627,.T.);
#7622 = FACE_BOUND('',#7623,.T.);
#7623 = EDGE_LOOP('',(#7624,#7625,#7626));
#7624 = ORIENTED_EDGE('',*,*,#7610,.F.);
#7625 = ORIENTED_EDGE('',*,*,#7601,.F.);
#7626 = ORIENTED_EDGE('',*,*,#6551,.F.);
#7627 = CYLINDRICAL_SURFACE('',#7628,0.65);
#7628 = AXIS2_PLACEMENT_3D('',#7629,#7630,#7631);
#7629 = CARTESIAN_POINT('',(6.,4.,-12.475));
#7630 = DIRECTION('',(0.,0.,-1.));
#7631 = DIRECTION('',(0.,1.,0.));
#7632 = ADVANCED_FACE('',(#7633),#7659,.T.);
#7633 = FACE_BOUND('',#7634,.T.);
#7634 = EDGE_LOOP('',(#7635,#7643,#7652,#7658));
#7635 = ORIENTED_EDGE('',*,*,#7636,.F.);
#7636 = EDGE_CURVE('',#7637,#2492,#7639,.T.);
#7637 = VERTEX_POINT('',#7638);
#7638 = CARTESIAN_POINT('',(6.,3.35,-12.475));
#7639 = LINE('',#7640,#7641);
#7640 = CARTESIAN_POINT('',(6.,3.35,-12.475));
#7641 = VECTOR('',#7642,1.);
#7642 = DIRECTION('',(0.,0.,-1.));
#7643 = ORIENTED_EDGE('',*,*,#7644,.T.);
#7644 = EDGE_CURVE('',#7637,#7645,#7647,.T.);
#7645 = VERTEX_POINT('',#7646);
#7646 = CARTESIAN_POINT('',(6.,4.65,-12.475));
#7647 = CIRCLE('',#7648,0.65);
#7648 = AXIS2_PLACEMENT_3D('',#7649,#7650,#7651);
#7649 = CARTESIAN_POINT('',(6.,4.,-12.475));
#7650 = DIRECTION('',(0.,0.,-1.));
#7651 = DIRECTION('',(0.,-1.,0.));
#7652 = ORIENTED_EDGE('',*,*,#7653,.T.);
#7653 = EDGE_CURVE('',#7645,#2490,#7654,.T.);
#7654 = LINE('',#7655,#7656);
#7655 = CARTESIAN_POINT('',(6.,4.65,-12.475));
#7656 = VECTOR('',#7657,1.);
#7657 = DIRECTION('',(0.,0.,-1.));
#7658 = ORIENTED_EDGE('',*,*,#2500,.F.);
#7659 = CYLINDRICAL_SURFACE('',#7660,0.65);
#7660 = AXIS2_PLACEMENT_3D('',#7661,#7662,#7663);
#7661 = CARTESIAN_POINT('',(6.,4.,-12.475));
#7662 = DIRECTION('',(0.,0.,-1.));
#7663 = DIRECTION('',(0.,1.,0.));
#7664 = ADVANCED_FACE('',(#7665),#7677,.T.);
#7665 = FACE_BOUND('',#7666,.T.);
#7666 = EDGE_LOOP('',(#7667,#7668,#7675,#7676));
#7667 = ORIENTED_EDGE('',*,*,#7653,.F.);
#7668 = ORIENTED_EDGE('',*,*,#7669,.T.);
#7669 = EDGE_CURVE('',#7645,#7637,#7670,.T.);
#7670 = CIRCLE('',#7671,0.65);
#7671 = AXIS2_PLACEMENT_3D('',#7672,#7673,#7674);
#7672 = CARTESIAN_POINT('',(6.,4.,-12.475));
#7673 = DIRECTION('',(0.,0.,-1.));
#7674 = DIRECTION('',(0.,1.,0.));
#7675 = ORIENTED_EDGE('',*,*,#7636,.T.);
#7676 = ORIENTED_EDGE('',*,*,#2489,.F.);
#7677 = CYLINDRICAL_SURFACE('',#7678,0.65);
#7678 = AXIS2_PLACEMENT_3D('',#7679,#7680,#7681);
#7679 = CARTESIAN_POINT('',(6.,4.,-12.475));
#7680 = DIRECTION('',(0.,0.,-1.));
#7681 = DIRECTION('',(0.,1.,0.));
#7682 = ADVANCED_FACE('',(#7683),#7687,.F.);
#7683 = FACE_BOUND('',#7684,.F.);
#7684 = EDGE_LOOP('',(#7685,#7686));
#7685 = ORIENTED_EDGE('',*,*,#7669,.T.);
#7686 = ORIENTED_EDGE('',*,*,#7644,.T.);
#7687 = PLANE('',#7688);
#7688 = AXIS2_PLACEMENT_3D('',#7689,#7690,#7691);
#7689 = CARTESIAN_POINT('',(6.,4.,-12.475));
#7690 = DIRECTION('',(0.,0.,-1.));
#7691 = DIRECTION('',(0.,1.,0.));
#7692 = ADVANCED_FACE('',(#7693),#7698,.T.);
#7693 = FACE_BOUND('',#7694,.T.);
#7694 = EDGE_LOOP('',(#7695,#7696,#7697));
#7695 = ORIENTED_EDGE('',*,*,#5974,.F.);
#7696 = ORIENTED_EDGE('',*,*,#7592,.T.);
#7697 = ORIENTED_EDGE('',*,*,#7583,.T.);
#7698 = CYLINDRICAL_SURFACE('',#7699,0.65);
#7699 = AXIS2_PLACEMENT_3D('',#7700,#7701,#7702);
#7700 = CARTESIAN_POINT('',(6.,1.35,-35.8));
#7701 = DIRECTION('',(0.,-1.,0.));
#7702 = DIRECTION('',(0.,0.,-1.));
#7703 = ADVANCED_FACE('',(#7704),#7730,.T.);
#7704 = FACE_BOUND('',#7705,.T.);
#7705 = EDGE_LOOP('',(#7706,#7714,#7723,#7729));
#7706 = ORIENTED_EDGE('',*,*,#7707,.T.);
#7707 = EDGE_CURVE('',#5157,#7708,#7710,.T.);
#7708 = VERTEX_POINT('',#7709);
#7709 = CARTESIAN_POINT('',(6.,-15.22,-36.45));
#7710 = LINE('',#7711,#7712);
#7711 = CARTESIAN_POINT('',(6.,0.75,-36.45));
#7712 = VECTOR('',#7713,1.);
#7713 = DIRECTION('',(0.,-1.,0.));
#7714 = ORIENTED_EDGE('',*,*,#7715,.F.);
#7715 = EDGE_CURVE('',#7716,#7708,#7718,.T.);
#7716 = VERTEX_POINT('',#7717);
#7717 = CARTESIAN_POINT('',(6.,-15.22,-35.15));
#7718 = CIRCLE('',#7719,0.65);
#7719 = AXIS2_PLACEMENT_3D('',#7720,#7721,#7722);
#7720 = CARTESIAN_POINT('',(6.,-15.22,-35.8));
#7721 = DIRECTION('',(0.,-1.,0.));
#7722 = DIRECTION('',(0.,0.,1.));
#7723 = ORIENTED_EDGE('',*,*,#7724,.F.);
#7724 = EDGE_CURVE('',#5159,#7716,#7725,.T.);
#7725 = LINE('',#7726,#7727);
#7726 = CARTESIAN_POINT('',(6.,0.75,-35.15));
#7727 = VECTOR('',#7728,1.);
#7728 = DIRECTION('',(0.,-1.,0.));
#7729 = ORIENTED_EDGE('',*,*,#5167,.T.);
#7730 = CYLINDRICAL_SURFACE('',#7731,0.65);
#7731 = AXIS2_PLACEMENT_3D('',#7732,#7733,#7734);
#7732 = CARTESIAN_POINT('',(6.,1.35,-35.8));
#7733 = DIRECTION('',(0.,-1.,0.));
#7734 = DIRECTION('',(0.,0.,-1.));
#7735 = ADVANCED_FACE('',(#7736),#7748,.T.);
#7736 = FACE_BOUND('',#7737,.T.);
#7737 = EDGE_LOOP('',(#7738,#7739,#7746,#7747));
#7738 = ORIENTED_EDGE('',*,*,#7724,.T.);
#7739 = ORIENTED_EDGE('',*,*,#7740,.F.);
#7740 = EDGE_CURVE('',#7708,#7716,#7741,.T.);
#7741 = CIRCLE('',#7742,0.65);
#7742 = AXIS2_PLACEMENT_3D('',#7743,#7744,#7745);
#7743 = CARTESIAN_POINT('',(6.,-15.22,-35.8));
#7744 = DIRECTION('',(0.,-1.,0.));
#7745 = DIRECTION('',(0.,0.,-1.));
#7746 = ORIENTED_EDGE('',*,*,#7707,.F.);
#7747 = ORIENTED_EDGE('',*,*,#5156,.T.);
#7748 = CYLINDRICAL_SURFACE('',#7749,0.65);
#7749 = AXIS2_PLACEMENT_3D('',#7750,#7751,#7752);
#7750 = CARTESIAN_POINT('',(6.,1.35,-35.8));
#7751 = DIRECTION('',(0.,-1.,0.));
#7752 = DIRECTION('',(0.,0.,-1.));
#7753 = ADVANCED_FACE('',(#7754),#7758,.T.);
#7754 = FACE_BOUND('',#7755,.F.);
#7755 = EDGE_LOOP('',(#7756,#7757));
#7756 = ORIENTED_EDGE('',*,*,#7740,.F.);
#7757 = ORIENTED_EDGE('',*,*,#7715,.F.);
#7758 = PLANE('',#7759);
#7759 = AXIS2_PLACEMENT_3D('',#7760,#7761,#7762);
#7760 = CARTESIAN_POINT('',(6.,-15.22,-35.8));
#7761 = DIRECTION('',(0.,-1.,0.));
#7762 = DIRECTION('',(0.,0.,-1.));
#7763 = ADVANCED_FACE('',(#7764),#7802,.T.);
#7764 = FACE_BOUND('',#7765,.T.);
#7765 = EDGE_LOOP('',(#7766,#7767,#7768,#7777,#7784,#7785,#7786,#7795));
#7766 = ORIENTED_EDGE('',*,*,#6616,.T.);
#7767 = ORIENTED_EDGE('',*,*,#6056,.T.);
#7768 = ORIENTED_EDGE('',*,*,#7769,.F.);
#7769 = EDGE_CURVE('',#7770,#6046,#7772,.T.);
#7770 = VERTEX_POINT('',#7771);
#7771 = CARTESIAN_POINT('',(10.,1.35,-36.45));
#7772 = CIRCLE('',#7773,0.65);
#7773 = AXIS2_PLACEMENT_3D('',#7774,#7775,#7776);
#7774 = CARTESIAN_POINT('',(10.,1.35,-35.8));
#7775 = DIRECTION('',(0.,-1.,0.));
#7776 = DIRECTION('',(0.,0.,-1.));
#7777 = ORIENTED_EDGE('',*,*,#7778,.F.);
#7778 = EDGE_CURVE('',#6020,#7770,#7779,.T.);
#7779 = CIRCLE('',#7780,0.65);
#7780 = AXIS2_PLACEMENT_3D('',#7781,#7782,#7783);
#7781 = CARTESIAN_POINT('',(10.,1.35,-35.8));
#7782 = DIRECTION('',(0.,-1.,0.));
#7783 = DIRECTION('',(-0.123843470315,-0.,-0.992301766027));
#7784 = ORIENTED_EDGE('',*,*,#6019,.T.);
#7785 = ORIENTED_EDGE('',*,*,#6583,.T.);
#7786 = ORIENTED_EDGE('',*,*,#7787,.T.);
#7787 = EDGE_CURVE('',#6584,#7788,#7790,.T.);
#7788 = VERTEX_POINT('',#7789);
#7789 = CARTESIAN_POINT('',(10.,4.65,-33.15));
#7790 = CIRCLE('',#7791,0.65);
#7791 = AXIS2_PLACEMENT_3D('',#7792,#7793,#7794);
#7792 = CARTESIAN_POINT('',(10.,4.,-33.15));
#7793 = DIRECTION('',(0.,0.,-1.));
#7794 = DIRECTION('',(-0.923264071347,0.384165920611,0.));
#7795 = ORIENTED_EDGE('',*,*,#7796,.T.);
#7796 = EDGE_CURVE('',#7788,#6599,#7797,.T.);
#7797 = CIRCLE('',#7798,0.65);
#7798 = AXIS2_PLACEMENT_3D('',#7799,#7800,#7801);
#7799 = CARTESIAN_POINT('',(10.,4.,-33.15));
#7800 = DIRECTION('',(0.,0.,-1.));
#7801 = DIRECTION('',(0.,1.,0.));
#7802 = TOROIDAL_SURFACE('',#7803,2.65,0.65);
#7803 = AXIS2_PLACEMENT_3D('',#7804,#7805,#7806);
#7804 = CARTESIAN_POINT('',(10.,1.35,-33.15));
#7805 = DIRECTION('',(-1.,0.,0.));
#7806 = DIRECTION('',(0.,-1.,0.));
#7807 = ADVANCED_FACE('',(#7808),#7813,.T.);
#7808 = FACE_BOUND('',#7809,.T.);
#7809 = EDGE_LOOP('',(#7810,#7811,#7812));
#7810 = ORIENTED_EDGE('',*,*,#7796,.F.);
#7811 = ORIENTED_EDGE('',*,*,#7787,.F.);
#7812 = ORIENTED_EDGE('',*,*,#6598,.F.);
#7813 = CYLINDRICAL_SURFACE('',#7814,0.65);
#7814 = AXIS2_PLACEMENT_3D('',#7815,#7816,#7817);
#7815 = CARTESIAN_POINT('',(10.,4.,-12.475));
#7816 = DIRECTION('',(0.,0.,-1.));
#7817 = DIRECTION('',(0.,1.,0.));
#7818 = ADVANCED_FACE('',(#7819),#7845,.T.);
#7819 = FACE_BOUND('',#7820,.T.);
#7820 = EDGE_LOOP('',(#7821,#7829,#7838,#7844));
#7821 = ORIENTED_EDGE('',*,*,#7822,.F.);
#7822 = EDGE_CURVE('',#7823,#2512,#7825,.T.);
#7823 = VERTEX_POINT('',#7824);
#7824 = CARTESIAN_POINT('',(10.,3.35,-12.475));
#7825 = LINE('',#7826,#7827);
#7826 = CARTESIAN_POINT('',(10.,3.35,-12.475));
#7827 = VECTOR('',#7828,1.);
#7828 = DIRECTION('',(0.,0.,-1.));
#7829 = ORIENTED_EDGE('',*,*,#7830,.T.);
#7830 = EDGE_CURVE('',#7823,#7831,#7833,.T.);
#7831 = VERTEX_POINT('',#7832);
#7832 = CARTESIAN_POINT('',(10.,4.65,-12.475));
#7833 = CIRCLE('',#7834,0.65);
#7834 = AXIS2_PLACEMENT_3D('',#7835,#7836,#7837);
#7835 = CARTESIAN_POINT('',(10.,4.,-12.475));
#7836 = DIRECTION('',(0.,0.,-1.));
#7837 = DIRECTION('',(0.,-1.,0.));
#7838 = ORIENTED_EDGE('',*,*,#7839,.T.);
#7839 = EDGE_CURVE('',#7831,#2510,#7840,.T.);
#7840 = LINE('',#7841,#7842);
#7841 = CARTESIAN_POINT('',(10.,4.65,-12.475));
#7842 = VECTOR('',#7843,1.);
#7843 = DIRECTION('',(0.,0.,-1.));
#7844 = ORIENTED_EDGE('',*,*,#2520,.F.);
#7845 = CYLINDRICAL_SURFACE('',#7846,0.65);
#7846 = AXIS2_PLACEMENT_3D('',#7847,#7848,#7849);
#7847 = CARTESIAN_POINT('',(10.,4.,-12.475));
#7848 = DIRECTION('',(0.,0.,-1.));
#7849 = DIRECTION('',(0.,1.,0.));
#7850 = ADVANCED_FACE('',(#7851),#7863,.T.);
#7851 = FACE_BOUND('',#7852,.T.);
#7852 = EDGE_LOOP('',(#7853,#7854,#7861,#7862));
#7853 = ORIENTED_EDGE('',*,*,#7839,.F.);
#7854 = ORIENTED_EDGE('',*,*,#7855,.T.);
#7855 = EDGE_CURVE('',#7831,#7823,#7856,.T.);
#7856 = CIRCLE('',#7857,0.65);
#7857 = AXIS2_PLACEMENT_3D('',#7858,#7859,#7860);
#7858 = CARTESIAN_POINT('',(10.,4.,-12.475));
#7859 = DIRECTION('',(0.,0.,-1.));
#7860 = DIRECTION('',(0.,1.,0.));
#7861 = ORIENTED_EDGE('',*,*,#7822,.T.);
#7862 = ORIENTED_EDGE('',*,*,#2509,.F.);
#7863 = CYLINDRICAL_SURFACE('',#7864,0.65);
#7864 = AXIS2_PLACEMENT_3D('',#7865,#7866,#7867);
#7865 = CARTESIAN_POINT('',(10.,4.,-12.475));
#7866 = DIRECTION('',(0.,0.,-1.));
#7867 = DIRECTION('',(0.,1.,0.));
#7868 = ADVANCED_FACE('',(#7869),#7873,.F.);
#7869 = FACE_BOUND('',#7870,.F.);
#7870 = EDGE_LOOP('',(#7871,#7872));
#7871 = ORIENTED_EDGE('',*,*,#7855,.T.);
#7872 = ORIENTED_EDGE('',*,*,#7830,.T.);
#7873 = PLANE('',#7874);
#7874 = AXIS2_PLACEMENT_3D('',#7875,#7876,#7877);
#7875 = CARTESIAN_POINT('',(10.,4.,-12.475));
#7876 = DIRECTION('',(0.,0.,-1.));
#7877 = DIRECTION('',(0.,1.,0.));
#7878 = ADVANCED_FACE('',(#7879),#7884,.T.);
#7879 = FACE_BOUND('',#7880,.T.);
#7880 = EDGE_LOOP('',(#7881,#7882,#7883));
#7881 = ORIENTED_EDGE('',*,*,#6045,.F.);
#7882 = ORIENTED_EDGE('',*,*,#7778,.T.);
#7883 = ORIENTED_EDGE('',*,*,#7769,.T.);
#7884 = CYLINDRICAL_SURFACE('',#7885,0.65);
#7885 = AXIS2_PLACEMENT_3D('',#7886,#7887,#7888);
#7886 = CARTESIAN_POINT('',(10.,1.35,-35.8));
#7887 = DIRECTION('',(0.,-1.,0.));
#7888 = DIRECTION('',(0.,0.,-1.));
#7889 = ADVANCED_FACE('',(#7890),#7916,.T.);
#7890 = FACE_BOUND('',#7891,.T.);
#7891 = EDGE_LOOP('',(#7892,#7900,#7909,#7915));
#7892 = ORIENTED_EDGE('',*,*,#7893,.T.);
#7893 = EDGE_CURVE('',#5177,#7894,#7896,.T.);
#7894 = VERTEX_POINT('',#7895);
#7895 = CARTESIAN_POINT('',(10.,-15.22,-36.45));
#7896 = LINE('',#7897,#7898);
#7897 = CARTESIAN_POINT('',(10.,0.75,-36.45));
#7898 = VECTOR('',#7899,1.);
#7899 = DIRECTION('',(0.,-1.,0.));
#7900 = ORIENTED_EDGE('',*,*,#7901,.F.);
#7901 = EDGE_CURVE('',#7902,#7894,#7904,.T.);
#7902 = VERTEX_POINT('',#7903);
#7903 = CARTESIAN_POINT('',(10.,-15.22,-35.15));
#7904 = CIRCLE('',#7905,0.65);
#7905 = AXIS2_PLACEMENT_3D('',#7906,#7907,#7908);
#7906 = CARTESIAN_POINT('',(10.,-15.22,-35.8));
#7907 = DIRECTION('',(0.,-1.,0.));
#7908 = DIRECTION('',(0.,0.,1.));
#7909 = ORIENTED_EDGE('',*,*,#7910,.F.);
#7910 = EDGE_CURVE('',#5179,#7902,#7911,.T.);
#7911 = LINE('',#7912,#7913);
#7912 = CARTESIAN_POINT('',(10.,0.75,-35.15));
#7913 = VECTOR('',#7914,1.);
#7914 = DIRECTION('',(0.,-1.,0.));
#7915 = ORIENTED_EDGE('',*,*,#5187,.T.);
#7916 = CYLINDRICAL_SURFACE('',#7917,0.65);
#7917 = AXIS2_PLACEMENT_3D('',#7918,#7919,#7920);
#7918 = CARTESIAN_POINT('',(10.,1.35,-35.8));
#7919 = DIRECTION('',(0.,-1.,0.));
#7920 = DIRECTION('',(0.,0.,-1.));
#7921 = ADVANCED_FACE('',(#7922),#7934,.T.);
#7922 = FACE_BOUND('',#7923,.T.);
#7923 = EDGE_LOOP('',(#7924,#7925,#7932,#7933));
#7924 = ORIENTED_EDGE('',*,*,#7910,.T.);
#7925 = ORIENTED_EDGE('',*,*,#7926,.F.);
#7926 = EDGE_CURVE('',#7894,#7902,#7927,.T.);
#7927 = CIRCLE('',#7928,0.65);
#7928 = AXIS2_PLACEMENT_3D('',#7929,#7930,#7931);
#7929 = CARTESIAN_POINT('',(10.,-15.22,-35.8));
#7930 = DIRECTION('',(0.,-1.,0.));
#7931 = DIRECTION('',(0.,0.,-1.));
#7932 = ORIENTED_EDGE('',*,*,#7893,.F.);
#7933 = ORIENTED_EDGE('',*,*,#5176,.T.);
#7934 = CYLINDRICAL_SURFACE('',#7935,0.65);
#7935 = AXIS2_PLACEMENT_3D('',#7936,#7937,#7938);
#7936 = CARTESIAN_POINT('',(10.,1.35,-35.8));
#7937 = DIRECTION('',(0.,-1.,0.));
#7938 = DIRECTION('',(0.,0.,-1.));
#7939 = ADVANCED_FACE('',(#7940),#7944,.T.);
#7940 = FACE_BOUND('',#7941,.F.);
#7941 = EDGE_LOOP('',(#7942,#7943));
#7942 = ORIENTED_EDGE('',*,*,#7926,.F.);
#7943 = ORIENTED_EDGE('',*,*,#7901,.F.);
#7944 = PLANE('',#7945);
#7945 = AXIS2_PLACEMENT_3D('',#7946,#7947,#7948);
#7946 = CARTESIAN_POINT('',(10.,-15.22,-35.8));
#7947 = DIRECTION('',(0.,-1.,0.));
#7948 = DIRECTION('',(0.,0.,-1.));
#7949 = ADVANCED_FACE('',(#7950),#7962,.T.);
#7950 = FACE_BOUND('',#7951,.T.);
#7951 = EDGE_LOOP('',(#7952,#7953,#7960,#7961));
#7952 = ORIENTED_EDGE('',*,*,#6274,.F.);
#7953 = ORIENTED_EDGE('',*,*,#7954,.T.);
#7954 = EDGE_CURVE('',#6266,#6258,#7955,.T.);
#7955 = CIRCLE('',#7956,0.65);
#7956 = AXIS2_PLACEMENT_3D('',#7957,#7958,#7959);
#7957 = CARTESIAN_POINT('',(14.,4.,-12.475));
#7958 = DIRECTION('',(0.,0.,-1.));
#7959 = DIRECTION('',(0.,1.,0.));
#7960 = ORIENTED_EDGE('',*,*,#6257,.T.);
#7961 = ORIENTED_EDGE('',*,*,#2529,.F.);
#7962 = CYLINDRICAL_SURFACE('',#7963,0.65);
#7963 = AXIS2_PLACEMENT_3D('',#7964,#7965,#7966);
#7964 = CARTESIAN_POINT('',(14.,4.,-12.475));
#7965 = DIRECTION('',(0.,0.,-1.));
#7966 = DIRECTION('',(0.,1.,0.));
#7967 = ADVANCED_FACE('',(#7968),#7972,.F.);
#7968 = FACE_BOUND('',#7969,.F.);
#7969 = EDGE_LOOP('',(#7970,#7971));
#7970 = ORIENTED_EDGE('',*,*,#7954,.T.);
#7971 = ORIENTED_EDGE('',*,*,#6265,.T.);
#7972 = PLANE('',#7973);
#7973 = AXIS2_PLACEMENT_3D('',#7974,#7975,#7976);
#7974 = CARTESIAN_POINT('',(14.,4.,-12.475));
#7975 = DIRECTION('',(0.,0.,-1.));
#7976 = DIRECTION('',(0.,1.,0.));
#7977 = ADVANCED_FACE('',(#7978),#7983,.T.);
#7978 = FACE_BOUND('',#7979,.T.);
#7979 = EDGE_LOOP('',(#7980,#7981,#7982));
#7980 = ORIENTED_EDGE('',*,*,#6116,.F.);
#7981 = ORIENTED_EDGE('',*,*,#6184,.T.);
#7982 = ORIENTED_EDGE('',*,*,#6175,.T.);
#7983 = CYLINDRICAL_SURFACE('',#7984,0.65);
#7984 = AXIS2_PLACEMENT_3D('',#7985,#7986,#7987);
#7985 = CARTESIAN_POINT('',(14.,1.35,-35.8));
#7986 = DIRECTION('',(0.,-1.,0.));
#7987 = DIRECTION('',(0.,0.,-1.));
#7988 = ADVANCED_FACE('',(#7989),#8015,.T.);
#7989 = FACE_BOUND('',#7990,.T.);
#7990 = EDGE_LOOP('',(#7991,#7999,#8008,#8014));
#7991 = ORIENTED_EDGE('',*,*,#7992,.T.);
#7992 = EDGE_CURVE('',#5197,#7993,#7995,.T.);
#7993 = VERTEX_POINT('',#7994);
#7994 = CARTESIAN_POINT('',(14.,-15.22,-36.45));
#7995 = LINE('',#7996,#7997);
#7996 = CARTESIAN_POINT('',(14.,0.75,-36.45));
#7997 = VECTOR('',#7998,1.);
#7998 = DIRECTION('',(0.,-1.,0.));
#7999 = ORIENTED_EDGE('',*,*,#8000,.F.);
#8000 = EDGE_CURVE('',#8001,#7993,#8003,.T.);
#8001 = VERTEX_POINT('',#8002);
#8002 = CARTESIAN_POINT('',(14.,-15.22,-35.15));
#8003 = CIRCLE('',#8004,0.65);
#8004 = AXIS2_PLACEMENT_3D('',#8005,#8006,#8007);
#8005 = CARTESIAN_POINT('',(14.,-15.22,-35.8));
#8006 = DIRECTION('',(0.,-1.,0.));
#8007 = DIRECTION('',(0.,0.,1.));
#8008 = ORIENTED_EDGE('',*,*,#8009,.F.);
#8009 = EDGE_CURVE('',#5199,#8001,#8010,.T.);
#8010 = LINE('',#8011,#8012);
#8011 = CARTESIAN_POINT('',(14.,0.75,-35.15));
#8012 = VECTOR('',#8013,1.);
#8013 = DIRECTION('',(0.,-1.,0.));
#8014 = ORIENTED_EDGE('',*,*,#5207,.T.);
#8015 = CYLINDRICAL_SURFACE('',#8016,0.65);
#8016 = AXIS2_PLACEMENT_3D('',#8017,#8018,#8019);
#8017 = CARTESIAN_POINT('',(14.,1.35,-35.8));
#8018 = DIRECTION('',(0.,-1.,0.));
#8019 = DIRECTION('',(0.,0.,-1.));
#8020 = ADVANCED_FACE('',(#8021),#8033,.T.);
#8021 = FACE_BOUND('',#8022,.T.);
#8022 = EDGE_LOOP('',(#8023,#8024,#8031,#8032));
#8023 = ORIENTED_EDGE('',*,*,#8009,.T.);
#8024 = ORIENTED_EDGE('',*,*,#8025,.F.);
#8025 = EDGE_CURVE('',#7993,#8001,#8026,.T.);
#8026 = CIRCLE('',#8027,0.65);
#8027 = AXIS2_PLACEMENT_3D('',#8028,#8029,#8030);
#8028 = CARTESIAN_POINT('',(14.,-15.22,-35.8));
#8029 = DIRECTION('',(0.,-1.,0.));
#8030 = DIRECTION('',(0.,0.,-1.));
#8031 = ORIENTED_EDGE('',*,*,#7992,.F.);
#8032 = ORIENTED_EDGE('',*,*,#5196,.T.);
#8033 = CYLINDRICAL_SURFACE('',#8034,0.65);
#8034 = AXIS2_PLACEMENT_3D('',#8035,#8036,#8037);
#8035 = CARTESIAN_POINT('',(14.,1.35,-35.8));
#8036 = DIRECTION('',(0.,-1.,0.));
#8037 = DIRECTION('',(0.,0.,-1.));
#8038 = ADVANCED_FACE('',(#8039),#8043,.T.);
#8039 = FACE_BOUND('',#8040,.F.);
#8040 = EDGE_LOOP('',(#8041,#8042));
#8041 = ORIENTED_EDGE('',*,*,#8025,.F.);
#8042 = ORIENTED_EDGE('',*,*,#8000,.F.);
#8043 = PLANE('',#8044);
#8044 = AXIS2_PLACEMENT_3D('',#8045,#8046,#8047);
#8045 = CARTESIAN_POINT('',(14.,-15.22,-35.8));
#8046 = DIRECTION('',(0.,-1.,0.));
#8047 = DIRECTION('',(0.,0.,-1.));
#8048 = ADVANCED_FACE('',(#8049),#8076,.F.);
#8049 = FACE_BOUND('',#8050,.F.);
#8050 = EDGE_LOOP('',(#8051,#8052,#8053,#8054,#8062,#8070));
#8051 = ORIENTED_EDGE('',*,*,#5550,.F.);
#8052 = ORIENTED_EDGE('',*,*,#4770,.T.);
#8053 = ORIENTED_EDGE('',*,*,#4896,.T.);
#8054 = ORIENTED_EDGE('',*,*,#8055,.T.);
#8055 = EDGE_CURVE('',#4889,#8056,#8058,.T.);
#8056 = VERTEX_POINT('',#8057);
#8057 = CARTESIAN_POINT('',(-15.56729111337,-7.,-28.5));
#8058 = LINE('',#8059,#8060);
#8059 = CARTESIAN_POINT('',(-15.56729111337,-7.,-27.1));
#8060 = VECTOR('',#8061,1.);
#8061 = DIRECTION('',(0.,0.,-1.));
#8062 = ORIENTED_EDGE('',*,*,#8063,.T.);
#8063 = EDGE_CURVE('',#8056,#8064,#8066,.T.);
#8064 = VERTEX_POINT('',#8065);
#8065 = CARTESIAN_POINT('',(-15.77586575891,-6.65,-28.5));
#8066 = LINE('',#8067,#8068);
#8067 = CARTESIAN_POINT('',(-15.56729111337,-7.,-28.5));
#8068 = VECTOR('',#8069,1.);
#8069 = DIRECTION('',(-0.511921117478,0.85903246125,0.));
#8070 = ORIENTED_EDGE('',*,*,#8071,.T.);
#8071 = EDGE_CURVE('',#8064,#5551,#8072,.T.);
#8072 = LINE('',#8073,#8074);
#8073 = CARTESIAN_POINT('',(-15.77586575891,-6.65,-28.5));
#8074 = VECTOR('',#8075,1.);
#8075 = DIRECTION('',(-0.427861557316,0.717975785931,-0.549040306888));
#8076 = PLANE('',#8077);
#8077 = AXIS2_PLACEMENT_3D('',#8078,#8079,#8080);
#8078 = CARTESIAN_POINT('',(-16.7,-5.099250705736,-40.15));
#8079 = DIRECTION('',(0.85903246125,0.511921117478,0.));
#8080 = DIRECTION('',(0.511921117478,-0.85903246125,0.));
#8081 = ADVANCED_FACE('',(#8082,#8093,#8113,#8133,#8153,#8173,#8193,
    #8213,#8233),#8253,.T.);
#8082 = FACE_BOUND('',#8083,.F.);
#8083 = EDGE_LOOP('',(#8084,#8085,#8091,#8092));
#8084 = ORIENTED_EDGE('',*,*,#4935,.T.);
#8085 = ORIENTED_EDGE('',*,*,#8086,.F.);
#8086 = EDGE_CURVE('',#8056,#4928,#8087,.T.);
#8087 = LINE('',#8088,#8089);
#8088 = CARTESIAN_POINT('',(-15.56729111337,-7.,-28.5));
#8089 = VECTOR('',#8090,1.);
#8090 = DIRECTION('',(1.,0.,0.));
#8091 = ORIENTED_EDGE('',*,*,#8055,.F.);
#8092 = ORIENTED_EDGE('',*,*,#4888,.T.);
#8093 = FACE_BOUND('',#8094,.F.);
#8094 = EDGE_LOOP('',(#8095,#8106));
#8095 = ORIENTED_EDGE('',*,*,#8096,.T.);
#8096 = EDGE_CURVE('',#8097,#8099,#8101,.T.);
#8097 = VERTEX_POINT('',#8098);
#8098 = CARTESIAN_POINT('',(-14.,-7.,-28.45));
#8099 = VERTEX_POINT('',#8100);
#8100 = CARTESIAN_POINT('',(-14.,-7.,-27.15));
#8101 = CIRCLE('',#8102,0.65);
#8102 = AXIS2_PLACEMENT_3D('',#8103,#8104,#8105);
#8103 = CARTESIAN_POINT('',(-14.,-7.,-27.8));
#8104 = DIRECTION('',(0.,-1.,0.));
#8105 = DIRECTION('',(0.,0.,-1.));
#8106 = ORIENTED_EDGE('',*,*,#8107,.T.);
#8107 = EDGE_CURVE('',#8099,#8097,#8108,.T.);
#8108 = CIRCLE('',#8109,0.65);
#8109 = AXIS2_PLACEMENT_3D('',#8110,#8111,#8112);
#8110 = CARTESIAN_POINT('',(-14.,-7.,-27.8));
#8111 = DIRECTION('',(0.,-1.,0.));
#8112 = DIRECTION('',(0.,0.,1.));
#8113 = FACE_BOUND('',#8114,.F.);
#8114 = EDGE_LOOP('',(#8115,#8126));
#8115 = ORIENTED_EDGE('',*,*,#8116,.T.);
#8116 = EDGE_CURVE('',#8117,#8119,#8121,.T.);
#8117 = VERTEX_POINT('',#8118);
#8118 = CARTESIAN_POINT('',(-10.,-7.,-28.45));
#8119 = VERTEX_POINT('',#8120);
#8120 = CARTESIAN_POINT('',(-10.,-7.,-27.15));
#8121 = CIRCLE('',#8122,0.65);
#8122 = AXIS2_PLACEMENT_3D('',#8123,#8124,#8125);
#8123 = CARTESIAN_POINT('',(-10.,-7.,-27.8));
#8124 = DIRECTION('',(0.,-1.,0.));
#8125 = DIRECTION('',(0.,0.,-1.));
#8126 = ORIENTED_EDGE('',*,*,#8127,.T.);
#8127 = EDGE_CURVE('',#8119,#8117,#8128,.T.);
#8128 = CIRCLE('',#8129,0.65);
#8129 = AXIS2_PLACEMENT_3D('',#8130,#8131,#8132);
#8130 = CARTESIAN_POINT('',(-10.,-7.,-27.8));
#8131 = DIRECTION('',(0.,-1.,0.));
#8132 = DIRECTION('',(0.,0.,1.));
#8133 = FACE_BOUND('',#8134,.F.);
#8134 = EDGE_LOOP('',(#8135,#8146));
#8135 = ORIENTED_EDGE('',*,*,#8136,.T.);
#8136 = EDGE_CURVE('',#8137,#8139,#8141,.T.);
#8137 = VERTEX_POINT('',#8138);
#8138 = CARTESIAN_POINT('',(-6.,-7.,-28.45));
#8139 = VERTEX_POINT('',#8140);
#8140 = CARTESIAN_POINT('',(-6.,-7.,-27.15));
#8141 = CIRCLE('',#8142,0.65);
#8142 = AXIS2_PLACEMENT_3D('',#8143,#8144,#8145);
#8143 = CARTESIAN_POINT('',(-6.,-7.,-27.8));
#8144 = DIRECTION('',(0.,-1.,0.));
#8145 = DIRECTION('',(0.,0.,-1.));
#8146 = ORIENTED_EDGE('',*,*,#8147,.T.);
#8147 = EDGE_CURVE('',#8139,#8137,#8148,.T.);
#8148 = CIRCLE('',#8149,0.65);
#8149 = AXIS2_PLACEMENT_3D('',#8150,#8151,#8152);
#8150 = CARTESIAN_POINT('',(-6.,-7.,-27.8));
#8151 = DIRECTION('',(0.,-1.,0.));
#8152 = DIRECTION('',(0.,0.,1.));
#8153 = FACE_BOUND('',#8154,.F.);
#8154 = EDGE_LOOP('',(#8155,#8166));
#8155 = ORIENTED_EDGE('',*,*,#8156,.T.);
#8156 = EDGE_CURVE('',#8157,#8159,#8161,.T.);
#8157 = VERTEX_POINT('',#8158);
#8158 = CARTESIAN_POINT('',(-2.,-7.,-28.45));
#8159 = VERTEX_POINT('',#8160);
#8160 = CARTESIAN_POINT('',(-2.,-7.,-27.15));
#8161 = CIRCLE('',#8162,0.65);
#8162 = AXIS2_PLACEMENT_3D('',#8163,#8164,#8165);
#8163 = CARTESIAN_POINT('',(-2.,-7.,-27.8));
#8164 = DIRECTION('',(0.,-1.,0.));
#8165 = DIRECTION('',(0.,0.,-1.));
#8166 = ORIENTED_EDGE('',*,*,#8167,.T.);
#8167 = EDGE_CURVE('',#8159,#8157,#8168,.T.);
#8168 = CIRCLE('',#8169,0.65);
#8169 = AXIS2_PLACEMENT_3D('',#8170,#8171,#8172);
#8170 = CARTESIAN_POINT('',(-2.,-7.,-27.8));
#8171 = DIRECTION('',(0.,-1.,0.));
#8172 = DIRECTION('',(0.,0.,1.));
#8173 = FACE_BOUND('',#8174,.F.);
#8174 = EDGE_LOOP('',(#8175,#8186));
#8175 = ORIENTED_EDGE('',*,*,#8176,.T.);
#8176 = EDGE_CURVE('',#8177,#8179,#8181,.T.);
#8177 = VERTEX_POINT('',#8178);
#8178 = CARTESIAN_POINT('',(2.,-7.,-28.45));
#8179 = VERTEX_POINT('',#8180);
#8180 = CARTESIAN_POINT('',(2.,-7.,-27.15));
#8181 = CIRCLE('',#8182,0.65);
#8182 = AXIS2_PLACEMENT_3D('',#8183,#8184,#8185);
#8183 = CARTESIAN_POINT('',(2.,-7.,-27.8));
#8184 = DIRECTION('',(0.,-1.,0.));
#8185 = DIRECTION('',(0.,0.,-1.));
#8186 = ORIENTED_EDGE('',*,*,#8187,.T.);
#8187 = EDGE_CURVE('',#8179,#8177,#8188,.T.);
#8188 = CIRCLE('',#8189,0.65);
#8189 = AXIS2_PLACEMENT_3D('',#8190,#8191,#8192);
#8190 = CARTESIAN_POINT('',(2.,-7.,-27.8));
#8191 = DIRECTION('',(0.,-1.,0.));
#8192 = DIRECTION('',(0.,0.,1.));
#8193 = FACE_BOUND('',#8194,.F.);
#8194 = EDGE_LOOP('',(#8195,#8206));
#8195 = ORIENTED_EDGE('',*,*,#8196,.T.);
#8196 = EDGE_CURVE('',#8197,#8199,#8201,.T.);
#8197 = VERTEX_POINT('',#8198);
#8198 = CARTESIAN_POINT('',(6.,-7.,-28.45));
#8199 = VERTEX_POINT('',#8200);
#8200 = CARTESIAN_POINT('',(6.,-7.,-27.15));
#8201 = CIRCLE('',#8202,0.65);
#8202 = AXIS2_PLACEMENT_3D('',#8203,#8204,#8205);
#8203 = CARTESIAN_POINT('',(6.,-7.,-27.8));
#8204 = DIRECTION('',(0.,-1.,0.));
#8205 = DIRECTION('',(0.,0.,-1.));
#8206 = ORIENTED_EDGE('',*,*,#8207,.T.);
#8207 = EDGE_CURVE('',#8199,#8197,#8208,.T.);
#8208 = CIRCLE('',#8209,0.65);
#8209 = AXIS2_PLACEMENT_3D('',#8210,#8211,#8212);
#8210 = CARTESIAN_POINT('',(6.,-7.,-27.8));
#8211 = DIRECTION('',(0.,-1.,0.));
#8212 = DIRECTION('',(0.,0.,1.));
#8213 = FACE_BOUND('',#8214,.F.);
#8214 = EDGE_LOOP('',(#8215,#8226));
#8215 = ORIENTED_EDGE('',*,*,#8216,.T.);
#8216 = EDGE_CURVE('',#8217,#8219,#8221,.T.);
#8217 = VERTEX_POINT('',#8218);
#8218 = CARTESIAN_POINT('',(10.,-7.,-28.45));
#8219 = VERTEX_POINT('',#8220);
#8220 = CARTESIAN_POINT('',(10.,-7.,-27.15));
#8221 = CIRCLE('',#8222,0.65);
#8222 = AXIS2_PLACEMENT_3D('',#8223,#8224,#8225);
#8223 = CARTESIAN_POINT('',(10.,-7.,-27.8));
#8224 = DIRECTION('',(0.,-1.,0.));
#8225 = DIRECTION('',(0.,0.,-1.));
#8226 = ORIENTED_EDGE('',*,*,#8227,.T.);
#8227 = EDGE_CURVE('',#8219,#8217,#8228,.T.);
#8228 = CIRCLE('',#8229,0.65);
#8229 = AXIS2_PLACEMENT_3D('',#8230,#8231,#8232);
#8230 = CARTESIAN_POINT('',(10.,-7.,-27.8));
#8231 = DIRECTION('',(0.,-1.,0.));
#8232 = DIRECTION('',(0.,0.,1.));
#8233 = FACE_BOUND('',#8234,.F.);
#8234 = EDGE_LOOP('',(#8235,#8246));
#8235 = ORIENTED_EDGE('',*,*,#8236,.T.);
#8236 = EDGE_CURVE('',#8237,#8239,#8241,.T.);
#8237 = VERTEX_POINT('',#8238);
#8238 = CARTESIAN_POINT('',(14.,-7.,-28.45));
#8239 = VERTEX_POINT('',#8240);
#8240 = CARTESIAN_POINT('',(14.,-7.,-27.15));
#8241 = CIRCLE('',#8242,0.65);
#8242 = AXIS2_PLACEMENT_3D('',#8243,#8244,#8245);
#8243 = CARTESIAN_POINT('',(14.,-7.,-27.8));
#8244 = DIRECTION('',(0.,-1.,0.));
#8245 = DIRECTION('',(0.,0.,-1.));
#8246 = ORIENTED_EDGE('',*,*,#8247,.T.);
#8247 = EDGE_CURVE('',#8239,#8237,#8248,.T.);
#8248 = CIRCLE('',#8249,0.65);
#8249 = AXIS2_PLACEMENT_3D('',#8250,#8251,#8252);
#8250 = CARTESIAN_POINT('',(14.,-7.,-27.8));
#8251 = DIRECTION('',(0.,-1.,0.));
#8252 = DIRECTION('',(0.,0.,1.));
#8253 = PLANE('',#8254);
#8254 = AXIS2_PLACEMENT_3D('',#8255,#8256,#8257);
#8255 = CARTESIAN_POINT('',(-16.7,-7.,-27.1));
#8256 = DIRECTION('',(0.,-1.,0.));
#8257 = DIRECTION('',(0.,0.,-1.));
#8258 = ADVANCED_FACE('',(#8259),#8270,.T.);
#8259 = FACE_BOUND('',#8260,.F.);
#8260 = EDGE_LOOP('',(#8261,#8262,#8268,#8269));
#8261 = ORIENTED_EDGE('',*,*,#4927,.T.);
#8262 = ORIENTED_EDGE('',*,*,#8263,.F.);
#8263 = EDGE_CURVE('',#8064,#4920,#8264,.T.);
#8264 = LINE('',#8265,#8266);
#8265 = CARTESIAN_POINT('',(-15.77586575891,-6.65,-28.5));
#8266 = VECTOR('',#8267,1.);
#8267 = DIRECTION('',(1.,0.,0.));
#8268 = ORIENTED_EDGE('',*,*,#8063,.F.);
#8269 = ORIENTED_EDGE('',*,*,#8086,.T.);
#8270 = PLANE('',#8271);
#8271 = AXIS2_PLACEMENT_3D('',#8272,#8273,#8274);
#8272 = CARTESIAN_POINT('',(-16.7,-7.,-28.5));
#8273 = DIRECTION('',(0.,0.,-1.));
#8274 = DIRECTION('',(0.,1.,0.));
#8275 = ADVANCED_FACE('',(#8276),#8291,.T.);
#8276 = FACE_BOUND('',#8277,.F.);
#8277 = EDGE_LOOP('',(#8278,#8279,#8280,#8281,#8287,#8288,#8289,#8290));
#8278 = ORIENTED_EDGE('',*,*,#8263,.T.);
#8279 = ORIENTED_EDGE('',*,*,#4919,.T.);
#8280 = ORIENTED_EDGE('',*,*,#5001,.T.);
#8281 = ORIENTED_EDGE('',*,*,#8282,.T.);
#8282 = EDGE_CURVE('',#4994,#5254,#8283,.T.);
#8283 = LINE('',#8284,#8285);
#8284 = CARTESIAN_POINT('',(16.7,-3.25,-31.1));
#8285 = VECTOR('',#8286,1.);
#8286 = DIRECTION('',(-1.,0.,0.));
#8287 = ORIENTED_EDGE('',*,*,#5303,.F.);
#8288 = ORIENTED_EDGE('',*,*,#5501,.F.);
#8289 = ORIENTED_EDGE('',*,*,#5558,.F.);
#8290 = ORIENTED_EDGE('',*,*,#8071,.F.);
#8291 = PLANE('',#8292);
#8292 = AXIS2_PLACEMENT_3D('',#8293,#8294,#8295);
#8293 = CARTESIAN_POINT('',(-16.7,-6.65,-28.5));
#8294 = DIRECTION('',(0.,-0.607450107571,-0.794357832977));
#8295 = DIRECTION('',(0.,0.794357832977,-0.607450107571));
#8296 = ADVANCED_FACE('',(#8297),#8303,.T.);
#8297 = FACE_BOUND('',#8298,.F.);
#8298 = EDGE_LOOP('',(#8299,#8300,#8301,#8302));
#8299 = ORIENTED_EDGE('',*,*,#4993,.F.);
#8300 = ORIENTED_EDGE('',*,*,#4850,.T.);
#8301 = ORIENTED_EDGE('',*,*,#5263,.F.);
#8302 = ORIENTED_EDGE('',*,*,#8282,.F.);
#8303 = PLANE('',#8304);
#8304 = AXIS2_PLACEMENT_3D('',#8305,#8306,#8307);
#8305 = CARTESIAN_POINT('',(16.7,-3.25,-32.5));
#8306 = DIRECTION('',(0.,1.,0.));
#8307 = DIRECTION('',(0.,-0.,1.));
#8308 = ADVANCED_FACE('',(#8309),#8335,.T.);
#8309 = FACE_BOUND('',#8310,.T.);
#8310 = EDGE_LOOP('',(#8311,#8319,#8328,#8334));
#8311 = ORIENTED_EDGE('',*,*,#8312,.T.);
#8312 = EDGE_CURVE('',#8099,#8313,#8315,.T.);
#8313 = VERTEX_POINT('',#8314);
#8314 = CARTESIAN_POINT('',(-14.,-15.22,-27.15));
#8315 = LINE('',#8316,#8317);
#8316 = CARTESIAN_POINT('',(-14.,-7.,-27.15));
#8317 = VECTOR('',#8318,1.);
#8318 = DIRECTION('',(0.,-1.,0.));
#8319 = ORIENTED_EDGE('',*,*,#8320,.F.);
#8320 = EDGE_CURVE('',#8321,#8313,#8323,.T.);
#8321 = VERTEX_POINT('',#8322);
#8322 = CARTESIAN_POINT('',(-14.,-15.22,-28.45));
#8323 = CIRCLE('',#8324,0.65);
#8324 = AXIS2_PLACEMENT_3D('',#8325,#8326,#8327);
#8325 = CARTESIAN_POINT('',(-14.,-15.22,-27.8));
#8326 = DIRECTION('',(0.,-1.,0.));
#8327 = DIRECTION('',(0.,0.,-1.));
#8328 = ORIENTED_EDGE('',*,*,#8329,.F.);
#8329 = EDGE_CURVE('',#8097,#8321,#8330,.T.);
#8330 = LINE('',#8331,#8332);
#8331 = CARTESIAN_POINT('',(-14.,-7.,-28.45));
#8332 = VECTOR('',#8333,1.);
#8333 = DIRECTION('',(0.,-1.,0.));
#8334 = ORIENTED_EDGE('',*,*,#8096,.T.);
#8335 = CYLINDRICAL_SURFACE('',#8336,0.65);
#8336 = AXIS2_PLACEMENT_3D('',#8337,#8338,#8339);
#8337 = CARTESIAN_POINT('',(-14.,-6.65,-27.8));
#8338 = DIRECTION('',(0.,-1.,0.));
#8339 = DIRECTION('',(0.,0.,-1.));
#8340 = ADVANCED_FACE('',(#8341),#8353,.T.);
#8341 = FACE_BOUND('',#8342,.T.);
#8342 = EDGE_LOOP('',(#8343,#8344,#8351,#8352));
#8343 = ORIENTED_EDGE('',*,*,#8329,.T.);
#8344 = ORIENTED_EDGE('',*,*,#8345,.F.);
#8345 = EDGE_CURVE('',#8313,#8321,#8346,.T.);
#8346 = CIRCLE('',#8347,0.65);
#8347 = AXIS2_PLACEMENT_3D('',#8348,#8349,#8350);
#8348 = CARTESIAN_POINT('',(-14.,-15.22,-27.8));
#8349 = DIRECTION('',(0.,-1.,0.));
#8350 = DIRECTION('',(0.,0.,1.));
#8351 = ORIENTED_EDGE('',*,*,#8312,.F.);
#8352 = ORIENTED_EDGE('',*,*,#8107,.T.);
#8353 = CYLINDRICAL_SURFACE('',#8354,0.65);
#8354 = AXIS2_PLACEMENT_3D('',#8355,#8356,#8357);
#8355 = CARTESIAN_POINT('',(-14.,-6.65,-27.8));
#8356 = DIRECTION('',(0.,-1.,0.));
#8357 = DIRECTION('',(0.,0.,-1.));
#8358 = ADVANCED_FACE('',(#8359),#8363,.T.);
#8359 = FACE_BOUND('',#8360,.F.);
#8360 = EDGE_LOOP('',(#8361,#8362));
#8361 = ORIENTED_EDGE('',*,*,#8320,.F.);
#8362 = ORIENTED_EDGE('',*,*,#8345,.F.);
#8363 = PLANE('',#8364);
#8364 = AXIS2_PLACEMENT_3D('',#8365,#8366,#8367);
#8365 = CARTESIAN_POINT('',(-14.,-15.22,-27.8));
#8366 = DIRECTION('',(0.,-1.,0.));
#8367 = DIRECTION('',(0.,0.,-1.));
#8368 = ADVANCED_FACE('',(#8369),#8395,.T.);
#8369 = FACE_BOUND('',#8370,.T.);
#8370 = EDGE_LOOP('',(#8371,#8379,#8388,#8394));
#8371 = ORIENTED_EDGE('',*,*,#8372,.T.);
#8372 = EDGE_CURVE('',#8119,#8373,#8375,.T.);
#8373 = VERTEX_POINT('',#8374);
#8374 = CARTESIAN_POINT('',(-10.,-15.22,-27.15));
#8375 = LINE('',#8376,#8377);
#8376 = CARTESIAN_POINT('',(-10.,-7.,-27.15));
#8377 = VECTOR('',#8378,1.);
#8378 = DIRECTION('',(0.,-1.,0.));
#8379 = ORIENTED_EDGE('',*,*,#8380,.F.);
#8380 = EDGE_CURVE('',#8381,#8373,#8383,.T.);
#8381 = VERTEX_POINT('',#8382);
#8382 = CARTESIAN_POINT('',(-10.,-15.22,-28.45));
#8383 = CIRCLE('',#8384,0.65);
#8384 = AXIS2_PLACEMENT_3D('',#8385,#8386,#8387);
#8385 = CARTESIAN_POINT('',(-10.,-15.22,-27.8));
#8386 = DIRECTION('',(0.,-1.,0.));
#8387 = DIRECTION('',(0.,0.,-1.));
#8388 = ORIENTED_EDGE('',*,*,#8389,.F.);
#8389 = EDGE_CURVE('',#8117,#8381,#8390,.T.);
#8390 = LINE('',#8391,#8392);
#8391 = CARTESIAN_POINT('',(-10.,-7.,-28.45));
#8392 = VECTOR('',#8393,1.);
#8393 = DIRECTION('',(0.,-1.,0.));
#8394 = ORIENTED_EDGE('',*,*,#8116,.T.);
#8395 = CYLINDRICAL_SURFACE('',#8396,0.65);
#8396 = AXIS2_PLACEMENT_3D('',#8397,#8398,#8399);
#8397 = CARTESIAN_POINT('',(-10.,-6.65,-27.8));
#8398 = DIRECTION('',(0.,-1.,0.));
#8399 = DIRECTION('',(0.,0.,-1.));
#8400 = ADVANCED_FACE('',(#8401),#8413,.T.);
#8401 = FACE_BOUND('',#8402,.T.);
#8402 = EDGE_LOOP('',(#8403,#8404,#8411,#8412));
#8403 = ORIENTED_EDGE('',*,*,#8389,.T.);
#8404 = ORIENTED_EDGE('',*,*,#8405,.F.);
#8405 = EDGE_CURVE('',#8373,#8381,#8406,.T.);
#8406 = CIRCLE('',#8407,0.65);
#8407 = AXIS2_PLACEMENT_3D('',#8408,#8409,#8410);
#8408 = CARTESIAN_POINT('',(-10.,-15.22,-27.8));
#8409 = DIRECTION('',(0.,-1.,0.));
#8410 = DIRECTION('',(0.,0.,1.));
#8411 = ORIENTED_EDGE('',*,*,#8372,.F.);
#8412 = ORIENTED_EDGE('',*,*,#8127,.T.);
#8413 = CYLINDRICAL_SURFACE('',#8414,0.65);
#8414 = AXIS2_PLACEMENT_3D('',#8415,#8416,#8417);
#8415 = CARTESIAN_POINT('',(-10.,-6.65,-27.8));
#8416 = DIRECTION('',(0.,-1.,0.));
#8417 = DIRECTION('',(0.,0.,-1.));
#8418 = ADVANCED_FACE('',(#8419),#8423,.T.);
#8419 = FACE_BOUND('',#8420,.F.);
#8420 = EDGE_LOOP('',(#8421,#8422));
#8421 = ORIENTED_EDGE('',*,*,#8380,.F.);
#8422 = ORIENTED_EDGE('',*,*,#8405,.F.);
#8423 = PLANE('',#8424);
#8424 = AXIS2_PLACEMENT_3D('',#8425,#8426,#8427);
#8425 = CARTESIAN_POINT('',(-10.,-15.22,-27.8));
#8426 = DIRECTION('',(0.,-1.,0.));
#8427 = DIRECTION('',(0.,0.,-1.));
#8428 = ADVANCED_FACE('',(#8429),#8455,.T.);
#8429 = FACE_BOUND('',#8430,.T.);
#8430 = EDGE_LOOP('',(#8431,#8439,#8448,#8454));
#8431 = ORIENTED_EDGE('',*,*,#8432,.T.);
#8432 = EDGE_CURVE('',#8139,#8433,#8435,.T.);
#8433 = VERTEX_POINT('',#8434);
#8434 = CARTESIAN_POINT('',(-6.,-15.22,-27.15));
#8435 = LINE('',#8436,#8437);
#8436 = CARTESIAN_POINT('',(-6.,-7.,-27.15));
#8437 = VECTOR('',#8438,1.);
#8438 = DIRECTION('',(0.,-1.,0.));
#8439 = ORIENTED_EDGE('',*,*,#8440,.F.);
#8440 = EDGE_CURVE('',#8441,#8433,#8443,.T.);
#8441 = VERTEX_POINT('',#8442);
#8442 = CARTESIAN_POINT('',(-6.,-15.22,-28.45));
#8443 = CIRCLE('',#8444,0.65);
#8444 = AXIS2_PLACEMENT_3D('',#8445,#8446,#8447);
#8445 = CARTESIAN_POINT('',(-6.,-15.22,-27.8));
#8446 = DIRECTION('',(0.,-1.,0.));
#8447 = DIRECTION('',(0.,0.,-1.));
#8448 = ORIENTED_EDGE('',*,*,#8449,.F.);
#8449 = EDGE_CURVE('',#8137,#8441,#8450,.T.);
#8450 = LINE('',#8451,#8452);
#8451 = CARTESIAN_POINT('',(-6.,-7.,-28.45));
#8452 = VECTOR('',#8453,1.);
#8453 = DIRECTION('',(0.,-1.,0.));
#8454 = ORIENTED_EDGE('',*,*,#8136,.T.);
#8455 = CYLINDRICAL_SURFACE('',#8456,0.65);
#8456 = AXIS2_PLACEMENT_3D('',#8457,#8458,#8459);
#8457 = CARTESIAN_POINT('',(-6.,-6.65,-27.8));
#8458 = DIRECTION('',(0.,-1.,0.));
#8459 = DIRECTION('',(0.,0.,-1.));
#8460 = ADVANCED_FACE('',(#8461),#8473,.T.);
#8461 = FACE_BOUND('',#8462,.T.);
#8462 = EDGE_LOOP('',(#8463,#8464,#8471,#8472));
#8463 = ORIENTED_EDGE('',*,*,#8449,.T.);
#8464 = ORIENTED_EDGE('',*,*,#8465,.F.);
#8465 = EDGE_CURVE('',#8433,#8441,#8466,.T.);
#8466 = CIRCLE('',#8467,0.65);
#8467 = AXIS2_PLACEMENT_3D('',#8468,#8469,#8470);
#8468 = CARTESIAN_POINT('',(-6.,-15.22,-27.8));
#8469 = DIRECTION('',(0.,-1.,0.));
#8470 = DIRECTION('',(0.,0.,1.));
#8471 = ORIENTED_EDGE('',*,*,#8432,.F.);
#8472 = ORIENTED_EDGE('',*,*,#8147,.T.);
#8473 = CYLINDRICAL_SURFACE('',#8474,0.65);
#8474 = AXIS2_PLACEMENT_3D('',#8475,#8476,#8477);
#8475 = CARTESIAN_POINT('',(-6.,-6.65,-27.8));
#8476 = DIRECTION('',(0.,-1.,0.));
#8477 = DIRECTION('',(0.,0.,-1.));
#8478 = ADVANCED_FACE('',(#8479),#8483,.T.);
#8479 = FACE_BOUND('',#8480,.F.);
#8480 = EDGE_LOOP('',(#8481,#8482));
#8481 = ORIENTED_EDGE('',*,*,#8440,.F.);
#8482 = ORIENTED_EDGE('',*,*,#8465,.F.);
#8483 = PLANE('',#8484);
#8484 = AXIS2_PLACEMENT_3D('',#8485,#8486,#8487);
#8485 = CARTESIAN_POINT('',(-6.,-15.22,-27.8));
#8486 = DIRECTION('',(0.,-1.,0.));
#8487 = DIRECTION('',(0.,0.,-1.));
#8488 = ADVANCED_FACE('',(#8489),#8515,.T.);
#8489 = FACE_BOUND('',#8490,.T.);
#8490 = EDGE_LOOP('',(#8491,#8499,#8508,#8514));
#8491 = ORIENTED_EDGE('',*,*,#8492,.T.);
#8492 = EDGE_CURVE('',#8159,#8493,#8495,.T.);
#8493 = VERTEX_POINT('',#8494);
#8494 = CARTESIAN_POINT('',(-2.,-15.22,-27.15));
#8495 = LINE('',#8496,#8497);
#8496 = CARTESIAN_POINT('',(-2.,-7.,-27.15));
#8497 = VECTOR('',#8498,1.);
#8498 = DIRECTION('',(0.,-1.,0.));
#8499 = ORIENTED_EDGE('',*,*,#8500,.F.);
#8500 = EDGE_CURVE('',#8501,#8493,#8503,.T.);
#8501 = VERTEX_POINT('',#8502);
#8502 = CARTESIAN_POINT('',(-2.,-15.22,-28.45));
#8503 = CIRCLE('',#8504,0.65);
#8504 = AXIS2_PLACEMENT_3D('',#8505,#8506,#8507);
#8505 = CARTESIAN_POINT('',(-2.,-15.22,-27.8));
#8506 = DIRECTION('',(0.,-1.,0.));
#8507 = DIRECTION('',(0.,0.,-1.));
#8508 = ORIENTED_EDGE('',*,*,#8509,.F.);
#8509 = EDGE_CURVE('',#8157,#8501,#8510,.T.);
#8510 = LINE('',#8511,#8512);
#8511 = CARTESIAN_POINT('',(-2.,-7.,-28.45));
#8512 = VECTOR('',#8513,1.);
#8513 = DIRECTION('',(0.,-1.,0.));
#8514 = ORIENTED_EDGE('',*,*,#8156,.T.);
#8515 = CYLINDRICAL_SURFACE('',#8516,0.65);
#8516 = AXIS2_PLACEMENT_3D('',#8517,#8518,#8519);
#8517 = CARTESIAN_POINT('',(-2.,-6.65,-27.8));
#8518 = DIRECTION('',(0.,-1.,0.));
#8519 = DIRECTION('',(0.,0.,-1.));
#8520 = ADVANCED_FACE('',(#8521),#8533,.T.);
#8521 = FACE_BOUND('',#8522,.T.);
#8522 = EDGE_LOOP('',(#8523,#8524,#8531,#8532));
#8523 = ORIENTED_EDGE('',*,*,#8509,.T.);
#8524 = ORIENTED_EDGE('',*,*,#8525,.F.);
#8525 = EDGE_CURVE('',#8493,#8501,#8526,.T.);
#8526 = CIRCLE('',#8527,0.65);
#8527 = AXIS2_PLACEMENT_3D('',#8528,#8529,#8530);
#8528 = CARTESIAN_POINT('',(-2.,-15.22,-27.8));
#8529 = DIRECTION('',(0.,-1.,0.));
#8530 = DIRECTION('',(0.,0.,1.));
#8531 = ORIENTED_EDGE('',*,*,#8492,.F.);
#8532 = ORIENTED_EDGE('',*,*,#8167,.T.);
#8533 = CYLINDRICAL_SURFACE('',#8534,0.65);
#8534 = AXIS2_PLACEMENT_3D('',#8535,#8536,#8537);
#8535 = CARTESIAN_POINT('',(-2.,-6.65,-27.8));
#8536 = DIRECTION('',(0.,-1.,0.));
#8537 = DIRECTION('',(0.,0.,-1.));
#8538 = ADVANCED_FACE('',(#8539),#8543,.T.);
#8539 = FACE_BOUND('',#8540,.F.);
#8540 = EDGE_LOOP('',(#8541,#8542));
#8541 = ORIENTED_EDGE('',*,*,#8500,.F.);
#8542 = ORIENTED_EDGE('',*,*,#8525,.F.);
#8543 = PLANE('',#8544);
#8544 = AXIS2_PLACEMENT_3D('',#8545,#8546,#8547);
#8545 = CARTESIAN_POINT('',(-2.,-15.22,-27.8));
#8546 = DIRECTION('',(0.,-1.,0.));
#8547 = DIRECTION('',(0.,0.,-1.));
#8548 = ADVANCED_FACE('',(#8549),#8575,.T.);
#8549 = FACE_BOUND('',#8550,.T.);
#8550 = EDGE_LOOP('',(#8551,#8559,#8568,#8574));
#8551 = ORIENTED_EDGE('',*,*,#8552,.T.);
#8552 = EDGE_CURVE('',#8179,#8553,#8555,.T.);
#8553 = VERTEX_POINT('',#8554);
#8554 = CARTESIAN_POINT('',(2.,-15.22,-27.15));
#8555 = LINE('',#8556,#8557);
#8556 = CARTESIAN_POINT('',(2.,-7.,-27.15));
#8557 = VECTOR('',#8558,1.);
#8558 = DIRECTION('',(0.,-1.,0.));
#8559 = ORIENTED_EDGE('',*,*,#8560,.F.);
#8560 = EDGE_CURVE('',#8561,#8553,#8563,.T.);
#8561 = VERTEX_POINT('',#8562);
#8562 = CARTESIAN_POINT('',(2.,-15.22,-28.45));
#8563 = CIRCLE('',#8564,0.65);
#8564 = AXIS2_PLACEMENT_3D('',#8565,#8566,#8567);
#8565 = CARTESIAN_POINT('',(2.,-15.22,-27.8));
#8566 = DIRECTION('',(0.,-1.,0.));
#8567 = DIRECTION('',(0.,0.,-1.));
#8568 = ORIENTED_EDGE('',*,*,#8569,.F.);
#8569 = EDGE_CURVE('',#8177,#8561,#8570,.T.);
#8570 = LINE('',#8571,#8572);
#8571 = CARTESIAN_POINT('',(2.,-7.,-28.45));
#8572 = VECTOR('',#8573,1.);
#8573 = DIRECTION('',(0.,-1.,0.));
#8574 = ORIENTED_EDGE('',*,*,#8176,.T.);
#8575 = CYLINDRICAL_SURFACE('',#8576,0.65);
#8576 = AXIS2_PLACEMENT_3D('',#8577,#8578,#8579);
#8577 = CARTESIAN_POINT('',(2.,-6.65,-27.8));
#8578 = DIRECTION('',(0.,-1.,0.));
#8579 = DIRECTION('',(0.,0.,-1.));
#8580 = ADVANCED_FACE('',(#8581),#8593,.T.);
#8581 = FACE_BOUND('',#8582,.T.);
#8582 = EDGE_LOOP('',(#8583,#8584,#8591,#8592));
#8583 = ORIENTED_EDGE('',*,*,#8569,.T.);
#8584 = ORIENTED_EDGE('',*,*,#8585,.F.);
#8585 = EDGE_CURVE('',#8553,#8561,#8586,.T.);
#8586 = CIRCLE('',#8587,0.65);
#8587 = AXIS2_PLACEMENT_3D('',#8588,#8589,#8590);
#8588 = CARTESIAN_POINT('',(2.,-15.22,-27.8));
#8589 = DIRECTION('',(0.,-1.,0.));
#8590 = DIRECTION('',(0.,0.,1.));
#8591 = ORIENTED_EDGE('',*,*,#8552,.F.);
#8592 = ORIENTED_EDGE('',*,*,#8187,.T.);
#8593 = CYLINDRICAL_SURFACE('',#8594,0.65);
#8594 = AXIS2_PLACEMENT_3D('',#8595,#8596,#8597);
#8595 = CARTESIAN_POINT('',(2.,-6.65,-27.8));
#8596 = DIRECTION('',(0.,-1.,0.));
#8597 = DIRECTION('',(0.,0.,-1.));
#8598 = ADVANCED_FACE('',(#8599),#8603,.T.);
#8599 = FACE_BOUND('',#8600,.F.);
#8600 = EDGE_LOOP('',(#8601,#8602));
#8601 = ORIENTED_EDGE('',*,*,#8560,.F.);
#8602 = ORIENTED_EDGE('',*,*,#8585,.F.);
#8603 = PLANE('',#8604);
#8604 = AXIS2_PLACEMENT_3D('',#8605,#8606,#8607);
#8605 = CARTESIAN_POINT('',(2.,-15.22,-27.8));
#8606 = DIRECTION('',(0.,-1.,0.));
#8607 = DIRECTION('',(0.,0.,-1.));
#8608 = ADVANCED_FACE('',(#8609),#8635,.T.);
#8609 = FACE_BOUND('',#8610,.T.);
#8610 = EDGE_LOOP('',(#8611,#8619,#8628,#8634));
#8611 = ORIENTED_EDGE('',*,*,#8612,.T.);
#8612 = EDGE_CURVE('',#8199,#8613,#8615,.T.);
#8613 = VERTEX_POINT('',#8614);
#8614 = CARTESIAN_POINT('',(6.,-15.22,-27.15));
#8615 = LINE('',#8616,#8617);
#8616 = CARTESIAN_POINT('',(6.,-7.,-27.15));
#8617 = VECTOR('',#8618,1.);
#8618 = DIRECTION('',(0.,-1.,0.));
#8619 = ORIENTED_EDGE('',*,*,#8620,.F.);
#8620 = EDGE_CURVE('',#8621,#8613,#8623,.T.);
#8621 = VERTEX_POINT('',#8622);
#8622 = CARTESIAN_POINT('',(6.,-15.22,-28.45));
#8623 = CIRCLE('',#8624,0.65);
#8624 = AXIS2_PLACEMENT_3D('',#8625,#8626,#8627);
#8625 = CARTESIAN_POINT('',(6.,-15.22,-27.8));
#8626 = DIRECTION('',(0.,-1.,0.));
#8627 = DIRECTION('',(0.,0.,-1.));
#8628 = ORIENTED_EDGE('',*,*,#8629,.F.);
#8629 = EDGE_CURVE('',#8197,#8621,#8630,.T.);
#8630 = LINE('',#8631,#8632);
#8631 = CARTESIAN_POINT('',(6.,-7.,-28.45));
#8632 = VECTOR('',#8633,1.);
#8633 = DIRECTION('',(0.,-1.,0.));
#8634 = ORIENTED_EDGE('',*,*,#8196,.T.);
#8635 = CYLINDRICAL_SURFACE('',#8636,0.65);
#8636 = AXIS2_PLACEMENT_3D('',#8637,#8638,#8639);
#8637 = CARTESIAN_POINT('',(6.,-6.65,-27.8));
#8638 = DIRECTION('',(0.,-1.,0.));
#8639 = DIRECTION('',(0.,0.,-1.));
#8640 = ADVANCED_FACE('',(#8641),#8653,.T.);
#8641 = FACE_BOUND('',#8642,.T.);
#8642 = EDGE_LOOP('',(#8643,#8644,#8651,#8652));
#8643 = ORIENTED_EDGE('',*,*,#8629,.T.);
#8644 = ORIENTED_EDGE('',*,*,#8645,.F.);
#8645 = EDGE_CURVE('',#8613,#8621,#8646,.T.);
#8646 = CIRCLE('',#8647,0.65);
#8647 = AXIS2_PLACEMENT_3D('',#8648,#8649,#8650);
#8648 = CARTESIAN_POINT('',(6.,-15.22,-27.8));
#8649 = DIRECTION('',(0.,-1.,0.));
#8650 = DIRECTION('',(0.,0.,1.));
#8651 = ORIENTED_EDGE('',*,*,#8612,.F.);
#8652 = ORIENTED_EDGE('',*,*,#8207,.T.);
#8653 = CYLINDRICAL_SURFACE('',#8654,0.65);
#8654 = AXIS2_PLACEMENT_3D('',#8655,#8656,#8657);
#8655 = CARTESIAN_POINT('',(6.,-6.65,-27.8));
#8656 = DIRECTION('',(0.,-1.,0.));
#8657 = DIRECTION('',(0.,0.,-1.));
#8658 = ADVANCED_FACE('',(#8659),#8663,.T.);
#8659 = FACE_BOUND('',#8660,.F.);
#8660 = EDGE_LOOP('',(#8661,#8662));
#8661 = ORIENTED_EDGE('',*,*,#8620,.F.);
#8662 = ORIENTED_EDGE('',*,*,#8645,.F.);
#8663 = PLANE('',#8664);
#8664 = AXIS2_PLACEMENT_3D('',#8665,#8666,#8667);
#8665 = CARTESIAN_POINT('',(6.,-15.22,-27.8));
#8666 = DIRECTION('',(0.,-1.,0.));
#8667 = DIRECTION('',(0.,0.,-1.));
#8668 = ADVANCED_FACE('',(#8669),#8695,.T.);
#8669 = FACE_BOUND('',#8670,.T.);
#8670 = EDGE_LOOP('',(#8671,#8679,#8688,#8694));
#8671 = ORIENTED_EDGE('',*,*,#8672,.T.);
#8672 = EDGE_CURVE('',#8219,#8673,#8675,.T.);
#8673 = VERTEX_POINT('',#8674);
#8674 = CARTESIAN_POINT('',(10.,-15.22,-27.15));
#8675 = LINE('',#8676,#8677);
#8676 = CARTESIAN_POINT('',(10.,-7.,-27.15));
#8677 = VECTOR('',#8678,1.);
#8678 = DIRECTION('',(0.,-1.,0.));
#8679 = ORIENTED_EDGE('',*,*,#8680,.F.);
#8680 = EDGE_CURVE('',#8681,#8673,#8683,.T.);
#8681 = VERTEX_POINT('',#8682);
#8682 = CARTESIAN_POINT('',(10.,-15.22,-28.45));
#8683 = CIRCLE('',#8684,0.65);
#8684 = AXIS2_PLACEMENT_3D('',#8685,#8686,#8687);
#8685 = CARTESIAN_POINT('',(10.,-15.22,-27.8));
#8686 = DIRECTION('',(0.,-1.,0.));
#8687 = DIRECTION('',(0.,0.,-1.));
#8688 = ORIENTED_EDGE('',*,*,#8689,.F.);
#8689 = EDGE_CURVE('',#8217,#8681,#8690,.T.);
#8690 = LINE('',#8691,#8692);
#8691 = CARTESIAN_POINT('',(10.,-7.,-28.45));
#8692 = VECTOR('',#8693,1.);
#8693 = DIRECTION('',(0.,-1.,0.));
#8694 = ORIENTED_EDGE('',*,*,#8216,.T.);
#8695 = CYLINDRICAL_SURFACE('',#8696,0.65);
#8696 = AXIS2_PLACEMENT_3D('',#8697,#8698,#8699);
#8697 = CARTESIAN_POINT('',(10.,-6.65,-27.8));
#8698 = DIRECTION('',(0.,-1.,0.));
#8699 = DIRECTION('',(0.,0.,-1.));
#8700 = ADVANCED_FACE('',(#8701),#8713,.T.);
#8701 = FACE_BOUND('',#8702,.T.);
#8702 = EDGE_LOOP('',(#8703,#8704,#8711,#8712));
#8703 = ORIENTED_EDGE('',*,*,#8689,.T.);
#8704 = ORIENTED_EDGE('',*,*,#8705,.F.);
#8705 = EDGE_CURVE('',#8673,#8681,#8706,.T.);
#8706 = CIRCLE('',#8707,0.65);
#8707 = AXIS2_PLACEMENT_3D('',#8708,#8709,#8710);
#8708 = CARTESIAN_POINT('',(10.,-15.22,-27.8));
#8709 = DIRECTION('',(0.,-1.,0.));
#8710 = DIRECTION('',(0.,0.,1.));
#8711 = ORIENTED_EDGE('',*,*,#8672,.F.);
#8712 = ORIENTED_EDGE('',*,*,#8227,.T.);
#8713 = CYLINDRICAL_SURFACE('',#8714,0.65);
#8714 = AXIS2_PLACEMENT_3D('',#8715,#8716,#8717);
#8715 = CARTESIAN_POINT('',(10.,-6.65,-27.8));
#8716 = DIRECTION('',(0.,-1.,0.));
#8717 = DIRECTION('',(0.,0.,-1.));
#8718 = ADVANCED_FACE('',(#8719),#8723,.T.);
#8719 = FACE_BOUND('',#8720,.F.);
#8720 = EDGE_LOOP('',(#8721,#8722));
#8721 = ORIENTED_EDGE('',*,*,#8680,.F.);
#8722 = ORIENTED_EDGE('',*,*,#8705,.F.);
#8723 = PLANE('',#8724);
#8724 = AXIS2_PLACEMENT_3D('',#8725,#8726,#8727);
#8725 = CARTESIAN_POINT('',(10.,-15.22,-27.8));
#8726 = DIRECTION('',(0.,-1.,0.));
#8727 = DIRECTION('',(0.,0.,-1.));
#8728 = ADVANCED_FACE('',(#8729),#8755,.T.);
#8729 = FACE_BOUND('',#8730,.T.);
#8730 = EDGE_LOOP('',(#8731,#8739,#8748,#8754));
#8731 = ORIENTED_EDGE('',*,*,#8732,.T.);
#8732 = EDGE_CURVE('',#8239,#8733,#8735,.T.);
#8733 = VERTEX_POINT('',#8734);
#8734 = CARTESIAN_POINT('',(14.,-15.22,-27.15));
#8735 = LINE('',#8736,#8737);
#8736 = CARTESIAN_POINT('',(14.,-7.,-27.15));
#8737 = VECTOR('',#8738,1.);
#8738 = DIRECTION('',(0.,-1.,0.));
#8739 = ORIENTED_EDGE('',*,*,#8740,.F.);
#8740 = EDGE_CURVE('',#8741,#8733,#8743,.T.);
#8741 = VERTEX_POINT('',#8742);
#8742 = CARTESIAN_POINT('',(14.,-15.22,-28.45));
#8743 = CIRCLE('',#8744,0.65);
#8744 = AXIS2_PLACEMENT_3D('',#8745,#8746,#8747);
#8745 = CARTESIAN_POINT('',(14.,-15.22,-27.8));
#8746 = DIRECTION('',(0.,-1.,0.));
#8747 = DIRECTION('',(0.,0.,-1.));
#8748 = ORIENTED_EDGE('',*,*,#8749,.F.);
#8749 = EDGE_CURVE('',#8237,#8741,#8750,.T.);
#8750 = LINE('',#8751,#8752);
#8751 = CARTESIAN_POINT('',(14.,-7.,-28.45));
#8752 = VECTOR('',#8753,1.);
#8753 = DIRECTION('',(0.,-1.,0.));
#8754 = ORIENTED_EDGE('',*,*,#8236,.T.);
#8755 = CYLINDRICAL_SURFACE('',#8756,0.65);
#8756 = AXIS2_PLACEMENT_3D('',#8757,#8758,#8759);
#8757 = CARTESIAN_POINT('',(14.,-6.65,-27.8));
#8758 = DIRECTION('',(0.,-1.,0.));
#8759 = DIRECTION('',(0.,0.,-1.));
#8760 = ADVANCED_FACE('',(#8761),#8773,.T.);
#8761 = FACE_BOUND('',#8762,.T.);
#8762 = EDGE_LOOP('',(#8763,#8764,#8771,#8772));
#8763 = ORIENTED_EDGE('',*,*,#8749,.T.);
#8764 = ORIENTED_EDGE('',*,*,#8765,.F.);
#8765 = EDGE_CURVE('',#8733,#8741,#8766,.T.);
#8766 = CIRCLE('',#8767,0.65);
#8767 = AXIS2_PLACEMENT_3D('',#8768,#8769,#8770);
#8768 = CARTESIAN_POINT('',(14.,-15.22,-27.8));
#8769 = DIRECTION('',(0.,-1.,0.));
#8770 = DIRECTION('',(0.,0.,1.));
#8771 = ORIENTED_EDGE('',*,*,#8732,.F.);
#8772 = ORIENTED_EDGE('',*,*,#8247,.T.);
#8773 = CYLINDRICAL_SURFACE('',#8774,0.65);
#8774 = AXIS2_PLACEMENT_3D('',#8775,#8776,#8777);
#8775 = CARTESIAN_POINT('',(14.,-6.65,-27.8));
#8776 = DIRECTION('',(0.,-1.,0.));
#8777 = DIRECTION('',(0.,0.,-1.));
#8778 = ADVANCED_FACE('',(#8779),#8783,.T.);
#8779 = FACE_BOUND('',#8780,.F.);
#8780 = EDGE_LOOP('',(#8781,#8782));
#8781 = ORIENTED_EDGE('',*,*,#8740,.F.);
#8782 = ORIENTED_EDGE('',*,*,#8765,.F.);
#8783 = PLANE('',#8784);
#8784 = AXIS2_PLACEMENT_3D('',#8785,#8786,#8787);
#8785 = CARTESIAN_POINT('',(14.,-15.22,-27.8));
#8786 = DIRECTION('',(0.,-1.,0.));
#8787 = DIRECTION('',(0.,0.,-1.));
#8788 = ADVANCED_FACE('',(#8789),#8815,.T.);
#8789 = FACE_BOUND('',#8790,.T.);
#8790 = EDGE_LOOP('',(#8791,#8799,#8808,#8814));
#8791 = ORIENTED_EDGE('',*,*,#8792,.T.);
#8792 = EDGE_CURVE('',#5314,#8793,#8795,.T.);
#8793 = VERTEX_POINT('',#8794);
#8794 = CARTESIAN_POINT('',(-12.,-15.22,-31.15));
#8795 = LINE('',#8796,#8797);
#8796 = CARTESIAN_POINT('',(-12.,-3.25,-31.15));
#8797 = VECTOR('',#8798,1.);
#8798 = DIRECTION('',(0.,-1.,0.));
#8799 = ORIENTED_EDGE('',*,*,#8800,.F.);
#8800 = EDGE_CURVE('',#8801,#8793,#8803,.T.);
#8801 = VERTEX_POINT('',#8802);
#8802 = CARTESIAN_POINT('',(-12.,-15.22,-32.45));
#8803 = CIRCLE('',#8804,0.65);
#8804 = AXIS2_PLACEMENT_3D('',#8805,#8806,#8807);
#8805 = CARTESIAN_POINT('',(-12.,-15.22,-31.8));
#8806 = DIRECTION('',(0.,-1.,0.));
#8807 = DIRECTION('',(0.,0.,-1.));
#8808 = ORIENTED_EDGE('',*,*,#8809,.F.);
#8809 = EDGE_CURVE('',#5312,#8801,#8810,.T.);
#8810 = LINE('',#8811,#8812);
#8811 = CARTESIAN_POINT('',(-12.,-3.25,-32.45));
#8812 = VECTOR('',#8813,1.);
#8813 = DIRECTION('',(0.,-1.,0.));
#8814 = ORIENTED_EDGE('',*,*,#5311,.T.);
#8815 = CYLINDRICAL_SURFACE('',#8816,0.65);
#8816 = AXIS2_PLACEMENT_3D('',#8817,#8818,#8819);
#8817 = CARTESIAN_POINT('',(-12.,-2.65,-31.8));
#8818 = DIRECTION('',(0.,-1.,0.));
#8819 = DIRECTION('',(0.,0.,-1.));
#8820 = ADVANCED_FACE('',(#8821),#8833,.T.);
#8821 = FACE_BOUND('',#8822,.T.);
#8822 = EDGE_LOOP('',(#8823,#8824,#8831,#8832));
#8823 = ORIENTED_EDGE('',*,*,#8809,.T.);
#8824 = ORIENTED_EDGE('',*,*,#8825,.F.);
#8825 = EDGE_CURVE('',#8793,#8801,#8826,.T.);
#8826 = CIRCLE('',#8827,0.65);
#8827 = AXIS2_PLACEMENT_3D('',#8828,#8829,#8830);
#8828 = CARTESIAN_POINT('',(-12.,-15.22,-31.8));
#8829 = DIRECTION('',(0.,-1.,0.));
#8830 = DIRECTION('',(0.,0.,1.));
#8831 = ORIENTED_EDGE('',*,*,#8792,.F.);
#8832 = ORIENTED_EDGE('',*,*,#5322,.T.);
#8833 = CYLINDRICAL_SURFACE('',#8834,0.65);
#8834 = AXIS2_PLACEMENT_3D('',#8835,#8836,#8837);
#8835 = CARTESIAN_POINT('',(-12.,-2.65,-31.8));
#8836 = DIRECTION('',(0.,-1.,0.));
#8837 = DIRECTION('',(0.,0.,-1.));
#8838 = ADVANCED_FACE('',(#8839),#8843,.T.);
#8839 = FACE_BOUND('',#8840,.F.);
#8840 = EDGE_LOOP('',(#8841,#8842));
#8841 = ORIENTED_EDGE('',*,*,#8800,.F.);
#8842 = ORIENTED_EDGE('',*,*,#8825,.F.);
#8843 = PLANE('',#8844);
#8844 = AXIS2_PLACEMENT_3D('',#8845,#8846,#8847);
#8845 = CARTESIAN_POINT('',(-12.,-15.22,-31.8));
#8846 = DIRECTION('',(0.,-1.,0.));
#8847 = DIRECTION('',(0.,0.,-1.));
#8848 = ADVANCED_FACE('',(#8849),#8875,.T.);
#8849 = FACE_BOUND('',#8850,.T.);
#8850 = EDGE_LOOP('',(#8851,#8859,#8868,#8874));
#8851 = ORIENTED_EDGE('',*,*,#8852,.T.);
#8852 = EDGE_CURVE('',#5334,#8853,#8855,.T.);
#8853 = VERTEX_POINT('',#8854);
#8854 = CARTESIAN_POINT('',(-8.,-15.22,-31.15));
#8855 = LINE('',#8856,#8857);
#8856 = CARTESIAN_POINT('',(-8.,-3.25,-31.15));
#8857 = VECTOR('',#8858,1.);
#8858 = DIRECTION('',(0.,-1.,0.));
#8859 = ORIENTED_EDGE('',*,*,#8860,.F.);
#8860 = EDGE_CURVE('',#8861,#8853,#8863,.T.);
#8861 = VERTEX_POINT('',#8862);
#8862 = CARTESIAN_POINT('',(-8.,-15.22,-32.45));
#8863 = CIRCLE('',#8864,0.65);
#8864 = AXIS2_PLACEMENT_3D('',#8865,#8866,#8867);
#8865 = CARTESIAN_POINT('',(-8.,-15.22,-31.8));
#8866 = DIRECTION('',(0.,-1.,0.));
#8867 = DIRECTION('',(0.,0.,-1.));
#8868 = ORIENTED_EDGE('',*,*,#8869,.F.);
#8869 = EDGE_CURVE('',#5332,#8861,#8870,.T.);
#8870 = LINE('',#8871,#8872);
#8871 = CARTESIAN_POINT('',(-8.,-3.25,-32.45));
#8872 = VECTOR('',#8873,1.);
#8873 = DIRECTION('',(0.,-1.,0.));
#8874 = ORIENTED_EDGE('',*,*,#5331,.T.);
#8875 = CYLINDRICAL_SURFACE('',#8876,0.65);
#8876 = AXIS2_PLACEMENT_3D('',#8877,#8878,#8879);
#8877 = CARTESIAN_POINT('',(-8.,-2.65,-31.8));
#8878 = DIRECTION('',(0.,-1.,0.));
#8879 = DIRECTION('',(0.,0.,-1.));
#8880 = ADVANCED_FACE('',(#8881),#8893,.T.);
#8881 = FACE_BOUND('',#8882,.T.);
#8882 = EDGE_LOOP('',(#8883,#8884,#8891,#8892));
#8883 = ORIENTED_EDGE('',*,*,#8869,.T.);
#8884 = ORIENTED_EDGE('',*,*,#8885,.F.);
#8885 = EDGE_CURVE('',#8853,#8861,#8886,.T.);
#8886 = CIRCLE('',#8887,0.65);
#8887 = AXIS2_PLACEMENT_3D('',#8888,#8889,#8890);
#8888 = CARTESIAN_POINT('',(-8.,-15.22,-31.8));
#8889 = DIRECTION('',(0.,-1.,0.));
#8890 = DIRECTION('',(0.,0.,1.));
#8891 = ORIENTED_EDGE('',*,*,#8852,.F.);
#8892 = ORIENTED_EDGE('',*,*,#5342,.T.);
#8893 = CYLINDRICAL_SURFACE('',#8894,0.65);
#8894 = AXIS2_PLACEMENT_3D('',#8895,#8896,#8897);
#8895 = CARTESIAN_POINT('',(-8.,-2.65,-31.8));
#8896 = DIRECTION('',(0.,-1.,0.));
#8897 = DIRECTION('',(0.,0.,-1.));
#8898 = ADVANCED_FACE('',(#8899),#8903,.T.);
#8899 = FACE_BOUND('',#8900,.F.);
#8900 = EDGE_LOOP('',(#8901,#8902));
#8901 = ORIENTED_EDGE('',*,*,#8860,.F.);
#8902 = ORIENTED_EDGE('',*,*,#8885,.F.);
#8903 = PLANE('',#8904);
#8904 = AXIS2_PLACEMENT_3D('',#8905,#8906,#8907);
#8905 = CARTESIAN_POINT('',(-8.,-15.22,-31.8));
#8906 = DIRECTION('',(0.,-1.,0.));
#8907 = DIRECTION('',(0.,0.,-1.));
#8908 = ADVANCED_FACE('',(#8909),#8935,.T.);
#8909 = FACE_BOUND('',#8910,.T.);
#8910 = EDGE_LOOP('',(#8911,#8919,#8928,#8934));
#8911 = ORIENTED_EDGE('',*,*,#8912,.T.);
#8912 = EDGE_CURVE('',#5354,#8913,#8915,.T.);
#8913 = VERTEX_POINT('',#8914);
#8914 = CARTESIAN_POINT('',(-4.,-15.22,-31.15));
#8915 = LINE('',#8916,#8917);
#8916 = CARTESIAN_POINT('',(-4.,-3.25,-31.15));
#8917 = VECTOR('',#8918,1.);
#8918 = DIRECTION('',(0.,-1.,0.));
#8919 = ORIENTED_EDGE('',*,*,#8920,.F.);
#8920 = EDGE_CURVE('',#8921,#8913,#8923,.T.);
#8921 = VERTEX_POINT('',#8922);
#8922 = CARTESIAN_POINT('',(-4.,-15.22,-32.45));
#8923 = CIRCLE('',#8924,0.65);
#8924 = AXIS2_PLACEMENT_3D('',#8925,#8926,#8927);
#8925 = CARTESIAN_POINT('',(-4.,-15.22,-31.8));
#8926 = DIRECTION('',(0.,-1.,0.));
#8927 = DIRECTION('',(0.,0.,-1.));
#8928 = ORIENTED_EDGE('',*,*,#8929,.F.);
#8929 = EDGE_CURVE('',#5352,#8921,#8930,.T.);
#8930 = LINE('',#8931,#8932);
#8931 = CARTESIAN_POINT('',(-4.,-3.25,-32.45));
#8932 = VECTOR('',#8933,1.);
#8933 = DIRECTION('',(0.,-1.,0.));
#8934 = ORIENTED_EDGE('',*,*,#5351,.T.);
#8935 = CYLINDRICAL_SURFACE('',#8936,0.65);
#8936 = AXIS2_PLACEMENT_3D('',#8937,#8938,#8939);
#8937 = CARTESIAN_POINT('',(-4.,-2.65,-31.8));
#8938 = DIRECTION('',(0.,-1.,0.));
#8939 = DIRECTION('',(0.,0.,-1.));
#8940 = ADVANCED_FACE('',(#8941),#8953,.T.);
#8941 = FACE_BOUND('',#8942,.T.);
#8942 = EDGE_LOOP('',(#8943,#8944,#8951,#8952));
#8943 = ORIENTED_EDGE('',*,*,#8929,.T.);
#8944 = ORIENTED_EDGE('',*,*,#8945,.F.);
#8945 = EDGE_CURVE('',#8913,#8921,#8946,.T.);
#8946 = CIRCLE('',#8947,0.65);
#8947 = AXIS2_PLACEMENT_3D('',#8948,#8949,#8950);
#8948 = CARTESIAN_POINT('',(-4.,-15.22,-31.8));
#8949 = DIRECTION('',(0.,-1.,0.));
#8950 = DIRECTION('',(0.,0.,1.));
#8951 = ORIENTED_EDGE('',*,*,#8912,.F.);
#8952 = ORIENTED_EDGE('',*,*,#5362,.T.);
#8953 = CYLINDRICAL_SURFACE('',#8954,0.65);
#8954 = AXIS2_PLACEMENT_3D('',#8955,#8956,#8957);
#8955 = CARTESIAN_POINT('',(-4.,-2.65,-31.8));
#8956 = DIRECTION('',(0.,-1.,0.));
#8957 = DIRECTION('',(0.,0.,-1.));
#8958 = ADVANCED_FACE('',(#8959),#8963,.T.);
#8959 = FACE_BOUND('',#8960,.F.);
#8960 = EDGE_LOOP('',(#8961,#8962));
#8961 = ORIENTED_EDGE('',*,*,#8920,.F.);
#8962 = ORIENTED_EDGE('',*,*,#8945,.F.);
#8963 = PLANE('',#8964);
#8964 = AXIS2_PLACEMENT_3D('',#8965,#8966,#8967);
#8965 = CARTESIAN_POINT('',(-4.,-15.22,-31.8));
#8966 = DIRECTION('',(0.,-1.,0.));
#8967 = DIRECTION('',(0.,0.,-1.));
#8968 = ADVANCED_FACE('',(#8969),#8995,.T.);
#8969 = FACE_BOUND('',#8970,.T.);
#8970 = EDGE_LOOP('',(#8971,#8979,#8988,#8994));
#8971 = ORIENTED_EDGE('',*,*,#8972,.T.);
#8972 = EDGE_CURVE('',#5374,#8973,#8975,.T.);
#8973 = VERTEX_POINT('',#8974);
#8974 = CARTESIAN_POINT('',(0.,-15.22,-31.15));
#8975 = LINE('',#8976,#8977);
#8976 = CARTESIAN_POINT('',(0.,-3.25,-31.15));
#8977 = VECTOR('',#8978,1.);
#8978 = DIRECTION('',(0.,-1.,0.));
#8979 = ORIENTED_EDGE('',*,*,#8980,.F.);
#8980 = EDGE_CURVE('',#8981,#8973,#8983,.T.);
#8981 = VERTEX_POINT('',#8982);
#8982 = CARTESIAN_POINT('',(0.,-15.22,-32.45));
#8983 = CIRCLE('',#8984,0.65);
#8984 = AXIS2_PLACEMENT_3D('',#8985,#8986,#8987);
#8985 = CARTESIAN_POINT('',(0.,-15.22,-31.8));
#8986 = DIRECTION('',(0.,-1.,0.));
#8987 = DIRECTION('',(0.,0.,-1.));
#8988 = ORIENTED_EDGE('',*,*,#8989,.F.);
#8989 = EDGE_CURVE('',#5372,#8981,#8990,.T.);
#8990 = LINE('',#8991,#8992);
#8991 = CARTESIAN_POINT('',(0.,-3.25,-32.45));
#8992 = VECTOR('',#8993,1.);
#8993 = DIRECTION('',(0.,-1.,0.));
#8994 = ORIENTED_EDGE('',*,*,#5371,.T.);
#8995 = CYLINDRICAL_SURFACE('',#8996,0.65);
#8996 = AXIS2_PLACEMENT_3D('',#8997,#8998,#8999);
#8997 = CARTESIAN_POINT('',(0.,-2.65,-31.8));
#8998 = DIRECTION('',(0.,-1.,0.));
#8999 = DIRECTION('',(0.,0.,-1.));
#9000 = ADVANCED_FACE('',(#9001),#9013,.T.);
#9001 = FACE_BOUND('',#9002,.T.);
#9002 = EDGE_LOOP('',(#9003,#9004,#9011,#9012));
#9003 = ORIENTED_EDGE('',*,*,#8989,.T.);
#9004 = ORIENTED_EDGE('',*,*,#9005,.F.);
#9005 = EDGE_CURVE('',#8973,#8981,#9006,.T.);
#9006 = CIRCLE('',#9007,0.65);
#9007 = AXIS2_PLACEMENT_3D('',#9008,#9009,#9010);
#9008 = CARTESIAN_POINT('',(0.,-15.22,-31.8));
#9009 = DIRECTION('',(0.,-1.,0.));
#9010 = DIRECTION('',(0.,0.,1.));
#9011 = ORIENTED_EDGE('',*,*,#8972,.F.);
#9012 = ORIENTED_EDGE('',*,*,#5382,.T.);
#9013 = CYLINDRICAL_SURFACE('',#9014,0.65);
#9014 = AXIS2_PLACEMENT_3D('',#9015,#9016,#9017);
#9015 = CARTESIAN_POINT('',(0.,-2.65,-31.8));
#9016 = DIRECTION('',(0.,-1.,0.));
#9017 = DIRECTION('',(0.,0.,-1.));
#9018 = ADVANCED_FACE('',(#9019),#9023,.T.);
#9019 = FACE_BOUND('',#9020,.F.);
#9020 = EDGE_LOOP('',(#9021,#9022));
#9021 = ORIENTED_EDGE('',*,*,#8980,.F.);
#9022 = ORIENTED_EDGE('',*,*,#9005,.F.);
#9023 = PLANE('',#9024);
#9024 = AXIS2_PLACEMENT_3D('',#9025,#9026,#9027);
#9025 = CARTESIAN_POINT('',(0.,-15.22,-31.8));
#9026 = DIRECTION('',(0.,-1.,0.));
#9027 = DIRECTION('',(0.,0.,-1.));
#9028 = ADVANCED_FACE('',(#9029),#9055,.T.);
#9029 = FACE_BOUND('',#9030,.T.);
#9030 = EDGE_LOOP('',(#9031,#9039,#9048,#9054));
#9031 = ORIENTED_EDGE('',*,*,#9032,.T.);
#9032 = EDGE_CURVE('',#5394,#9033,#9035,.T.);
#9033 = VERTEX_POINT('',#9034);
#9034 = CARTESIAN_POINT('',(4.,-15.22,-31.15));
#9035 = LINE('',#9036,#9037);
#9036 = CARTESIAN_POINT('',(4.,-3.25,-31.15));
#9037 = VECTOR('',#9038,1.);
#9038 = DIRECTION('',(0.,-1.,0.));
#9039 = ORIENTED_EDGE('',*,*,#9040,.F.);
#9040 = EDGE_CURVE('',#9041,#9033,#9043,.T.);
#9041 = VERTEX_POINT('',#9042);
#9042 = CARTESIAN_POINT('',(4.,-15.22,-32.45));
#9043 = CIRCLE('',#9044,0.65);
#9044 = AXIS2_PLACEMENT_3D('',#9045,#9046,#9047);
#9045 = CARTESIAN_POINT('',(4.,-15.22,-31.8));
#9046 = DIRECTION('',(0.,-1.,0.));
#9047 = DIRECTION('',(0.,0.,-1.));
#9048 = ORIENTED_EDGE('',*,*,#9049,.F.);
#9049 = EDGE_CURVE('',#5392,#9041,#9050,.T.);
#9050 = LINE('',#9051,#9052);
#9051 = CARTESIAN_POINT('',(4.,-3.25,-32.45));
#9052 = VECTOR('',#9053,1.);
#9053 = DIRECTION('',(0.,-1.,0.));
#9054 = ORIENTED_EDGE('',*,*,#5391,.T.);
#9055 = CYLINDRICAL_SURFACE('',#9056,0.65);
#9056 = AXIS2_PLACEMENT_3D('',#9057,#9058,#9059);
#9057 = CARTESIAN_POINT('',(4.,-2.65,-31.8));
#9058 = DIRECTION('',(0.,-1.,0.));
#9059 = DIRECTION('',(0.,0.,-1.));
#9060 = ADVANCED_FACE('',(#9061),#9073,.T.);
#9061 = FACE_BOUND('',#9062,.T.);
#9062 = EDGE_LOOP('',(#9063,#9064,#9071,#9072));
#9063 = ORIENTED_EDGE('',*,*,#9049,.T.);
#9064 = ORIENTED_EDGE('',*,*,#9065,.F.);
#9065 = EDGE_CURVE('',#9033,#9041,#9066,.T.);
#9066 = CIRCLE('',#9067,0.65);
#9067 = AXIS2_PLACEMENT_3D('',#9068,#9069,#9070);
#9068 = CARTESIAN_POINT('',(4.,-15.22,-31.8));
#9069 = DIRECTION('',(0.,-1.,0.));
#9070 = DIRECTION('',(0.,0.,1.));
#9071 = ORIENTED_EDGE('',*,*,#9032,.F.);
#9072 = ORIENTED_EDGE('',*,*,#5402,.T.);
#9073 = CYLINDRICAL_SURFACE('',#9074,0.65);
#9074 = AXIS2_PLACEMENT_3D('',#9075,#9076,#9077);
#9075 = CARTESIAN_POINT('',(4.,-2.65,-31.8));
#9076 = DIRECTION('',(0.,-1.,0.));
#9077 = DIRECTION('',(0.,0.,-1.));
#9078 = ADVANCED_FACE('',(#9079),#9083,.T.);
#9079 = FACE_BOUND('',#9080,.F.);
#9080 = EDGE_LOOP('',(#9081,#9082));
#9081 = ORIENTED_EDGE('',*,*,#9040,.F.);
#9082 = ORIENTED_EDGE('',*,*,#9065,.F.);
#9083 = PLANE('',#9084);
#9084 = AXIS2_PLACEMENT_3D('',#9085,#9086,#9087);
#9085 = CARTESIAN_POINT('',(4.,-15.22,-31.8));
#9086 = DIRECTION('',(0.,-1.,0.));
#9087 = DIRECTION('',(0.,0.,-1.));
#9088 = ADVANCED_FACE('',(#9089),#9115,.T.);
#9089 = FACE_BOUND('',#9090,.T.);
#9090 = EDGE_LOOP('',(#9091,#9099,#9108,#9114));
#9091 = ORIENTED_EDGE('',*,*,#9092,.T.);
#9092 = EDGE_CURVE('',#5414,#9093,#9095,.T.);
#9093 = VERTEX_POINT('',#9094);
#9094 = CARTESIAN_POINT('',(8.,-15.22,-31.15));
#9095 = LINE('',#9096,#9097);
#9096 = CARTESIAN_POINT('',(8.,-3.25,-31.15));
#9097 = VECTOR('',#9098,1.);
#9098 = DIRECTION('',(0.,-1.,0.));
#9099 = ORIENTED_EDGE('',*,*,#9100,.F.);
#9100 = EDGE_CURVE('',#9101,#9093,#9103,.T.);
#9101 = VERTEX_POINT('',#9102);
#9102 = CARTESIAN_POINT('',(8.,-15.22,-32.45));
#9103 = CIRCLE('',#9104,0.65);
#9104 = AXIS2_PLACEMENT_3D('',#9105,#9106,#9107);
#9105 = CARTESIAN_POINT('',(8.,-15.22,-31.8));
#9106 = DIRECTION('',(0.,-1.,0.));
#9107 = DIRECTION('',(0.,0.,-1.));
#9108 = ORIENTED_EDGE('',*,*,#9109,.F.);
#9109 = EDGE_CURVE('',#5412,#9101,#9110,.T.);
#9110 = LINE('',#9111,#9112);
#9111 = CARTESIAN_POINT('',(8.,-3.25,-32.45));
#9112 = VECTOR('',#9113,1.);
#9113 = DIRECTION('',(0.,-1.,0.));
#9114 = ORIENTED_EDGE('',*,*,#5411,.T.);
#9115 = CYLINDRICAL_SURFACE('',#9116,0.65);
#9116 = AXIS2_PLACEMENT_3D('',#9117,#9118,#9119);
#9117 = CARTESIAN_POINT('',(8.,-2.65,-31.8));
#9118 = DIRECTION('',(0.,-1.,0.));
#9119 = DIRECTION('',(0.,0.,-1.));
#9120 = ADVANCED_FACE('',(#9121),#9133,.T.);
#9121 = FACE_BOUND('',#9122,.T.);
#9122 = EDGE_LOOP('',(#9123,#9124,#9131,#9132));
#9123 = ORIENTED_EDGE('',*,*,#9109,.T.);
#9124 = ORIENTED_EDGE('',*,*,#9125,.F.);
#9125 = EDGE_CURVE('',#9093,#9101,#9126,.T.);
#9126 = CIRCLE('',#9127,0.65);
#9127 = AXIS2_PLACEMENT_3D('',#9128,#9129,#9130);
#9128 = CARTESIAN_POINT('',(8.,-15.22,-31.8));
#9129 = DIRECTION('',(0.,-1.,0.));
#9130 = DIRECTION('',(0.,0.,1.));
#9131 = ORIENTED_EDGE('',*,*,#9092,.F.);
#9132 = ORIENTED_EDGE('',*,*,#5422,.T.);
#9133 = CYLINDRICAL_SURFACE('',#9134,0.65);
#9134 = AXIS2_PLACEMENT_3D('',#9135,#9136,#9137);
#9135 = CARTESIAN_POINT('',(8.,-2.65,-31.8));
#9136 = DIRECTION('',(0.,-1.,0.));
#9137 = DIRECTION('',(0.,0.,-1.));
#9138 = ADVANCED_FACE('',(#9139),#9143,.T.);
#9139 = FACE_BOUND('',#9140,.F.);
#9140 = EDGE_LOOP('',(#9141,#9142));
#9141 = ORIENTED_EDGE('',*,*,#9100,.F.);
#9142 = ORIENTED_EDGE('',*,*,#9125,.F.);
#9143 = PLANE('',#9144);
#9144 = AXIS2_PLACEMENT_3D('',#9145,#9146,#9147);
#9145 = CARTESIAN_POINT('',(8.,-15.22,-31.8));
#9146 = DIRECTION('',(0.,-1.,0.));
#9147 = DIRECTION('',(0.,0.,-1.));
#9148 = ADVANCED_FACE('',(#9149),#9175,.T.);
#9149 = FACE_BOUND('',#9150,.T.);
#9150 = EDGE_LOOP('',(#9151,#9159,#9168,#9174));
#9151 = ORIENTED_EDGE('',*,*,#9152,.T.);
#9152 = EDGE_CURVE('',#5434,#9153,#9155,.T.);
#9153 = VERTEX_POINT('',#9154);
#9154 = CARTESIAN_POINT('',(12.,-15.22,-31.15));
#9155 = LINE('',#9156,#9157);
#9156 = CARTESIAN_POINT('',(12.,-3.25,-31.15));
#9157 = VECTOR('',#9158,1.);
#9158 = DIRECTION('',(0.,-1.,0.));
#9159 = ORIENTED_EDGE('',*,*,#9160,.F.);
#9160 = EDGE_CURVE('',#9161,#9153,#9163,.T.);
#9161 = VERTEX_POINT('',#9162);
#9162 = CARTESIAN_POINT('',(12.,-15.22,-32.45));
#9163 = CIRCLE('',#9164,0.65);
#9164 = AXIS2_PLACEMENT_3D('',#9165,#9166,#9167);
#9165 = CARTESIAN_POINT('',(12.,-15.22,-31.8));
#9166 = DIRECTION('',(0.,-1.,0.));
#9167 = DIRECTION('',(0.,0.,-1.));
#9168 = ORIENTED_EDGE('',*,*,#9169,.F.);
#9169 = EDGE_CURVE('',#5432,#9161,#9170,.T.);
#9170 = LINE('',#9171,#9172);
#9171 = CARTESIAN_POINT('',(12.,-3.25,-32.45));
#9172 = VECTOR('',#9173,1.);
#9173 = DIRECTION('',(0.,-1.,0.));
#9174 = ORIENTED_EDGE('',*,*,#5431,.T.);
#9175 = CYLINDRICAL_SURFACE('',#9176,0.65);
#9176 = AXIS2_PLACEMENT_3D('',#9177,#9178,#9179);
#9177 = CARTESIAN_POINT('',(12.,-2.65,-31.8));
#9178 = DIRECTION('',(0.,-1.,0.));
#9179 = DIRECTION('',(0.,0.,-1.));
#9180 = ADVANCED_FACE('',(#9181),#9193,.T.);
#9181 = FACE_BOUND('',#9182,.T.);
#9182 = EDGE_LOOP('',(#9183,#9184,#9191,#9192));
#9183 = ORIENTED_EDGE('',*,*,#9169,.T.);
#9184 = ORIENTED_EDGE('',*,*,#9185,.F.);
#9185 = EDGE_CURVE('',#9153,#9161,#9186,.T.);
#9186 = CIRCLE('',#9187,0.65);
#9187 = AXIS2_PLACEMENT_3D('',#9188,#9189,#9190);
#9188 = CARTESIAN_POINT('',(12.,-15.22,-31.8));
#9189 = DIRECTION('',(0.,-1.,0.));
#9190 = DIRECTION('',(0.,0.,1.));
#9191 = ORIENTED_EDGE('',*,*,#9152,.F.);
#9192 = ORIENTED_EDGE('',*,*,#5442,.T.);
#9193 = CYLINDRICAL_SURFACE('',#9194,0.65);
#9194 = AXIS2_PLACEMENT_3D('',#9195,#9196,#9197);
#9195 = CARTESIAN_POINT('',(12.,-2.65,-31.8));
#9196 = DIRECTION('',(0.,-1.,0.));
#9197 = DIRECTION('',(0.,0.,-1.));
#9198 = ADVANCED_FACE('',(#9199),#9203,.T.);
#9199 = FACE_BOUND('',#9200,.F.);
#9200 = EDGE_LOOP('',(#9201,#9202));
#9201 = ORIENTED_EDGE('',*,*,#9160,.F.);
#9202 = ORIENTED_EDGE('',*,*,#9185,.F.);
#9203 = PLANE('',#9204);
#9204 = AXIS2_PLACEMENT_3D('',#9205,#9206,#9207);
#9205 = CARTESIAN_POINT('',(12.,-15.22,-31.8));
#9206 = DIRECTION('',(0.,-1.,0.));
#9207 = DIRECTION('',(0.,0.,-1.));
#9208 = ADVANCED_FACE('',(#9209),#9234,.T.);
#9209 = FACE_BOUND('',#9210,.F.);
#9210 = EDGE_LOOP('',(#9211,#9219,#9227,#9233));
#9211 = ORIENTED_EDGE('',*,*,#9212,.T.);
#9212 = EDGE_CURVE('',#4383,#9213,#9215,.T.);
#9213 = VERTEX_POINT('',#9214);
#9214 = CARTESIAN_POINT('',(-18.05,-5.568671030682,-37.8));
#9215 = LINE('',#9216,#9217);
#9216 = CARTESIAN_POINT('',(-18.05,-5.568671030682,-22.));
#9217 = VECTOR('',#9218,1.);
#9218 = DIRECTION('',(0.,0.,-1.));
#9219 = ORIENTED_EDGE('',*,*,#9220,.T.);
#9220 = EDGE_CURVE('',#9213,#9221,#9223,.T.);
#9221 = VERTEX_POINT('',#9222);
#9222 = CARTESIAN_POINT('',(-16.47,-8.22,-37.8));
#9223 = LINE('',#9224,#9225);
#9224 = CARTESIAN_POINT('',(-18.05,-5.568671030682,-37.8));
#9225 = VECTOR('',#9226,1.);
#9226 = DIRECTION('',(0.511921117478,-0.85903246125,0.));
#9227 = ORIENTED_EDGE('',*,*,#9228,.T.);
#9228 = EDGE_CURVE('',#9221,#4385,#9229,.T.);
#9229 = LINE('',#9230,#9231);
#9230 = CARTESIAN_POINT('',(-16.47,-8.22,-37.8));
#9231 = VECTOR('',#9232,1.);
#9232 = DIRECTION('',(0.,0.,1.));
#9233 = ORIENTED_EDGE('',*,*,#4382,.F.);
#9234 = PLANE('',#9235);
#9235 = AXIS2_PLACEMENT_3D('',#9236,#9237,#9238);
#9236 = CARTESIAN_POINT('',(-18.05,-5.568671030682,-28.5));
#9237 = DIRECTION('',(0.85903246125,0.511921117478,0.));
#9238 = DIRECTION('',(0.511921117478,-0.85903246125,0.));
#9239 = ADVANCED_FACE('',(#9240),#9282,.T.);
#9240 = FACE_BOUND('',#9241,.F.);
#9241 = EDGE_LOOP('',(#9242,#9250,#9258,#9266,#9274,#9280,#9281));
#9242 = ORIENTED_EDGE('',*,*,#9243,.F.);
#9243 = EDGE_CURVE('',#9244,#4744,#9246,.T.);
#9244 = VERTEX_POINT('',#9245);
#9245 = CARTESIAN_POINT('',(-22.75,-5.568671030682,-28.5));
#9246 = LINE('',#9247,#9248);
#9247 = CARTESIAN_POINT('',(-22.75,-5.568671030682,-28.5));
#9248 = VECTOR('',#9249,1.);
#9249 = DIRECTION('',(0.,0.,1.));
#9250 = ORIENTED_EDGE('',*,*,#9251,.T.);
#9251 = EDGE_CURVE('',#9244,#9252,#9254,.T.);
#9252 = VERTEX_POINT('',#9253);
#9253 = CARTESIAN_POINT('',(-22.75,-5.568671030682,-33.1));
#9254 = LINE('',#9255,#9256);
#9255 = CARTESIAN_POINT('',(-22.75,-5.568671030682,-28.5));
#9256 = VECTOR('',#9257,1.);
#9257 = DIRECTION('',(0.,0.,-1.));
#9258 = ORIENTED_EDGE('',*,*,#9259,.T.);
#9259 = EDGE_CURVE('',#9252,#9260,#9262,.T.);
#9260 = VERTEX_POINT('',#9261);
#9261 = CARTESIAN_POINT('',(-18.95,-5.568671030682,-33.1));
#9262 = LINE('',#9263,#9264);
#9263 = CARTESIAN_POINT('',(-22.75,-5.568671030682,-33.1));
#9264 = VECTOR('',#9265,1.);
#9265 = DIRECTION('',(1.,0.,0.));
#9266 = ORIENTED_EDGE('',*,*,#9267,.T.);
#9267 = EDGE_CURVE('',#9260,#9268,#9270,.T.);
#9268 = VERTEX_POINT('',#9269);
#9269 = CARTESIAN_POINT('',(-18.95,-5.568671030682,-37.8));
#9270 = LINE('',#9271,#9272);
#9271 = CARTESIAN_POINT('',(-18.95,-5.568671030682,-33.1));
#9272 = VECTOR('',#9273,1.);
#9273 = DIRECTION('',(0.,0.,-1.));
#9274 = ORIENTED_EDGE('',*,*,#9275,.T.);
#9275 = EDGE_CURVE('',#9268,#9213,#9276,.T.);
#9276 = LINE('',#9277,#9278);
#9277 = CARTESIAN_POINT('',(-18.95,-5.568671030682,-37.8));
#9278 = VECTOR('',#9279,1.);
#9279 = DIRECTION('',(1.,0.,0.));
#9280 = ORIENTED_EDGE('',*,*,#9212,.F.);
#9281 = ORIENTED_EDGE('',*,*,#4752,.F.);
#9282 = PLANE('',#9283);
#9283 = AXIS2_PLACEMENT_3D('',#9284,#9285,#9286);
#9284 = CARTESIAN_POINT('',(-22.75,-5.568671030682,-28.5));
#9285 = DIRECTION('',(0.,1.,0.));
#9286 = DIRECTION('',(1.,0.,0.));
#9287 = ADVANCED_FACE('',(#9288),#9307,.T.);
#9288 = FACE_BOUND('',#9289,.T.);
#9289 = EDGE_LOOP('',(#9290,#9298,#9299,#9300));
#9290 = ORIENTED_EDGE('',*,*,#9291,.T.);
#9291 = EDGE_CURVE('',#9292,#4736,#9294,.T.);
#9292 = VERTEX_POINT('',#9293);
#9293 = CARTESIAN_POINT('',(-28.10473750966,-6.55,-28.5));
#9294 = LINE('',#9295,#9296);
#9295 = CARTESIAN_POINT('',(-28.10473750966,-6.55,-28.5));
#9296 = VECTOR('',#9297,1.);
#9297 = DIRECTION('',(0.,0.,1.));
#9298 = ORIENTED_EDGE('',*,*,#4743,.T.);
#9299 = ORIENTED_EDGE('',*,*,#9243,.F.);
#9300 = ORIENTED_EDGE('',*,*,#9301,.F.);
#9301 = EDGE_CURVE('',#9292,#9244,#9302,.T.);
#9302 = CIRCLE('',#9303,3.);
#9303 = AXIS2_PLACEMENT_3D('',#9304,#9305,#9306);
#9304 = CARTESIAN_POINT('',(-25.2,-7.3,-28.5));
#9305 = DIRECTION('',(0.,0.,-1.));
#9306 = DIRECTION('',(-0.968245836552,0.25,0.));
#9307 = CYLINDRICAL_SURFACE('',#9308,3.);
#9308 = AXIS2_PLACEMENT_3D('',#9309,#9310,#9311);
#9309 = CARTESIAN_POINT('',(-25.2,-7.3,-28.5));
#9310 = DIRECTION('',(0.,0.,-1.));
#9311 = DIRECTION('',(-1.,0.,0.));
#9312 = ADVANCED_FACE('',(#9313),#9348,.T.);
#9313 = FACE_BOUND('',#9314,.F.);
#9314 = EDGE_LOOP('',(#9315,#9323,#9324,#9333,#9341));
#9315 = ORIENTED_EDGE('',*,*,#9316,.T.);
#9316 = EDGE_CURVE('',#9317,#4361,#9319,.T.);
#9317 = VERTEX_POINT('',#9318);
#9318 = CARTESIAN_POINT('',(26.60473750966,10.05,-28.5));
#9319 = LINE('',#9320,#9321);
#9320 = CARTESIAN_POINT('',(26.60473750966,10.05,-28.5));
#9321 = VECTOR('',#9322,1.);
#9322 = DIRECTION('',(1.,0.,0.));
#9323 = ORIENTED_EDGE('',*,*,#4360,.T.);
#9324 = ORIENTED_EDGE('',*,*,#9325,.T.);
#9325 = EDGE_CURVE('',#4353,#9326,#9328,.T.);
#9326 = VERTEX_POINT('',#9327);
#9327 = CARTESIAN_POINT('',(30.37493718553,11.55,-28.5));
#9328 = CIRCLE('',#9329,5.);
#9329 = AXIS2_PLACEMENT_3D('',#9330,#9331,#9332);
#9330 = CARTESIAN_POINT('',(25.4,11.05,-28.5));
#9331 = DIRECTION('',(0.,0.,1.));
#9332 = DIRECTION('',(1.,0.,-0.));
#9333 = ORIENTED_EDGE('',*,*,#9334,.T.);
#9334 = EDGE_CURVE('',#9326,#9335,#9337,.T.);
#9335 = VERTEX_POINT('',#9336);
#9336 = CARTESIAN_POINT('',(26.60473750966,11.55,-28.5));
#9337 = LINE('',#9338,#9339);
#9338 = CARTESIAN_POINT('',(30.37493718553,11.55,-28.5));
#9339 = VECTOR('',#9340,1.);
#9340 = DIRECTION('',(-1.,0.,0.));
#9341 = ORIENTED_EDGE('',*,*,#9342,.T.);
#9342 = EDGE_CURVE('',#9335,#9317,#9343,.T.);
#9343 = CIRCLE('',#9344,3.);
#9344 = AXIS2_PLACEMENT_3D('',#9345,#9346,#9347);
#9345 = CARTESIAN_POINT('',(23.7,10.8,-28.5));
#9346 = DIRECTION('',(0.,0.,1.));
#9347 = DIRECTION('',(0.968245836552,0.25,-0.));
#9348 = PLANE('',#9349);
#9349 = AXIS2_PLACEMENT_3D('',#9350,#9351,#9352);
#9350 = CARTESIAN_POINT('',(-25.4,16.05,-28.5));
#9351 = DIRECTION('',(0.,0.,-1.));
#9352 = DIRECTION('',(-1.,0.,0.));
#9353 = ADVANCED_FACE('',(#9354),#9398,.T.);
#9354 = FACE_BOUND('',#9355,.F.);
#9355 = EDGE_LOOP('',(#9356,#9367,#9375,#9384,#9392));
#9356 = ORIENTED_EDGE('',*,*,#9357,.T.);
#9357 = EDGE_CURVE('',#9358,#9360,#9362,.T.);
#9358 = VERTEX_POINT('',#9359);
#9359 = CARTESIAN_POINT('',(-26.60473750966,10.05,-28.5));
#9360 = VERTEX_POINT('',#9361);
#9361 = CARTESIAN_POINT('',(-26.60473750966,11.55,-28.5));
#9362 = CIRCLE('',#9363,3.);
#9363 = AXIS2_PLACEMENT_3D('',#9364,#9365,#9366);
#9364 = CARTESIAN_POINT('',(-23.7,10.8,-28.5));
#9365 = DIRECTION('',(0.,0.,1.));
#9366 = DIRECTION('',(-0.968245836552,-0.25,0.));
#9367 = ORIENTED_EDGE('',*,*,#9368,.T.);
#9368 = EDGE_CURVE('',#9360,#9369,#9371,.T.);
#9369 = VERTEX_POINT('',#9370);
#9370 = CARTESIAN_POINT('',(-30.37493718553,11.55,-28.5));
#9371 = LINE('',#9372,#9373);
#9372 = CARTESIAN_POINT('',(-26.60473750966,11.55,-28.5));
#9373 = VECTOR('',#9374,1.);
#9374 = DIRECTION('',(-1.,0.,0.));
#9375 = ORIENTED_EDGE('',*,*,#9376,.T.);
#9376 = EDGE_CURVE('',#9369,#9377,#9379,.T.);
#9377 = VERTEX_POINT('',#9378);
#9378 = CARTESIAN_POINT('',(-30.4,11.05,-28.5));
#9379 = CIRCLE('',#9380,5.);
#9380 = AXIS2_PLACEMENT_3D('',#9381,#9382,#9383);
#9381 = CARTESIAN_POINT('',(-25.4,11.05,-28.5));
#9382 = DIRECTION('',(0.,0.,1.));
#9383 = DIRECTION('',(-0.994987437107,0.1,0.));
#9384 = ORIENTED_EDGE('',*,*,#9385,.T.);
#9385 = EDGE_CURVE('',#9377,#9386,#9388,.T.);
#9386 = VERTEX_POINT('',#9387);
#9387 = CARTESIAN_POINT('',(-30.4,10.05,-28.5));
#9388 = LINE('',#9389,#9390);
#9389 = CARTESIAN_POINT('',(-30.4,11.05,-28.5));
#9390 = VECTOR('',#9391,1.);
#9391 = DIRECTION('',(0.,-1.,0.));
#9392 = ORIENTED_EDGE('',*,*,#9393,.T.);
#9393 = EDGE_CURVE('',#9386,#9358,#9394,.T.);
#9394 = LINE('',#9395,#9396);
#9395 = CARTESIAN_POINT('',(-30.4,10.05,-28.5));
#9396 = VECTOR('',#9397,1.);
#9397 = DIRECTION('',(1.,0.,0.));
#9398 = PLANE('',#9399);
#9399 = AXIS2_PLACEMENT_3D('',#9400,#9401,#9402);
#9400 = CARTESIAN_POINT('',(-25.4,16.05,-28.5));
#9401 = DIRECTION('',(0.,0.,-1.));
#9402 = DIRECTION('',(-1.,0.,0.));
#9403 = ADVANCED_FACE('',(#9404),#9487,.T.);
#9404 = FACE_BOUND('',#9405,.F.);
#9405 = EDGE_LOOP('',(#9406,#9416,#9424,#9432,#9440,#9448,#9456,#9465,
    #9471,#9472,#9480));
#9406 = ORIENTED_EDGE('',*,*,#9407,.T.);
#9407 = EDGE_CURVE('',#9408,#9410,#9412,.T.);
#9408 = VERTEX_POINT('',#9409);
#9409 = CARTESIAN_POINT('',(22.75,-5.568671030682,-28.5));
#9410 = VERTEX_POINT('',#9411);
#9411 = CARTESIAN_POINT('',(22.75,-7.218671030682,-28.5));
#9412 = LINE('',#9413,#9414);
#9413 = CARTESIAN_POINT('',(22.75,-5.568671030682,-28.5));
#9414 = VECTOR('',#9415,1.);
#9415 = DIRECTION('',(0.,-1.,0.));
#9416 = ORIENTED_EDGE('',*,*,#9417,.T.);
#9417 = EDGE_CURVE('',#9410,#9418,#9420,.T.);
#9418 = VERTEX_POINT('',#9419);
#9419 = CARTESIAN_POINT('',(18.95,-7.218671030682,-28.5));
#9420 = LINE('',#9421,#9422);
#9421 = CARTESIAN_POINT('',(22.75,-7.218671030682,-28.5));
#9422 = VECTOR('',#9423,1.);
#9423 = DIRECTION('',(-1.,0.,0.));
#9424 = ORIENTED_EDGE('',*,*,#9425,.T.);
#9425 = EDGE_CURVE('',#9418,#9426,#9428,.T.);
#9426 = VERTEX_POINT('',#9427);
#9427 = CARTESIAN_POINT('',(18.95,-11.07,-28.5));
#9428 = LINE('',#9429,#9430);
#9429 = CARTESIAN_POINT('',(18.95,-7.218671030682,-28.5));
#9430 = VECTOR('',#9431,1.);
#9431 = DIRECTION('',(0.,-1.,0.));
#9432 = ORIENTED_EDGE('',*,*,#9433,.F.);
#9433 = EDGE_CURVE('',#9434,#9426,#9436,.T.);
#9434 = VERTEX_POINT('',#9435);
#9435 = CARTESIAN_POINT('',(22.75,-11.07,-28.5));
#9436 = LINE('',#9437,#9438);
#9437 = CARTESIAN_POINT('',(22.75,-11.07,-28.5));
#9438 = VECTOR('',#9439,1.);
#9439 = DIRECTION('',(-1.,0.,0.));
#9440 = ORIENTED_EDGE('',*,*,#9441,.F.);
#9441 = EDGE_CURVE('',#9442,#9434,#9444,.T.);
#9442 = VERTEX_POINT('',#9443);
#9443 = CARTESIAN_POINT('',(22.75,-10.3,-28.5));
#9444 = LINE('',#9445,#9446);
#9445 = CARTESIAN_POINT('',(22.75,-10.3,-28.5));
#9446 = VECTOR('',#9447,1.);
#9447 = DIRECTION('',(0.,-1.,0.));
#9448 = ORIENTED_EDGE('',*,*,#9449,.F.);
#9449 = EDGE_CURVE('',#9450,#9442,#9452,.T.);
#9450 = VERTEX_POINT('',#9451);
#9451 = CARTESIAN_POINT('',(25.2,-10.3,-28.5));
#9452 = LINE('',#9453,#9454);
#9453 = CARTESIAN_POINT('',(25.2,-10.3,-28.5));
#9454 = VECTOR('',#9455,1.);
#9455 = DIRECTION('',(-1.,0.,0.));
#9456 = ORIENTED_EDGE('',*,*,#9457,.F.);
#9457 = EDGE_CURVE('',#9458,#9450,#9460,.T.);
#9458 = VERTEX_POINT('',#9459);
#9459 = CARTESIAN_POINT('',(28.10473750966,-8.05,-28.5));
#9460 = CIRCLE('',#9461,3.);
#9461 = AXIS2_PLACEMENT_3D('',#9462,#9463,#9464);
#9462 = CARTESIAN_POINT('',(25.2,-7.3,-28.5));
#9463 = DIRECTION('',(0.,0.,-1.));
#9464 = DIRECTION('',(0.968245836552,-0.25,0.));
#9465 = ORIENTED_EDGE('',*,*,#9466,.F.);
#9466 = EDGE_CURVE('',#4322,#9458,#9467,.T.);
#9467 = LINE('',#9468,#9469);
#9468 = CARTESIAN_POINT('',(30.4,-8.05,-28.5));
#9469 = VECTOR('',#9470,1.);
#9470 = DIRECTION('',(-1.,0.,0.));
#9471 = ORIENTED_EDGE('',*,*,#4321,.F.);
#9472 = ORIENTED_EDGE('',*,*,#9473,.F.);
#9473 = EDGE_CURVE('',#9474,#4314,#9476,.T.);
#9474 = VERTEX_POINT('',#9475);
#9475 = CARTESIAN_POINT('',(28.10473750966,-6.55,-28.5));
#9476 = LINE('',#9477,#9478);
#9477 = CARTESIAN_POINT('',(28.10473750966,-6.55,-28.5));
#9478 = VECTOR('',#9479,1.);
#9479 = DIRECTION('',(1.,0.,0.));
#9480 = ORIENTED_EDGE('',*,*,#9481,.F.);
#9481 = EDGE_CURVE('',#9408,#9474,#9482,.T.);
#9482 = CIRCLE('',#9483,3.);
#9483 = AXIS2_PLACEMENT_3D('',#9484,#9485,#9486);
#9484 = CARTESIAN_POINT('',(25.2,-7.3,-28.5));
#9485 = DIRECTION('',(0.,0.,-1.));
#9486 = DIRECTION('',(-0.816666666667,0.577109656439,0.));
#9487 = PLANE('',#9488);
#9488 = AXIS2_PLACEMENT_3D('',#9489,#9490,#9491);
#9489 = CARTESIAN_POINT('',(-25.4,16.05,-28.5));
#9490 = DIRECTION('',(0.,0.,-1.));
#9491 = DIRECTION('',(-1.,0.,0.));
#9492 = ADVANCED_FACE('',(#9493),#9575,.T.);
#9493 = FACE_BOUND('',#9494,.F.);
#9494 = EDGE_LOOP('',(#9495,#9505,#9511,#9512,#9520,#9528,#9536,#9545,
    #9553,#9561,#9569));
#9495 = ORIENTED_EDGE('',*,*,#9496,.T.);
#9496 = EDGE_CURVE('',#9497,#9499,#9501,.T.);
#9497 = VERTEX_POINT('',#9498);
#9498 = CARTESIAN_POINT('',(-18.95,-7.218671030682,-28.5));
#9499 = VERTEX_POINT('',#9500);
#9500 = CARTESIAN_POINT('',(-22.75,-7.218671030682,-28.5));
#9501 = LINE('',#9502,#9503);
#9502 = CARTESIAN_POINT('',(-18.95,-7.218671030682,-28.5));
#9503 = VECTOR('',#9504,1.);
#9504 = DIRECTION('',(-1.,0.,0.));
#9505 = ORIENTED_EDGE('',*,*,#9506,.T.);
#9506 = EDGE_CURVE('',#9499,#9244,#9507,.T.);
#9507 = LINE('',#9508,#9509);
#9508 = CARTESIAN_POINT('',(-22.75,-7.218671030682,-28.5));
#9509 = VECTOR('',#9510,1.);
#9510 = DIRECTION('',(0.,1.,0.));
#9511 = ORIENTED_EDGE('',*,*,#9301,.F.);
#9512 = ORIENTED_EDGE('',*,*,#9513,.F.);
#9513 = EDGE_CURVE('',#9514,#9292,#9516,.T.);
#9514 = VERTEX_POINT('',#9515);
#9515 = CARTESIAN_POINT('',(-30.4,-6.55,-28.5));
#9516 = LINE('',#9517,#9518);
#9517 = CARTESIAN_POINT('',(-30.4,-6.55,-28.5));
#9518 = VECTOR('',#9519,1.);
#9519 = DIRECTION('',(1.,0.,0.));
#9520 = ORIENTED_EDGE('',*,*,#9521,.F.);
#9521 = EDGE_CURVE('',#9522,#9514,#9524,.T.);
#9522 = VERTEX_POINT('',#9523);
#9523 = CARTESIAN_POINT('',(-30.4,-8.05,-28.5));
#9524 = LINE('',#9525,#9526);
#9525 = CARTESIAN_POINT('',(-30.4,-8.05,-28.5));
#9526 = VECTOR('',#9527,1.);
#9527 = DIRECTION('',(0.,1.,0.));
#9528 = ORIENTED_EDGE('',*,*,#9529,.F.);
#9529 = EDGE_CURVE('',#9530,#9522,#9532,.T.);
#9530 = VERTEX_POINT('',#9531);
#9531 = CARTESIAN_POINT('',(-28.10473750966,-8.05,-28.5));
#9532 = LINE('',#9533,#9534);
#9533 = CARTESIAN_POINT('',(-28.10473750966,-8.05,-28.5));
#9534 = VECTOR('',#9535,1.);
#9535 = DIRECTION('',(-1.,0.,0.));
#9536 = ORIENTED_EDGE('',*,*,#9537,.F.);
#9537 = EDGE_CURVE('',#9538,#9530,#9540,.T.);
#9538 = VERTEX_POINT('',#9539);
#9539 = CARTESIAN_POINT('',(-25.2,-10.3,-28.5));
#9540 = CIRCLE('',#9541,3.);
#9541 = AXIS2_PLACEMENT_3D('',#9542,#9543,#9544);
#9542 = CARTESIAN_POINT('',(-25.2,-7.3,-28.5));
#9543 = DIRECTION('',(0.,0.,-1.));
#9544 = DIRECTION('',(0.,-1.,0.));
#9545 = ORIENTED_EDGE('',*,*,#9546,.F.);
#9546 = EDGE_CURVE('',#9547,#9538,#9549,.T.);
#9547 = VERTEX_POINT('',#9548);
#9548 = CARTESIAN_POINT('',(-22.75,-10.3,-28.5));
#9549 = LINE('',#9550,#9551);
#9550 = CARTESIAN_POINT('',(-22.75,-10.3,-28.5));
#9551 = VECTOR('',#9552,1.);
#9552 = DIRECTION('',(-1.,0.,0.));
#9553 = ORIENTED_EDGE('',*,*,#9554,.F.);
#9554 = EDGE_CURVE('',#9555,#9547,#9557,.T.);
#9555 = VERTEX_POINT('',#9556);
#9556 = CARTESIAN_POINT('',(-22.75,-11.07,-28.5));
#9557 = LINE('',#9558,#9559);
#9558 = CARTESIAN_POINT('',(-22.75,-11.07,-28.5));
#9559 = VECTOR('',#9560,1.);
#9560 = DIRECTION('',(0.,1.,0.));
#9561 = ORIENTED_EDGE('',*,*,#9562,.F.);
#9562 = EDGE_CURVE('',#9563,#9555,#9565,.T.);
#9563 = VERTEX_POINT('',#9564);
#9564 = CARTESIAN_POINT('',(-18.95,-11.07,-28.5));
#9565 = LINE('',#9566,#9567);
#9566 = CARTESIAN_POINT('',(-18.95,-11.07,-28.5));
#9567 = VECTOR('',#9568,1.);
#9568 = DIRECTION('',(-1.,0.,0.));
#9569 = ORIENTED_EDGE('',*,*,#9570,.T.);
#9570 = EDGE_CURVE('',#9563,#9497,#9571,.T.);
#9571 = LINE('',#9572,#9573);
#9572 = CARTESIAN_POINT('',(-18.95,-11.07,-28.5));
#9573 = VECTOR('',#9574,1.);
#9574 = DIRECTION('',(0.,1.,0.));
#9575 = PLANE('',#9576);
#9576 = AXIS2_PLACEMENT_3D('',#9577,#9578,#9579);
#9577 = CARTESIAN_POINT('',(-25.4,16.05,-28.5));
#9578 = DIRECTION('',(0.,0.,-1.));
#9579 = DIRECTION('',(-1.,0.,0.));
#9580 = ADVANCED_FACE('',(#9581),#9592,.T.);
#9581 = FACE_BOUND('',#9582,.F.);
#9582 = EDGE_LOOP('',(#9583,#9584,#9585,#9586));
#9583 = ORIENTED_EDGE('',*,*,#4651,.F.);
#9584 = ORIENTED_EDGE('',*,*,#4368,.T.);
#9585 = ORIENTED_EDGE('',*,*,#9316,.F.);
#9586 = ORIENTED_EDGE('',*,*,#9587,.F.);
#9587 = EDGE_CURVE('',#4652,#9317,#9588,.T.);
#9588 = LINE('',#9589,#9590);
#9589 = CARTESIAN_POINT('',(26.60473750966,10.05,-22.));
#9590 = VECTOR('',#9591,1.);
#9591 = DIRECTION('',(0.,0.,-1.));
#9592 = PLANE('',#9593);
#9593 = AXIS2_PLACEMENT_3D('',#9594,#9595,#9596);
#9594 = CARTESIAN_POINT('',(30.4,10.05,-28.5));
#9595 = DIRECTION('',(0.,-1.,0.));
#9596 = DIRECTION('',(-1.,0.,0.));
#9597 = ADVANCED_FACE('',(#9598),#9609,.T.);
#9598 = FACE_BOUND('',#9599,.T.);
#9599 = EDGE_LOOP('',(#9600,#9606,#9607,#9608));
#9600 = ORIENTED_EDGE('',*,*,#9601,.T.);
#9601 = EDGE_CURVE('',#4660,#9335,#9602,.T.);
#9602 = LINE('',#9603,#9604);
#9603 = CARTESIAN_POINT('',(26.60473750966,11.55,-22.));
#9604 = VECTOR('',#9605,1.);
#9605 = DIRECTION('',(0.,0.,-1.));
#9606 = ORIENTED_EDGE('',*,*,#9342,.T.);
#9607 = ORIENTED_EDGE('',*,*,#9587,.F.);
#9608 = ORIENTED_EDGE('',*,*,#4659,.T.);
#9609 = CYLINDRICAL_SURFACE('',#9610,3.);
#9610 = AXIS2_PLACEMENT_3D('',#9611,#9612,#9613);
#9611 = CARTESIAN_POINT('',(23.7,10.8,-28.5));
#9612 = DIRECTION('',(0.,0.,-1.));
#9613 = DIRECTION('',(-1.,0.,0.));
#9614 = ADVANCED_FACE('',(#9615),#9626,.T.);
#9615 = FACE_BOUND('',#9616,.F.);
#9616 = EDGE_LOOP('',(#9617,#9618,#9619,#9620));
#9617 = ORIENTED_EDGE('',*,*,#4668,.F.);
#9618 = ORIENTED_EDGE('',*,*,#9601,.T.);
#9619 = ORIENTED_EDGE('',*,*,#9334,.F.);
#9620 = ORIENTED_EDGE('',*,*,#9621,.F.);
#9621 = EDGE_CURVE('',#4669,#9326,#9622,.T.);
#9622 = LINE('',#9623,#9624);
#9623 = CARTESIAN_POINT('',(30.37493718553,11.55,-22.));
#9624 = VECTOR('',#9625,1.);
#9625 = DIRECTION('',(0.,0.,-1.));
#9626 = PLANE('',#9627);
#9627 = AXIS2_PLACEMENT_3D('',#9628,#9629,#9630);
#9628 = CARTESIAN_POINT('',(26.60473750966,11.55,-28.5));
#9629 = DIRECTION('',(0.,1.,0.));
#9630 = DIRECTION('',(1.,0.,0.));
#9631 = ADVANCED_FACE('',(#9632),#9645,.T.);
#9632 = FACE_BOUND('',#9633,.T.);
#9633 = EDGE_LOOP('',(#9634,#9640,#9641,#9642,#9643,#9644));
#9634 = ORIENTED_EDGE('',*,*,#9635,.F.);
#9635 = EDGE_CURVE('',#1583,#4677,#9636,.T.);
#9636 = LINE('',#9637,#9638);
#9637 = CARTESIAN_POINT('',(25.4,16.05,-20.));
#9638 = VECTOR('',#9639,1.);
#9639 = DIRECTION('',(0.,0.,-1.));
#9640 = ORIENTED_EDGE('',*,*,#1590,.T.);
#9641 = ORIENTED_EDGE('',*,*,#4352,.T.);
#9642 = ORIENTED_EDGE('',*,*,#9325,.T.);
#9643 = ORIENTED_EDGE('',*,*,#9621,.F.);
#9644 = ORIENTED_EDGE('',*,*,#4676,.F.);
#9645 = CYLINDRICAL_SURFACE('',#9646,5.);
#9646 = AXIS2_PLACEMENT_3D('',#9647,#9648,#9649);
#9647 = CARTESIAN_POINT('',(25.4,11.05,-20.));
#9648 = DIRECTION('',(0.,0.,-1.));
#9649 = DIRECTION('',(-1.,0.,0.));
#9650 = ADVANCED_FACE('',(#9651),#9662,.T.);
#9651 = FACE_BOUND('',#9652,.F.);
#9652 = EDGE_LOOP('',(#9653,#9654,#9660,#9661));
#9653 = ORIENTED_EDGE('',*,*,#1582,.F.);
#9654 = ORIENTED_EDGE('',*,*,#9655,.T.);
#9655 = EDGE_CURVE('',#1574,#4686,#9656,.T.);
#9656 = LINE('',#9657,#9658);
#9657 = CARTESIAN_POINT('',(-25.4,16.05,-20.));
#9658 = VECTOR('',#9659,1.);
#9659 = DIRECTION('',(0.,0.,-1.));
#9660 = ORIENTED_EDGE('',*,*,#4685,.T.);
#9661 = ORIENTED_EDGE('',*,*,#9635,.F.);
#9662 = PLANE('',#9663);
#9663 = AXIS2_PLACEMENT_3D('',#9664,#9665,#9666);
#9664 = CARTESIAN_POINT('',(-25.4,16.05,-20.));
#9665 = DIRECTION('',(0.,1.,0.));
#9666 = DIRECTION('',(1.,0.,0.));
#9667 = ADVANCED_FACE('',(#9668),#9686,.T.);
#9668 = FACE_BOUND('',#9669,.T.);
#9669 = EDGE_LOOP('',(#9670,#9671,#9672,#9673,#9679,#9680));
#9670 = ORIENTED_EDGE('',*,*,#1573,.T.);
#9671 = ORIENTED_EDGE('',*,*,#9655,.T.);
#9672 = ORIENTED_EDGE('',*,*,#4693,.F.);
#9673 = ORIENTED_EDGE('',*,*,#9674,.T.);
#9674 = EDGE_CURVE('',#4694,#9369,#9675,.T.);
#9675 = LINE('',#9676,#9677);
#9676 = CARTESIAN_POINT('',(-30.37493718553,11.55,-22.));
#9677 = VECTOR('',#9678,1.);
#9678 = DIRECTION('',(0.,0.,-1.));
#9679 = ORIENTED_EDGE('',*,*,#9376,.T.);
#9680 = ORIENTED_EDGE('',*,*,#9681,.F.);
#9681 = EDGE_CURVE('',#1566,#9377,#9682,.T.);
#9682 = LINE('',#9683,#9684);
#9683 = CARTESIAN_POINT('',(-30.4,11.05,-20.));
#9684 = VECTOR('',#9685,1.);
#9685 = DIRECTION('',(0.,0.,-1.));
#9686 = CYLINDRICAL_SURFACE('',#9687,5.);
#9687 = AXIS2_PLACEMENT_3D('',#9688,#9689,#9690);
#9688 = CARTESIAN_POINT('',(-25.4,11.05,-20.));
#9689 = DIRECTION('',(0.,0.,-1.));
#9690 = DIRECTION('',(-1.,0.,0.));
#9691 = ADVANCED_FACE('',(#9692),#9724,.T.);
#9692 = FACE_BOUND('',#9693,.F.);
#9693 = EDGE_LOOP('',(#9694,#9695,#9701,#9702,#9708,#9709,#9715,#9716,
    #9717,#9718));
#9694 = ORIENTED_EDGE('',*,*,#4489,.T.);
#9695 = ORIENTED_EDGE('',*,*,#9696,.F.);
#9696 = EDGE_CURVE('',#9522,#4482,#9697,.T.);
#9697 = LINE('',#9698,#9699);
#9698 = CARTESIAN_POINT('',(-30.4,-8.05,-28.5));
#9699 = VECTOR('',#9700,1.);
#9700 = DIRECTION('',(0.,0.,1.));
#9701 = ORIENTED_EDGE('',*,*,#9521,.T.);
#9702 = ORIENTED_EDGE('',*,*,#9703,.T.);
#9703 = EDGE_CURVE('',#9514,#4728,#9704,.T.);
#9704 = LINE('',#9705,#9706);
#9705 = CARTESIAN_POINT('',(-30.4,-6.55,-28.5));
#9706 = VECTOR('',#9707,1.);
#9707 = DIRECTION('',(0.,0.,1.));
#9708 = ORIENTED_EDGE('',*,*,#4727,.T.);
#9709 = ORIENTED_EDGE('',*,*,#9710,.T.);
#9710 = EDGE_CURVE('',#4720,#9386,#9711,.T.);
#9711 = LINE('',#9712,#9713);
#9712 = CARTESIAN_POINT('',(-30.4,10.05,-22.));
#9713 = VECTOR('',#9714,1.);
#9714 = DIRECTION('',(0.,0.,-1.));
#9715 = ORIENTED_EDGE('',*,*,#9385,.F.);
#9716 = ORIENTED_EDGE('',*,*,#9681,.F.);
#9717 = ORIENTED_EDGE('',*,*,#1565,.F.);
#9718 = ORIENTED_EDGE('',*,*,#9719,.T.);
#9719 = EDGE_CURVE('',#1557,#4490,#9720,.T.);
#9720 = LINE('',#9721,#9722);
#9721 = CARTESIAN_POINT('',(-30.4,-11.05,-20.));
#9722 = VECTOR('',#9723,1.);
#9723 = DIRECTION('',(0.,0.,-1.));
#9724 = PLANE('',#9725);
#9725 = AXIS2_PLACEMENT_3D('',#9726,#9727,#9728);
#9726 = CARTESIAN_POINT('',(-30.4,-11.05,-20.));
#9727 = DIRECTION('',(-1.,0.,0.));
#9728 = DIRECTION('',(0.,1.,0.));
#9729 = ADVANCED_FACE('',(#9730),#9741,.T.);
#9730 = FACE_BOUND('',#9731,.F.);
#9731 = EDGE_LOOP('',(#9732,#9733,#9739,#9740));
#9732 = ORIENTED_EDGE('',*,*,#4481,.T.);
#9733 = ORIENTED_EDGE('',*,*,#9734,.F.);
#9734 = EDGE_CURVE('',#9530,#4473,#9735,.T.);
#9735 = LINE('',#9736,#9737);
#9736 = CARTESIAN_POINT('',(-28.10473750966,-8.05,-28.5));
#9737 = VECTOR('',#9738,1.);
#9738 = DIRECTION('',(0.,0.,1.));
#9739 = ORIENTED_EDGE('',*,*,#9529,.T.);
#9740 = ORIENTED_EDGE('',*,*,#9696,.T.);
#9741 = PLANE('',#9742);
#9742 = AXIS2_PLACEMENT_3D('',#9743,#9744,#9745);
#9743 = CARTESIAN_POINT('',(-28.10473750966,-8.05,-28.5));
#9744 = DIRECTION('',(0.,-1.,0.));
#9745 = DIRECTION('',(-1.,0.,0.));
#9746 = ADVANCED_FACE('',(#9747),#9758,.T.);
#9747 = FACE_BOUND('',#9748,.T.);
#9748 = EDGE_LOOP('',(#9749,#9750,#9751,#9757));
#9749 = ORIENTED_EDGE('',*,*,#9734,.F.);
#9750 = ORIENTED_EDGE('',*,*,#9537,.F.);
#9751 = ORIENTED_EDGE('',*,*,#9752,.T.);
#9752 = EDGE_CURVE('',#9538,#4465,#9753,.T.);
#9753 = LINE('',#9754,#9755);
#9754 = CARTESIAN_POINT('',(-25.2,-10.3,-28.5));
#9755 = VECTOR('',#9756,1.);
#9756 = DIRECTION('',(0.,0.,1.));
#9757 = ORIENTED_EDGE('',*,*,#4472,.T.);
#9758 = CYLINDRICAL_SURFACE('',#9759,3.);
#9759 = AXIS2_PLACEMENT_3D('',#9760,#9761,#9762);
#9760 = CARTESIAN_POINT('',(-25.2,-7.3,-28.5));
#9761 = DIRECTION('',(0.,0.,-1.));
#9762 = DIRECTION('',(-1.,0.,0.));
#9763 = ADVANCED_FACE('',(#9764),#9775,.T.);
#9764 = FACE_BOUND('',#9765,.F.);
#9765 = EDGE_LOOP('',(#9766,#9767,#9773,#9774));
#9766 = ORIENTED_EDGE('',*,*,#4464,.F.);
#9767 = ORIENTED_EDGE('',*,*,#9768,.F.);
#9768 = EDGE_CURVE('',#9547,#4457,#9769,.T.);
#9769 = LINE('',#9770,#9771);
#9770 = CARTESIAN_POINT('',(-22.75,-10.3,-28.5));
#9771 = VECTOR('',#9772,1.);
#9772 = DIRECTION('',(0.,0.,1.));
#9773 = ORIENTED_EDGE('',*,*,#9546,.T.);
#9774 = ORIENTED_EDGE('',*,*,#9752,.T.);
#9775 = PLANE('',#9776);
#9776 = AXIS2_PLACEMENT_3D('',#9777,#9778,#9779);
#9777 = CARTESIAN_POINT('',(-22.75,-10.3,-28.5));
#9778 = DIRECTION('',(0.,-1.,0.));
#9779 = DIRECTION('',(-1.,0.,0.));
#9780 = ADVANCED_FACE('',(#9781),#9792,.T.);
#9781 = FACE_BOUND('',#9782,.F.);
#9782 = EDGE_LOOP('',(#9783,#9784,#9790,#9791));
#9783 = ORIENTED_EDGE('',*,*,#4456,.F.);
#9784 = ORIENTED_EDGE('',*,*,#9785,.F.);
#9785 = EDGE_CURVE('',#9555,#4449,#9786,.T.);
#9786 = LINE('',#9787,#9788);
#9787 = CARTESIAN_POINT('',(-22.75,-11.07,-28.5));
#9788 = VECTOR('',#9789,1.);
#9789 = DIRECTION('',(0.,0.,1.));
#9790 = ORIENTED_EDGE('',*,*,#9554,.T.);
#9791 = ORIENTED_EDGE('',*,*,#9768,.T.);
#9792 = PLANE('',#9793);
#9793 = AXIS2_PLACEMENT_3D('',#9794,#9795,#9796);
#9794 = CARTESIAN_POINT('',(-22.75,-11.07,-28.5));
#9795 = DIRECTION('',(-1.,0.,0.));
#9796 = DIRECTION('',(0.,1.,0.));
#9797 = ADVANCED_FACE('',(#9798),#9857,.T.);
#9798 = FACE_BOUND('',#9799,.F.);
#9799 = EDGE_LOOP('',(#9800,#9810,#9818,#9826,#9832,#9833,#9834,#9835,
    #9843,#9851));
#9800 = ORIENTED_EDGE('',*,*,#9801,.F.);
#9801 = EDGE_CURVE('',#9802,#9804,#9806,.T.);
#9802 = VERTEX_POINT('',#9803);
#9803 = CARTESIAN_POINT('',(-17.77,-11.07,-32.8));
#9804 = VERTEX_POINT('',#9805);
#9805 = CARTESIAN_POINT('',(-16.47,-11.07,-32.8));
#9806 = LINE('',#9807,#9808);
#9807 = CARTESIAN_POINT('',(-17.77,-11.07,-32.8));
#9808 = VECTOR('',#9809,1.);
#9809 = DIRECTION('',(1.,0.,0.));
#9810 = ORIENTED_EDGE('',*,*,#9811,.T.);
#9811 = EDGE_CURVE('',#9802,#9812,#9814,.T.);
#9812 = VERTEX_POINT('',#9813);
#9813 = CARTESIAN_POINT('',(-17.77,-11.07,-37.8));
#9814 = LINE('',#9815,#9816);
#9815 = CARTESIAN_POINT('',(-17.77,-11.07,-32.8));
#9816 = VECTOR('',#9817,1.);
#9817 = DIRECTION('',(0.,0.,-1.));
#9818 = ORIENTED_EDGE('',*,*,#9819,.T.);
#9819 = EDGE_CURVE('',#9812,#9820,#9822,.T.);
#9820 = VERTEX_POINT('',#9821);
#9821 = CARTESIAN_POINT('',(-18.95,-11.07,-37.8));
#9822 = LINE('',#9823,#9824);
#9823 = CARTESIAN_POINT('',(-17.77,-11.07,-37.8));
#9824 = VECTOR('',#9825,1.);
#9825 = DIRECTION('',(-1.,0.,0.));
#9826 = ORIENTED_EDGE('',*,*,#9827,.F.);
#9827 = EDGE_CURVE('',#9563,#9820,#9828,.T.);
#9828 = LINE('',#9829,#9830);
#9829 = CARTESIAN_POINT('',(-18.95,-11.07,-28.5));
#9830 = VECTOR('',#9831,1.);
#9831 = DIRECTION('',(0.,0.,-1.));
#9832 = ORIENTED_EDGE('',*,*,#9562,.T.);
#9833 = ORIENTED_EDGE('',*,*,#9785,.T.);
#9834 = ORIENTED_EDGE('',*,*,#4448,.F.);
#9835 = ORIENTED_EDGE('',*,*,#9836,.T.);
#9836 = EDGE_CURVE('',#4441,#9837,#9839,.T.);
#9837 = VERTEX_POINT('',#9838);
#9838 = CARTESIAN_POINT('',(-17.77,-11.07,-24.));
#9839 = LINE('',#9840,#9841);
#9840 = CARTESIAN_POINT('',(-17.77,-11.07,-22.));
#9841 = VECTOR('',#9842,1.);
#9842 = DIRECTION('',(0.,0.,-1.));
#9843 = ORIENTED_EDGE('',*,*,#9844,.F.);
#9844 = EDGE_CURVE('',#9845,#9837,#9847,.T.);
#9845 = VERTEX_POINT('',#9846);
#9846 = CARTESIAN_POINT('',(-16.47,-11.07,-24.));
#9847 = LINE('',#9848,#9849);
#9848 = CARTESIAN_POINT('',(-16.47,-11.07,-24.));
#9849 = VECTOR('',#9850,1.);
#9850 = DIRECTION('',(-1.,0.,0.));
#9851 = ORIENTED_EDGE('',*,*,#9852,.T.);
#9852 = EDGE_CURVE('',#9845,#9804,#9853,.T.);
#9853 = LINE('',#9854,#9855);
#9854 = CARTESIAN_POINT('',(-16.47,-11.07,-24.));
#9855 = VECTOR('',#9856,1.);
#9856 = DIRECTION('',(0.,0.,-1.));
#9857 = PLANE('',#9858);
#9858 = AXIS2_PLACEMENT_3D('',#9859,#9860,#9861);
#9859 = CARTESIAN_POINT('',(22.75,-11.07,-28.5));
#9860 = DIRECTION('',(0.,-1.,0.));
#9861 = DIRECTION('',(-1.,0.,0.));
#9862 = ADVANCED_FACE('',(#9863),#9927,.T.);
#9863 = FACE_BOUND('',#9864,.F.);
#9864 = EDGE_LOOP('',(#9865,#9875,#9883,#9891,#9899,#9905,#9906,#9912,
    #9913,#9921));
#9865 = ORIENTED_EDGE('',*,*,#9866,.F.);
#9866 = EDGE_CURVE('',#9867,#9869,#9871,.T.);
#9867 = VERTEX_POINT('',#9868);
#9868 = CARTESIAN_POINT('',(17.77,-11.07,-32.8));
#9869 = VERTEX_POINT('',#9870);
#9870 = CARTESIAN_POINT('',(17.77,-11.07,-37.8));
#9871 = LINE('',#9872,#9873);
#9872 = CARTESIAN_POINT('',(17.77,-11.07,-32.8));
#9873 = VECTOR('',#9874,1.);
#9874 = DIRECTION('',(0.,0.,-1.));
#9875 = ORIENTED_EDGE('',*,*,#9876,.F.);
#9876 = EDGE_CURVE('',#9877,#9867,#9879,.T.);
#9877 = VERTEX_POINT('',#9878);
#9878 = CARTESIAN_POINT('',(16.47,-11.07,-32.8));
#9879 = LINE('',#9880,#9881);
#9880 = CARTESIAN_POINT('',(16.47,-11.07,-32.8));
#9881 = VECTOR('',#9882,1.);
#9882 = DIRECTION('',(1.,0.,0.));
#9883 = ORIENTED_EDGE('',*,*,#9884,.F.);
#9884 = EDGE_CURVE('',#9885,#9877,#9887,.T.);
#9885 = VERTEX_POINT('',#9886);
#9886 = CARTESIAN_POINT('',(16.47,-11.07,-24.));
#9887 = LINE('',#9888,#9889);
#9888 = CARTESIAN_POINT('',(16.47,-11.07,-24.));
#9889 = VECTOR('',#9890,1.);
#9890 = DIRECTION('',(0.,0.,-1.));
#9891 = ORIENTED_EDGE('',*,*,#9892,.F.);
#9892 = EDGE_CURVE('',#9893,#9885,#9895,.T.);
#9893 = VERTEX_POINT('',#9894);
#9894 = CARTESIAN_POINT('',(17.77,-11.07,-24.));
#9895 = LINE('',#9896,#9897);
#9896 = CARTESIAN_POINT('',(17.77,-11.07,-24.));
#9897 = VECTOR('',#9898,1.);
#9898 = DIRECTION('',(-1.,0.,0.));
#9899 = ORIENTED_EDGE('',*,*,#9900,.F.);
#9900 = EDGE_CURVE('',#4556,#9893,#9901,.T.);
#9901 = LINE('',#9902,#9903);
#9902 = CARTESIAN_POINT('',(17.77,-11.07,-22.));
#9903 = VECTOR('',#9904,1.);
#9904 = DIRECTION('',(0.,0.,-1.));
#9905 = ORIENTED_EDGE('',*,*,#4555,.F.);
#9906 = ORIENTED_EDGE('',*,*,#9907,.F.);
#9907 = EDGE_CURVE('',#9434,#4548,#9908,.T.);
#9908 = LINE('',#9909,#9910);
#9909 = CARTESIAN_POINT('',(22.75,-11.07,-28.5));
#9910 = VECTOR('',#9911,1.);
#9911 = DIRECTION('',(0.,0.,1.));
#9912 = ORIENTED_EDGE('',*,*,#9433,.T.);
#9913 = ORIENTED_EDGE('',*,*,#9914,.T.);
#9914 = EDGE_CURVE('',#9426,#9915,#9917,.T.);
#9915 = VERTEX_POINT('',#9916);
#9916 = CARTESIAN_POINT('',(18.95,-11.07,-37.8));
#9917 = LINE('',#9918,#9919);
#9918 = CARTESIAN_POINT('',(18.95,-11.07,-28.5));
#9919 = VECTOR('',#9920,1.);
#9920 = DIRECTION('',(0.,0.,-1.));
#9921 = ORIENTED_EDGE('',*,*,#9922,.T.);
#9922 = EDGE_CURVE('',#9915,#9869,#9923,.T.);
#9923 = LINE('',#9924,#9925);
#9924 = CARTESIAN_POINT('',(18.95,-11.07,-37.8));
#9925 = VECTOR('',#9926,1.);
#9926 = DIRECTION('',(-1.,0.,0.));
#9927 = PLANE('',#9928);
#9928 = AXIS2_PLACEMENT_3D('',#9929,#9930,#9931);
#9929 = CARTESIAN_POINT('',(22.75,-11.07,-28.5));
#9930 = DIRECTION('',(0.,-1.,0.));
#9931 = DIRECTION('',(-1.,0.,0.));
#9932 = ADVANCED_FACE('',(#9933),#9958,.F.);
#9933 = FACE_BOUND('',#9934,.F.);
#9934 = EDGE_LOOP('',(#9935,#9943,#9944,#9952));
#9935 = ORIENTED_EDGE('',*,*,#9936,.T.);
#9936 = EDGE_CURVE('',#9937,#9802,#9939,.T.);
#9937 = VERTEX_POINT('',#9938);
#9938 = CARTESIAN_POINT('',(-17.77,-11.72,-32.8));
#9939 = LINE('',#9940,#9941);
#9940 = CARTESIAN_POINT('',(-17.77,-11.72,-32.8));
#9941 = VECTOR('',#9942,1.);
#9942 = DIRECTION('',(0.,1.,0.));
#9943 = ORIENTED_EDGE('',*,*,#9801,.T.);
#9944 = ORIENTED_EDGE('',*,*,#9945,.T.);
#9945 = EDGE_CURVE('',#9804,#9946,#9948,.T.);
#9946 = VERTEX_POINT('',#9947);
#9947 = CARTESIAN_POINT('',(-16.47,-11.72,-32.8));
#9948 = LINE('',#9949,#9950);
#9949 = CARTESIAN_POINT('',(-16.47,-11.07,-32.8));
#9950 = VECTOR('',#9951,1.);
#9951 = DIRECTION('',(0.,-1.,1.0931426704E-14));
#9952 = ORIENTED_EDGE('',*,*,#9953,.T.);
#9953 = EDGE_CURVE('',#9946,#9937,#9954,.T.);
#9954 = LINE('',#9955,#9956);
#9955 = CARTESIAN_POINT('',(-16.47,-11.72,-32.8));
#9956 = VECTOR('',#9957,1.);
#9957 = DIRECTION('',(-1.,0.,0.));
#9958 = PLANE('',#9959);
#9959 = AXIS2_PLACEMENT_3D('',#9960,#9961,#9962);
#9960 = CARTESIAN_POINT('',(-17.77,-11.72,-32.8));
#9961 = DIRECTION('',(0.,0.,-1.));
#9962 = DIRECTION('',(1.,0.,0.));
#9963 = ADVANCED_FACE('',(#9964),#9982,.T.);
#9964 = FACE_BOUND('',#9965,.F.);
#9965 = EDGE_LOOP('',(#9966,#9974,#9975,#9976));
#9966 = ORIENTED_EDGE('',*,*,#9967,.T.);
#9967 = EDGE_CURVE('',#9968,#9837,#9970,.T.);
#9968 = VERTEX_POINT('',#9969);
#9969 = CARTESIAN_POINT('',(-17.77,-11.72,-24.));
#9970 = LINE('',#9971,#9972);
#9971 = CARTESIAN_POINT('',(-17.77,-11.72,-24.));
#9972 = VECTOR('',#9973,1.);
#9973 = DIRECTION('',(0.,1.,0.));
#9974 = ORIENTED_EDGE('',*,*,#9836,.F.);
#9975 = ORIENTED_EDGE('',*,*,#4440,.F.);
#9976 = ORIENTED_EDGE('',*,*,#9977,.T.);
#9977 = EDGE_CURVE('',#4433,#9968,#9978,.T.);
#9978 = LINE('',#9979,#9980);
#9979 = CARTESIAN_POINT('',(-17.77,-11.72,-22.));
#9980 = VECTOR('',#9981,1.);
#9981 = DIRECTION('',(0.,0.,-1.));
#9982 = PLANE('',#9983);
#9983 = AXIS2_PLACEMENT_3D('',#9984,#9985,#9986);
#9984 = CARTESIAN_POINT('',(-17.77,-11.72,-28.5));
#9985 = DIRECTION('',(-1.,0.,0.));
#9986 = DIRECTION('',(0.,1.,0.));
#9987 = ADVANCED_FACE('',(#9988),#10006,.T.);
#9988 = FACE_BOUND('',#9989,.F.);
#9989 = EDGE_LOOP('',(#9990,#9991,#9999,#10005));
#9990 = ORIENTED_EDGE('',*,*,#9936,.F.);
#9991 = ORIENTED_EDGE('',*,*,#9992,.T.);
#9992 = EDGE_CURVE('',#9937,#9993,#9995,.T.);
#9993 = VERTEX_POINT('',#9994);
#9994 = CARTESIAN_POINT('',(-17.77,-11.72,-37.8));
#9995 = LINE('',#9996,#9997);
#9996 = CARTESIAN_POINT('',(-17.77,-11.72,-32.8));
#9997 = VECTOR('',#9998,1.);
#9998 = DIRECTION('',(0.,0.,-1.));
#9999 = ORIENTED_EDGE('',*,*,#10000,.T.);
#10000 = EDGE_CURVE('',#9993,#9812,#10001,.T.);
#10001 = LINE('',#10002,#10003);
#10002 = CARTESIAN_POINT('',(-17.77,-11.72,-37.8));
#10003 = VECTOR('',#10004,1.);
#10004 = DIRECTION('',(0.,1.,0.));
#10005 = ORIENTED_EDGE('',*,*,#9811,.F.);
#10006 = PLANE('',#10007);
#10007 = AXIS2_PLACEMENT_3D('',#10008,#10009,#10010);
#10008 = CARTESIAN_POINT('',(-17.77,-11.72,-28.5));
#10009 = DIRECTION('',(-1.,0.,0.));
#10010 = DIRECTION('',(0.,1.,0.));
#10011 = ADVANCED_FACE('',(#10012),#10030,.F.);
#10012 = FACE_BOUND('',#10013,.F.);
#10013 = EDGE_LOOP('',(#10014,#10015,#10023,#10029));
#10014 = ORIENTED_EDGE('',*,*,#9967,.F.);
#10015 = ORIENTED_EDGE('',*,*,#10016,.F.);
#10016 = EDGE_CURVE('',#10017,#9968,#10019,.T.);
#10017 = VERTEX_POINT('',#10018);
#10018 = CARTESIAN_POINT('',(-16.47,-11.72,-24.));
#10019 = LINE('',#10020,#10021);
#10020 = CARTESIAN_POINT('',(-16.47,-11.72,-24.));
#10021 = VECTOR('',#10022,1.);
#10022 = DIRECTION('',(-1.,0.,0.));
#10023 = ORIENTED_EDGE('',*,*,#10024,.F.);
#10024 = EDGE_CURVE('',#9845,#10017,#10025,.T.);
#10025 = LINE('',#10026,#10027);
#10026 = CARTESIAN_POINT('',(-16.47,-11.07,-24.));
#10027 = VECTOR('',#10028,1.);
#10028 = DIRECTION('',(0.,-1.,0.));
#10029 = ORIENTED_EDGE('',*,*,#9844,.T.);
#10030 = PLANE('',#10031);
#10031 = AXIS2_PLACEMENT_3D('',#10032,#10033,#10034);
#10032 = CARTESIAN_POINT('',(-16.47,-11.72,-24.));
#10033 = DIRECTION('',(0.,0.,1.));
#10034 = DIRECTION('',(-1.,0.,0.));
#10035 = ADVANCED_FACE('',(#10036),#10047,.T.);
#10036 = FACE_BOUND('',#10037,.F.);
#10037 = EDGE_LOOP('',(#10038,#10039,#10040,#10041));
#10038 = ORIENTED_EDGE('',*,*,#10016,.T.);
#10039 = ORIENTED_EDGE('',*,*,#9977,.F.);
#10040 = ORIENTED_EDGE('',*,*,#4432,.F.);
#10041 = ORIENTED_EDGE('',*,*,#10042,.T.);
#10042 = EDGE_CURVE('',#4425,#10017,#10043,.T.);
#10043 = LINE('',#10044,#10045);
#10044 = CARTESIAN_POINT('',(-16.47,-11.72,-22.));
#10045 = VECTOR('',#10046,1.);
#10046 = DIRECTION('',(0.,0.,-1.));
#10047 = PLANE('',#10048);
#10048 = AXIS2_PLACEMENT_3D('',#10049,#10050,#10051);
#10049 = CARTESIAN_POINT('',(-16.47,-11.72,-28.5));
#10050 = DIRECTION('',(0.,-1.,0.));
#10051 = DIRECTION('',(-1.,0.,0.));
#10052 = ADVANCED_FACE('',(#10053),#10071,.T.);
#10053 = FACE_BOUND('',#10054,.F.);
#10054 = EDGE_LOOP('',(#10055,#10056,#10064,#10070));
#10055 = ORIENTED_EDGE('',*,*,#9953,.F.);
#10056 = ORIENTED_EDGE('',*,*,#10057,.T.);
#10057 = EDGE_CURVE('',#9946,#10058,#10060,.T.);
#10058 = VERTEX_POINT('',#10059);
#10059 = CARTESIAN_POINT('',(-16.47,-11.72,-37.8));
#10060 = LINE('',#10061,#10062);
#10061 = CARTESIAN_POINT('',(-16.47,-11.72,-32.8));
#10062 = VECTOR('',#10063,1.);
#10063 = DIRECTION('',(0.,0.,-1.));
#10064 = ORIENTED_EDGE('',*,*,#10065,.T.);
#10065 = EDGE_CURVE('',#10058,#9993,#10066,.T.);
#10066 = LINE('',#10067,#10068);
#10067 = CARTESIAN_POINT('',(-16.47,-11.72,-37.8));
#10068 = VECTOR('',#10069,1.);
#10069 = DIRECTION('',(-1.,0.,0.));
#10070 = ORIENTED_EDGE('',*,*,#9992,.F.);
#10071 = PLANE('',#10072);
#10072 = AXIS2_PLACEMENT_3D('',#10073,#10074,#10075);
#10073 = CARTESIAN_POINT('',(-16.47,-11.72,-28.5));
#10074 = DIRECTION('',(0.,-1.,0.));
#10075 = DIRECTION('',(-1.,0.,0.));
#10076 = ADVANCED_FACE('',(#10077),#10088,.T.);
#10077 = FACE_BOUND('',#10078,.F.);
#10078 = EDGE_LOOP('',(#10079,#10080,#10081,#10082));
#10079 = ORIENTED_EDGE('',*,*,#10024,.T.);
#10080 = ORIENTED_EDGE('',*,*,#10042,.F.);
#10081 = ORIENTED_EDGE('',*,*,#4424,.F.);
#10082 = ORIENTED_EDGE('',*,*,#10083,.T.);
#10083 = EDGE_CURVE('',#4417,#9845,#10084,.T.);
#10084 = LINE('',#10085,#10086);
#10085 = CARTESIAN_POINT('',(-16.47,-11.07,-22.));
#10086 = VECTOR('',#10087,1.);
#10087 = DIRECTION('',(0.,0.,-1.));
#10088 = PLANE('',#10089);
#10089 = AXIS2_PLACEMENT_3D('',#10090,#10091,#10092);
#10090 = CARTESIAN_POINT('',(-16.47,-11.07,-28.5));
#10091 = DIRECTION('',(1.,0.,0.));
#10092 = DIRECTION('',(0.,-1.,0.));
#10093 = ADVANCED_FACE('',(#10094),#10112,.T.);
#10094 = FACE_BOUND('',#10095,.F.);
#10095 = EDGE_LOOP('',(#10096,#10097,#10105,#10111));
#10096 = ORIENTED_EDGE('',*,*,#9945,.F.);
#10097 = ORIENTED_EDGE('',*,*,#10098,.T.);
#10098 = EDGE_CURVE('',#9804,#10099,#10101,.T.);
#10099 = VERTEX_POINT('',#10100);
#10100 = CARTESIAN_POINT('',(-16.47,-11.07,-37.8));
#10101 = LINE('',#10102,#10103);
#10102 = CARTESIAN_POINT('',(-16.47,-11.07,-32.8));
#10103 = VECTOR('',#10104,1.);
#10104 = DIRECTION('',(0.,0.,-1.));
#10105 = ORIENTED_EDGE('',*,*,#10106,.T.);
#10106 = EDGE_CURVE('',#10099,#10058,#10107,.T.);
#10107 = LINE('',#10108,#10109);
#10108 = CARTESIAN_POINT('',(-16.47,-11.07,-37.8));
#10109 = VECTOR('',#10110,1.);
#10110 = DIRECTION('',(0.,-1.,0.));
#10111 = ORIENTED_EDGE('',*,*,#10057,.F.);
#10112 = PLANE('',#10113);
#10113 = AXIS2_PLACEMENT_3D('',#10114,#10115,#10116);
#10114 = CARTESIAN_POINT('',(-16.47,-11.07,-28.5));
#10115 = DIRECTION('',(1.,0.,0.));
#10116 = DIRECTION('',(0.,-1.,0.));
#10117 = ADVANCED_FACE('',(#10118),#10138,.T.);
#10118 = FACE_BOUND('',#10119,.F.);
#10119 = EDGE_LOOP('',(#10120,#10121,#10122,#10123,#10131,#10137));
#10120 = ORIENTED_EDGE('',*,*,#9852,.F.);
#10121 = ORIENTED_EDGE('',*,*,#10083,.F.);
#10122 = ORIENTED_EDGE('',*,*,#4416,.F.);
#10123 = ORIENTED_EDGE('',*,*,#10124,.T.);
#10124 = EDGE_CURVE('',#4409,#10125,#10127,.T.);
#10125 = VERTEX_POINT('',#10126);
#10126 = CARTESIAN_POINT('',(-16.77,-10.77,-37.8));
#10127 = LINE('',#10128,#10129);
#10128 = CARTESIAN_POINT('',(-16.77,-10.77,-22.));
#10129 = VECTOR('',#10130,1.);
#10130 = DIRECTION('',(0.,0.,-1.));
#10131 = ORIENTED_EDGE('',*,*,#10132,.T.);
#10132 = EDGE_CURVE('',#10125,#10099,#10133,.T.);
#10133 = LINE('',#10134,#10135);
#10134 = CARTESIAN_POINT('',(-16.77,-10.77,-37.8));
#10135 = VECTOR('',#10136,1.);
#10136 = DIRECTION('',(0.707106781186,-0.707106781187,0.));
#10137 = ORIENTED_EDGE('',*,*,#10098,.F.);
#10138 = PLANE('',#10139);
#10139 = AXIS2_PLACEMENT_3D('',#10140,#10141,#10142);
#10140 = CARTESIAN_POINT('',(-16.77,-10.77,-28.5));
#10141 = DIRECTION('',(0.707106781187,0.707106781187,0.));
#10142 = DIRECTION('',(0.707106781187,-0.707106781187,0.));
#10143 = ADVANCED_FACE('',(#10144),#10162,.T.);
#10144 = FACE_BOUND('',#10145,.F.);
#10145 = EDGE_LOOP('',(#10146,#10154,#10160,#10161));
#10146 = ORIENTED_EDGE('',*,*,#10147,.T.);
#10147 = EDGE_CURVE('',#4401,#10148,#10150,.T.);
#10148 = VERTEX_POINT('',#10149);
#10149 = CARTESIAN_POINT('',(-16.77,-9.67,-37.8));
#10150 = LINE('',#10151,#10152);
#10151 = CARTESIAN_POINT('',(-16.77,-9.67,-22.));
#10152 = VECTOR('',#10153,1.);
#10153 = DIRECTION('',(0.,0.,-1.));
#10154 = ORIENTED_EDGE('',*,*,#10155,.T.);
#10155 = EDGE_CURVE('',#10148,#10125,#10156,.T.);
#10156 = LINE('',#10157,#10158);
#10157 = CARTESIAN_POINT('',(-16.77,-9.67,-37.8));
#10158 = VECTOR('',#10159,1.);
#10159 = DIRECTION('',(0.,-1.,0.));
#10160 = ORIENTED_EDGE('',*,*,#10124,.F.);
#10161 = ORIENTED_EDGE('',*,*,#4408,.F.);
#10162 = PLANE('',#10163);
#10163 = AXIS2_PLACEMENT_3D('',#10164,#10165,#10166);
#10164 = CARTESIAN_POINT('',(-16.77,-9.67,-28.5));
#10165 = DIRECTION('',(1.,0.,0.));
#10166 = DIRECTION('',(0.,-1.,0.));
#10167 = ADVANCED_FACE('',(#10168),#10186,.T.);
#10168 = FACE_BOUND('',#10169,.F.);
#10169 = EDGE_LOOP('',(#10170,#10178,#10184,#10185));
#10170 = ORIENTED_EDGE('',*,*,#10171,.T.);
#10171 = EDGE_CURVE('',#4393,#10172,#10174,.T.);
#10172 = VERTEX_POINT('',#10173);
#10173 = CARTESIAN_POINT('',(-16.47,-9.37,-37.8));
#10174 = LINE('',#10175,#10176);
#10175 = CARTESIAN_POINT('',(-16.47,-9.37,-22.));
#10176 = VECTOR('',#10177,1.);
#10177 = DIRECTION('',(0.,0.,-1.));
#10178 = ORIENTED_EDGE('',*,*,#10179,.T.);
#10179 = EDGE_CURVE('',#10172,#10148,#10180,.T.);
#10180 = LINE('',#10181,#10182);
#10181 = CARTESIAN_POINT('',(-16.47,-9.37,-37.8));
#10182 = VECTOR('',#10183,1.);
#10183 = DIRECTION('',(-0.707106781186,-0.707106781187,0.));
#10184 = ORIENTED_EDGE('',*,*,#10147,.F.);
#10185 = ORIENTED_EDGE('',*,*,#4400,.F.);
#10186 = PLANE('',#10187);
#10187 = AXIS2_PLACEMENT_3D('',#10188,#10189,#10190);
#10188 = CARTESIAN_POINT('',(-16.47,-9.37,-28.5));
#10189 = DIRECTION('',(0.707106781187,-0.707106781187,0.));
#10190 = DIRECTION('',(-0.707106781187,-0.707106781187,0.));
#10191 = ADVANCED_FACE('',(#10192),#10203,.T.);
#10192 = FACE_BOUND('',#10193,.F.);
#10193 = EDGE_LOOP('',(#10194,#10195,#10201,#10202));
#10194 = ORIENTED_EDGE('',*,*,#9228,.F.);
#10195 = ORIENTED_EDGE('',*,*,#10196,.T.);
#10196 = EDGE_CURVE('',#9221,#10172,#10197,.T.);
#10197 = LINE('',#10198,#10199);
#10198 = CARTESIAN_POINT('',(-16.47,-8.22,-37.8));
#10199 = VECTOR('',#10200,1.);
#10200 = DIRECTION('',(0.,-1.,0.));
#10201 = ORIENTED_EDGE('',*,*,#10171,.F.);
#10202 = ORIENTED_EDGE('',*,*,#4392,.T.);
#10203 = PLANE('',#10204);
#10204 = AXIS2_PLACEMENT_3D('',#10205,#10206,#10207);
#10205 = CARTESIAN_POINT('',(-16.47,-8.22,-28.5));
#10206 = DIRECTION('',(1.,0.,0.));
#10207 = DIRECTION('',(0.,-1.,0.));
#10208 = ADVANCED_FACE('',(#10209),#10290,.T.);
#10209 = FACE_BOUND('',#10210,.F.);
#10210 = EDGE_LOOP('',(#10211,#10221,#10229,#10237,#10245,#10253,#10261,
    #10269,#10275,#10276,#10284));
#10211 = ORIENTED_EDGE('',*,*,#10212,.F.);
#10212 = EDGE_CURVE('',#10213,#10215,#10217,.T.);
#10213 = VERTEX_POINT('',#10214);
#10214 = CARTESIAN_POINT('',(16.47,-8.22,-37.8));
#10215 = VERTEX_POINT('',#10216);
#10216 = CARTESIAN_POINT('',(18.05,-5.568671030682,-37.8));
#10217 = LINE('',#10218,#10219);
#10218 = CARTESIAN_POINT('',(16.47,-8.22,-37.8));
#10219 = VECTOR('',#10220,1.);
#10220 = DIRECTION('',(0.511921117478,0.85903246125,0.));
#10221 = ORIENTED_EDGE('',*,*,#10222,.F.);
#10222 = EDGE_CURVE('',#10223,#10213,#10225,.T.);
#10223 = VERTEX_POINT('',#10224);
#10224 = CARTESIAN_POINT('',(16.47,-9.37,-37.8));
#10225 = LINE('',#10226,#10227);
#10226 = CARTESIAN_POINT('',(16.47,-9.37,-37.8));
#10227 = VECTOR('',#10228,1.);
#10228 = DIRECTION('',(0.,1.,0.));
#10229 = ORIENTED_EDGE('',*,*,#10230,.F.);
#10230 = EDGE_CURVE('',#10231,#10223,#10233,.T.);
#10231 = VERTEX_POINT('',#10232);
#10232 = CARTESIAN_POINT('',(16.77,-9.67,-37.8));
#10233 = LINE('',#10234,#10235);
#10234 = CARTESIAN_POINT('',(16.77,-9.67,-37.8));
#10235 = VECTOR('',#10236,1.);
#10236 = DIRECTION('',(-0.707106781186,0.707106781187,0.));
#10237 = ORIENTED_EDGE('',*,*,#10238,.F.);
#10238 = EDGE_CURVE('',#10239,#10231,#10241,.T.);
#10239 = VERTEX_POINT('',#10240);
#10240 = CARTESIAN_POINT('',(16.77,-10.77,-37.8));
#10241 = LINE('',#10242,#10243);
#10242 = CARTESIAN_POINT('',(16.77,-10.77,-37.8));
#10243 = VECTOR('',#10244,1.);
#10244 = DIRECTION('',(0.,1.,0.));
#10245 = ORIENTED_EDGE('',*,*,#10246,.F.);
#10246 = EDGE_CURVE('',#10247,#10239,#10249,.T.);
#10247 = VERTEX_POINT('',#10248);
#10248 = CARTESIAN_POINT('',(16.47,-11.07,-37.8));
#10249 = LINE('',#10250,#10251);
#10250 = CARTESIAN_POINT('',(16.47,-11.07,-37.8));
#10251 = VECTOR('',#10252,1.);
#10252 = DIRECTION('',(0.707106781186,0.707106781187,0.));
#10253 = ORIENTED_EDGE('',*,*,#10254,.F.);
#10254 = EDGE_CURVE('',#10255,#10247,#10257,.T.);
#10255 = VERTEX_POINT('',#10256);
#10256 = CARTESIAN_POINT('',(16.47,-11.72,-37.8));
#10257 = LINE('',#10258,#10259);
#10258 = CARTESIAN_POINT('',(16.47,-11.72,-37.8));
#10259 = VECTOR('',#10260,1.);
#10260 = DIRECTION('',(0.,1.,0.));
#10261 = ORIENTED_EDGE('',*,*,#10262,.F.);
#10262 = EDGE_CURVE('',#10263,#10255,#10265,.T.);
#10263 = VERTEX_POINT('',#10264);
#10264 = CARTESIAN_POINT('',(17.77,-11.72,-37.8));
#10265 = LINE('',#10266,#10267);
#10266 = CARTESIAN_POINT('',(17.77,-11.72,-37.8));
#10267 = VECTOR('',#10268,1.);
#10268 = DIRECTION('',(-1.,0.,0.));
#10269 = ORIENTED_EDGE('',*,*,#10270,.F.);
#10270 = EDGE_CURVE('',#9869,#10263,#10271,.T.);
#10271 = LINE('',#10272,#10273);
#10272 = CARTESIAN_POINT('',(17.77,-11.07,-37.8));
#10273 = VECTOR('',#10274,1.);
#10274 = DIRECTION('',(0.,-1.,0.));
#10275 = ORIENTED_EDGE('',*,*,#9922,.F.);
#10276 = ORIENTED_EDGE('',*,*,#10277,.F.);
#10277 = EDGE_CURVE('',#10278,#9915,#10280,.T.);
#10278 = VERTEX_POINT('',#10279);
#10279 = CARTESIAN_POINT('',(18.95,-5.568671030682,-37.8));
#10280 = LINE('',#10281,#10282);
#10281 = CARTESIAN_POINT('',(18.95,-5.568671030682,-37.8));
#10282 = VECTOR('',#10283,1.);
#10283 = DIRECTION('',(0.,-1.,0.));
#10284 = ORIENTED_EDGE('',*,*,#10285,.F.);
#10285 = EDGE_CURVE('',#10215,#10278,#10286,.T.);
#10286 = LINE('',#10287,#10288);
#10287 = CARTESIAN_POINT('',(18.05,-5.568671030682,-37.8));
#10288 = VECTOR('',#10289,1.);
#10289 = DIRECTION('',(1.,0.,0.));
#10290 = PLANE('',#10291);
#10291 = AXIS2_PLACEMENT_3D('',#10292,#10293,#10294);
#10292 = CARTESIAN_POINT('',(0.,0.,-37.8));
#10293 = DIRECTION('',(0.,0.,-1.));
#10294 = DIRECTION('',(-1.,0.,0.));
#10295 = ADVANCED_FACE('',(#10296),#10314,.T.);
#10296 = FACE_BOUND('',#10297,.F.);
#10297 = EDGE_LOOP('',(#10298,#10299,#10300,#10301,#10307,#10308,#10309,
    #10310,#10311,#10312,#10313));
#10298 = ORIENTED_EDGE('',*,*,#10196,.F.);
#10299 = ORIENTED_EDGE('',*,*,#9220,.F.);
#10300 = ORIENTED_EDGE('',*,*,#9275,.F.);
#10301 = ORIENTED_EDGE('',*,*,#10302,.F.);
#10302 = EDGE_CURVE('',#9820,#9268,#10303,.T.);
#10303 = LINE('',#10304,#10305);
#10304 = CARTESIAN_POINT('',(-18.95,-11.07,-37.8));
#10305 = VECTOR('',#10306,1.);
#10306 = DIRECTION('',(0.,1.,0.));
#10307 = ORIENTED_EDGE('',*,*,#9819,.F.);
#10308 = ORIENTED_EDGE('',*,*,#10000,.F.);
#10309 = ORIENTED_EDGE('',*,*,#10065,.F.);
#10310 = ORIENTED_EDGE('',*,*,#10106,.F.);
#10311 = ORIENTED_EDGE('',*,*,#10132,.F.);
#10312 = ORIENTED_EDGE('',*,*,#10155,.F.);
#10313 = ORIENTED_EDGE('',*,*,#10179,.F.);
#10314 = PLANE('',#10315);
#10315 = AXIS2_PLACEMENT_3D('',#10316,#10317,#10318);
#10316 = CARTESIAN_POINT('',(0.,0.,-37.8));
#10317 = DIRECTION('',(0.,0.,-1.));
#10318 = DIRECTION('',(-1.,0.,0.));
#10319 = ADVANCED_FACE('',(#10320),#10336,.T.);
#10320 = FACE_BOUND('',#10321,.F.);
#10321 = EDGE_LOOP('',(#10322,#10328,#10329,#10335));
#10322 = ORIENTED_EDGE('',*,*,#10323,.F.);
#10323 = EDGE_CURVE('',#10213,#4612,#10324,.T.);
#10324 = LINE('',#10325,#10326);
#10325 = CARTESIAN_POINT('',(16.47,-8.22,-37.8));
#10326 = VECTOR('',#10327,1.);
#10327 = DIRECTION('',(0.,0.,1.));
#10328 = ORIENTED_EDGE('',*,*,#10212,.T.);
#10329 = ORIENTED_EDGE('',*,*,#10330,.F.);
#10330 = EDGE_CURVE('',#4620,#10215,#10331,.T.);
#10331 = LINE('',#10332,#10333);
#10332 = CARTESIAN_POINT('',(18.05,-5.568671030682,-22.));
#10333 = VECTOR('',#10334,1.);
#10334 = DIRECTION('',(0.,0.,-1.));
#10335 = ORIENTED_EDGE('',*,*,#4619,.F.);
#10336 = PLANE('',#10337);
#10337 = AXIS2_PLACEMENT_3D('',#10338,#10339,#10340);
#10338 = CARTESIAN_POINT('',(16.47,-8.22,-28.5));
#10339 = DIRECTION('',(-0.85903246125,0.511921117478,0.));
#10340 = DIRECTION('',(0.511921117478,0.85903246125,0.));
#10341 = ADVANCED_FACE('',(#10342),#10353,.T.);
#10342 = FACE_BOUND('',#10343,.F.);
#10343 = EDGE_LOOP('',(#10344,#10350,#10351,#10352));
#10344 = ORIENTED_EDGE('',*,*,#10345,.T.);
#10345 = EDGE_CURVE('',#4604,#10223,#10346,.T.);
#10346 = LINE('',#10347,#10348);
#10347 = CARTESIAN_POINT('',(16.47,-9.37,-22.));
#10348 = VECTOR('',#10349,1.);
#10349 = DIRECTION('',(0.,0.,-1.));
#10350 = ORIENTED_EDGE('',*,*,#10222,.T.);
#10351 = ORIENTED_EDGE('',*,*,#10323,.T.);
#10352 = ORIENTED_EDGE('',*,*,#4611,.T.);
#10353 = PLANE('',#10354);
#10354 = AXIS2_PLACEMENT_3D('',#10355,#10356,#10357);
#10355 = CARTESIAN_POINT('',(16.47,-9.37,-28.5));
#10356 = DIRECTION('',(-1.,0.,0.));
#10357 = DIRECTION('',(0.,1.,0.));
#10358 = ADVANCED_FACE('',(#10359),#10370,.T.);
#10359 = FACE_BOUND('',#10360,.F.);
#10360 = EDGE_LOOP('',(#10361,#10367,#10368,#10369));
#10361 = ORIENTED_EDGE('',*,*,#10362,.T.);
#10362 = EDGE_CURVE('',#4596,#10231,#10363,.T.);
#10363 = LINE('',#10364,#10365);
#10364 = CARTESIAN_POINT('',(16.77,-9.67,-22.));
#10365 = VECTOR('',#10366,1.);
#10366 = DIRECTION('',(0.,0.,-1.));
#10367 = ORIENTED_EDGE('',*,*,#10230,.T.);
#10368 = ORIENTED_EDGE('',*,*,#10345,.F.);
#10369 = ORIENTED_EDGE('',*,*,#4603,.F.);
#10370 = PLANE('',#10371);
#10371 = AXIS2_PLACEMENT_3D('',#10372,#10373,#10374);
#10372 = CARTESIAN_POINT('',(16.77,-9.67,-28.5));
#10373 = DIRECTION('',(-0.707106781187,-0.707106781187,0.));
#10374 = DIRECTION('',(-0.707106781187,0.707106781187,0.));
#10375 = ADVANCED_FACE('',(#10376),#10387,.T.);
#10376 = FACE_BOUND('',#10377,.F.);
#10377 = EDGE_LOOP('',(#10378,#10384,#10385,#10386));
#10378 = ORIENTED_EDGE('',*,*,#10379,.T.);
#10379 = EDGE_CURVE('',#4588,#10239,#10380,.T.);
#10380 = LINE('',#10381,#10382);
#10381 = CARTESIAN_POINT('',(16.77,-10.77,-22.));
#10382 = VECTOR('',#10383,1.);
#10383 = DIRECTION('',(0.,0.,-1.));
#10384 = ORIENTED_EDGE('',*,*,#10238,.T.);
#10385 = ORIENTED_EDGE('',*,*,#10362,.F.);
#10386 = ORIENTED_EDGE('',*,*,#4595,.F.);
#10387 = PLANE('',#10388);
#10388 = AXIS2_PLACEMENT_3D('',#10389,#10390,#10391);
#10389 = CARTESIAN_POINT('',(16.77,-10.77,-28.5));
#10390 = DIRECTION('',(-1.,0.,0.));
#10391 = DIRECTION('',(0.,1.,0.));
#10392 = ADVANCED_FACE('',(#10393),#10411,.T.);
#10393 = FACE_BOUND('',#10394,.F.);
#10394 = EDGE_LOOP('',(#10395,#10396,#10402,#10403,#10404,#10405));
#10395 = ORIENTED_EDGE('',*,*,#9884,.T.);
#10396 = ORIENTED_EDGE('',*,*,#10397,.T.);
#10397 = EDGE_CURVE('',#9877,#10247,#10398,.T.);
#10398 = LINE('',#10399,#10400);
#10399 = CARTESIAN_POINT('',(16.47,-11.07,-32.8));
#10400 = VECTOR('',#10401,1.);
#10401 = DIRECTION('',(0.,0.,-1.));
#10402 = ORIENTED_EDGE('',*,*,#10246,.T.);
#10403 = ORIENTED_EDGE('',*,*,#10379,.F.);
#10404 = ORIENTED_EDGE('',*,*,#4587,.F.);
#10405 = ORIENTED_EDGE('',*,*,#10406,.T.);
#10406 = EDGE_CURVE('',#4580,#9885,#10407,.T.);
#10407 = LINE('',#10408,#10409);
#10408 = CARTESIAN_POINT('',(16.47,-11.07,-22.));
#10409 = VECTOR('',#10410,1.);
#10410 = DIRECTION('',(0.,0.,-1.));
#10411 = PLANE('',#10412);
#10412 = AXIS2_PLACEMENT_3D('',#10413,#10414,#10415);
#10413 = CARTESIAN_POINT('',(16.47,-11.07,-28.5));
#10414 = DIRECTION('',(-0.707106781187,0.707106781186,0.));
#10415 = DIRECTION('',(0.707106781186,0.707106781187,0.));
#10416 = ADVANCED_FACE('',(#10417),#10435,.T.);
#10417 = FACE_BOUND('',#10418,.F.);
#10418 = EDGE_LOOP('',(#10419,#10427,#10433,#10434));
#10419 = ORIENTED_EDGE('',*,*,#10420,.F.);
#10420 = EDGE_CURVE('',#10421,#9877,#10423,.T.);
#10421 = VERTEX_POINT('',#10422);
#10422 = CARTESIAN_POINT('',(16.47,-11.72,-32.8));
#10423 = LINE('',#10424,#10425);
#10424 = CARTESIAN_POINT('',(16.47,-11.72,-32.8));
#10425 = VECTOR('',#10426,1.);
#10426 = DIRECTION('',(0.,1.,-1.0931426704E-14));
#10427 = ORIENTED_EDGE('',*,*,#10428,.T.);
#10428 = EDGE_CURVE('',#10421,#10255,#10429,.T.);
#10429 = LINE('',#10430,#10431);
#10430 = CARTESIAN_POINT('',(16.47,-11.72,-32.8));
#10431 = VECTOR('',#10432,1.);
#10432 = DIRECTION('',(0.,0.,-1.));
#10433 = ORIENTED_EDGE('',*,*,#10254,.T.);
#10434 = ORIENTED_EDGE('',*,*,#10397,.F.);
#10435 = PLANE('',#10436);
#10436 = AXIS2_PLACEMENT_3D('',#10437,#10438,#10439);
#10437 = CARTESIAN_POINT('',(16.47,-11.72,-28.5));
#10438 = DIRECTION('',(-1.,0.,0.));
#10439 = DIRECTION('',(0.,1.,0.));
#10440 = ADVANCED_FACE('',(#10441),#10459,.T.);
#10441 = FACE_BOUND('',#10442,.F.);
#10442 = EDGE_LOOP('',(#10443,#10451,#10452,#10453));
#10443 = ORIENTED_EDGE('',*,*,#10444,.T.);
#10444 = EDGE_CURVE('',#10445,#9885,#10447,.T.);
#10445 = VERTEX_POINT('',#10446);
#10446 = CARTESIAN_POINT('',(16.47,-11.72,-24.));
#10447 = LINE('',#10448,#10449);
#10448 = CARTESIAN_POINT('',(16.47,-11.72,-24.));
#10449 = VECTOR('',#10450,1.);
#10450 = DIRECTION('',(0.,1.,0.));
#10451 = ORIENTED_EDGE('',*,*,#10406,.F.);
#10452 = ORIENTED_EDGE('',*,*,#4579,.F.);
#10453 = ORIENTED_EDGE('',*,*,#10454,.T.);
#10454 = EDGE_CURVE('',#4572,#10445,#10455,.T.);
#10455 = LINE('',#10456,#10457);
#10456 = CARTESIAN_POINT('',(16.47,-11.72,-22.));
#10457 = VECTOR('',#10458,1.);
#10458 = DIRECTION('',(0.,0.,-1.));
#10459 = PLANE('',#10460);
#10460 = AXIS2_PLACEMENT_3D('',#10461,#10462,#10463);
#10461 = CARTESIAN_POINT('',(16.47,-11.72,-28.5));
#10462 = DIRECTION('',(-1.,0.,0.));
#10463 = DIRECTION('',(0.,1.,0.));
#10464 = ADVANCED_FACE('',(#10465),#10483,.F.);
#10465 = FACE_BOUND('',#10466,.F.);
#10466 = EDGE_LOOP('',(#10467,#10475,#10481,#10482));
#10467 = ORIENTED_EDGE('',*,*,#10468,.T.);
#10468 = EDGE_CURVE('',#9867,#10469,#10471,.T.);
#10469 = VERTEX_POINT('',#10470);
#10470 = CARTESIAN_POINT('',(17.77,-11.72,-32.8));
#10471 = LINE('',#10472,#10473);
#10472 = CARTESIAN_POINT('',(17.77,-11.07,-32.8));
#10473 = VECTOR('',#10474,1.);
#10474 = DIRECTION('',(0.,-1.,0.));
#10475 = ORIENTED_EDGE('',*,*,#10476,.T.);
#10476 = EDGE_CURVE('',#10469,#10421,#10477,.T.);
#10477 = LINE('',#10478,#10479);
#10478 = CARTESIAN_POINT('',(17.77,-11.72,-32.8));
#10479 = VECTOR('',#10480,1.);
#10480 = DIRECTION('',(-1.,0.,0.));
#10481 = ORIENTED_EDGE('',*,*,#10420,.T.);
#10482 = ORIENTED_EDGE('',*,*,#9876,.T.);
#10483 = PLANE('',#10484);
#10484 = AXIS2_PLACEMENT_3D('',#10485,#10486,#10487);
#10485 = CARTESIAN_POINT('',(16.47,-11.72,-32.8));
#10486 = DIRECTION('',(0.,0.,-1.));
#10487 = DIRECTION('',(1.,0.,0.));
#10488 = ADVANCED_FACE('',(#10489),#10500,.T.);
#10489 = FACE_BOUND('',#10490,.F.);
#10490 = EDGE_LOOP('',(#10491,#10492,#10493,#10494));
#10491 = ORIENTED_EDGE('',*,*,#10468,.F.);
#10492 = ORIENTED_EDGE('',*,*,#9866,.T.);
#10493 = ORIENTED_EDGE('',*,*,#10270,.T.);
#10494 = ORIENTED_EDGE('',*,*,#10495,.F.);
#10495 = EDGE_CURVE('',#10469,#10263,#10496,.T.);
#10496 = LINE('',#10497,#10498);
#10497 = CARTESIAN_POINT('',(17.77,-11.72,-32.8));
#10498 = VECTOR('',#10499,1.);
#10499 = DIRECTION('',(0.,0.,-1.));
#10500 = PLANE('',#10501);
#10501 = AXIS2_PLACEMENT_3D('',#10502,#10503,#10504);
#10502 = CARTESIAN_POINT('',(17.77,-11.07,-28.5));
#10503 = DIRECTION('',(1.,0.,0.));
#10504 = DIRECTION('',(0.,-1.,0.));
#10505 = ADVANCED_FACE('',(#10506),#10524,.T.);
#10506 = FACE_BOUND('',#10507,.F.);
#10507 = EDGE_LOOP('',(#10508,#10516,#10522,#10523));
#10508 = ORIENTED_EDGE('',*,*,#10509,.T.);
#10509 = EDGE_CURVE('',#9893,#10510,#10512,.T.);
#10510 = VERTEX_POINT('',#10511);
#10511 = CARTESIAN_POINT('',(17.77,-11.72,-24.));
#10512 = LINE('',#10513,#10514);
#10513 = CARTESIAN_POINT('',(17.77,-11.07,-24.));
#10514 = VECTOR('',#10515,1.);
#10515 = DIRECTION('',(0.,-1.,0.));
#10516 = ORIENTED_EDGE('',*,*,#10517,.F.);
#10517 = EDGE_CURVE('',#4564,#10510,#10518,.T.);
#10518 = LINE('',#10519,#10520);
#10519 = CARTESIAN_POINT('',(17.77,-11.72,-22.));
#10520 = VECTOR('',#10521,1.);
#10521 = DIRECTION('',(0.,0.,-1.));
#10522 = ORIENTED_EDGE('',*,*,#4563,.F.);
#10523 = ORIENTED_EDGE('',*,*,#9900,.T.);
#10524 = PLANE('',#10525);
#10525 = AXIS2_PLACEMENT_3D('',#10526,#10527,#10528);
#10526 = CARTESIAN_POINT('',(17.77,-11.07,-28.5));
#10527 = DIRECTION('',(1.,0.,0.));
#10528 = DIRECTION('',(0.,-1.,0.));
#10529 = ADVANCED_FACE('',(#10530),#10536,.T.);
#10530 = FACE_BOUND('',#10531,.F.);
#10531 = EDGE_LOOP('',(#10532,#10533,#10534,#10535));
#10532 = ORIENTED_EDGE('',*,*,#10476,.F.);
#10533 = ORIENTED_EDGE('',*,*,#10495,.T.);
#10534 = ORIENTED_EDGE('',*,*,#10262,.T.);
#10535 = ORIENTED_EDGE('',*,*,#10428,.F.);
#10536 = PLANE('',#10537);
#10537 = AXIS2_PLACEMENT_3D('',#10538,#10539,#10540);
#10538 = CARTESIAN_POINT('',(17.77,-11.72,-28.5));
#10539 = DIRECTION('',(0.,-1.,0.));
#10540 = DIRECTION('',(-1.,0.,0.));
#10541 = ADVANCED_FACE('',(#10542),#10553,.T.);
#10542 = FACE_BOUND('',#10543,.F.);
#10543 = EDGE_LOOP('',(#10544,#10550,#10551,#10552));
#10544 = ORIENTED_EDGE('',*,*,#10545,.T.);
#10545 = EDGE_CURVE('',#10510,#10445,#10546,.T.);
#10546 = LINE('',#10547,#10548);
#10547 = CARTESIAN_POINT('',(17.77,-11.72,-24.));
#10548 = VECTOR('',#10549,1.);
#10549 = DIRECTION('',(-1.,0.,0.));
#10550 = ORIENTED_EDGE('',*,*,#10454,.F.);
#10551 = ORIENTED_EDGE('',*,*,#4571,.F.);
#10552 = ORIENTED_EDGE('',*,*,#10517,.T.);
#10553 = PLANE('',#10554);
#10554 = AXIS2_PLACEMENT_3D('',#10555,#10556,#10557);
#10555 = CARTESIAN_POINT('',(17.77,-11.72,-28.5));
#10556 = DIRECTION('',(0.,-1.,0.));
#10557 = DIRECTION('',(-1.,0.,0.));
#10558 = ADVANCED_FACE('',(#10559),#10565,.F.);
#10559 = FACE_BOUND('',#10560,.F.);
#10560 = EDGE_LOOP('',(#10561,#10562,#10563,#10564));
#10561 = ORIENTED_EDGE('',*,*,#10509,.F.);
#10562 = ORIENTED_EDGE('',*,*,#9892,.T.);
#10563 = ORIENTED_EDGE('',*,*,#10444,.F.);
#10564 = ORIENTED_EDGE('',*,*,#10545,.F.);
#10565 = PLANE('',#10566);
#10566 = AXIS2_PLACEMENT_3D('',#10567,#10568,#10569);
#10567 = CARTESIAN_POINT('',(17.77,-11.72,-24.));
#10568 = DIRECTION('',(0.,0.,1.));
#10569 = DIRECTION('',(-1.,0.,0.));
#10570 = ADVANCED_FACE('',(#10571),#10604,.T.);
#10571 = FACE_BOUND('',#10572,.F.);
#10572 = EDGE_LOOP('',(#10573,#10581,#10589,#10595,#10601,#10602,#10603)
  );
#10573 = ORIENTED_EDGE('',*,*,#10574,.F.);
#10574 = EDGE_CURVE('',#10575,#10278,#10577,.T.);
#10575 = VERTEX_POINT('',#10576);
#10576 = CARTESIAN_POINT('',(18.95,-5.568671030682,-33.1));
#10577 = LINE('',#10578,#10579);
#10578 = CARTESIAN_POINT('',(18.95,-5.568671030682,-33.1));
#10579 = VECTOR('',#10580,1.);
#10580 = DIRECTION('',(0.,0.,-1.));
#10581 = ORIENTED_EDGE('',*,*,#10582,.T.);
#10582 = EDGE_CURVE('',#10575,#10583,#10585,.T.);
#10583 = VERTEX_POINT('',#10584);
#10584 = CARTESIAN_POINT('',(22.75,-5.568671030682,-33.1));
#10585 = LINE('',#10586,#10587);
#10586 = CARTESIAN_POINT('',(18.95,-5.568671030682,-33.1));
#10587 = VECTOR('',#10588,1.);
#10588 = DIRECTION('',(1.,0.,0.));
#10589 = ORIENTED_EDGE('',*,*,#10590,.F.);
#10590 = EDGE_CURVE('',#9408,#10583,#10591,.T.);
#10591 = LINE('',#10592,#10593);
#10592 = CARTESIAN_POINT('',(22.75,-5.568671030682,-28.5));
#10593 = VECTOR('',#10594,1.);
#10594 = DIRECTION('',(0.,0.,-1.));
#10595 = ORIENTED_EDGE('',*,*,#10596,.T.);
#10596 = EDGE_CURVE('',#9408,#4628,#10597,.T.);
#10597 = LINE('',#10598,#10599);
#10598 = CARTESIAN_POINT('',(22.75,-5.568671030682,-28.5));
#10599 = VECTOR('',#10600,1.);
#10600 = DIRECTION('',(0.,0.,1.));
#10601 = ORIENTED_EDGE('',*,*,#4627,.F.);
#10602 = ORIENTED_EDGE('',*,*,#10330,.T.);
#10603 = ORIENTED_EDGE('',*,*,#10285,.T.);
#10604 = PLANE('',#10605);
#10605 = AXIS2_PLACEMENT_3D('',#10606,#10607,#10608);
#10606 = CARTESIAN_POINT('',(18.05,-5.568671030682,-28.5));
#10607 = DIRECTION('',(0.,1.,0.));
#10608 = DIRECTION('',(1.,0.,0.));
#10609 = ADVANCED_FACE('',(#10610),#10630,.T.);
#10610 = FACE_BOUND('',#10611,.F.);
#10611 = EDGE_LOOP('',(#10612,#10620,#10621,#10622,#10623,#10624));
#10612 = ORIENTED_EDGE('',*,*,#10613,.F.);
#10613 = EDGE_CURVE('',#10575,#10614,#10616,.T.);
#10614 = VERTEX_POINT('',#10615);
#10615 = CARTESIAN_POINT('',(18.95,-7.218671030682,-33.1));
#10616 = LINE('',#10617,#10618);
#10617 = CARTESIAN_POINT('',(18.95,-5.568671030682,-33.1));
#10618 = VECTOR('',#10619,1.);
#10619 = DIRECTION('',(0.,-1.,0.));
#10620 = ORIENTED_EDGE('',*,*,#10574,.T.);
#10621 = ORIENTED_EDGE('',*,*,#10277,.T.);
#10622 = ORIENTED_EDGE('',*,*,#9914,.F.);
#10623 = ORIENTED_EDGE('',*,*,#9425,.F.);
#10624 = ORIENTED_EDGE('',*,*,#10625,.T.);
#10625 = EDGE_CURVE('',#9418,#10614,#10626,.T.);
#10626 = LINE('',#10627,#10628);
#10627 = CARTESIAN_POINT('',(18.95,-7.218671030682,-28.5));
#10628 = VECTOR('',#10629,1.);
#10629 = DIRECTION('',(0.,0.,-1.));
#10630 = PLANE('',#10631);
#10631 = AXIS2_PLACEMENT_3D('',#10632,#10633,#10634);
#10632 = CARTESIAN_POINT('',(18.95,-5.568671030682,-22.));
#10633 = DIRECTION('',(1.,0.,0.));
#10634 = DIRECTION('',(0.,-1.,0.));
#10635 = ADVANCED_FACE('',(#10636),#10654,.T.);
#10636 = FACE_BOUND('',#10637,.F.);
#10637 = EDGE_LOOP('',(#10638,#10639,#10647,#10653));
#10638 = ORIENTED_EDGE('',*,*,#10613,.T.);
#10639 = ORIENTED_EDGE('',*,*,#10640,.F.);
#10640 = EDGE_CURVE('',#10641,#10614,#10643,.T.);
#10641 = VERTEX_POINT('',#10642);
#10642 = CARTESIAN_POINT('',(22.75,-7.218671030682,-33.1));
#10643 = LINE('',#10644,#10645);
#10644 = CARTESIAN_POINT('',(22.75,-7.218671030682,-33.1));
#10645 = VECTOR('',#10646,1.);
#10646 = DIRECTION('',(-1.,0.,0.));
#10647 = ORIENTED_EDGE('',*,*,#10648,.F.);
#10648 = EDGE_CURVE('',#10583,#10641,#10649,.T.);
#10649 = LINE('',#10650,#10651);
#10650 = CARTESIAN_POINT('',(22.75,-5.568671030682,-33.1));
#10651 = VECTOR('',#10652,1.);
#10652 = DIRECTION('',(0.,-1.,0.));
#10653 = ORIENTED_EDGE('',*,*,#10582,.F.);
#10654 = PLANE('',#10655);
#10655 = AXIS2_PLACEMENT_3D('',#10656,#10657,#10658);
#10656 = CARTESIAN_POINT('',(0.,0.,-33.1));
#10657 = DIRECTION('',(0.,0.,-1.));
#10658 = DIRECTION('',(-1.,0.,0.));
#10659 = ADVANCED_FACE('',(#10660),#10685,.T.);
#10660 = FACE_BOUND('',#10661,.F.);
#10661 = EDGE_LOOP('',(#10662,#10663,#10671,#10679));
#10662 = ORIENTED_EDGE('',*,*,#9259,.F.);
#10663 = ORIENTED_EDGE('',*,*,#10664,.F.);
#10664 = EDGE_CURVE('',#10665,#9252,#10667,.T.);
#10665 = VERTEX_POINT('',#10666);
#10666 = CARTESIAN_POINT('',(-22.75,-7.218671030682,-33.1));
#10667 = LINE('',#10668,#10669);
#10668 = CARTESIAN_POINT('',(-22.75,-7.218671030682,-33.1));
#10669 = VECTOR('',#10670,1.);
#10670 = DIRECTION('',(0.,1.,0.));
#10671 = ORIENTED_EDGE('',*,*,#10672,.F.);
#10672 = EDGE_CURVE('',#10673,#10665,#10675,.T.);
#10673 = VERTEX_POINT('',#10674);
#10674 = CARTESIAN_POINT('',(-18.95,-7.218671030682,-33.1));
#10675 = LINE('',#10676,#10677);
#10676 = CARTESIAN_POINT('',(-18.95,-7.218671030682,-33.1));
#10677 = VECTOR('',#10678,1.);
#10678 = DIRECTION('',(-1.,0.,0.));
#10679 = ORIENTED_EDGE('',*,*,#10680,.F.);
#10680 = EDGE_CURVE('',#9260,#10673,#10681,.T.);
#10681 = LINE('',#10682,#10683);
#10682 = CARTESIAN_POINT('',(-18.95,-5.568671030682,-33.1));
#10683 = VECTOR('',#10684,1.);
#10684 = DIRECTION('',(0.,-1.,0.));
#10685 = PLANE('',#10686);
#10686 = AXIS2_PLACEMENT_3D('',#10687,#10688,#10689);
#10687 = CARTESIAN_POINT('',(0.,0.,-33.1));
#10688 = DIRECTION('',(0.,0.,-1.));
#10689 = DIRECTION('',(-1.,0.,0.));
#10690 = ADVANCED_FACE('',(#10691,#10702),#10721,.T.);
#10691 = FACE_BOUND('',#10692,.F.);
#10692 = EDGE_LOOP('',(#10693,#10694,#10700,#10701));
#10693 = ORIENTED_EDGE('',*,*,#9417,.F.);
#10694 = ORIENTED_EDGE('',*,*,#10695,.T.);
#10695 = EDGE_CURVE('',#9410,#10641,#10696,.T.);
#10696 = LINE('',#10697,#10698);
#10697 = CARTESIAN_POINT('',(22.75,-7.218671030682,-28.5));
#10698 = VECTOR('',#10699,1.);
#10699 = DIRECTION('',(0.,0.,-1.));
#10700 = ORIENTED_EDGE('',*,*,#10640,.T.);
#10701 = ORIENTED_EDGE('',*,*,#10625,.F.);
#10702 = FACE_BOUND('',#10703,.F.);
#10703 = EDGE_LOOP('',(#10704,#10715));
#10704 = ORIENTED_EDGE('',*,*,#10705,.T.);
#10705 = EDGE_CURVE('',#10706,#10708,#10710,.T.);
#10706 = VERTEX_POINT('',#10707);
#10707 = CARTESIAN_POINT('',(21.56,-7.218671030682,-30.54873440116));
#10708 = VERTEX_POINT('',#10709);
#10709 = CARTESIAN_POINT('',(21.56,-7.218671030682,-32.05126559884));
#10710 = CIRCLE('',#10711,1.);
#10711 = AXIS2_PLACEMENT_3D('',#10712,#10713,#10714);
#10712 = CARTESIAN_POINT('',(20.9,-7.218671030682,-31.3));
#10713 = DIRECTION('',(0.,-1.,0.));
#10714 = DIRECTION('',(0.66,0.,0.75126559884));
#10715 = ORIENTED_EDGE('',*,*,#10716,.T.);
#10716 = EDGE_CURVE('',#10708,#10706,#10717,.T.);
#10717 = LINE('',#10718,#10719);
#10718 = CARTESIAN_POINT('',(21.56,-7.218671030682,-32.05126559884));
#10719 = VECTOR('',#10720,1.);
#10720 = DIRECTION('',(0.,0.,1.));
#10721 = PLANE('',#10722);
#10722 = AXIS2_PLACEMENT_3D('',#10723,#10724,#10725);
#10723 = CARTESIAN_POINT('',(22.75,-7.218671030682,-22.));
#10724 = DIRECTION('',(0.,-1.,0.));
#10725 = DIRECTION('',(-1.,0.,0.));
#10726 = ADVANCED_FACE('',(#10727),#10733,.T.);
#10727 = FACE_BOUND('',#10728,.F.);
#10728 = EDGE_LOOP('',(#10729,#10730,#10731,#10732));
#10729 = ORIENTED_EDGE('',*,*,#9407,.F.);
#10730 = ORIENTED_EDGE('',*,*,#10590,.T.);
#10731 = ORIENTED_EDGE('',*,*,#10648,.T.);
#10732 = ORIENTED_EDGE('',*,*,#10695,.F.);
#10733 = PLANE('',#10734);
#10734 = AXIS2_PLACEMENT_3D('',#10735,#10736,#10737);
#10735 = CARTESIAN_POINT('',(22.75,-5.568671030682,-22.));
#10736 = DIRECTION('',(1.,0.,0.));
#10737 = DIRECTION('',(0.,-1.,0.));
#10738 = ADVANCED_FACE('',(#10739),#10790,.T.);
#10739 = FACE_BOUND('',#10740,.T.);
#10740 = EDGE_LOOP('',(#10741,#10749,#10750,#10758,#10766,#10775,#10784)
  );
#10741 = ORIENTED_EDGE('',*,*,#10742,.F.);
#10742 = EDGE_CURVE('',#10706,#10743,#10745,.T.);
#10743 = VERTEX_POINT('',#10744);
#10744 = CARTESIAN_POINT('',(21.56,-13.56867103068,-30.54873440116));
#10745 = LINE('',#10746,#10747);
#10746 = CARTESIAN_POINT('',(21.56,-7.218671030682,-30.54873440116));
#10747 = VECTOR('',#10748,1.);
#10748 = DIRECTION('',(0.,-1.,0.));
#10749 = ORIENTED_EDGE('',*,*,#10705,.T.);
#10750 = ORIENTED_EDGE('',*,*,#10751,.T.);
#10751 = EDGE_CURVE('',#10708,#10752,#10754,.T.);
#10752 = VERTEX_POINT('',#10753);
#10753 = CARTESIAN_POINT('',(21.56,-13.56867103068,-32.05126559884));
#10754 = LINE('',#10755,#10756);
#10755 = CARTESIAN_POINT('',(21.56,-7.218671030682,-32.05126559884));
#10756 = VECTOR('',#10757,1.);
#10757 = DIRECTION('',(0.,-1.,0.));
#10758 = ORIENTED_EDGE('',*,*,#10759,.F.);
#10759 = EDGE_CURVE('',#10760,#10752,#10762,.T.);
#10760 = VERTEX_POINT('',#10761);
#10761 = CARTESIAN_POINT('',(21.56,-14.63378730975,-32.05126559884));
#10762 = LINE('',#10763,#10764);
#10763 = CARTESIAN_POINT('',(21.56,-14.63378730975,-32.05126559884));
#10764 = VECTOR('',#10765,1.);
#10765 = DIRECTION('',(0.,1.,0.));
#10766 = ORIENTED_EDGE('',*,*,#10767,.F.);
#10767 = EDGE_CURVE('',#10768,#10760,#10770,.T.);
#10768 = VERTEX_POINT('',#10769);
#10769 = CARTESIAN_POINT('',(19.9,-14.63378730975,-31.3));
#10770 = CIRCLE('',#10771,1.);
#10771 = AXIS2_PLACEMENT_3D('',#10772,#10773,#10774);
#10772 = CARTESIAN_POINT('',(20.9,-14.63378730975,-31.3));
#10773 = DIRECTION('',(0.,-1.,0.));
#10774 = DIRECTION('',(-1.,0.,0.));
#10775 = ORIENTED_EDGE('',*,*,#10776,.F.);
#10776 = EDGE_CURVE('',#10777,#10768,#10779,.T.);
#10777 = VERTEX_POINT('',#10778);
#10778 = CARTESIAN_POINT('',(21.56,-14.63378730975,-30.54873440116));
#10779 = CIRCLE('',#10780,1.);
#10780 = AXIS2_PLACEMENT_3D('',#10781,#10782,#10783);
#10781 = CARTESIAN_POINT('',(20.9,-14.63378730975,-31.3));
#10782 = DIRECTION('',(0.,-1.,0.));
#10783 = DIRECTION('',(0.66,0.,0.75126559884));
#10784 = ORIENTED_EDGE('',*,*,#10785,.T.);
#10785 = EDGE_CURVE('',#10777,#10743,#10786,.T.);
#10786 = LINE('',#10787,#10788);
#10787 = CARTESIAN_POINT('',(21.56,-14.63378730975,-30.54873440116));
#10788 = VECTOR('',#10789,1.);
#10789 = DIRECTION('',(0.,1.,0.));
#10790 = CYLINDRICAL_SURFACE('',#10791,1.);
#10791 = AXIS2_PLACEMENT_3D('',#10792,#10793,#10794);
#10792 = CARTESIAN_POINT('',(20.9,-7.218671030682,-31.3));
#10793 = DIRECTION('',(0.,-1.,0.));
#10794 = DIRECTION('',(-1.,0.,0.));
#10795 = ADVANCED_FACE('',(#10796),#10824,.T.);
#10796 = FACE_BOUND('',#10797,.F.);
#10797 = EDGE_LOOP('',(#10798,#10808,#10817,#10818));
#10798 = ORIENTED_EDGE('',*,*,#10799,.T.);
#10799 = EDGE_CURVE('',#10800,#10802,#10804,.T.);
#10800 = VERTEX_POINT('',#10801);
#10801 = CARTESIAN_POINT('',(22.19830658937,-13.56867103068,
    -30.54873440116));
#10802 = VERTEX_POINT('',#10803);
#10803 = CARTESIAN_POINT('',(22.19830658937,-14.16867103068,
    -30.54873440116));
#10804 = LINE('',#10805,#10806);
#10805 = CARTESIAN_POINT('',(22.19830658937,-13.56867103068,
    -30.54873440116));
#10806 = VECTOR('',#10807,1.);
#10807 = DIRECTION('',(0.,-1.,0.));
#10808 = ORIENTED_EDGE('',*,*,#10809,.F.);
#10809 = EDGE_CURVE('',#10777,#10802,#10810,.T.);
#10810 = B_SPLINE_CURVE_WITH_KNOTS('',3,(#10811,#10812,#10813,#10814,
    #10815,#10816),.UNSPECIFIED.,.F.,.F.,(4,1,1,4),(0.,0.333333333333,
    0.666666666667,1.),.UNSPECIFIED.);
#10811 = CARTESIAN_POINT('',(21.56,-14.63378730975,-30.54873440116));
#10812 = CARTESIAN_POINT('',(21.62518886027,-14.59376438159,
    -30.54873440116));
#10813 = CARTESIAN_POINT('',(21.75883707101,-14.5050574751,
    -30.54873440116));
#10814 = CARTESIAN_POINT('',(21.97103262437,-14.34889343397,
    -30.54873440116));
#10815 = CARTESIAN_POINT('',(22.12099240478,-14.23092065258,
    -30.54873440116));
#10816 = CARTESIAN_POINT('',(22.19830658937,-14.16867103068,
    -30.54873440116));
#10817 = ORIENTED_EDGE('',*,*,#10785,.T.);
#10818 = ORIENTED_EDGE('',*,*,#10819,.F.);
#10819 = EDGE_CURVE('',#10800,#10743,#10820,.T.);
#10820 = LINE('',#10821,#10822);
#10821 = CARTESIAN_POINT('',(22.19830658937,-13.56867103068,
    -30.54873440116));
#10822 = VECTOR('',#10823,1.);
#10823 = DIRECTION('',(-1.,0.,0.));
#10824 = PLANE('',#10825);
#10825 = AXIS2_PLACEMENT_3D('',#10826,#10827,#10828);
#10826 = CARTESIAN_POINT('',(22.19830658937,-13.56867103068,
    -30.54873440116));
#10827 = DIRECTION('',(0.,0.,1.));
#10828 = DIRECTION('',(-1.,0.,0.));
#10829 = ADVANCED_FACE('',(#10830),#10866,.T.);
#10830 = FACE_BOUND('',#10831,.T.);
#10831 = EDGE_LOOP('',(#10832,#10842,#10849,#10850,#10859));
#10832 = ORIENTED_EDGE('',*,*,#10833,.F.);
#10833 = EDGE_CURVE('',#10834,#10836,#10838,.T.);
#10834 = VERTEX_POINT('',#10835);
#10835 = CARTESIAN_POINT('',(22.19830658937,-13.56867103068,
    -32.05126559884));
#10836 = VERTEX_POINT('',#10837);
#10837 = CARTESIAN_POINT('',(22.19830658937,-14.16867103068,
    -32.05126559884));
#10838 = LINE('',#10839,#10840);
#10839 = CARTESIAN_POINT('',(22.19830658937,-13.56867103068,
    -32.05126559884));
#10840 = VECTOR('',#10841,1.);
#10841 = DIRECTION('',(0.,-1.,0.));
#10842 = ORIENTED_EDGE('',*,*,#10843,.F.);
#10843 = EDGE_CURVE('',#10800,#10834,#10844,.T.);
#10844 = CIRCLE('',#10845,1.5);
#10845 = AXIS2_PLACEMENT_3D('',#10846,#10847,#10848);
#10846 = CARTESIAN_POINT('',(20.9,-13.56867103068,-31.3));
#10847 = DIRECTION('',(0.,1.,0.));
#10848 = DIRECTION('',(0.865537726246,-0.,0.50084373256));
#10849 = ORIENTED_EDGE('',*,*,#10799,.T.);
#10850 = ORIENTED_EDGE('',*,*,#10851,.F.);
#10851 = EDGE_CURVE('',#10852,#10802,#10854,.T.);
#10852 = VERTEX_POINT('',#10853);
#10853 = CARTESIAN_POINT('',(22.4,-14.16867103068,-31.3));
#10854 = CIRCLE('',#10855,1.5);
#10855 = AXIS2_PLACEMENT_3D('',#10856,#10857,#10858);
#10856 = CARTESIAN_POINT('',(20.9,-14.16867103068,-31.3));
#10857 = DIRECTION('',(0.,-1.,0.));
#10858 = DIRECTION('',(1.,0.,0.));
#10859 = ORIENTED_EDGE('',*,*,#10860,.F.);
#10860 = EDGE_CURVE('',#10836,#10852,#10861,.T.);
#10861 = CIRCLE('',#10862,1.5);
#10862 = AXIS2_PLACEMENT_3D('',#10863,#10864,#10865);
#10863 = CARTESIAN_POINT('',(20.9,-14.16867103068,-31.3));
#10864 = DIRECTION('',(0.,-1.,0.));
#10865 = DIRECTION('',(0.865537726246,0.,-0.50084373256));
#10866 = CYLINDRICAL_SURFACE('',#10867,1.5);
#10867 = AXIS2_PLACEMENT_3D('',#10868,#10869,#10870);
#10868 = CARTESIAN_POINT('',(20.9,-13.56867103068,-31.3));
#10869 = DIRECTION('',(0.,-1.,0.));
#10870 = DIRECTION('',(1.,0.,0.));
#10871 = ADVANCED_FACE('',(#10872),#10908,.T.);
#10872 = FACE_BOUND('',#10873,.T.);
#10873 = EDGE_LOOP('',(#10874,#10875,#10883,#10892,#10898,#10899));
#10874 = ORIENTED_EDGE('',*,*,#10860,.T.);
#10875 = ORIENTED_EDGE('',*,*,#10876,.T.);
#10876 = EDGE_CURVE('',#10852,#10877,#10879,.T.);
#10877 = VERTEX_POINT('',#10878);
#10878 = CARTESIAN_POINT('',(21.325,-15.16867103068,-31.3));
#10879 = LINE('',#10880,#10881);
#10880 = CARTESIAN_POINT('',(22.4,-14.16867103068,-31.3));
#10881 = VECTOR('',#10882,1.);
#10882 = DIRECTION('',(-0.732186738163,-0.681103942477,0.));
#10883 = ORIENTED_EDGE('',*,*,#10884,.T.);
#10884 = EDGE_CURVE('',#10877,#10885,#10887,.T.);
#10885 = VERTEX_POINT('',#10886);
#10886 = CARTESIAN_POINT('',(20.475,-15.16867103068,-31.3));
#10887 = CIRCLE('',#10888,0.425);
#10888 = AXIS2_PLACEMENT_3D('',#10889,#10890,#10891);
#10889 = CARTESIAN_POINT('',(20.9,-15.16867103068,-31.3));
#10890 = DIRECTION('',(-0.,1.,0.));
#10891 = DIRECTION('',(1.,0.,0.));
#10892 = ORIENTED_EDGE('',*,*,#10893,.F.);
#10893 = EDGE_CURVE('',#10768,#10885,#10894,.T.);
#10894 = LINE('',#10895,#10896);
#10895 = CARTESIAN_POINT('',(19.9,-14.63378730975,-31.3));
#10896 = VECTOR('',#10897,1.);
#10897 = DIRECTION('',(0.732186738163,-0.681103942477,0.));
#10898 = ORIENTED_EDGE('',*,*,#10767,.T.);
#10899 = ORIENTED_EDGE('',*,*,#10900,.F.);
#10900 = EDGE_CURVE('',#10836,#10760,#10901,.T.);
#10901 = B_SPLINE_CURVE_WITH_KNOTS('',3,(#10902,#10903,#10904,#10905,
    #10906,#10907),.UNSPECIFIED.,.F.,.F.,(4,1,1,4),(0.,0.333333333333,
    0.666666666667,1.),.UNSPECIFIED.);
#10902 = CARTESIAN_POINT('',(22.19830658937,-14.16867103068,
    -32.05126559884));
#10903 = CARTESIAN_POINT('',(22.12103047181,-14.23089000285,
    -32.05126559884));
#10904 = CARTESIAN_POINT('',(21.97112285569,-14.34882350658,
    -32.05126559884));
#10905 = CARTESIAN_POINT('',(21.7589407993,-14.50498496518,
    -32.05126559884));
#10906 = CARTESIAN_POINT('',(21.62523507264,-14.59373600934,
    -32.05126559884));
#10907 = CARTESIAN_POINT('',(21.56,-14.63378730975,-32.05126559884));
#10908 = CONICAL_SURFACE('',#10909,0.9625,0.82152701391);
#10909 = AXIS2_PLACEMENT_3D('',#10910,#10911,#10912);
#10910 = CARTESIAN_POINT('',(20.9,-14.66867103068,-31.3));
#10911 = DIRECTION('',(0.,1.,0.));
#10912 = DIRECTION('',(-1.,0.,0.));
#10913 = ADVANCED_FACE('',(#10914),#10925,.T.);
#10914 = FACE_BOUND('',#10915,.F.);
#10915 = EDGE_LOOP('',(#10916,#10917,#10918,#10919));
#10916 = ORIENTED_EDGE('',*,*,#10759,.F.);
#10917 = ORIENTED_EDGE('',*,*,#10900,.F.);
#10918 = ORIENTED_EDGE('',*,*,#10833,.F.);
#10919 = ORIENTED_EDGE('',*,*,#10920,.F.);
#10920 = EDGE_CURVE('',#10752,#10834,#10921,.T.);
#10921 = LINE('',#10922,#10923);
#10922 = CARTESIAN_POINT('',(21.56,-13.56867103068,-32.05126559884));
#10923 = VECTOR('',#10924,1.);
#10924 = DIRECTION('',(1.,0.,1.113168417174E-14));
#10925 = PLANE('',#10926);
#10926 = AXIS2_PLACEMENT_3D('',#10927,#10928,#10929);
#10927 = CARTESIAN_POINT('',(21.56,-13.56867103068,-32.05126559884));
#10928 = DIRECTION('',(0.,0.,-1.));
#10929 = DIRECTION('',(1.,0.,0.));
#10930 = ADVANCED_FACE('',(#10931),#10966,.F.);
#10931 = FACE_BOUND('',#10932,.F.);
#10932 = EDGE_LOOP('',(#10933,#10943,#10951,#10960));
#10933 = ORIENTED_EDGE('',*,*,#10934,.F.);
#10934 = EDGE_CURVE('',#10935,#10937,#10939,.T.);
#10935 = VERTEX_POINT('',#10936);
#10936 = CARTESIAN_POINT('',(-21.56,-13.56867103068,-30.54873440116));
#10937 = VERTEX_POINT('',#10938);
#10938 = CARTESIAN_POINT('',(-21.56,-13.56867103068,-32.05126559884));
#10939 = LINE('',#10940,#10941);
#10940 = CARTESIAN_POINT('',(-21.56,-13.56867103068,-30.54873440116));
#10941 = VECTOR('',#10942,1.);
#10942 = DIRECTION('',(0.,0.,-1.));
#10943 = ORIENTED_EDGE('',*,*,#10944,.T.);
#10944 = EDGE_CURVE('',#10935,#10945,#10947,.T.);
#10945 = VERTEX_POINT('',#10946);
#10946 = CARTESIAN_POINT('',(-22.19830658937,-13.56867103068,
    -30.54873440116));
#10947 = LINE('',#10948,#10949);
#10948 = CARTESIAN_POINT('',(-21.56,-13.56867103068,-30.54873440116));
#10949 = VECTOR('',#10950,1.);
#10950 = DIRECTION('',(-1.,0.,0.));
#10951 = ORIENTED_EDGE('',*,*,#10952,.F.);
#10952 = EDGE_CURVE('',#10953,#10945,#10955,.T.);
#10953 = VERTEX_POINT('',#10954);
#10954 = CARTESIAN_POINT('',(-22.19830658937,-13.56867103068,
    -32.05126559884));
#10955 = CIRCLE('',#10956,1.5);
#10956 = AXIS2_PLACEMENT_3D('',#10957,#10958,#10959);
#10957 = CARTESIAN_POINT('',(-20.9,-13.56867103068,-31.3));
#10958 = DIRECTION('',(0.,1.,0.));
#10959 = DIRECTION('',(-0.865537726246,0.,-0.50084373256));
#10960 = ORIENTED_EDGE('',*,*,#10961,.T.);
#10961 = EDGE_CURVE('',#10953,#10937,#10962,.T.);
#10962 = LINE('',#10963,#10964);
#10963 = CARTESIAN_POINT('',(-22.19830658937,-13.56867103068,
    -32.05126559884));
#10964 = VECTOR('',#10965,1.);
#10965 = DIRECTION('',(1.,0.,-1.113168417174E-14));
#10966 = PLANE('',#10967);
#10967 = AXIS2_PLACEMENT_3D('',#10968,#10969,#10970);
#10968 = CARTESIAN_POINT('',(0.,-13.56867103068,0.));
#10969 = DIRECTION('',(0.,-1.,0.));
#10970 = DIRECTION('',(1.,0.,0.));
#10971 = ADVANCED_FACE('',(#10972),#10983,.F.);
#10972 = FACE_BOUND('',#10973,.F.);
#10973 = EDGE_LOOP('',(#10974,#10980,#10981,#10982));
#10974 = ORIENTED_EDGE('',*,*,#10975,.F.);
#10975 = EDGE_CURVE('',#10752,#10743,#10976,.T.);
#10976 = LINE('',#10977,#10978);
#10977 = CARTESIAN_POINT('',(21.56,-13.56867103068,-32.05126559884));
#10978 = VECTOR('',#10979,1.);
#10979 = DIRECTION('',(0.,0.,1.));
#10980 = ORIENTED_EDGE('',*,*,#10920,.T.);
#10981 = ORIENTED_EDGE('',*,*,#10843,.F.);
#10982 = ORIENTED_EDGE('',*,*,#10819,.T.);
#10983 = PLANE('',#10984);
#10984 = AXIS2_PLACEMENT_3D('',#10985,#10986,#10987);
#10985 = CARTESIAN_POINT('',(0.,-13.56867103068,0.));
#10986 = DIRECTION('',(0.,-1.,0.));
#10987 = DIRECTION('',(1.,0.,0.));
#10988 = ADVANCED_FACE('',(#10989),#11014,.T.);
#10989 = FACE_BOUND('',#10990,.F.);
#10990 = EDGE_LOOP('',(#10991,#10992,#11000,#11008));
#10991 = ORIENTED_EDGE('',*,*,#10934,.T.);
#10992 = ORIENTED_EDGE('',*,*,#10993,.F.);
#10993 = EDGE_CURVE('',#10994,#10937,#10996,.T.);
#10994 = VERTEX_POINT('',#10995);
#10995 = CARTESIAN_POINT('',(-21.56,-7.218671030682,-32.05126559884));
#10996 = LINE('',#10997,#10998);
#10997 = CARTESIAN_POINT('',(-21.56,-7.218671030682,-32.05126559884));
#10998 = VECTOR('',#10999,1.);
#10999 = DIRECTION('',(0.,-1.,0.));
#11000 = ORIENTED_EDGE('',*,*,#11001,.F.);
#11001 = EDGE_CURVE('',#11002,#10994,#11004,.T.);
#11002 = VERTEX_POINT('',#11003);
#11003 = CARTESIAN_POINT('',(-21.56,-7.218671030682,-30.54873440116));
#11004 = LINE('',#11005,#11006);
#11005 = CARTESIAN_POINT('',(-21.56,-7.218671030682,-30.54873440116));
#11006 = VECTOR('',#11007,1.);
#11007 = DIRECTION('',(0.,0.,-1.));
#11008 = ORIENTED_EDGE('',*,*,#11009,.T.);
#11009 = EDGE_CURVE('',#11002,#10935,#11010,.T.);
#11010 = LINE('',#11011,#11012);
#11011 = CARTESIAN_POINT('',(-21.56,-7.218671030682,-30.54873440116));
#11012 = VECTOR('',#11013,1.);
#11013 = DIRECTION('',(0.,-1.,0.));
#11014 = PLANE('',#11015);
#11015 = AXIS2_PLACEMENT_3D('',#11016,#11017,#11018);
#11016 = CARTESIAN_POINT('',(-21.56,-7.218671030682,-30.54873440116));
#11017 = DIRECTION('',(-1.,0.,0.));
#11018 = DIRECTION('',(0.,0.,-1.));
#11019 = ADVANCED_FACE('',(#11020),#11063,.T.);
#11020 = FACE_BOUND('',#11021,.T.);
#11021 = EDGE_LOOP('',(#11022,#11023,#11030,#11031,#11039,#11048,#11057)
  );
#11022 = ORIENTED_EDGE('',*,*,#10993,.F.);
#11023 = ORIENTED_EDGE('',*,*,#11024,.T.);
#11024 = EDGE_CURVE('',#10994,#11002,#11025,.T.);
#11025 = CIRCLE('',#11026,1.);
#11026 = AXIS2_PLACEMENT_3D('',#11027,#11028,#11029);
#11027 = CARTESIAN_POINT('',(-20.9,-7.218671030682,-31.3));
#11028 = DIRECTION('',(0.,-1.,0.));
#11029 = DIRECTION('',(-0.66,-0.,-0.75126559884));
#11030 = ORIENTED_EDGE('',*,*,#11009,.T.);
#11031 = ORIENTED_EDGE('',*,*,#11032,.F.);
#11032 = EDGE_CURVE('',#11033,#10935,#11035,.T.);
#11033 = VERTEX_POINT('',#11034);
#11034 = CARTESIAN_POINT('',(-21.56,-14.63378730975,-30.54873440116));
#11035 = LINE('',#11036,#11037);
#11036 = CARTESIAN_POINT('',(-21.56,-14.63378730975,-30.54873440116));
#11037 = VECTOR('',#11038,1.);
#11038 = DIRECTION('',(0.,1.,0.));
#11039 = ORIENTED_EDGE('',*,*,#11040,.F.);
#11040 = EDGE_CURVE('',#11041,#11033,#11043,.T.);
#11041 = VERTEX_POINT('',#11042);
#11042 = CARTESIAN_POINT('',(-19.9,-14.63378730975,-31.3));
#11043 = CIRCLE('',#11044,1.);
#11044 = AXIS2_PLACEMENT_3D('',#11045,#11046,#11047);
#11045 = CARTESIAN_POINT('',(-20.9,-14.63378730975,-31.3));
#11046 = DIRECTION('',(0.,-1.,0.));
#11047 = DIRECTION('',(1.,0.,0.));
#11048 = ORIENTED_EDGE('',*,*,#11049,.F.);
#11049 = EDGE_CURVE('',#11050,#11041,#11052,.T.);
#11050 = VERTEX_POINT('',#11051);
#11051 = CARTESIAN_POINT('',(-21.56,-14.63378730975,-32.05126559884));
#11052 = CIRCLE('',#11053,1.);
#11053 = AXIS2_PLACEMENT_3D('',#11054,#11055,#11056);
#11054 = CARTESIAN_POINT('',(-20.9,-14.63378730975,-31.3));
#11055 = DIRECTION('',(0.,-1.,0.));
#11056 = DIRECTION('',(-0.66,-0.,-0.75126559884));
#11057 = ORIENTED_EDGE('',*,*,#11058,.T.);
#11058 = EDGE_CURVE('',#11050,#10937,#11059,.T.);
#11059 = LINE('',#11060,#11061);
#11060 = CARTESIAN_POINT('',(-21.56,-14.63378730975,-32.05126559884));
#11061 = VECTOR('',#11062,1.);
#11062 = DIRECTION('',(-1.000655162806E-14,1.,0.));
#11063 = CYLINDRICAL_SURFACE('',#11064,1.);
#11064 = AXIS2_PLACEMENT_3D('',#11065,#11066,#11067);
#11065 = CARTESIAN_POINT('',(-20.9,-7.218671030682,-31.3));
#11066 = DIRECTION('',(0.,-1.,0.));
#11067 = DIRECTION('',(-1.,0.,0.));
#11068 = ADVANCED_FACE('',(#11069),#11090,.T.);
#11069 = FACE_BOUND('',#11070,.F.);
#11070 = EDGE_LOOP('',(#11071,#11079,#11088,#11089));
#11071 = ORIENTED_EDGE('',*,*,#11072,.T.);
#11072 = EDGE_CURVE('',#10953,#11073,#11075,.T.);
#11073 = VERTEX_POINT('',#11074);
#11074 = CARTESIAN_POINT('',(-22.19830658937,-14.16867103068,
    -32.05126559884));
#11075 = LINE('',#11076,#11077);
#11076 = CARTESIAN_POINT('',(-22.19830658937,-13.56867103068,
    -32.05126559884));
#11077 = VECTOR('',#11078,1.);
#11078 = DIRECTION('',(0.,-1.,-2.368475785867E-14));
#11079 = ORIENTED_EDGE('',*,*,#11080,.T.);
#11080 = EDGE_CURVE('',#11073,#11050,#11081,.T.);
#11081 = B_SPLINE_CURVE_WITH_KNOTS('',3,(#11082,#11083,#11084,#11085,
    #11086,#11087),.UNSPECIFIED.,.F.,.F.,(4,1,1,4),(0.,0.333333333333,
    0.666666666667,1.),.UNSPECIFIED.);
#11082 = CARTESIAN_POINT('',(-22.19830658937,-14.16867103068,
    -32.05126559884));
#11083 = CARTESIAN_POINT('',(-22.12103047181,-14.23089000285,
    -32.05126559884));
#11084 = CARTESIAN_POINT('',(-21.97112285569,-14.34882350658,
    -32.05126559884));
#11085 = CARTESIAN_POINT('',(-21.7589407993,-14.50498496518,
    -32.05126559884));
#11086 = CARTESIAN_POINT('',(-21.62523507264,-14.59373600934,
    -32.05126559884));
#11087 = CARTESIAN_POINT('',(-21.56,-14.63378730975,-32.05126559884));
#11088 = ORIENTED_EDGE('',*,*,#11058,.T.);
#11089 = ORIENTED_EDGE('',*,*,#10961,.F.);
#11090 = PLANE('',#11091);
#11091 = AXIS2_PLACEMENT_3D('',#11092,#11093,#11094);
#11092 = CARTESIAN_POINT('',(-22.19830658937,-13.56867103068,
    -32.05126559884));
#11093 = DIRECTION('',(0.,0.,-1.));
#11094 = DIRECTION('',(1.,0.,0.));
#11095 = ADVANCED_FACE('',(#11096),#11124,.T.);
#11096 = FACE_BOUND('',#11097,.T.);
#11097 = EDGE_LOOP('',(#11098,#11106,#11107,#11108,#11117));
#11098 = ORIENTED_EDGE('',*,*,#11099,.F.);
#11099 = EDGE_CURVE('',#10945,#11100,#11102,.T.);
#11100 = VERTEX_POINT('',#11101);
#11101 = CARTESIAN_POINT('',(-22.19830658937,-14.16867103068,
    -30.54873440116));
#11102 = LINE('',#11103,#11104);
#11103 = CARTESIAN_POINT('',(-22.19830658937,-13.56867103068,
    -30.54873440116));
#11104 = VECTOR('',#11105,1.);
#11105 = DIRECTION('',(0.,-1.,0.));
#11106 = ORIENTED_EDGE('',*,*,#10952,.F.);
#11107 = ORIENTED_EDGE('',*,*,#11072,.T.);
#11108 = ORIENTED_EDGE('',*,*,#11109,.F.);
#11109 = EDGE_CURVE('',#11110,#11073,#11112,.T.);
#11110 = VERTEX_POINT('',#11111);
#11111 = CARTESIAN_POINT('',(-22.4,-14.16867103068,-31.3));
#11112 = CIRCLE('',#11113,1.5);
#11113 = AXIS2_PLACEMENT_3D('',#11114,#11115,#11116);
#11114 = CARTESIAN_POINT('',(-20.9,-14.16867103068,-31.3));
#11115 = DIRECTION('',(0.,-1.,0.));
#11116 = DIRECTION('',(-1.,0.,0.));
#11117 = ORIENTED_EDGE('',*,*,#11118,.F.);
#11118 = EDGE_CURVE('',#11100,#11110,#11119,.T.);
#11119 = CIRCLE('',#11120,1.5);
#11120 = AXIS2_PLACEMENT_3D('',#11121,#11122,#11123);
#11121 = CARTESIAN_POINT('',(-20.9,-14.16867103068,-31.3));
#11122 = DIRECTION('',(0.,-1.,0.));
#11123 = DIRECTION('',(-0.865537726246,0.,0.50084373256));
#11124 = CYLINDRICAL_SURFACE('',#11125,1.5);
#11125 = AXIS2_PLACEMENT_3D('',#11126,#11127,#11128);
#11126 = CARTESIAN_POINT('',(-20.9,-13.56867103068,-31.3));
#11127 = DIRECTION('',(0.,-1.,0.));
#11128 = DIRECTION('',(1.,0.,0.));
#11129 = ADVANCED_FACE('',(#11130),#11166,.T.);
#11130 = FACE_BOUND('',#11131,.T.);
#11131 = EDGE_LOOP('',(#11132,#11133,#11141,#11150,#11156,#11157));
#11132 = ORIENTED_EDGE('',*,*,#11118,.T.);
#11133 = ORIENTED_EDGE('',*,*,#11134,.T.);
#11134 = EDGE_CURVE('',#11110,#11135,#11137,.T.);
#11135 = VERTEX_POINT('',#11136);
#11136 = CARTESIAN_POINT('',(-21.325,-15.16867103068,-31.3));
#11137 = LINE('',#11138,#11139);
#11138 = CARTESIAN_POINT('',(-22.4,-14.16867103068,-31.3));
#11139 = VECTOR('',#11140,1.);
#11140 = DIRECTION('',(0.732186738163,-0.681103942477,0.));
#11141 = ORIENTED_EDGE('',*,*,#11142,.T.);
#11142 = EDGE_CURVE('',#11135,#11143,#11145,.T.);
#11143 = VERTEX_POINT('',#11144);
#11144 = CARTESIAN_POINT('',(-20.475,-15.16867103068,-31.3));
#11145 = CIRCLE('',#11146,0.425);
#11146 = AXIS2_PLACEMENT_3D('',#11147,#11148,#11149);
#11147 = CARTESIAN_POINT('',(-20.9,-15.16867103068,-31.3));
#11148 = DIRECTION('',(0.,1.,0.));
#11149 = DIRECTION('',(-1.,0.,0.));
#11150 = ORIENTED_EDGE('',*,*,#11151,.F.);
#11151 = EDGE_CURVE('',#11041,#11143,#11152,.T.);
#11152 = LINE('',#11153,#11154);
#11153 = CARTESIAN_POINT('',(-19.9,-14.63378730975,-31.3));
#11154 = VECTOR('',#11155,1.);
#11155 = DIRECTION('',(-0.732186738163,-0.681103942477,0.));
#11156 = ORIENTED_EDGE('',*,*,#11040,.T.);
#11157 = ORIENTED_EDGE('',*,*,#11158,.T.);
#11158 = EDGE_CURVE('',#11033,#11100,#11159,.T.);
#11159 = B_SPLINE_CURVE_WITH_KNOTS('',3,(#11160,#11161,#11162,#11163,
    #11164,#11165),.UNSPECIFIED.,.F.,.F.,(4,1,1,4),(0.,0.333333333333,
    0.666666666667,1.),.UNSPECIFIED.);
#11160 = CARTESIAN_POINT('',(-21.56,-14.63378730975,-30.54873440116));
#11161 = CARTESIAN_POINT('',(-21.62518886027,-14.59376438159,
    -30.54873440116));
#11162 = CARTESIAN_POINT('',(-21.75883707101,-14.5050574751,
    -30.54873440116));
#11163 = CARTESIAN_POINT('',(-21.97103262437,-14.34889343397,
    -30.54873440116));
#11164 = CARTESIAN_POINT('',(-22.12099240478,-14.23092065258,
    -30.54873440116));
#11165 = CARTESIAN_POINT('',(-22.19830658937,-14.16867103068,
    -30.54873440116));
#11166 = CONICAL_SURFACE('',#11167,0.9625,0.82152701391);
#11167 = AXIS2_PLACEMENT_3D('',#11168,#11169,#11170);
#11168 = CARTESIAN_POINT('',(-20.9,-14.66867103068,-31.3));
#11169 = DIRECTION('',(0.,1.,0.));
#11170 = DIRECTION('',(-1.,0.,0.));
#11171 = ADVANCED_FACE('',(#11172),#11178,.T.);
#11172 = FACE_BOUND('',#11173,.F.);
#11173 = EDGE_LOOP('',(#11174,#11175,#11176,#11177));
#11174 = ORIENTED_EDGE('',*,*,#11032,.F.);
#11175 = ORIENTED_EDGE('',*,*,#11158,.T.);
#11176 = ORIENTED_EDGE('',*,*,#11099,.F.);
#11177 = ORIENTED_EDGE('',*,*,#10944,.F.);
#11178 = PLANE('',#11179);
#11179 = AXIS2_PLACEMENT_3D('',#11180,#11181,#11182);
#11180 = CARTESIAN_POINT('',(-21.56,-13.56867103068,-30.54873440116));
#11181 = DIRECTION('',(0.,0.,1.));
#11182 = DIRECTION('',(-1.,0.,0.));
#11183 = ADVANCED_FACE('',(#11184),#11198,.T.);
#11184 = FACE_BOUND('',#11185,.T.);
#11185 = EDGE_LOOP('',(#11186,#11187,#11194,#11195,#11196,#11197));
#11186 = ORIENTED_EDGE('',*,*,#11151,.T.);
#11187 = ORIENTED_EDGE('',*,*,#11188,.F.);
#11188 = EDGE_CURVE('',#11135,#11143,#11189,.T.);
#11189 = CIRCLE('',#11190,0.425);
#11190 = AXIS2_PLACEMENT_3D('',#11191,#11192,#11193);
#11191 = CARTESIAN_POINT('',(-20.9,-15.16867103068,-31.3));
#11192 = DIRECTION('',(0.,-1.,0.));
#11193 = DIRECTION('',(-1.,0.,0.));
#11194 = ORIENTED_EDGE('',*,*,#11134,.F.);
#11195 = ORIENTED_EDGE('',*,*,#11109,.T.);
#11196 = ORIENTED_EDGE('',*,*,#11080,.T.);
#11197 = ORIENTED_EDGE('',*,*,#11049,.T.);
#11198 = CONICAL_SURFACE('',#11199,0.9625,0.82152701391);
#11199 = AXIS2_PLACEMENT_3D('',#11200,#11201,#11202);
#11200 = CARTESIAN_POINT('',(-20.9,-14.66867103068,-31.3));
#11201 = DIRECTION('',(0.,1.,0.));
#11202 = DIRECTION('',(-1.,0.,0.));
#11203 = ADVANCED_FACE('',(#11204),#11208,.T.);
#11204 = FACE_BOUND('',#11205,.F.);
#11205 = EDGE_LOOP('',(#11206,#11207));
#11206 = ORIENTED_EDGE('',*,*,#11142,.T.);
#11207 = ORIENTED_EDGE('',*,*,#11188,.F.);
#11208 = PLANE('',#11209);
#11209 = AXIS2_PLACEMENT_3D('',#11210,#11211,#11212);
#11210 = CARTESIAN_POINT('',(-20.9,-15.16867103068,-31.3));
#11211 = DIRECTION('',(0.,-1.,0.));
#11212 = DIRECTION('',(1.,0.,0.));
#11213 = ADVANCED_FACE('',(#11214,#11230),#11234,.T.);
#11214 = FACE_BOUND('',#11215,.F.);
#11215 = EDGE_LOOP('',(#11216,#11217,#11223,#11224));
#11216 = ORIENTED_EDGE('',*,*,#9496,.F.);
#11217 = ORIENTED_EDGE('',*,*,#11218,.T.);
#11218 = EDGE_CURVE('',#9497,#10673,#11219,.T.);
#11219 = LINE('',#11220,#11221);
#11220 = CARTESIAN_POINT('',(-18.95,-7.218671030682,-28.5));
#11221 = VECTOR('',#11222,1.);
#11222 = DIRECTION('',(0.,0.,-1.));
#11223 = ORIENTED_EDGE('',*,*,#10672,.T.);
#11224 = ORIENTED_EDGE('',*,*,#11225,.F.);
#11225 = EDGE_CURVE('',#9499,#10665,#11226,.T.);
#11226 = LINE('',#11227,#11228);
#11227 = CARTESIAN_POINT('',(-22.75,-7.218671030682,-28.5));
#11228 = VECTOR('',#11229,1.);
#11229 = DIRECTION('',(0.,0.,-1.));
#11230 = FACE_BOUND('',#11231,.F.);
#11231 = EDGE_LOOP('',(#11232,#11233));
#11232 = ORIENTED_EDGE('',*,*,#11001,.T.);
#11233 = ORIENTED_EDGE('',*,*,#11024,.T.);
#11234 = PLANE('',#11235);
#11235 = AXIS2_PLACEMENT_3D('',#11236,#11237,#11238);
#11236 = CARTESIAN_POINT('',(-18.95,-7.218671030682,-22.));
#11237 = DIRECTION('',(0.,-1.,0.));
#11238 = DIRECTION('',(-1.,0.,0.));
#11239 = ADVANCED_FACE('',(#11240),#11248,.T.);
#11240 = FACE_BOUND('',#11241,.F.);
#11241 = EDGE_LOOP('',(#11242,#11243,#11244,#11245,#11246,#11247));
#11242 = ORIENTED_EDGE('',*,*,#10680,.T.);
#11243 = ORIENTED_EDGE('',*,*,#11218,.F.);
#11244 = ORIENTED_EDGE('',*,*,#9570,.F.);
#11245 = ORIENTED_EDGE('',*,*,#9827,.T.);
#11246 = ORIENTED_EDGE('',*,*,#10302,.T.);
#11247 = ORIENTED_EDGE('',*,*,#9267,.F.);
#11248 = PLANE('',#11249);
#11249 = AXIS2_PLACEMENT_3D('',#11250,#11251,#11252);
#11250 = CARTESIAN_POINT('',(-18.95,-11.07,-22.));
#11251 = DIRECTION('',(-1.,0.,0.));
#11252 = DIRECTION('',(0.,1.,0.));
#11253 = ADVANCED_FACE('',(#11254),#11260,.T.);
#11254 = FACE_BOUND('',#11255,.F.);
#11255 = EDGE_LOOP('',(#11256,#11257,#11258,#11259));
#11256 = ORIENTED_EDGE('',*,*,#9506,.F.);
#11257 = ORIENTED_EDGE('',*,*,#11225,.T.);
#11258 = ORIENTED_EDGE('',*,*,#10664,.T.);
#11259 = ORIENTED_EDGE('',*,*,#9251,.F.);
#11260 = PLANE('',#11261);
#11261 = AXIS2_PLACEMENT_3D('',#11262,#11263,#11264);
#11262 = CARTESIAN_POINT('',(-22.75,-7.218671030682,-22.));
#11263 = DIRECTION('',(-1.,0.,0.));
#11264 = DIRECTION('',(0.,1.,0.));
#11265 = ADVANCED_FACE('',(#11266),#11272,.T.);
#11266 = FACE_BOUND('',#11267,.F.);
#11267 = EDGE_LOOP('',(#11268,#11269,#11270,#11271));
#11268 = ORIENTED_EDGE('',*,*,#10975,.T.);
#11269 = ORIENTED_EDGE('',*,*,#10742,.F.);
#11270 = ORIENTED_EDGE('',*,*,#10716,.F.);
#11271 = ORIENTED_EDGE('',*,*,#10751,.T.);
#11272 = PLANE('',#11273);
#11273 = AXIS2_PLACEMENT_3D('',#11274,#11275,#11276);
#11274 = CARTESIAN_POINT('',(21.56,-7.218671030682,-32.05126559884));
#11275 = DIRECTION('',(1.,0.,0.));
#11276 = DIRECTION('',(0.,0.,1.));
#11277 = ADVANCED_FACE('',(#11278),#11292,.T.);
#11278 = FACE_BOUND('',#11279,.T.);
#11279 = EDGE_LOOP('',(#11280,#11281,#11288,#11289,#11290,#11291));
#11280 = ORIENTED_EDGE('',*,*,#10893,.T.);
#11281 = ORIENTED_EDGE('',*,*,#11282,.F.);
#11282 = EDGE_CURVE('',#10877,#10885,#11283,.T.);
#11283 = CIRCLE('',#11284,0.425);
#11284 = AXIS2_PLACEMENT_3D('',#11285,#11286,#11287);
#11285 = CARTESIAN_POINT('',(20.9,-15.16867103068,-31.3));
#11286 = DIRECTION('',(0.,-1.,0.));
#11287 = DIRECTION('',(1.,0.,0.));
#11288 = ORIENTED_EDGE('',*,*,#10876,.F.);
#11289 = ORIENTED_EDGE('',*,*,#10851,.T.);
#11290 = ORIENTED_EDGE('',*,*,#10809,.F.);
#11291 = ORIENTED_EDGE('',*,*,#10776,.T.);
#11292 = CONICAL_SURFACE('',#11293,0.9625,0.82152701391);
#11293 = AXIS2_PLACEMENT_3D('',#11294,#11295,#11296);
#11294 = CARTESIAN_POINT('',(20.9,-14.66867103068,-31.3));
#11295 = DIRECTION('',(0.,1.,0.));
#11296 = DIRECTION('',(-1.,0.,0.));
#11297 = ADVANCED_FACE('',(#11298),#11302,.F.);
#11298 = FACE_BOUND('',#11299,.F.);
#11299 = EDGE_LOOP('',(#11300,#11301));
#11300 = ORIENTED_EDGE('',*,*,#11282,.F.);
#11301 = ORIENTED_EDGE('',*,*,#10884,.T.);
#11302 = PLANE('',#11303);
#11303 = AXIS2_PLACEMENT_3D('',#11304,#11305,#11306);
#11304 = CARTESIAN_POINT('',(20.9,-15.16867103068,-31.3));
#11305 = DIRECTION('',(0.,1.,0.));
#11306 = DIRECTION('',(-1.,0.,0.));
#11307 = ADVANCED_FACE('',(#11308),#11319,.T.);
#11308 = FACE_BOUND('',#11309,.T.);
#11309 = EDGE_LOOP('',(#11310,#11311,#11312,#11318));
#11310 = ORIENTED_EDGE('',*,*,#10596,.T.);
#11311 = ORIENTED_EDGE('',*,*,#4635,.T.);
#11312 = ORIENTED_EDGE('',*,*,#11313,.F.);
#11313 = EDGE_CURVE('',#9474,#4636,#11314,.T.);
#11314 = LINE('',#11315,#11316);
#11315 = CARTESIAN_POINT('',(28.10473750966,-6.55,-28.5));
#11316 = VECTOR('',#11317,1.);
#11317 = DIRECTION('',(0.,0.,1.));
#11318 = ORIENTED_EDGE('',*,*,#9481,.F.);
#11319 = CYLINDRICAL_SURFACE('',#11320,3.);
#11320 = AXIS2_PLACEMENT_3D('',#11321,#11322,#11323);
#11321 = CARTESIAN_POINT('',(25.2,-7.3,-28.5));
#11322 = DIRECTION('',(0.,0.,-1.));
#11323 = DIRECTION('',(-1.,0.,0.));
#11324 = ADVANCED_FACE('',(#11325),#11331,.T.);
#11325 = FACE_BOUND('',#11326,.F.);
#11326 = EDGE_LOOP('',(#11327,#11328,#11329,#11330));
#11327 = ORIENTED_EDGE('',*,*,#4644,.T.);
#11328 = ORIENTED_EDGE('',*,*,#11313,.F.);
#11329 = ORIENTED_EDGE('',*,*,#9473,.T.);
#11330 = ORIENTED_EDGE('',*,*,#4313,.T.);
#11331 = PLANE('',#11332);
#11332 = AXIS2_PLACEMENT_3D('',#11333,#11334,#11335);
#11333 = CARTESIAN_POINT('',(28.10473750966,-6.55,-28.5));
#11334 = DIRECTION('',(0.,1.,0.));
#11335 = DIRECTION('',(1.,0.,0.));
#11336 = ADVANCED_FACE('',(#11337),#11348,.T.);
#11337 = FACE_BOUND('',#11338,.F.);
#11338 = EDGE_LOOP('',(#11339,#11340,#11346,#11347));
#11339 = ORIENTED_EDGE('',*,*,#4547,.F.);
#11340 = ORIENTED_EDGE('',*,*,#11341,.F.);
#11341 = EDGE_CURVE('',#9442,#4540,#11342,.T.);
#11342 = LINE('',#11343,#11344);
#11343 = CARTESIAN_POINT('',(22.75,-10.3,-28.5));
#11344 = VECTOR('',#11345,1.);
#11345 = DIRECTION('',(0.,0.,1.));
#11346 = ORIENTED_EDGE('',*,*,#9441,.T.);
#11347 = ORIENTED_EDGE('',*,*,#9907,.T.);
#11348 = PLANE('',#11349);
#11349 = AXIS2_PLACEMENT_3D('',#11350,#11351,#11352);
#11350 = CARTESIAN_POINT('',(22.75,-10.3,-28.5));
#11351 = DIRECTION('',(1.,0.,0.));
#11352 = DIRECTION('',(0.,-1.,0.));
#11353 = ADVANCED_FACE('',(#11354),#11365,.T.);
#11354 = FACE_BOUND('',#11355,.F.);
#11355 = EDGE_LOOP('',(#11356,#11357,#11363,#11364));
#11356 = ORIENTED_EDGE('',*,*,#4539,.F.);
#11357 = ORIENTED_EDGE('',*,*,#11358,.F.);
#11358 = EDGE_CURVE('',#9450,#4531,#11359,.T.);
#11359 = LINE('',#11360,#11361);
#11360 = CARTESIAN_POINT('',(25.2,-10.3,-28.5));
#11361 = VECTOR('',#11362,1.);
#11362 = DIRECTION('',(0.,0.,1.));
#11363 = ORIENTED_EDGE('',*,*,#9449,.T.);
#11364 = ORIENTED_EDGE('',*,*,#11341,.T.);
#11365 = PLANE('',#11366);
#11366 = AXIS2_PLACEMENT_3D('',#11367,#11368,#11369);
#11367 = CARTESIAN_POINT('',(25.2,-10.3,-28.5));
#11368 = DIRECTION('',(0.,-1.,0.));
#11369 = DIRECTION('',(-1.,0.,0.));
#11370 = ADVANCED_FACE('',(#11371),#11382,.T.);
#11371 = FACE_BOUND('',#11372,.T.);
#11372 = EDGE_LOOP('',(#11373,#11374,#11375,#11381));
#11373 = ORIENTED_EDGE('',*,*,#11358,.F.);
#11374 = ORIENTED_EDGE('',*,*,#9457,.F.);
#11375 = ORIENTED_EDGE('',*,*,#11376,.T.);
#11376 = EDGE_CURVE('',#9458,#4523,#11377,.T.);
#11377 = LINE('',#11378,#11379);
#11378 = CARTESIAN_POINT('',(28.10473750966,-8.05,-28.5));
#11379 = VECTOR('',#11380,1.);
#11380 = DIRECTION('',(0.,0.,1.));
#11381 = ORIENTED_EDGE('',*,*,#4530,.T.);
#11382 = CYLINDRICAL_SURFACE('',#11383,3.);
#11383 = AXIS2_PLACEMENT_3D('',#11384,#11385,#11386);
#11384 = CARTESIAN_POINT('',(25.2,-7.3,-28.5));
#11385 = DIRECTION('',(0.,0.,-1.));
#11386 = DIRECTION('',(-1.,0.,0.));
#11387 = ADVANCED_FACE('',(#11388),#11394,.T.);
#11388 = FACE_BOUND('',#11389,.F.);
#11389 = EDGE_LOOP('',(#11390,#11391,#11392,#11393));
#11390 = ORIENTED_EDGE('',*,*,#4522,.F.);
#11391 = ORIENTED_EDGE('',*,*,#4329,.F.);
#11392 = ORIENTED_EDGE('',*,*,#9466,.T.);
#11393 = ORIENTED_EDGE('',*,*,#11376,.T.);
#11394 = PLANE('',#11395);
#11395 = AXIS2_PLACEMENT_3D('',#11396,#11397,#11398);
#11396 = CARTESIAN_POINT('',(30.4,-8.05,-28.5));
#11397 = DIRECTION('',(0.,-1.,0.));
#11398 = DIRECTION('',(-1.,0.,0.));
#11399 = ADVANCED_FACE('',(#11400),#11406,.T.);
#11400 = FACE_BOUND('',#11401,.F.);
#11401 = EDGE_LOOP('',(#11402,#11403,#11404,#11405));
#11402 = ORIENTED_EDGE('',*,*,#4735,.F.);
#11403 = ORIENTED_EDGE('',*,*,#9703,.F.);
#11404 = ORIENTED_EDGE('',*,*,#9513,.T.);
#11405 = ORIENTED_EDGE('',*,*,#9291,.T.);
#11406 = PLANE('',#11407);
#11407 = AXIS2_PLACEMENT_3D('',#11408,#11409,#11410);
#11408 = CARTESIAN_POINT('',(-30.4,-6.55,-28.5));
#11409 = DIRECTION('',(0.,1.,0.));
#11410 = DIRECTION('',(1.,0.,0.));
#11411 = ADVANCED_FACE('',(#11412),#11423,.T.);
#11412 = FACE_BOUND('',#11413,.F.);
#11413 = EDGE_LOOP('',(#11414,#11415,#11421,#11422));
#11414 = ORIENTED_EDGE('',*,*,#4719,.T.);
#11415 = ORIENTED_EDGE('',*,*,#11416,.T.);
#11416 = EDGE_CURVE('',#4711,#9358,#11417,.T.);
#11417 = LINE('',#11418,#11419);
#11418 = CARTESIAN_POINT('',(-26.60473750966,10.05,-22.));
#11419 = VECTOR('',#11420,1.);
#11420 = DIRECTION('',(0.,0.,-1.));
#11421 = ORIENTED_EDGE('',*,*,#9393,.F.);
#11422 = ORIENTED_EDGE('',*,*,#9710,.F.);
#11423 = PLANE('',#11424);
#11424 = AXIS2_PLACEMENT_3D('',#11425,#11426,#11427);
#11425 = CARTESIAN_POINT('',(-26.60473750966,10.05,-28.5));
#11426 = DIRECTION('',(0.,-1.,0.));
#11427 = DIRECTION('',(-1.,0.,0.));
#11428 = ADVANCED_FACE('',(#11429),#11440,.T.);
#11429 = FACE_BOUND('',#11430,.T.);
#11430 = EDGE_LOOP('',(#11431,#11432,#11433,#11439));
#11431 = ORIENTED_EDGE('',*,*,#11416,.T.);
#11432 = ORIENTED_EDGE('',*,*,#9357,.T.);
#11433 = ORIENTED_EDGE('',*,*,#11434,.F.);
#11434 = EDGE_CURVE('',#4703,#9360,#11435,.T.);
#11435 = LINE('',#11436,#11437);
#11436 = CARTESIAN_POINT('',(-26.60473750966,11.55,-22.));
#11437 = VECTOR('',#11438,1.);
#11438 = DIRECTION('',(0.,0.,-1.));
#11439 = ORIENTED_EDGE('',*,*,#4710,.T.);
#11440 = CYLINDRICAL_SURFACE('',#11441,3.);
#11441 = AXIS2_PLACEMENT_3D('',#11442,#11443,#11444);
#11442 = CARTESIAN_POINT('',(-23.7,10.8,-28.5));
#11443 = DIRECTION('',(0.,0.,-1.));
#11444 = DIRECTION('',(-1.,0.,0.));
#11445 = ADVANCED_FACE('',(#11446),#11452,.T.);
#11446 = FACE_BOUND('',#11447,.F.);
#11447 = EDGE_LOOP('',(#11448,#11449,#11450,#11451));
#11448 = ORIENTED_EDGE('',*,*,#4702,.F.);
#11449 = ORIENTED_EDGE('',*,*,#9674,.T.);
#11450 = ORIENTED_EDGE('',*,*,#9368,.F.);
#11451 = ORIENTED_EDGE('',*,*,#11434,.F.);
#11452 = PLANE('',#11453);
#11453 = AXIS2_PLACEMENT_3D('',#11454,#11455,#11456);
#11454 = CARTESIAN_POINT('',(-30.37493718553,11.55,-28.5));
#11455 = DIRECTION('',(0.,1.,0.));
#11456 = DIRECTION('',(1.,0.,0.));
#11457 = ADVANCED_FACE('',(#11458),#11469,.T.);
#11458 = FACE_BOUND('',#11459,.T.);
#11459 = EDGE_LOOP('',(#11460,#11461,#11462,#11468));
#11460 = ORIENTED_EDGE('',*,*,#9719,.T.);
#11461 = ORIENTED_EDGE('',*,*,#4497,.F.);
#11462 = ORIENTED_EDGE('',*,*,#11463,.F.);
#11463 = EDGE_CURVE('',#1549,#4498,#11464,.T.);
#11464 = LINE('',#11465,#11466);
#11465 = CARTESIAN_POINT('',(-25.4,-16.05,-20.));
#11466 = VECTOR('',#11467,1.);
#11467 = DIRECTION('',(0.,0.,-1.));
#11468 = ORIENTED_EDGE('',*,*,#1556,.T.);
#11469 = CYLINDRICAL_SURFACE('',#11470,5.);
#11470 = AXIS2_PLACEMENT_3D('',#11471,#11472,#11473);
#11471 = CARTESIAN_POINT('',(-25.4,-11.05,-20.));
#11472 = DIRECTION('',(0.,0.,-1.));
#11473 = DIRECTION('',(-1.,0.,0.));
#11474 = ADVANCED_FACE('',(#11475),#11486,.T.);
#11475 = FACE_BOUND('',#11476,.F.);
#11476 = EDGE_LOOP('',(#11477,#11478,#11484,#11485));
#11477 = ORIENTED_EDGE('',*,*,#1548,.F.);
#11478 = ORIENTED_EDGE('',*,*,#11479,.T.);
#11479 = EDGE_CURVE('',#1540,#4507,#11480,.T.);
#11480 = LINE('',#11481,#11482);
#11481 = CARTESIAN_POINT('',(25.4,-16.05,-20.));
#11482 = VECTOR('',#11483,1.);
#11483 = DIRECTION('',(0.,0.,-1.));
#11484 = ORIENTED_EDGE('',*,*,#4506,.T.);
#11485 = ORIENTED_EDGE('',*,*,#11463,.F.);
#11486 = PLANE('',#11487);
#11487 = AXIS2_PLACEMENT_3D('',#11488,#11489,#11490);
#11488 = CARTESIAN_POINT('',(25.4,-16.05,-20.));
#11489 = DIRECTION('',(0.,-1.,0.));
#11490 = DIRECTION('',(-1.,0.,0.));
#11491 = ADVANCED_FACE('',(#11492),#11498,.T.);
#11492 = FACE_BOUND('',#11493,.T.);
#11493 = EDGE_LOOP('',(#11494,#11495,#11496,#11497));
#11494 = ORIENTED_EDGE('',*,*,#11479,.T.);
#11495 = ORIENTED_EDGE('',*,*,#4514,.F.);
#11496 = ORIENTED_EDGE('',*,*,#4345,.F.);
#11497 = ORIENTED_EDGE('',*,*,#1539,.T.);
#11498 = CYLINDRICAL_SURFACE('',#11499,5.);
#11499 = AXIS2_PLACEMENT_3D('',#11500,#11501,#11502);
#11500 = CARTESIAN_POINT('',(25.4,-11.05,-20.));
#11501 = DIRECTION('',(0.,0.,-1.));
#11502 = DIRECTION('',(-1.,0.,0.));
#11503 = ADVANCED_FACE('',(#11504),#11537,.T.);
#11504 = FACE_BOUND('',#11505,.T.);
#11505 = EDGE_LOOP('',(#11506,#11514,#11515,#11521,#11522,#11530));
#11506 = ORIENTED_EDGE('',*,*,#11507,.F.);
#11507 = EDGE_CURVE('',#65,#11508,#11510,.T.);
#11508 = VERTEX_POINT('',#11509);
#11509 = CARTESIAN_POINT('',(21.7,-5.6,-19.275));
#11510 = LINE('',#11511,#11512);
#11511 = CARTESIAN_POINT('',(21.7,-5.6,0.));
#11512 = VECTOR('',#11513,1.);
#11513 = DIRECTION('',(0.,0.,-1.));
#11514 = ORIENTED_EDGE('',*,*,#72,.T.);
#11515 = ORIENTED_EDGE('',*,*,#11516,.T.);
#11516 = EDGE_CURVE('',#73,#3688,#11517,.T.);
#11517 = LINE('',#11518,#11519);
#11518 = CARTESIAN_POINT('',(15.5,-11.8,0.));
#11519 = VECTOR('',#11520,1.);
#11520 = DIRECTION('',(0.,0.,-1.));
#11521 = ORIENTED_EDGE('',*,*,#3685,.F.);
#11522 = ORIENTED_EDGE('',*,*,#11523,.F.);
#11523 = EDGE_CURVE('',#11524,#3686,#11526,.T.);
#11524 = VERTEX_POINT('',#11525);
#11525 = CARTESIAN_POINT('',(19.23329613077,-10.55,-19.275));
#11526 = LINE('',#11527,#11528);
#11527 = CARTESIAN_POINT('',(19.23329613077,-10.55,-19.275));
#11528 = VECTOR('',#11529,1.);
#11529 = DIRECTION('',(0.,0.,-1.));
#11530 = ORIENTED_EDGE('',*,*,#11531,.F.);
#11531 = EDGE_CURVE('',#11508,#11524,#11532,.T.);
#11532 = CIRCLE('',#11533,6.2);
#11533 = AXIS2_PLACEMENT_3D('',#11534,#11535,#11536);
#11534 = CARTESIAN_POINT('',(15.5,-5.6,-19.275));
#11535 = DIRECTION('',(0.,0.,-1.));
#11536 = DIRECTION('',(1.,0.,0.));
#11537 = CYLINDRICAL_SURFACE('',#11538,6.2);
#11538 = AXIS2_PLACEMENT_3D('',#11539,#11540,#11541);
#11539 = CARTESIAN_POINT('',(15.5,-5.6,0.));
#11540 = DIRECTION('',(0.,0.,-1.));
#11541 = DIRECTION('',(-1.,0.,0.));
#11542 = ADVANCED_FACE('',(#11543,#11603),#11623,.T.);
#11543 = FACE_BOUND('',#11544,.F.);
#11544 = EDGE_LOOP('',(#11545,#11556,#11564,#11573,#11581,#11590,#11596,
    #11597));
#11545 = ORIENTED_EDGE('',*,*,#11546,.F.);
#11546 = EDGE_CURVE('',#11547,#11549,#11551,.T.);
#11547 = VERTEX_POINT('',#11548);
#11548 = CARTESIAN_POINT('',(22.7,-4.05,-19.275));
#11549 = VERTEX_POINT('',#11550);
#11550 = CARTESIAN_POINT('',(21.7,-3.05,-19.275));
#11551 = CIRCLE('',#11552,1.);
#11552 = AXIS2_PLACEMENT_3D('',#11553,#11554,#11555);
#11553 = CARTESIAN_POINT('',(22.7,-3.05,-19.275));
#11554 = DIRECTION('',(0.,0.,-1.));
#11555 = DIRECTION('',(0.,-1.,0.));
#11556 = ORIENTED_EDGE('',*,*,#11557,.F.);
#11557 = EDGE_CURVE('',#11558,#11547,#11560,.T.);
#11558 = VERTEX_POINT('',#11559);
#11559 = CARTESIAN_POINT('',(25.2,-4.05,-19.275));
#11560 = LINE('',#11561,#11562);
#11561 = CARTESIAN_POINT('',(25.2,-4.05,-19.275));
#11562 = VECTOR('',#11563,1.);
#11563 = DIRECTION('',(-1.,0.,0.));
#11564 = ORIENTED_EDGE('',*,*,#11565,.F.);
#11565 = EDGE_CURVE('',#11566,#11558,#11568,.T.);
#11566 = VERTEX_POINT('',#11567);
#11567 = CARTESIAN_POINT('',(27.4,-4.907825257219,-19.275));
#11568 = CIRCLE('',#11569,3.25);
#11569 = AXIS2_PLACEMENT_3D('',#11570,#11571,#11572);
#11570 = CARTESIAN_POINT('',(25.2,-7.3,-19.275));
#11571 = DIRECTION('',(0.,0.,1.));
#11572 = DIRECTION('',(0.676923076923,0.73605376701,-0.));
#11573 = ORIENTED_EDGE('',*,*,#11574,.F.);
#11574 = EDGE_CURVE('',#11575,#11566,#11577,.T.);
#11575 = VERTEX_POINT('',#11576);
#11576 = CARTESIAN_POINT('',(27.4,-9.692174742781,-19.275));
#11577 = LINE('',#11578,#11579);
#11578 = CARTESIAN_POINT('',(27.4,-9.692174742781,-19.275));
#11579 = VECTOR('',#11580,1.);
#11580 = DIRECTION('',(0.,1.,0.));
#11581 = ORIENTED_EDGE('',*,*,#11582,.F.);
#11582 = EDGE_CURVE('',#11583,#11575,#11585,.T.);
#11583 = VERTEX_POINT('',#11584);
#11584 = CARTESIAN_POINT('',(25.2,-10.55,-19.275));
#11585 = CIRCLE('',#11586,3.25);
#11586 = AXIS2_PLACEMENT_3D('',#11587,#11588,#11589);
#11587 = CARTESIAN_POINT('',(25.2,-7.3,-19.275));
#11588 = DIRECTION('',(0.,0.,1.));
#11589 = DIRECTION('',(0.,-1.,0.));
#11590 = ORIENTED_EDGE('',*,*,#11591,.F.);
#11591 = EDGE_CURVE('',#11524,#11583,#11592,.T.);
#11592 = LINE('',#11593,#11594);
#11593 = CARTESIAN_POINT('',(19.23329613077,-10.55,-19.275));
#11594 = VECTOR('',#11595,1.);
#11595 = DIRECTION('',(1.,0.,0.));
#11596 = ORIENTED_EDGE('',*,*,#11531,.F.);
#11597 = ORIENTED_EDGE('',*,*,#11598,.F.);
#11598 = EDGE_CURVE('',#11549,#11508,#11599,.T.);
#11599 = LINE('',#11600,#11601);
#11600 = CARTESIAN_POINT('',(21.7,-3.05,-19.275));
#11601 = VECTOR('',#11602,1.);
#11602 = DIRECTION('',(0.,-1.,0.));
#11603 = FACE_BOUND('',#11604,.F.);
#11604 = EDGE_LOOP('',(#11605,#11616));
#11605 = ORIENTED_EDGE('',*,*,#11606,.F.);
#11606 = EDGE_CURVE('',#11607,#11609,#11611,.T.);
#11607 = VERTEX_POINT('',#11608);
#11608 = CARTESIAN_POINT('',(26.285,-7.3,-19.275));
#11609 = VERTEX_POINT('',#11610);
#11610 = CARTESIAN_POINT('',(24.115,-7.3,-19.275));
#11611 = CIRCLE('',#11612,1.085);
#11612 = AXIS2_PLACEMENT_3D('',#11613,#11614,#11615);
#11613 = CARTESIAN_POINT('',(25.2,-7.3,-19.275));
#11614 = DIRECTION('',(0.,0.,-1.));
#11615 = DIRECTION('',(1.,0.,0.));
#11616 = ORIENTED_EDGE('',*,*,#11617,.F.);
#11617 = EDGE_CURVE('',#11609,#11607,#11618,.T.);
#11618 = CIRCLE('',#11619,1.085);
#11619 = AXIS2_PLACEMENT_3D('',#11620,#11621,#11622);
#11620 = CARTESIAN_POINT('',(25.2,-7.3,-19.275));
#11621 = DIRECTION('',(0.,0.,-1.));
#11622 = DIRECTION('',(-1.,0.,0.));
#11623 = PLANE('',#11624);
#11624 = AXIS2_PLACEMENT_3D('',#11625,#11626,#11627);
#11625 = CARTESIAN_POINT('',(0.,0.,-19.275));
#11626 = DIRECTION('',(0.,0.,1.));
#11627 = DIRECTION('',(1.,0.,-0.));
#11628 = ADVANCED_FACE('',(#11629,#11699),#11719,.T.);
#11629 = FACE_BOUND('',#11630,.F.);
#11630 = EDGE_LOOP('',(#11631,#11641,#11650,#11658,#11667,#11675,#11684,
    #11692));
#11631 = ORIENTED_EDGE('',*,*,#11632,.F.);
#11632 = EDGE_CURVE('',#11633,#11635,#11637,.T.);
#11633 = VERTEX_POINT('',#11634);
#11634 = CARTESIAN_POINT('',(-25.2,-10.55,-19.275));
#11635 = VERTEX_POINT('',#11636);
#11636 = CARTESIAN_POINT('',(-19.23329613077,-10.55,-19.275));
#11637 = LINE('',#11638,#11639);
#11638 = CARTESIAN_POINT('',(-25.2,-10.55,-19.275));
#11639 = VECTOR('',#11640,1.);
#11640 = DIRECTION('',(1.,0.,0.));
#11641 = ORIENTED_EDGE('',*,*,#11642,.F.);
#11642 = EDGE_CURVE('',#11643,#11633,#11645,.T.);
#11643 = VERTEX_POINT('',#11644);
#11644 = CARTESIAN_POINT('',(-27.4,-9.692174742781,-19.275));
#11645 = CIRCLE('',#11646,3.25);
#11646 = AXIS2_PLACEMENT_3D('',#11647,#11648,#11649);
#11647 = CARTESIAN_POINT('',(-25.2,-7.3,-19.275));
#11648 = DIRECTION('',(0.,0.,1.));
#11649 = DIRECTION('',(-0.676923076923,-0.73605376701,0.));
#11650 = ORIENTED_EDGE('',*,*,#11651,.F.);
#11651 = EDGE_CURVE('',#11652,#11643,#11654,.T.);
#11652 = VERTEX_POINT('',#11653);
#11653 = CARTESIAN_POINT('',(-27.4,-4.907825257219,-19.275));
#11654 = LINE('',#11655,#11656);
#11655 = CARTESIAN_POINT('',(-27.4,-4.907825257219,-19.275));
#11656 = VECTOR('',#11657,1.);
#11657 = DIRECTION('',(0.,-1.,0.));
#11658 = ORIENTED_EDGE('',*,*,#11659,.F.);
#11659 = EDGE_CURVE('',#11660,#11652,#11662,.T.);
#11660 = VERTEX_POINT('',#11661);
#11661 = CARTESIAN_POINT('',(-25.2,-4.05,-19.275));
#11662 = CIRCLE('',#11663,3.25);
#11663 = AXIS2_PLACEMENT_3D('',#11664,#11665,#11666);
#11664 = CARTESIAN_POINT('',(-25.2,-7.3,-19.275));
#11665 = DIRECTION('',(0.,-0.,1.));
#11666 = DIRECTION('',(0.,1.,0.));
#11667 = ORIENTED_EDGE('',*,*,#11668,.F.);
#11668 = EDGE_CURVE('',#11669,#11660,#11671,.T.);
#11669 = VERTEX_POINT('',#11670);
#11670 = CARTESIAN_POINT('',(-22.7,-4.05,-19.275));
#11671 = LINE('',#11672,#11673);
#11672 = CARTESIAN_POINT('',(-22.7,-4.05,-19.275));
#11673 = VECTOR('',#11674,1.);
#11674 = DIRECTION('',(-1.,0.,0.));
#11675 = ORIENTED_EDGE('',*,*,#11676,.F.);
#11676 = EDGE_CURVE('',#11677,#11669,#11679,.T.);
#11677 = VERTEX_POINT('',#11678);
#11678 = CARTESIAN_POINT('',(-21.7,-3.05,-19.275));
#11679 = CIRCLE('',#11680,1.);
#11680 = AXIS2_PLACEMENT_3D('',#11681,#11682,#11683);
#11681 = CARTESIAN_POINT('',(-22.7,-3.05,-19.275));
#11682 = DIRECTION('',(0.,0.,-1.));
#11683 = DIRECTION('',(1.,0.,0.));
#11684 = ORIENTED_EDGE('',*,*,#11685,.F.);
#11685 = EDGE_CURVE('',#11686,#11677,#11688,.T.);
#11686 = VERTEX_POINT('',#11687);
#11687 = CARTESIAN_POINT('',(-21.7,-5.6,-19.275));
#11688 = LINE('',#11689,#11690);
#11689 = CARTESIAN_POINT('',(-21.7,-5.6,-19.275));
#11690 = VECTOR('',#11691,1.);
#11691 = DIRECTION('',(0.,1.,0.));
#11692 = ORIENTED_EDGE('',*,*,#11693,.F.);
#11693 = EDGE_CURVE('',#11635,#11686,#11694,.T.);
#11694 = CIRCLE('',#11695,6.2);
#11695 = AXIS2_PLACEMENT_3D('',#11696,#11697,#11698);
#11696 = CARTESIAN_POINT('',(-15.5,-5.6,-19.275));
#11697 = DIRECTION('',(0.,0.,-1.));
#11698 = DIRECTION('',(-0.60214453722,-0.798387096774,-0.));
#11699 = FACE_BOUND('',#11700,.F.);
#11700 = EDGE_LOOP('',(#11701,#11712));
#11701 = ORIENTED_EDGE('',*,*,#11702,.F.);
#11702 = EDGE_CURVE('',#11703,#11705,#11707,.T.);
#11703 = VERTEX_POINT('',#11704);
#11704 = CARTESIAN_POINT('',(-24.115,-7.3,-19.275));
#11705 = VERTEX_POINT('',#11706);
#11706 = CARTESIAN_POINT('',(-26.285,-7.3,-19.275));
#11707 = CIRCLE('',#11708,1.085);
#11708 = AXIS2_PLACEMENT_3D('',#11709,#11710,#11711);
#11709 = CARTESIAN_POINT('',(-25.2,-7.3,-19.275));
#11710 = DIRECTION('',(0.,0.,-1.));
#11711 = DIRECTION('',(1.,0.,0.));
#11712 = ORIENTED_EDGE('',*,*,#11713,.F.);
#11713 = EDGE_CURVE('',#11705,#11703,#11714,.T.);
#11714 = CIRCLE('',#11715,1.085);
#11715 = AXIS2_PLACEMENT_3D('',#11716,#11717,#11718);
#11716 = CARTESIAN_POINT('',(-25.2,-7.3,-19.275));
#11717 = DIRECTION('',(0.,0.,-1.));
#11718 = DIRECTION('',(-1.,0.,0.));
#11719 = PLANE('',#11720);
#11720 = AXIS2_PLACEMENT_3D('',#11721,#11722,#11723);
#11721 = CARTESIAN_POINT('',(0.,0.,-19.275));
#11722 = DIRECTION('',(0.,0.,1.));
#11723 = DIRECTION('',(1.,0.,-0.));
#11724 = ADVANCED_FACE('',(#11725,#11796),#11816,.T.);
#11725 = FACE_BOUND('',#11726,.F.);
#11726 = EDGE_LOOP('',(#11727,#11738,#11746,#11755,#11763,#11772,#11781,
    #11789));
#11727 = ORIENTED_EDGE('',*,*,#11728,.F.);
#11728 = EDGE_CURVE('',#11729,#11731,#11733,.T.);
#11729 = VERTEX_POINT('',#11730);
#11730 = CARTESIAN_POINT('',(-22.63705121181,7.55,-19.275));
#11731 = VERTEX_POINT('',#11732);
#11732 = CARTESIAN_POINT('',(-21.64579409664,6.41805557374,-19.275));
#11733 = CIRCLE('',#11734,1.);
#11734 = AXIS2_PLACEMENT_3D('',#11735,#11736,#11737);
#11735 = CARTESIAN_POINT('',(-22.63705121181,6.55,-19.275));
#11736 = DIRECTION('',(0.,0.,-1.));
#11737 = DIRECTION('',(0.,1.,0.));
#11738 = ORIENTED_EDGE('',*,*,#11739,.F.);
#11739 = EDGE_CURVE('',#11740,#11729,#11742,.T.);
#11740 = VERTEX_POINT('',#11741);
#11741 = CARTESIAN_POINT('',(-23.7,7.55,-19.275));
#11742 = LINE('',#11743,#11744);
#11743 = CARTESIAN_POINT('',(-23.7,7.55,-19.275));
#11744 = VECTOR('',#11745,1.);
#11745 = DIRECTION('',(1.,0.,0.));
#11746 = ORIENTED_EDGE('',*,*,#11747,.F.);
#11747 = EDGE_CURVE('',#11748,#11740,#11750,.T.);
#11748 = VERTEX_POINT('',#11749);
#11749 = CARTESIAN_POINT('',(-26.04520787991,13.05,-19.275));
#11750 = CIRCLE('',#11751,3.25);
#11751 = AXIS2_PLACEMENT_3D('',#11752,#11753,#11754);
#11752 = CARTESIAN_POINT('',(-23.7,10.8,-19.275));
#11753 = DIRECTION('',(0.,0.,1.));
#11754 = DIRECTION('',(-0.721602424588,0.692307692308,0.));
#11755 = ORIENTED_EDGE('',*,*,#11756,.F.);
#11756 = EDGE_CURVE('',#11757,#11748,#11759,.T.);
#11757 = VERTEX_POINT('',#11758);
#11758 = CARTESIAN_POINT('',(-21.35479212009,13.05,-19.275));
#11759 = LINE('',#11760,#11761);
#11760 = CARTESIAN_POINT('',(-21.35479212009,13.05,-19.275));
#11761 = VECTOR('',#11762,1.);
#11762 = DIRECTION('',(-1.,0.,0.));
#11763 = ORIENTED_EDGE('',*,*,#11764,.F.);
#11764 = EDGE_CURVE('',#11765,#11757,#11767,.T.);
#11765 = VERTEX_POINT('',#11766);
#11766 = CARTESIAN_POINT('',(-20.83235294118,12.32941176471,-19.275));
#11767 = CIRCLE('',#11768,3.25);
#11768 = AXIS2_PLACEMENT_3D('',#11769,#11770,#11771);
#11769 = CARTESIAN_POINT('',(-23.7,10.8,-19.275));
#11770 = DIRECTION('',(0.,0.,1.));
#11771 = DIRECTION('',(0.882352941176,0.470588235294,-0.));
#11772 = ORIENTED_EDGE('',*,*,#11773,.F.);
#11773 = EDGE_CURVE('',#11774,#11765,#11776,.T.);
#11774 = VERTEX_POINT('',#11775);
#11775 = CARTESIAN_POINT('',(-19.95,11.8,-19.275));
#11776 = CIRCLE('',#11777,1.);
#11777 = AXIS2_PLACEMENT_3D('',#11778,#11779,#11780);
#11778 = CARTESIAN_POINT('',(-19.95,12.8,-19.275));
#11779 = DIRECTION('',(0.,0.,-1.));
#11780 = DIRECTION('',(0.,-1.,0.));
#11781 = ORIENTED_EDGE('',*,*,#11782,.F.);
#11782 = EDGE_CURVE('',#11783,#11774,#11785,.T.);
#11783 = VERTEX_POINT('',#11784);
#11784 = CARTESIAN_POINT('',(-15.5,11.8,-19.275));
#11785 = LINE('',#11786,#11787);
#11786 = CARTESIAN_POINT('',(-15.5,11.8,-19.275));
#11787 = VECTOR('',#11788,1.);
#11788 = DIRECTION('',(-1.,0.,0.));
#11789 = ORIENTED_EDGE('',*,*,#11790,.F.);
#11790 = EDGE_CURVE('',#11731,#11783,#11791,.T.);
#11791 = CIRCLE('',#11792,6.2);
#11792 = AXIS2_PLACEMENT_3D('',#11793,#11794,#11795);
#11793 = CARTESIAN_POINT('',(-15.5,5.6,-19.275));
#11794 = DIRECTION('',(0.,0.,-1.));
#11795 = DIRECTION('',(-0.991257112361,0.131944447377,0.));
#11796 = FACE_BOUND('',#11797,.F.);
#11797 = EDGE_LOOP('',(#11798,#11809));
#11798 = ORIENTED_EDGE('',*,*,#11799,.F.);
#11799 = EDGE_CURVE('',#11800,#11802,#11804,.T.);
#11800 = VERTEX_POINT('',#11801);
#11801 = CARTESIAN_POINT('',(-22.615,10.8,-19.275));
#11802 = VERTEX_POINT('',#11803);
#11803 = CARTESIAN_POINT('',(-24.785,10.8,-19.275));
#11804 = CIRCLE('',#11805,1.085);
#11805 = AXIS2_PLACEMENT_3D('',#11806,#11807,#11808);
#11806 = CARTESIAN_POINT('',(-23.7,10.8,-19.275));
#11807 = DIRECTION('',(0.,0.,-1.));
#11808 = DIRECTION('',(1.,0.,0.));
#11809 = ORIENTED_EDGE('',*,*,#11810,.F.);
#11810 = EDGE_CURVE('',#11802,#11800,#11811,.T.);
#11811 = CIRCLE('',#11812,1.085);
#11812 = AXIS2_PLACEMENT_3D('',#11813,#11814,#11815);
#11813 = CARTESIAN_POINT('',(-23.7,10.8,-19.275));
#11814 = DIRECTION('',(0.,0.,-1.));
#11815 = DIRECTION('',(-1.,0.,0.));
#11816 = PLANE('',#11817);
#11817 = AXIS2_PLACEMENT_3D('',#11818,#11819,#11820);
#11818 = CARTESIAN_POINT('',(0.,0.,-19.275));
#11819 = DIRECTION('',(0.,0.,1.));
#11820 = DIRECTION('',(1.,0.,-0.));
#11821 = ADVANCED_FACE('',(#11822,#11893),#11913,.T.);
#11822 = FACE_BOUND('',#11823,.F.);
#11823 = EDGE_LOOP('',(#11824,#11834,#11843,#11852,#11860,#11869,#11877,
    #11886));
#11824 = ORIENTED_EDGE('',*,*,#11825,.F.);
#11825 = EDGE_CURVE('',#11826,#11828,#11830,.T.);
#11826 = VERTEX_POINT('',#11827);
#11827 = CARTESIAN_POINT('',(19.95,11.8,-19.275));
#11828 = VERTEX_POINT('',#11829);
#11829 = CARTESIAN_POINT('',(15.5,11.8,-19.275));
#11830 = LINE('',#11831,#11832);
#11831 = CARTESIAN_POINT('',(19.95,11.8,-19.275));
#11832 = VECTOR('',#11833,1.);
#11833 = DIRECTION('',(-1.,0.,0.));
#11834 = ORIENTED_EDGE('',*,*,#11835,.F.);
#11835 = EDGE_CURVE('',#11836,#11826,#11838,.T.);
#11836 = VERTEX_POINT('',#11837);
#11837 = CARTESIAN_POINT('',(20.83235294118,12.32941176471,-19.275));
#11838 = CIRCLE('',#11839,1.);
#11839 = AXIS2_PLACEMENT_3D('',#11840,#11841,#11842);
#11840 = CARTESIAN_POINT('',(19.95,12.8,-19.275));
#11841 = DIRECTION('',(0.,0.,-1.));
#11842 = DIRECTION('',(0.882352941176,-0.470588235294,0.));
#11843 = ORIENTED_EDGE('',*,*,#11844,.F.);
#11844 = EDGE_CURVE('',#11845,#11836,#11847,.T.);
#11845 = VERTEX_POINT('',#11846);
#11846 = CARTESIAN_POINT('',(21.35479212009,13.05,-19.275));
#11847 = CIRCLE('',#11848,3.25);
#11848 = AXIS2_PLACEMENT_3D('',#11849,#11850,#11851);
#11849 = CARTESIAN_POINT('',(23.7,10.8,-19.275));
#11850 = DIRECTION('',(0.,0.,1.));
#11851 = DIRECTION('',(-0.721602424588,0.692307692308,0.));
#11852 = ORIENTED_EDGE('',*,*,#11853,.F.);
#11853 = EDGE_CURVE('',#11854,#11845,#11856,.T.);
#11854 = VERTEX_POINT('',#11855);
#11855 = CARTESIAN_POINT('',(26.04520787991,13.05,-19.275));
#11856 = LINE('',#11857,#11858);
#11857 = CARTESIAN_POINT('',(26.04520787991,13.05,-19.275));
#11858 = VECTOR('',#11859,1.);
#11859 = DIRECTION('',(-1.,0.,0.));
#11860 = ORIENTED_EDGE('',*,*,#11861,.F.);
#11861 = EDGE_CURVE('',#11862,#11854,#11864,.T.);
#11862 = VERTEX_POINT('',#11863);
#11863 = CARTESIAN_POINT('',(23.7,7.55,-19.275));
#11864 = CIRCLE('',#11865,3.25);
#11865 = AXIS2_PLACEMENT_3D('',#11866,#11867,#11868);
#11866 = CARTESIAN_POINT('',(23.7,10.8,-19.275));
#11867 = DIRECTION('',(0.,0.,1.));
#11868 = DIRECTION('',(0.,-1.,0.));
#11869 = ORIENTED_EDGE('',*,*,#11870,.F.);
#11870 = EDGE_CURVE('',#11871,#11862,#11873,.T.);
#11871 = VERTEX_POINT('',#11872);
#11872 = CARTESIAN_POINT('',(22.63705121181,7.55,-19.275));
#11873 = LINE('',#11874,#11875);
#11874 = CARTESIAN_POINT('',(22.63705121181,7.55,-19.275));
#11875 = VECTOR('',#11876,1.);
#11876 = DIRECTION('',(1.,0.,0.));
#11877 = ORIENTED_EDGE('',*,*,#11878,.F.);
#11878 = EDGE_CURVE('',#11879,#11871,#11881,.T.);
#11879 = VERTEX_POINT('',#11880);
#11880 = CARTESIAN_POINT('',(21.64579409664,6.41805557374,-19.275));
#11881 = CIRCLE('',#11882,1.);
#11882 = AXIS2_PLACEMENT_3D('',#11883,#11884,#11885);
#11883 = CARTESIAN_POINT('',(22.63705121181,6.55,-19.275));
#11884 = DIRECTION('',(0.,0.,-1.));
#11885 = DIRECTION('',(-0.991257115172,-0.13194442626,-0.));
#11886 = ORIENTED_EDGE('',*,*,#11887,.F.);
#11887 = EDGE_CURVE('',#11828,#11879,#11888,.T.);
#11888 = CIRCLE('',#11889,6.2);
#11889 = AXIS2_PLACEMENT_3D('',#11890,#11891,#11892);
#11890 = CARTESIAN_POINT('',(15.5,5.6,-19.275));
#11891 = DIRECTION('',(0.,0.,-1.));
#11892 = DIRECTION('',(0.,1.,0.));
#11893 = FACE_BOUND('',#11894,.F.);
#11894 = EDGE_LOOP('',(#11895,#11906));
#11895 = ORIENTED_EDGE('',*,*,#11896,.F.);
#11896 = EDGE_CURVE('',#11897,#11899,#11901,.T.);
#11897 = VERTEX_POINT('',#11898);
#11898 = CARTESIAN_POINT('',(24.785,10.8,-19.275));
#11899 = VERTEX_POINT('',#11900);
#11900 = CARTESIAN_POINT('',(22.615,10.8,-19.275));
#11901 = CIRCLE('',#11902,1.085);
#11902 = AXIS2_PLACEMENT_3D('',#11903,#11904,#11905);
#11903 = CARTESIAN_POINT('',(23.7,10.8,-19.275));
#11904 = DIRECTION('',(0.,0.,-1.));
#11905 = DIRECTION('',(1.,0.,0.));
#11906 = ORIENTED_EDGE('',*,*,#11907,.F.);
#11907 = EDGE_CURVE('',#11899,#11897,#11908,.T.);
#11908 = CIRCLE('',#11909,1.085);
#11909 = AXIS2_PLACEMENT_3D('',#11910,#11911,#11912);
#11910 = CARTESIAN_POINT('',(23.7,10.8,-19.275));
#11911 = DIRECTION('',(0.,0.,-1.));
#11912 = DIRECTION('',(-1.,0.,0.));
#11913 = PLANE('',#11914);
#11914 = AXIS2_PLACEMENT_3D('',#11915,#11916,#11917);
#11915 = CARTESIAN_POINT('',(0.,0.,-19.275));
#11916 = DIRECTION('',(0.,0.,1.));
#11917 = DIRECTION('',(1.,0.,-0.));
#11918 = ADVANCED_FACE('',(#11919),#11935,.F.);
#11919 = FACE_BOUND('',#11920,.F.);
#11920 = EDGE_LOOP('',(#11921,#11922,#11928,#11929));
#11921 = ORIENTED_EDGE('',*,*,#1675,.T.);
#11922 = ORIENTED_EDGE('',*,*,#11923,.T.);
#11923 = EDGE_CURVE('',#1678,#11800,#11924,.T.);
#11924 = LINE('',#11925,#11926);
#11925 = CARTESIAN_POINT('',(-22.615,10.8,-20.));
#11926 = VECTOR('',#11927,1.);
#11927 = DIRECTION('',(0.,0.,1.));
#11928 = ORIENTED_EDGE('',*,*,#11799,.T.);
#11929 = ORIENTED_EDGE('',*,*,#11930,.F.);
#11930 = EDGE_CURVE('',#1676,#11802,#11931,.T.);
#11931 = LINE('',#11932,#11933);
#11932 = CARTESIAN_POINT('',(-24.785,10.8,-20.));
#11933 = VECTOR('',#11934,1.);
#11934 = DIRECTION('',(0.,0.,1.));
#11935 = CYLINDRICAL_SURFACE('',#11936,1.085);
#11936 = AXIS2_PLACEMENT_3D('',#11937,#11938,#11939);
#11937 = CARTESIAN_POINT('',(-23.7,10.8,-20.));
#11938 = DIRECTION('',(0.,0.,1.));
#11939 = DIRECTION('',(1.,0.,-0.));
#11940 = ADVANCED_FACE('',(#11941),#11947,.F.);
#11941 = FACE_BOUND('',#11942,.F.);
#11942 = EDGE_LOOP('',(#11943,#11944,#11945,#11946));
#11943 = ORIENTED_EDGE('',*,*,#1686,.T.);
#11944 = ORIENTED_EDGE('',*,*,#11930,.T.);
#11945 = ORIENTED_EDGE('',*,*,#11810,.T.);
#11946 = ORIENTED_EDGE('',*,*,#11923,.F.);
#11947 = CYLINDRICAL_SURFACE('',#11948,1.085);
#11948 = AXIS2_PLACEMENT_3D('',#11949,#11950,#11951);
#11949 = CARTESIAN_POINT('',(-23.7,10.8,-20.));
#11950 = DIRECTION('',(0.,0.,1.));
#11951 = DIRECTION('',(1.,0.,-0.));
#11952 = ADVANCED_FACE('',(#11953),#11969,.F.);
#11953 = FACE_BOUND('',#11954,.F.);
#11954 = EDGE_LOOP('',(#11955,#11956,#11962,#11963));
#11955 = ORIENTED_EDGE('',*,*,#1701,.T.);
#11956 = ORIENTED_EDGE('',*,*,#11957,.T.);
#11957 = EDGE_CURVE('',#1704,#11897,#11958,.T.);
#11958 = LINE('',#11959,#11960);
#11959 = CARTESIAN_POINT('',(24.785,10.8,-20.));
#11960 = VECTOR('',#11961,1.);
#11961 = DIRECTION('',(0.,0.,1.));
#11962 = ORIENTED_EDGE('',*,*,#11896,.T.);
#11963 = ORIENTED_EDGE('',*,*,#11964,.F.);
#11964 = EDGE_CURVE('',#1702,#11899,#11965,.T.);
#11965 = LINE('',#11966,#11967);
#11966 = CARTESIAN_POINT('',(22.615,10.8,-20.));
#11967 = VECTOR('',#11968,1.);
#11968 = DIRECTION('',(0.,0.,1.));
#11969 = CYLINDRICAL_SURFACE('',#11970,1.085);
#11970 = AXIS2_PLACEMENT_3D('',#11971,#11972,#11973);
#11971 = CARTESIAN_POINT('',(23.7,10.8,-20.));
#11972 = DIRECTION('',(0.,0.,1.));
#11973 = DIRECTION('',(1.,0.,-0.));
#11974 = ADVANCED_FACE('',(#11975),#11981,.F.);
#11975 = FACE_BOUND('',#11976,.F.);
#11976 = EDGE_LOOP('',(#11977,#11978,#11979,#11980));
#11977 = ORIENTED_EDGE('',*,*,#1712,.T.);
#11978 = ORIENTED_EDGE('',*,*,#11964,.T.);
#11979 = ORIENTED_EDGE('',*,*,#11907,.T.);
#11980 = ORIENTED_EDGE('',*,*,#11957,.F.);
#11981 = CYLINDRICAL_SURFACE('',#11982,1.085);
#11982 = AXIS2_PLACEMENT_3D('',#11983,#11984,#11985);
#11983 = CARTESIAN_POINT('',(23.7,10.8,-20.));
#11984 = DIRECTION('',(0.,0.,1.));
#11985 = DIRECTION('',(1.,0.,-0.));
#11986 = ADVANCED_FACE('',(#11987),#12003,.F.);
#11987 = FACE_BOUND('',#11988,.F.);
#11988 = EDGE_LOOP('',(#11989,#11990,#11996,#11997));
#11989 = ORIENTED_EDGE('',*,*,#1727,.T.);
#11990 = ORIENTED_EDGE('',*,*,#11991,.T.);
#11991 = EDGE_CURVE('',#1730,#11703,#11992,.T.);
#11992 = LINE('',#11993,#11994);
#11993 = CARTESIAN_POINT('',(-24.115,-7.3,-20.));
#11994 = VECTOR('',#11995,1.);
#11995 = DIRECTION('',(0.,0.,1.));
#11996 = ORIENTED_EDGE('',*,*,#11702,.T.);
#11997 = ORIENTED_EDGE('',*,*,#11998,.F.);
#11998 = EDGE_CURVE('',#1728,#11705,#11999,.T.);
#11999 = LINE('',#12000,#12001);
#12000 = CARTESIAN_POINT('',(-26.285,-7.3,-20.));
#12001 = VECTOR('',#12002,1.);
#12002 = DIRECTION('',(0.,0.,1.));
#12003 = CYLINDRICAL_SURFACE('',#12004,1.085);
#12004 = AXIS2_PLACEMENT_3D('',#12005,#12006,#12007);
#12005 = CARTESIAN_POINT('',(-25.2,-7.3,-20.));
#12006 = DIRECTION('',(0.,0.,1.));
#12007 = DIRECTION('',(1.,0.,-0.));
#12008 = ADVANCED_FACE('',(#12009),#12015,.F.);
#12009 = FACE_BOUND('',#12010,.F.);
#12010 = EDGE_LOOP('',(#12011,#12012,#12013,#12014));
#12011 = ORIENTED_EDGE('',*,*,#1738,.T.);
#12012 = ORIENTED_EDGE('',*,*,#11998,.T.);
#12013 = ORIENTED_EDGE('',*,*,#11713,.T.);
#12014 = ORIENTED_EDGE('',*,*,#11991,.F.);
#12015 = CYLINDRICAL_SURFACE('',#12016,1.085);
#12016 = AXIS2_PLACEMENT_3D('',#12017,#12018,#12019);
#12017 = CARTESIAN_POINT('',(-25.2,-7.3,-20.));
#12018 = DIRECTION('',(0.,0.,1.));
#12019 = DIRECTION('',(1.,0.,-0.));
#12020 = ADVANCED_FACE('',(#12021),#12037,.F.);
#12021 = FACE_BOUND('',#12022,.F.);
#12022 = EDGE_LOOP('',(#12023,#12024,#12030,#12031));
#12023 = ORIENTED_EDGE('',*,*,#1753,.T.);
#12024 = ORIENTED_EDGE('',*,*,#12025,.T.);
#12025 = EDGE_CURVE('',#1756,#11607,#12026,.T.);
#12026 = LINE('',#12027,#12028);
#12027 = CARTESIAN_POINT('',(26.285,-7.3,-20.));
#12028 = VECTOR('',#12029,1.);
#12029 = DIRECTION('',(0.,0.,1.));
#12030 = ORIENTED_EDGE('',*,*,#11606,.T.);
#12031 = ORIENTED_EDGE('',*,*,#12032,.F.);
#12032 = EDGE_CURVE('',#1754,#11609,#12033,.T.);
#12033 = LINE('',#12034,#12035);
#12034 = CARTESIAN_POINT('',(24.115,-7.3,-20.));
#12035 = VECTOR('',#12036,1.);
#12036 = DIRECTION('',(0.,0.,1.));
#12037 = CYLINDRICAL_SURFACE('',#12038,1.085);
#12038 = AXIS2_PLACEMENT_3D('',#12039,#12040,#12041);
#12039 = CARTESIAN_POINT('',(25.2,-7.3,-20.));
#12040 = DIRECTION('',(0.,0.,1.));
#12041 = DIRECTION('',(1.,0.,-0.));
#12042 = ADVANCED_FACE('',(#12043),#12049,.F.);
#12043 = FACE_BOUND('',#12044,.F.);
#12044 = EDGE_LOOP('',(#12045,#12046,#12047,#12048));
#12045 = ORIENTED_EDGE('',*,*,#1764,.T.);
#12046 = ORIENTED_EDGE('',*,*,#12032,.T.);
#12047 = ORIENTED_EDGE('',*,*,#11617,.T.);
#12048 = ORIENTED_EDGE('',*,*,#12025,.F.);
#12049 = CYLINDRICAL_SURFACE('',#12050,1.085);
#12050 = AXIS2_PLACEMENT_3D('',#12051,#12052,#12053);
#12051 = CARTESIAN_POINT('',(25.2,-7.3,-20.));
#12052 = DIRECTION('',(0.,0.,1.));
#12053 = DIRECTION('',(1.,0.,-0.));
#12054 = ADVANCED_FACE('',(#12055),#12071,.F.);
#12055 = FACE_BOUND('',#12056,.F.);
#12056 = EDGE_LOOP('',(#12057,#12063,#12064,#12070));
#12057 = ORIENTED_EDGE('',*,*,#12058,.F.);
#12058 = EDGE_CURVE('',#3739,#11549,#12059,.T.);
#12059 = LINE('',#12060,#12061);
#12060 = CARTESIAN_POINT('',(21.7,-3.05,-20.));
#12061 = VECTOR('',#12062,1.);
#12062 = DIRECTION('',(0.,1.041312629993E-14,1.));
#12063 = ORIENTED_EDGE('',*,*,#3738,.T.);
#12064 = ORIENTED_EDGE('',*,*,#12065,.T.);
#12065 = EDGE_CURVE('',#3731,#11547,#12066,.T.);
#12066 = LINE('',#12067,#12068);
#12067 = CARTESIAN_POINT('',(22.7,-4.05,-20.));
#12068 = VECTOR('',#12069,1.);
#12069 = DIRECTION('',(0.,0.,1.));
#12070 = ORIENTED_EDGE('',*,*,#11546,.T.);
#12071 = CYLINDRICAL_SURFACE('',#12072,1.);
#12072 = AXIS2_PLACEMENT_3D('',#12073,#12074,#12075);
#12073 = CARTESIAN_POINT('',(22.7,-3.05,-20.));
#12074 = DIRECTION('',(0.,0.,1.));
#12075 = DIRECTION('',(1.,0.,-0.));
#12076 = ADVANCED_FACE('',(#12077),#12090,.T.);
#12077 = FACE_BOUND('',#12078,.F.);
#12078 = EDGE_LOOP('',(#12079,#12080,#12081,#12082,#12088,#12089));
#12079 = ORIENTED_EDGE('',*,*,#11598,.T.);
#12080 = ORIENTED_EDGE('',*,*,#11507,.F.);
#12081 = ORIENTED_EDGE('',*,*,#64,.F.);
#12082 = ORIENTED_EDGE('',*,*,#12083,.T.);
#12083 = EDGE_CURVE('',#56,#3748,#12084,.T.);
#12084 = LINE('',#12085,#12086);
#12085 = CARTESIAN_POINT('',(21.7,5.6,0.));
#12086 = VECTOR('',#12087,1.);
#12087 = DIRECTION('',(0.,0.,-1.));
#12088 = ORIENTED_EDGE('',*,*,#3747,.T.);
#12089 = ORIENTED_EDGE('',*,*,#12058,.T.);
#12090 = PLANE('',#12091);
#12091 = AXIS2_PLACEMENT_3D('',#12092,#12093,#12094);
#12092 = CARTESIAN_POINT('',(21.7,5.6,0.));
#12093 = DIRECTION('',(1.,0.,0.));
#12094 = DIRECTION('',(0.,-1.,0.));
#12095 = ADVANCED_FACE('',(#12096),#12114,.T.);
#12096 = FACE_BOUND('',#12097,.T.);
#12097 = EDGE_LOOP('',(#12098,#12104,#12105,#12106,#12107,#12113));
#12098 = ORIENTED_EDGE('',*,*,#12099,.F.);
#12099 = EDGE_CURVE('',#48,#11828,#12100,.T.);
#12100 = LINE('',#12101,#12102);
#12101 = CARTESIAN_POINT('',(15.5,11.8,0.));
#12102 = VECTOR('',#12103,1.);
#12103 = DIRECTION('',(0.,0.,-1.));
#12104 = ORIENTED_EDGE('',*,*,#55,.T.);
#12105 = ORIENTED_EDGE('',*,*,#12083,.T.);
#12106 = ORIENTED_EDGE('',*,*,#3755,.F.);
#12107 = ORIENTED_EDGE('',*,*,#12108,.F.);
#12108 = EDGE_CURVE('',#11879,#3756,#12109,.T.);
#12109 = LINE('',#12110,#12111);
#12110 = CARTESIAN_POINT('',(21.64579409929,6.418055561756,-19.275));
#12111 = VECTOR('',#12112,1.);
#12112 = DIRECTION('',(-3.249924467472E-10,-8.552185473208E-09,-1.));
#12113 = ORIENTED_EDGE('',*,*,#11887,.F.);
#12114 = CYLINDRICAL_SURFACE('',#12115,6.2);
#12115 = AXIS2_PLACEMENT_3D('',#12116,#12117,#12118);
#12116 = CARTESIAN_POINT('',(15.5,5.6,0.));
#12117 = DIRECTION('',(0.,0.,-1.));
#12118 = DIRECTION('',(-1.,0.,0.));
#12119 = ADVANCED_FACE('',(#12120),#12131,.F.);
#12120 = FACE_BOUND('',#12121,.F.);
#12121 = EDGE_LOOP('',(#12122,#12123,#12124,#12130));
#12122 = ORIENTED_EDGE('',*,*,#12108,.F.);
#12123 = ORIENTED_EDGE('',*,*,#11878,.T.);
#12124 = ORIENTED_EDGE('',*,*,#12125,.F.);
#12125 = EDGE_CURVE('',#3765,#11871,#12126,.T.);
#12126 = LINE('',#12127,#12128);
#12127 = CARTESIAN_POINT('',(22.63705121181,7.55,-20.));
#12128 = VECTOR('',#12129,1.);
#12129 = DIRECTION('',(0.,0.,1.));
#12130 = ORIENTED_EDGE('',*,*,#3764,.T.);
#12131 = CYLINDRICAL_SURFACE('',#12132,1.);
#12132 = AXIS2_PLACEMENT_3D('',#12133,#12134,#12135);
#12133 = CARTESIAN_POINT('',(22.63705121181,6.55,-20.));
#12134 = DIRECTION('',(0.,0.,1.));
#12135 = DIRECTION('',(1.,0.,-0.));
#12136 = ADVANCED_FACE('',(#12137),#12148,.T.);
#12137 = FACE_BOUND('',#12138,.F.);
#12138 = EDGE_LOOP('',(#12139,#12140,#12141,#12142));
#12139 = ORIENTED_EDGE('',*,*,#3773,.F.);
#12140 = ORIENTED_EDGE('',*,*,#12125,.T.);
#12141 = ORIENTED_EDGE('',*,*,#11870,.T.);
#12142 = ORIENTED_EDGE('',*,*,#12143,.F.);
#12143 = EDGE_CURVE('',#3774,#11862,#12144,.T.);
#12144 = LINE('',#12145,#12146);
#12145 = CARTESIAN_POINT('',(23.7,7.55,-20.));
#12146 = VECTOR('',#12147,1.);
#12147 = DIRECTION('',(0.,0.,1.));
#12148 = PLANE('',#12149);
#12149 = AXIS2_PLACEMENT_3D('',#12150,#12151,#12152);
#12150 = CARTESIAN_POINT('',(22.63705121181,7.55,-20.));
#12151 = DIRECTION('',(0.,-1.,0.));
#12152 = DIRECTION('',(1.,0.,0.));
#12153 = ADVANCED_FACE('',(#12154),#12165,.T.);
#12154 = FACE_BOUND('',#12155,.T.);
#12155 = EDGE_LOOP('',(#12156,#12162,#12163,#12164));
#12156 = ORIENTED_EDGE('',*,*,#12157,.T.);
#12157 = EDGE_CURVE('',#3782,#11854,#12158,.T.);
#12158 = LINE('',#12159,#12160);
#12159 = CARTESIAN_POINT('',(26.04520787991,13.05,-20.));
#12160 = VECTOR('',#12161,1.);
#12161 = DIRECTION('',(0.,0.,1.));
#12162 = ORIENTED_EDGE('',*,*,#11861,.F.);
#12163 = ORIENTED_EDGE('',*,*,#12143,.F.);
#12164 = ORIENTED_EDGE('',*,*,#3781,.T.);
#12165 = CYLINDRICAL_SURFACE('',#12166,3.25);
#12166 = AXIS2_PLACEMENT_3D('',#12167,#12168,#12169);
#12167 = CARTESIAN_POINT('',(23.7,10.8,-20.));
#12168 = DIRECTION('',(0.,0.,1.));
#12169 = DIRECTION('',(1.,0.,-0.));
#12170 = ADVANCED_FACE('',(#12171),#12182,.T.);
#12171 = FACE_BOUND('',#12172,.F.);
#12172 = EDGE_LOOP('',(#12173,#12174,#12175,#12176));
#12173 = ORIENTED_EDGE('',*,*,#3790,.F.);
#12174 = ORIENTED_EDGE('',*,*,#12157,.T.);
#12175 = ORIENTED_EDGE('',*,*,#11853,.T.);
#12176 = ORIENTED_EDGE('',*,*,#12177,.F.);
#12177 = EDGE_CURVE('',#3791,#11845,#12178,.T.);
#12178 = LINE('',#12179,#12180);
#12179 = CARTESIAN_POINT('',(21.35479212009,13.05,-20.));
#12180 = VECTOR('',#12181,1.);
#12181 = DIRECTION('',(0.,0.,1.));
#12182 = PLANE('',#12183);
#12183 = AXIS2_PLACEMENT_3D('',#12184,#12185,#12186);
#12184 = CARTESIAN_POINT('',(26.04520787991,13.05,-20.));
#12185 = DIRECTION('',(0.,1.,0.));
#12186 = DIRECTION('',(-1.,0.,0.));
#12187 = ADVANCED_FACE('',(#12188),#12199,.T.);
#12188 = FACE_BOUND('',#12189,.T.);
#12189 = EDGE_LOOP('',(#12190,#12196,#12197,#12198));
#12190 = ORIENTED_EDGE('',*,*,#12191,.T.);
#12191 = EDGE_CURVE('',#3799,#11836,#12192,.T.);
#12192 = LINE('',#12193,#12194);
#12193 = CARTESIAN_POINT('',(20.83235294118,12.32941176471,-20.));
#12194 = VECTOR('',#12195,1.);
#12195 = DIRECTION('',(0.,0.,1.));
#12196 = ORIENTED_EDGE('',*,*,#11844,.F.);
#12197 = ORIENTED_EDGE('',*,*,#12177,.F.);
#12198 = ORIENTED_EDGE('',*,*,#3798,.T.);
#12199 = CYLINDRICAL_SURFACE('',#12200,3.25);
#12200 = AXIS2_PLACEMENT_3D('',#12201,#12202,#12203);
#12201 = CARTESIAN_POINT('',(23.7,10.8,-20.));
#12202 = DIRECTION('',(0.,0.,1.));
#12203 = DIRECTION('',(1.,0.,-0.));
#12204 = ADVANCED_FACE('',(#12205),#12216,.F.);
#12205 = FACE_BOUND('',#12206,.F.);
#12206 = EDGE_LOOP('',(#12207,#12208,#12209,#12210));
#12207 = ORIENTED_EDGE('',*,*,#3807,.T.);
#12208 = ORIENTED_EDGE('',*,*,#12191,.T.);
#12209 = ORIENTED_EDGE('',*,*,#11835,.T.);
#12210 = ORIENTED_EDGE('',*,*,#12211,.F.);
#12211 = EDGE_CURVE('',#3808,#11826,#12212,.T.);
#12212 = LINE('',#12213,#12214);
#12213 = CARTESIAN_POINT('',(19.95,11.8,-20.));
#12214 = VECTOR('',#12215,1.);
#12215 = DIRECTION('',(0.,0.,1.));
#12216 = CYLINDRICAL_SURFACE('',#12217,1.);
#12217 = AXIS2_PLACEMENT_3D('',#12218,#12219,#12220);
#12218 = CARTESIAN_POINT('',(19.95,12.8,-20.));
#12219 = DIRECTION('',(0.,0.,1.));
#12220 = DIRECTION('',(1.,0.,-0.));
#12221 = ADVANCED_FACE('',(#12222,#12288),#12322,.T.);
#12222 = FACE_BOUND('',#12223,.F.);
#12223 = EDGE_LOOP('',(#12224,#12232,#12233,#12241,#12249,#12255,#12256,
    #12262,#12263,#12269,#12270,#12271,#12272,#12273,#12274,#12282));
#12224 = ORIENTED_EDGE('',*,*,#12225,.F.);
#12225 = EDGE_CURVE('',#32,#12226,#12228,.T.);
#12226 = VERTEX_POINT('',#12227);
#12227 = CARTESIAN_POINT('',(2.7,11.8,-5.4));
#12228 = LINE('',#12229,#12230);
#12229 = CARTESIAN_POINT('',(2.7,11.8,0.));
#12230 = VECTOR('',#12231,1.);
#12231 = DIRECTION('',(0.,0.,-1.));
#12232 = ORIENTED_EDGE('',*,*,#31,.F.);
#12233 = ORIENTED_EDGE('',*,*,#12234,.T.);
#12234 = EDGE_CURVE('',#24,#12235,#12237,.T.);
#12235 = VERTEX_POINT('',#12236);
#12236 = CARTESIAN_POINT('',(-2.7,11.8,-5.4));
#12237 = LINE('',#12238,#12239);
#12238 = CARTESIAN_POINT('',(-2.7,11.8,0.));
#12239 = VECTOR('',#12240,1.);
#12240 = DIRECTION('',(0.,0.,-1.));
#12241 = ORIENTED_EDGE('',*,*,#12242,.T.);
#12242 = EDGE_CURVE('',#12235,#12243,#12245,.T.);
#12243 = VERTEX_POINT('',#12244);
#12244 = CARTESIAN_POINT('',(-4.5,11.8,-5.4));
#12245 = LINE('',#12246,#12247);
#12246 = CARTESIAN_POINT('',(-2.7,11.8,-5.4));
#12247 = VECTOR('',#12248,1.);
#12248 = DIRECTION('',(-1.,0.,0.));
#12249 = ORIENTED_EDGE('',*,*,#12250,.F.);
#12250 = EDGE_CURVE('',#22,#12243,#12251,.T.);
#12251 = LINE('',#12252,#12253);
#12252 = CARTESIAN_POINT('',(-4.5,11.8,0.));
#12253 = VECTOR('',#12254,1.);
#12254 = DIRECTION('',(0.,0.,-1.));
#12255 = ORIENTED_EDGE('',*,*,#115,.F.);
#12256 = ORIENTED_EDGE('',*,*,#12257,.T.);
#12257 = EDGE_CURVE('',#107,#11783,#12258,.T.);
#12258 = LINE('',#12259,#12260);
#12259 = CARTESIAN_POINT('',(-15.5,11.8,0.));
#12260 = VECTOR('',#12261,1.);
#12261 = DIRECTION('',(0.,0.,-1.));
#12262 = ORIENTED_EDGE('',*,*,#11782,.T.);
#12263 = ORIENTED_EDGE('',*,*,#12264,.F.);
#12264 = EDGE_CURVE('',#3817,#11774,#12265,.T.);
#12265 = LINE('',#12266,#12267);
#12266 = CARTESIAN_POINT('',(-19.95,11.8,-20.));
#12267 = VECTOR('',#12268,1.);
#12268 = DIRECTION('',(0.,0.,1.));
#12269 = ORIENTED_EDGE('',*,*,#3816,.T.);
#12270 = ORIENTED_EDGE('',*,*,#12211,.T.);
#12271 = ORIENTED_EDGE('',*,*,#11825,.T.);
#12272 = ORIENTED_EDGE('',*,*,#12099,.F.);
#12273 = ORIENTED_EDGE('',*,*,#47,.F.);
#12274 = ORIENTED_EDGE('',*,*,#12275,.T.);
#12275 = EDGE_CURVE('',#40,#12276,#12278,.T.);
#12276 = VERTEX_POINT('',#12277);
#12277 = CARTESIAN_POINT('',(4.5,11.8,-5.4));
#12278 = LINE('',#12279,#12280);
#12279 = CARTESIAN_POINT('',(4.5,11.8,0.));
#12280 = VECTOR('',#12281,1.);
#12281 = DIRECTION('',(0.,0.,-1.));
#12282 = ORIENTED_EDGE('',*,*,#12283,.T.);
#12283 = EDGE_CURVE('',#12276,#12226,#12284,.T.);
#12284 = LINE('',#12285,#12286);
#12285 = CARTESIAN_POINT('',(4.5,11.8,-5.4));
#12286 = VECTOR('',#12287,1.);
#12287 = DIRECTION('',(-1.,0.,0.));
#12288 = FACE_BOUND('',#12289,.F.);
#12289 = EDGE_LOOP('',(#12290,#12300,#12308,#12316));
#12290 = ORIENTED_EDGE('',*,*,#12291,.T.);
#12291 = EDGE_CURVE('',#12292,#12294,#12296,.T.);
#12292 = VERTEX_POINT('',#12293);
#12293 = CARTESIAN_POINT('',(-6.,11.8,-11.));
#12294 = VERTEX_POINT('',#12295);
#12295 = CARTESIAN_POINT('',(-6.,11.8,-8.));
#12296 = LINE('',#12297,#12298);
#12297 = CARTESIAN_POINT('',(-6.,11.8,-11.));
#12298 = VECTOR('',#12299,1.);
#12299 = DIRECTION('',(0.,0.,1.));
#12300 = ORIENTED_EDGE('',*,*,#12301,.T.);
#12301 = EDGE_CURVE('',#12294,#12302,#12304,.T.);
#12302 = VERTEX_POINT('',#12303);
#12303 = CARTESIAN_POINT('',(6.,11.8,-8.));
#12304 = LINE('',#12305,#12306);
#12305 = CARTESIAN_POINT('',(-6.,11.8,-8.));
#12306 = VECTOR('',#12307,1.);
#12307 = DIRECTION('',(1.,0.,0.));
#12308 = ORIENTED_EDGE('',*,*,#12309,.T.);
#12309 = EDGE_CURVE('',#12302,#12310,#12312,.T.);
#12310 = VERTEX_POINT('',#12311);
#12311 = CARTESIAN_POINT('',(6.,11.8,-11.));
#12312 = LINE('',#12313,#12314);
#12313 = CARTESIAN_POINT('',(6.,11.8,-8.));
#12314 = VECTOR('',#12315,1.);
#12315 = DIRECTION('',(0.,0.,-1.));
#12316 = ORIENTED_EDGE('',*,*,#12317,.T.);
#12317 = EDGE_CURVE('',#12310,#12292,#12318,.T.);
#12318 = LINE('',#12319,#12320);
#12319 = CARTESIAN_POINT('',(6.,11.8,-11.));
#12320 = VECTOR('',#12321,1.);
#12321 = DIRECTION('',(-1.,0.,0.));
#12322 = PLANE('',#12323);
#12323 = AXIS2_PLACEMENT_3D('',#12324,#12325,#12326);
#12324 = CARTESIAN_POINT('',(-15.5,11.8,0.));
#12325 = DIRECTION('',(0.,1.,0.));
#12326 = DIRECTION('',(1.,0.,0.));
#12327 = ADVANCED_FACE('',(#12328),#12353,.F.);
#12328 = FACE_BOUND('',#12329,.F.);
#12329 = EDGE_LOOP('',(#12330,#12338,#12339,#12347));
#12330 = ORIENTED_EDGE('',*,*,#12331,.F.);
#12331 = EDGE_CURVE('',#32,#12332,#12334,.T.);
#12332 = VERTEX_POINT('',#12333);
#12333 = CARTESIAN_POINT('',(2.874977327052,13.8,-3.9));
#12334 = LINE('',#12335,#12336);
#12335 = CARTESIAN_POINT('',(2.7,11.8,0.));
#12336 = VECTOR('',#12337,1.);
#12337 = DIRECTION('',(3.989075718141E-02,0.45595344098,-0.889109209912)
  );
#12338 = ORIENTED_EDGE('',*,*,#12225,.T.);
#12339 = ORIENTED_EDGE('',*,*,#12340,.T.);
#12340 = EDGE_CURVE('',#12226,#12341,#12343,.T.);
#12341 = VERTEX_POINT('',#12342);
#12342 = CARTESIAN_POINT('',(2.874977327052,13.8,-5.4));
#12343 = LINE('',#12344,#12345);
#12344 = CARTESIAN_POINT('',(2.7,11.8,-5.4));
#12345 = VECTOR('',#12346,1.);
#12346 = DIRECTION('',(8.715574274766E-02,0.996194698092,0.));
#12347 = ORIENTED_EDGE('',*,*,#12348,.F.);
#12348 = EDGE_CURVE('',#12332,#12341,#12349,.T.);
#12349 = LINE('',#12350,#12351);
#12350 = CARTESIAN_POINT('',(2.874977327052,13.8,-3.9));
#12351 = VECTOR('',#12352,1.);
#12352 = DIRECTION('',(0.,0.,-1.));
#12353 = PLANE('',#12354);
#12354 = AXIS2_PLACEMENT_3D('',#12355,#12356,#12357);
#12355 = CARTESIAN_POINT('',(2.7,11.8,0.));
#12356 = DIRECTION('',(0.996194698092,-8.715574274766E-02,0.));
#12357 = DIRECTION('',(8.715574274766E-02,0.996194698092,0.));
#12358 = ADVANCED_FACE('',(#12359),#12377,.F.);
#12359 = FACE_BOUND('',#12360,.F.);
#12360 = EDGE_LOOP('',(#12361,#12362,#12370,#12376));
#12361 = ORIENTED_EDGE('',*,*,#12331,.T.);
#12362 = ORIENTED_EDGE('',*,*,#12363,.T.);
#12363 = EDGE_CURVE('',#12332,#12364,#12366,.T.);
#12364 = VERTEX_POINT('',#12365);
#12365 = CARTESIAN_POINT('',(4.325022672948,13.8,-3.9));
#12366 = LINE('',#12367,#12368);
#12367 = CARTESIAN_POINT('',(2.874977327052,13.8,-3.9));
#12368 = VECTOR('',#12369,1.);
#12369 = DIRECTION('',(1.,0.,0.));
#12370 = ORIENTED_EDGE('',*,*,#12371,.F.);
#12371 = EDGE_CURVE('',#40,#12364,#12372,.T.);
#12372 = LINE('',#12373,#12374);
#12373 = CARTESIAN_POINT('',(4.5,11.8,0.));
#12374 = VECTOR('',#12375,1.);
#12375 = DIRECTION('',(-3.989075718142E-02,0.45595344098,-0.889109209912
    ));
#12376 = ORIENTED_EDGE('',*,*,#39,.F.);
#12377 = PLANE('',#12378);
#12378 = AXIS2_PLACEMENT_3D('',#12379,#12380,#12381);
#12379 = CARTESIAN_POINT('',(4.5,11.8,0.));
#12380 = DIRECTION('',(0.,-0.889817462813,-0.456316647596));
#12381 = DIRECTION('',(0.,0.456316647596,-0.889817462813));
#12382 = ADVANCED_FACE('',(#12383),#12408,.F.);
#12383 = FACE_BOUND('',#12384,.F.);
#12384 = EDGE_LOOP('',(#12385,#12393,#12394,#12402));
#12385 = ORIENTED_EDGE('',*,*,#12386,.F.);
#12386 = EDGE_CURVE('',#24,#12387,#12389,.T.);
#12387 = VERTEX_POINT('',#12388);
#12388 = CARTESIAN_POINT('',(-2.874977327052,13.8,-3.9));
#12389 = LINE('',#12390,#12391);
#12390 = CARTESIAN_POINT('',(-2.7,11.8,0.));
#12391 = VECTOR('',#12392,1.);
#12392 = DIRECTION('',(-3.989075718141E-02,0.45595344098,-0.889109209912
    ));
#12393 = ORIENTED_EDGE('',*,*,#21,.F.);
#12394 = ORIENTED_EDGE('',*,*,#12395,.T.);
#12395 = EDGE_CURVE('',#22,#12396,#12398,.T.);
#12396 = VERTEX_POINT('',#12397);
#12397 = CARTESIAN_POINT('',(-4.325022672948,13.8,-3.9));
#12398 = LINE('',#12399,#12400);
#12399 = CARTESIAN_POINT('',(-4.5,11.8,0.));
#12400 = VECTOR('',#12401,1.);
#12401 = DIRECTION('',(3.989075718142E-02,0.45595344098,-0.889109209912)
  );
#12402 = ORIENTED_EDGE('',*,*,#12403,.T.);
#12403 = EDGE_CURVE('',#12396,#12387,#12404,.T.);
#12404 = LINE('',#12405,#12406);
#12405 = CARTESIAN_POINT('',(-4.325022672948,13.8,-3.9));
#12406 = VECTOR('',#12407,1.);
#12407 = DIRECTION('',(1.,0.,0.));
#12408 = PLANE('',#12409);
#12409 = AXIS2_PLACEMENT_3D('',#12410,#12411,#12412);
#12410 = CARTESIAN_POINT('',(4.5,11.8,0.));
#12411 = DIRECTION('',(0.,-0.889817462813,-0.456316647596));
#12412 = DIRECTION('',(0.,0.456316647596,-0.889817462813));
#12413 = ADVANCED_FACE('',(#12414),#12432,.T.);
#12414 = FACE_BOUND('',#12415,.F.);
#12415 = EDGE_LOOP('',(#12416,#12417,#12425,#12431));
#12416 = ORIENTED_EDGE('',*,*,#12348,.T.);
#12417 = ORIENTED_EDGE('',*,*,#12418,.F.);
#12418 = EDGE_CURVE('',#12419,#12341,#12421,.T.);
#12419 = VERTEX_POINT('',#12420);
#12420 = CARTESIAN_POINT('',(4.325022672948,13.8,-5.4));
#12421 = LINE('',#12422,#12423);
#12422 = CARTESIAN_POINT('',(4.325022672948,13.8,-5.4));
#12423 = VECTOR('',#12424,1.);
#12424 = DIRECTION('',(-1.,0.,0.));
#12425 = ORIENTED_EDGE('',*,*,#12426,.F.);
#12426 = EDGE_CURVE('',#12364,#12419,#12427,.T.);
#12427 = LINE('',#12428,#12429);
#12428 = CARTESIAN_POINT('',(4.325022672948,13.8,-3.9));
#12429 = VECTOR('',#12430,1.);
#12430 = DIRECTION('',(0.,0.,-1.));
#12431 = ORIENTED_EDGE('',*,*,#12363,.F.);
#12432 = PLANE('',#12433);
#12433 = AXIS2_PLACEMENT_3D('',#12434,#12435,#12436);
#12434 = CARTESIAN_POINT('',(0.,13.8,0.));
#12435 = DIRECTION('',(0.,1.,0.));
#12436 = DIRECTION('',(1.,0.,0.));
#12437 = ADVANCED_FACE('',(#12438),#12463,.T.);
#12438 = FACE_BOUND('',#12439,.F.);
#12439 = EDGE_LOOP('',(#12440,#12448,#12449,#12457));
#12440 = ORIENTED_EDGE('',*,*,#12441,.F.);
#12441 = EDGE_CURVE('',#12387,#12442,#12444,.T.);
#12442 = VERTEX_POINT('',#12443);
#12443 = CARTESIAN_POINT('',(-2.874977327052,13.8,-5.4));
#12444 = LINE('',#12445,#12446);
#12445 = CARTESIAN_POINT('',(-2.874977327052,13.8,-3.9));
#12446 = VECTOR('',#12447,1.);
#12447 = DIRECTION('',(0.,0.,-1.));
#12448 = ORIENTED_EDGE('',*,*,#12403,.F.);
#12449 = ORIENTED_EDGE('',*,*,#12450,.T.);
#12450 = EDGE_CURVE('',#12396,#12451,#12453,.T.);
#12451 = VERTEX_POINT('',#12452);
#12452 = CARTESIAN_POINT('',(-4.325022672948,13.8,-5.4));
#12453 = LINE('',#12454,#12455);
#12454 = CARTESIAN_POINT('',(-4.325022672948,13.8,-3.9));
#12455 = VECTOR('',#12456,1.);
#12456 = DIRECTION('',(0.,0.,-1.));
#12457 = ORIENTED_EDGE('',*,*,#12458,.F.);
#12458 = EDGE_CURVE('',#12442,#12451,#12459,.T.);
#12459 = LINE('',#12460,#12461);
#12460 = CARTESIAN_POINT('',(-2.874977327052,13.8,-5.4));
#12461 = VECTOR('',#12462,1.);
#12462 = DIRECTION('',(-1.,0.,0.));
#12463 = PLANE('',#12464);
#12464 = AXIS2_PLACEMENT_3D('',#12465,#12466,#12467);
#12465 = CARTESIAN_POINT('',(0.,13.8,0.));
#12466 = DIRECTION('',(0.,1.,0.));
#12467 = DIRECTION('',(1.,0.,0.));
#12468 = ADVANCED_FACE('',(#12469),#12480,.T.);
#12469 = FACE_BOUND('',#12470,.F.);
#12470 = EDGE_LOOP('',(#12471,#12472,#12473,#12479));
#12471 = ORIENTED_EDGE('',*,*,#12340,.F.);
#12472 = ORIENTED_EDGE('',*,*,#12283,.F.);
#12473 = ORIENTED_EDGE('',*,*,#12474,.F.);
#12474 = EDGE_CURVE('',#12419,#12276,#12475,.T.);
#12475 = LINE('',#12476,#12477);
#12476 = CARTESIAN_POINT('',(4.325022672948,13.8,-5.4));
#12477 = VECTOR('',#12478,1.);
#12478 = DIRECTION('',(8.715574274766E-02,-0.996194698092,0.));
#12479 = ORIENTED_EDGE('',*,*,#12418,.T.);
#12480 = PLANE('',#12481);
#12481 = AXIS2_PLACEMENT_3D('',#12482,#12483,#12484);
#12482 = CARTESIAN_POINT('',(4.5,11.8,-5.4));
#12483 = DIRECTION('',(0.,0.,-1.));
#12484 = DIRECTION('',(-1.,0.,0.));
#12485 = ADVANCED_FACE('',(#12486),#12492,.F.);
#12486 = FACE_BOUND('',#12487,.F.);
#12487 = EDGE_LOOP('',(#12488,#12489,#12490,#12491));
#12488 = ORIENTED_EDGE('',*,*,#12371,.T.);
#12489 = ORIENTED_EDGE('',*,*,#12426,.T.);
#12490 = ORIENTED_EDGE('',*,*,#12474,.T.);
#12491 = ORIENTED_EDGE('',*,*,#12275,.F.);
#12492 = PLANE('',#12493);
#12493 = AXIS2_PLACEMENT_3D('',#12494,#12495,#12496);
#12494 = CARTESIAN_POINT('',(4.325022672948,13.8,0.));
#12495 = DIRECTION('',(-0.996194698092,-8.715574274766E-02,0.));
#12496 = DIRECTION('',(8.715574274766E-02,-0.996194698092,0.));
#12497 = ADVANCED_FACE('',(#12498),#12509,.F.);
#12498 = FACE_BOUND('',#12499,.F.);
#12499 = EDGE_LOOP('',(#12500,#12501,#12502,#12508));
#12500 = ORIENTED_EDGE('',*,*,#12386,.T.);
#12501 = ORIENTED_EDGE('',*,*,#12441,.T.);
#12502 = ORIENTED_EDGE('',*,*,#12503,.T.);
#12503 = EDGE_CURVE('',#12442,#12235,#12504,.T.);
#12504 = LINE('',#12505,#12506);
#12505 = CARTESIAN_POINT('',(-2.874977327052,13.8,-5.4));
#12506 = VECTOR('',#12507,1.);
#12507 = DIRECTION('',(8.715574274766E-02,-0.996194698092,0.));
#12508 = ORIENTED_EDGE('',*,*,#12234,.F.);
#12509 = PLANE('',#12510);
#12510 = AXIS2_PLACEMENT_3D('',#12511,#12512,#12513);
#12511 = CARTESIAN_POINT('',(-2.874977327052,13.8,0.));
#12512 = DIRECTION('',(-0.996194698092,-8.715574274766E-02,0.));
#12513 = DIRECTION('',(8.715574274766E-02,-0.996194698092,0.));
#12514 = ADVANCED_FACE('',(#12515),#12526,.T.);
#12515 = FACE_BOUND('',#12516,.F.);
#12516 = EDGE_LOOP('',(#12517,#12518,#12519,#12525));
#12517 = ORIENTED_EDGE('',*,*,#12503,.F.);
#12518 = ORIENTED_EDGE('',*,*,#12458,.T.);
#12519 = ORIENTED_EDGE('',*,*,#12520,.F.);
#12520 = EDGE_CURVE('',#12243,#12451,#12521,.T.);
#12521 = LINE('',#12522,#12523);
#12522 = CARTESIAN_POINT('',(-4.5,11.8,-5.4));
#12523 = VECTOR('',#12524,1.);
#12524 = DIRECTION('',(8.715574274766E-02,0.996194698092,0.));
#12525 = ORIENTED_EDGE('',*,*,#12242,.F.);
#12526 = PLANE('',#12527);
#12527 = AXIS2_PLACEMENT_3D('',#12528,#12529,#12530);
#12528 = CARTESIAN_POINT('',(-2.7,11.8,-5.4));
#12529 = DIRECTION('',(0.,0.,-1.));
#12530 = DIRECTION('',(-1.,0.,0.));
#12531 = ADVANCED_FACE('',(#12532),#12538,.F.);
#12532 = FACE_BOUND('',#12533,.F.);
#12533 = EDGE_LOOP('',(#12534,#12535,#12536,#12537));
#12534 = ORIENTED_EDGE('',*,*,#12395,.F.);
#12535 = ORIENTED_EDGE('',*,*,#12250,.T.);
#12536 = ORIENTED_EDGE('',*,*,#12520,.T.);
#12537 = ORIENTED_EDGE('',*,*,#12450,.F.);
#12538 = PLANE('',#12539);
#12539 = AXIS2_PLACEMENT_3D('',#12540,#12541,#12542);
#12540 = CARTESIAN_POINT('',(-4.5,11.8,0.));
#12541 = DIRECTION('',(0.996194698092,-8.715574274766E-02,0.));
#12542 = DIRECTION('',(8.715574274766E-02,0.996194698092,0.));
#12543 = ADVANCED_FACE('',(#12544),#12562,.T.);
#12544 = FACE_BOUND('',#12545,.T.);
#12545 = EDGE_LOOP('',(#12546,#12552,#12553,#12559,#12560,#12561));
#12546 = ORIENTED_EDGE('',*,*,#12547,.T.);
#12547 = EDGE_CURVE('',#11731,#3868,#12548,.T.);
#12548 = LINE('',#12549,#12550);
#12549 = CARTESIAN_POINT('',(-21.64579409929,6.418055561756,-19.275));
#12550 = VECTOR('',#12551,1.);
#12551 = DIRECTION('',(3.249924467472E-10,-8.552185473208E-09,-1.));
#12552 = ORIENTED_EDGE('',*,*,#3876,.F.);
#12553 = ORIENTED_EDGE('',*,*,#12554,.F.);
#12554 = EDGE_CURVE('',#99,#3877,#12555,.T.);
#12555 = LINE('',#12556,#12557);
#12556 = CARTESIAN_POINT('',(-21.7,5.6,0.));
#12557 = VECTOR('',#12558,1.);
#12558 = DIRECTION('',(0.,0.,-1.));
#12559 = ORIENTED_EDGE('',*,*,#106,.T.);
#12560 = ORIENTED_EDGE('',*,*,#12257,.T.);
#12561 = ORIENTED_EDGE('',*,*,#11790,.F.);
#12562 = CYLINDRICAL_SURFACE('',#12563,6.2);
#12563 = AXIS2_PLACEMENT_3D('',#12564,#12565,#12566);
#12564 = CARTESIAN_POINT('',(-15.5,5.6,0.));
#12565 = DIRECTION('',(0.,0.,-1.));
#12566 = DIRECTION('',(-1.,0.,0.));
#12567 = ADVANCED_FACE('',(#12568),#12586,.T.);
#12568 = FACE_BOUND('',#12569,.F.);
#12569 = EDGE_LOOP('',(#12570,#12571,#12577,#12578,#12579,#12580));
#12570 = ORIENTED_EDGE('',*,*,#11685,.T.);
#12571 = ORIENTED_EDGE('',*,*,#12572,.F.);
#12572 = EDGE_CURVE('',#3886,#11677,#12573,.T.);
#12573 = LINE('',#12574,#12575);
#12574 = CARTESIAN_POINT('',(-21.7,-3.05,-20.));
#12575 = VECTOR('',#12576,1.);
#12576 = DIRECTION('',(0.,0.,1.));
#12577 = ORIENTED_EDGE('',*,*,#3885,.T.);
#12578 = ORIENTED_EDGE('',*,*,#12554,.F.);
#12579 = ORIENTED_EDGE('',*,*,#98,.F.);
#12580 = ORIENTED_EDGE('',*,*,#12581,.T.);
#12581 = EDGE_CURVE('',#90,#11686,#12582,.T.);
#12582 = LINE('',#12583,#12584);
#12583 = CARTESIAN_POINT('',(-21.7,-5.6,0.));
#12584 = VECTOR('',#12585,1.);
#12585 = DIRECTION('',(0.,0.,-1.));
#12586 = PLANE('',#12587);
#12587 = AXIS2_PLACEMENT_3D('',#12588,#12589,#12590);
#12588 = CARTESIAN_POINT('',(-21.7,-5.6,0.));
#12589 = DIRECTION('',(-1.,0.,0.));
#12590 = DIRECTION('',(0.,1.,0.));
#12591 = ADVANCED_FACE('',(#12592),#12603,.F.);
#12592 = FACE_BOUND('',#12593,.F.);
#12593 = EDGE_LOOP('',(#12594,#12595,#12596,#12602));
#12594 = ORIENTED_EDGE('',*,*,#12572,.T.);
#12595 = ORIENTED_EDGE('',*,*,#11676,.T.);
#12596 = ORIENTED_EDGE('',*,*,#12597,.F.);
#12597 = EDGE_CURVE('',#3894,#11669,#12598,.T.);
#12598 = LINE('',#12599,#12600);
#12599 = CARTESIAN_POINT('',(-22.7,-4.05,-20.));
#12600 = VECTOR('',#12601,1.);
#12601 = DIRECTION('',(0.,0.,1.));
#12602 = ORIENTED_EDGE('',*,*,#3893,.T.);
#12603 = CYLINDRICAL_SURFACE('',#12604,1.);
#12604 = AXIS2_PLACEMENT_3D('',#12605,#12606,#12607);
#12605 = CARTESIAN_POINT('',(-22.7,-3.05,-20.));
#12606 = DIRECTION('',(0.,0.,1.));
#12607 = DIRECTION('',(1.,0.,-0.));
#12608 = ADVANCED_FACE('',(#12609),#12620,.T.);
#12609 = FACE_BOUND('',#12610,.F.);
#12610 = EDGE_LOOP('',(#12611,#12612,#12613,#12614));
#12611 = ORIENTED_EDGE('',*,*,#3902,.F.);
#12612 = ORIENTED_EDGE('',*,*,#12597,.T.);
#12613 = ORIENTED_EDGE('',*,*,#11668,.T.);
#12614 = ORIENTED_EDGE('',*,*,#12615,.F.);
#12615 = EDGE_CURVE('',#3903,#11660,#12616,.T.);
#12616 = LINE('',#12617,#12618);
#12617 = CARTESIAN_POINT('',(-25.2,-4.05,-20.));
#12618 = VECTOR('',#12619,1.);
#12619 = DIRECTION('',(0.,0.,1.));
#12620 = PLANE('',#12621);
#12621 = AXIS2_PLACEMENT_3D('',#12622,#12623,#12624);
#12622 = CARTESIAN_POINT('',(-22.7,-4.05,-20.));
#12623 = DIRECTION('',(0.,1.,0.));
#12624 = DIRECTION('',(-1.,0.,0.));
#12625 = ADVANCED_FACE('',(#12626),#12637,.T.);
#12626 = FACE_BOUND('',#12627,.T.);
#12627 = EDGE_LOOP('',(#12628,#12634,#12635,#12636));
#12628 = ORIENTED_EDGE('',*,*,#12629,.T.);
#12629 = EDGE_CURVE('',#3911,#11652,#12630,.T.);
#12630 = LINE('',#12631,#12632);
#12631 = CARTESIAN_POINT('',(-27.4,-4.907825257219,-20.));
#12632 = VECTOR('',#12633,1.);
#12633 = DIRECTION('',(0.,0.,1.));
#12634 = ORIENTED_EDGE('',*,*,#11659,.F.);
#12635 = ORIENTED_EDGE('',*,*,#12615,.F.);
#12636 = ORIENTED_EDGE('',*,*,#3910,.T.);
#12637 = CYLINDRICAL_SURFACE('',#12638,3.25);
#12638 = AXIS2_PLACEMENT_3D('',#12639,#12640,#12641);
#12639 = CARTESIAN_POINT('',(-25.2,-7.3,-20.));
#12640 = DIRECTION('',(0.,0.,1.));
#12641 = DIRECTION('',(1.,0.,-0.));
#12642 = ADVANCED_FACE('',(#12643),#12654,.T.);
#12643 = FACE_BOUND('',#12644,.F.);
#12644 = EDGE_LOOP('',(#12645,#12646,#12647,#12648));
#12645 = ORIENTED_EDGE('',*,*,#3919,.F.);
#12646 = ORIENTED_EDGE('',*,*,#12629,.T.);
#12647 = ORIENTED_EDGE('',*,*,#11651,.T.);
#12648 = ORIENTED_EDGE('',*,*,#12649,.F.);
#12649 = EDGE_CURVE('',#3920,#11643,#12650,.T.);
#12650 = LINE('',#12651,#12652);
#12651 = CARTESIAN_POINT('',(-27.4,-9.692174742781,-20.));
#12652 = VECTOR('',#12653,1.);
#12653 = DIRECTION('',(0.,0.,1.));
#12654 = PLANE('',#12655);
#12655 = AXIS2_PLACEMENT_3D('',#12656,#12657,#12658);
#12656 = CARTESIAN_POINT('',(-27.4,-4.907825257219,-20.));
#12657 = DIRECTION('',(-1.,0.,0.));
#12658 = DIRECTION('',(0.,-1.,0.));
#12659 = ADVANCED_FACE('',(#12660),#12671,.T.);
#12660 = FACE_BOUND('',#12661,.T.);
#12661 = EDGE_LOOP('',(#12662,#12668,#12669,#12670));
#12662 = ORIENTED_EDGE('',*,*,#12663,.T.);
#12663 = EDGE_CURVE('',#3928,#11633,#12664,.T.);
#12664 = LINE('',#12665,#12666);
#12665 = CARTESIAN_POINT('',(-25.2,-10.55,-20.));
#12666 = VECTOR('',#12667,1.);
#12667 = DIRECTION('',(0.,0.,1.));
#12668 = ORIENTED_EDGE('',*,*,#11642,.F.);
#12669 = ORIENTED_EDGE('',*,*,#12649,.F.);
#12670 = ORIENTED_EDGE('',*,*,#3927,.T.);
#12671 = CYLINDRICAL_SURFACE('',#12672,3.25);
#12672 = AXIS2_PLACEMENT_3D('',#12673,#12674,#12675);
#12673 = CARTESIAN_POINT('',(-25.2,-7.3,-20.));
#12674 = DIRECTION('',(0.,0.,1.));
#12675 = DIRECTION('',(1.,0.,-0.));
#12676 = ADVANCED_FACE('',(#12677),#12688,.T.);
#12677 = FACE_BOUND('',#12678,.F.);
#12678 = EDGE_LOOP('',(#12679,#12685,#12686,#12687));
#12679 = ORIENTED_EDGE('',*,*,#12680,.T.);
#12680 = EDGE_CURVE('',#11635,#3937,#12681,.T.);
#12681 = LINE('',#12682,#12683);
#12682 = CARTESIAN_POINT('',(-19.23329613077,-10.55,-19.275));
#12683 = VECTOR('',#12684,1.);
#12684 = DIRECTION('',(0.,0.,-1.));
#12685 = ORIENTED_EDGE('',*,*,#3936,.F.);
#12686 = ORIENTED_EDGE('',*,*,#12663,.T.);
#12687 = ORIENTED_EDGE('',*,*,#11632,.T.);
#12688 = PLANE('',#12689);
#12689 = AXIS2_PLACEMENT_3D('',#12690,#12691,#12692);
#12690 = CARTESIAN_POINT('',(-25.2,-10.55,-20.));
#12691 = DIRECTION('',(0.,-1.,0.));
#12692 = DIRECTION('',(1.,0.,0.));
#12693 = ADVANCED_FACE('',(#12694),#12707,.T.);
#12694 = FACE_BOUND('',#12695,.T.);
#12695 = EDGE_LOOP('',(#12696,#12697,#12698,#12704,#12705,#12706));
#12696 = ORIENTED_EDGE('',*,*,#12680,.T.);
#12697 = ORIENTED_EDGE('',*,*,#3944,.F.);
#12698 = ORIENTED_EDGE('',*,*,#12699,.F.);
#12699 = EDGE_CURVE('',#82,#3945,#12700,.T.);
#12700 = LINE('',#12701,#12702);
#12701 = CARTESIAN_POINT('',(-15.5,-11.8,0.));
#12702 = VECTOR('',#12703,1.);
#12703 = DIRECTION('',(0.,0.,-1.));
#12704 = ORIENTED_EDGE('',*,*,#89,.T.);
#12705 = ORIENTED_EDGE('',*,*,#12581,.T.);
#12706 = ORIENTED_EDGE('',*,*,#11693,.F.);
#12707 = CYLINDRICAL_SURFACE('',#12708,6.2);
#12708 = AXIS2_PLACEMENT_3D('',#12709,#12710,#12711);
#12709 = CARTESIAN_POINT('',(-15.5,-5.6,0.));
#12710 = DIRECTION('',(0.,0.,-1.));
#12711 = DIRECTION('',(-1.,0.,0.));
#12712 = ADVANCED_FACE('',(#12713),#12719,.T.);
#12713 = FACE_BOUND('',#12714,.F.);
#12714 = EDGE_LOOP('',(#12715,#12716,#12717,#12718));
#12715 = ORIENTED_EDGE('',*,*,#3953,.T.);
#12716 = ORIENTED_EDGE('',*,*,#12699,.F.);
#12717 = ORIENTED_EDGE('',*,*,#81,.F.);
#12718 = ORIENTED_EDGE('',*,*,#11516,.T.);
#12719 = PLANE('',#12720);
#12720 = AXIS2_PLACEMENT_3D('',#12721,#12722,#12723);
#12721 = CARTESIAN_POINT('',(15.5,-11.8,0.));
#12722 = DIRECTION('',(0.,-1.,0.));
#12723 = DIRECTION('',(-1.,0.,0.));
#12724 = ADVANCED_FACE('',(#12725),#12736,.F.);
#12725 = FACE_BOUND('',#12726,.F.);
#12726 = EDGE_LOOP('',(#12727,#12728,#12729,#12735));
#12727 = ORIENTED_EDGE('',*,*,#12547,.T.);
#12728 = ORIENTED_EDGE('',*,*,#3867,.T.);
#12729 = ORIENTED_EDGE('',*,*,#12730,.T.);
#12730 = EDGE_CURVE('',#3860,#11729,#12731,.T.);
#12731 = LINE('',#12732,#12733);
#12732 = CARTESIAN_POINT('',(-22.63705121181,7.55,-20.));
#12733 = VECTOR('',#12734,1.);
#12734 = DIRECTION('',(0.,0.,1.));
#12735 = ORIENTED_EDGE('',*,*,#11728,.T.);
#12736 = CYLINDRICAL_SURFACE('',#12737,1.);
#12737 = AXIS2_PLACEMENT_3D('',#12738,#12739,#12740);
#12738 = CARTESIAN_POINT('',(-22.63705121181,6.55,-20.));
#12739 = DIRECTION('',(0.,0.,1.));
#12740 = DIRECTION('',(1.,0.,-0.));
#12741 = ADVANCED_FACE('',(#12742),#12753,.T.);
#12742 = FACE_BOUND('',#12743,.F.);
#12743 = EDGE_LOOP('',(#12744,#12745,#12751,#12752));
#12744 = ORIENTED_EDGE('',*,*,#3859,.F.);
#12745 = ORIENTED_EDGE('',*,*,#12746,.T.);
#12746 = EDGE_CURVE('',#3851,#11740,#12747,.T.);
#12747 = LINE('',#12748,#12749);
#12748 = CARTESIAN_POINT('',(-23.7,7.55,-20.));
#12749 = VECTOR('',#12750,1.);
#12750 = DIRECTION('',(0.,0.,1.));
#12751 = ORIENTED_EDGE('',*,*,#11739,.T.);
#12752 = ORIENTED_EDGE('',*,*,#12730,.F.);
#12753 = PLANE('',#12754);
#12754 = AXIS2_PLACEMENT_3D('',#12755,#12756,#12757);
#12755 = CARTESIAN_POINT('',(-23.7,7.55,-20.));
#12756 = DIRECTION('',(0.,-1.,0.));
#12757 = DIRECTION('',(1.,0.,0.));
#12758 = ADVANCED_FACE('',(#12759),#12770,.T.);
#12759 = FACE_BOUND('',#12760,.T.);
#12760 = EDGE_LOOP('',(#12761,#12762,#12763,#12769));
#12761 = ORIENTED_EDGE('',*,*,#12746,.T.);
#12762 = ORIENTED_EDGE('',*,*,#11747,.F.);
#12763 = ORIENTED_EDGE('',*,*,#12764,.F.);
#12764 = EDGE_CURVE('',#3843,#11748,#12765,.T.);
#12765 = LINE('',#12766,#12767);
#12766 = CARTESIAN_POINT('',(-26.04520787991,13.05,-20.));
#12767 = VECTOR('',#12768,1.);
#12768 = DIRECTION('',(0.,0.,1.));
#12769 = ORIENTED_EDGE('',*,*,#3850,.T.);
#12770 = CYLINDRICAL_SURFACE('',#12771,3.25);
#12771 = AXIS2_PLACEMENT_3D('',#12772,#12773,#12774);
#12772 = CARTESIAN_POINT('',(-23.7,10.8,-20.));
#12773 = DIRECTION('',(0.,0.,1.));
#12774 = DIRECTION('',(1.,0.,-0.));
#12775 = ADVANCED_FACE('',(#12776),#12787,.T.);
#12776 = FACE_BOUND('',#12777,.F.);
#12777 = EDGE_LOOP('',(#12778,#12779,#12785,#12786));
#12778 = ORIENTED_EDGE('',*,*,#3842,.F.);
#12779 = ORIENTED_EDGE('',*,*,#12780,.T.);
#12780 = EDGE_CURVE('',#3834,#11757,#12781,.T.);
#12781 = LINE('',#12782,#12783);
#12782 = CARTESIAN_POINT('',(-21.35479212009,13.05,-20.));
#12783 = VECTOR('',#12784,1.);
#12784 = DIRECTION('',(0.,0.,1.));
#12785 = ORIENTED_EDGE('',*,*,#11756,.T.);
#12786 = ORIENTED_EDGE('',*,*,#12764,.F.);
#12787 = PLANE('',#12788);
#12788 = AXIS2_PLACEMENT_3D('',#12789,#12790,#12791);
#12789 = CARTESIAN_POINT('',(-21.35479212009,13.05,-20.));
#12790 = DIRECTION('',(0.,1.,0.));
#12791 = DIRECTION('',(-1.,0.,0.));
#12792 = ADVANCED_FACE('',(#12793),#12804,.T.);
#12793 = FACE_BOUND('',#12794,.T.);
#12794 = EDGE_LOOP('',(#12795,#12796,#12797,#12803));
#12795 = ORIENTED_EDGE('',*,*,#12780,.T.);
#12796 = ORIENTED_EDGE('',*,*,#11764,.F.);
#12797 = ORIENTED_EDGE('',*,*,#12798,.F.);
#12798 = EDGE_CURVE('',#3825,#11765,#12799,.T.);
#12799 = LINE('',#12800,#12801);
#12800 = CARTESIAN_POINT('',(-20.83235294118,12.32941176471,-20.));
#12801 = VECTOR('',#12802,1.);
#12802 = DIRECTION('',(0.,0.,1.));
#12803 = ORIENTED_EDGE('',*,*,#3833,.T.);
#12804 = CYLINDRICAL_SURFACE('',#12805,3.25);
#12805 = AXIS2_PLACEMENT_3D('',#12806,#12807,#12808);
#12806 = CARTESIAN_POINT('',(-23.7,10.8,-20.));
#12807 = DIRECTION('',(0.,0.,1.));
#12808 = DIRECTION('',(1.,0.,-0.));
#12809 = ADVANCED_FACE('',(#12810),#12816,.F.);
#12810 = FACE_BOUND('',#12811,.F.);
#12811 = EDGE_LOOP('',(#12812,#12813,#12814,#12815));
#12812 = ORIENTED_EDGE('',*,*,#3824,.T.);
#12813 = ORIENTED_EDGE('',*,*,#12264,.T.);
#12814 = ORIENTED_EDGE('',*,*,#11773,.T.);
#12815 = ORIENTED_EDGE('',*,*,#12798,.F.);
#12816 = CYLINDRICAL_SURFACE('',#12817,1.);
#12817 = AXIS2_PLACEMENT_3D('',#12818,#12819,#12820);
#12818 = CARTESIAN_POINT('',(-19.95,12.8,-20.));
#12819 = DIRECTION('',(0.,0.,1.));
#12820 = DIRECTION('',(1.,0.,-0.));
#12821 = ADVANCED_FACE('',(#12822),#12847,.F.);
#12822 = FACE_BOUND('',#12823,.F.);
#12823 = EDGE_LOOP('',(#12824,#12825,#12833,#12841));
#12824 = ORIENTED_EDGE('',*,*,#12291,.F.);
#12825 = ORIENTED_EDGE('',*,*,#12826,.T.);
#12826 = EDGE_CURVE('',#12292,#12827,#12829,.T.);
#12827 = VERTEX_POINT('',#12828);
#12828 = CARTESIAN_POINT('',(-6.,11.775,-11.));
#12829 = LINE('',#12830,#12831);
#12830 = CARTESIAN_POINT('',(-6.,11.8,-11.));
#12831 = VECTOR('',#12832,1.);
#12832 = DIRECTION('',(0.,-1.,0.));
#12833 = ORIENTED_EDGE('',*,*,#12834,.T.);
#12834 = EDGE_CURVE('',#12827,#12835,#12837,.T.);
#12835 = VERTEX_POINT('',#12836);
#12836 = CARTESIAN_POINT('',(-6.,11.775,-8.));
#12837 = LINE('',#12838,#12839);
#12838 = CARTESIAN_POINT('',(-6.,11.775,-11.));
#12839 = VECTOR('',#12840,1.);
#12840 = DIRECTION('',(0.,0.,1.));
#12841 = ORIENTED_EDGE('',*,*,#12842,.F.);
#12842 = EDGE_CURVE('',#12294,#12835,#12843,.T.);
#12843 = LINE('',#12844,#12845);
#12844 = CARTESIAN_POINT('',(-6.,11.8,-8.));
#12845 = VECTOR('',#12846,1.);
#12846 = DIRECTION('',(0.,-1.,0.));
#12847 = PLANE('',#12848);
#12848 = AXIS2_PLACEMENT_3D('',#12849,#12850,#12851);
#12849 = CARTESIAN_POINT('',(-6.,11.8,-11.));
#12850 = DIRECTION('',(-1.,0.,0.));
#12851 = DIRECTION('',(0.,0.,1.));
#12852 = ADVANCED_FACE('',(#12853),#12871,.F.);
#12853 = FACE_BOUND('',#12854,.F.);
#12854 = EDGE_LOOP('',(#12855,#12856,#12864,#12870));
#12855 = ORIENTED_EDGE('',*,*,#12317,.F.);
#12856 = ORIENTED_EDGE('',*,*,#12857,.T.);
#12857 = EDGE_CURVE('',#12310,#12858,#12860,.T.);
#12858 = VERTEX_POINT('',#12859);
#12859 = CARTESIAN_POINT('',(6.,11.775,-11.));
#12860 = LINE('',#12861,#12862);
#12861 = CARTESIAN_POINT('',(6.,11.8,-11.));
#12862 = VECTOR('',#12863,1.);
#12863 = DIRECTION('',(0.,-1.,0.));
#12864 = ORIENTED_EDGE('',*,*,#12865,.T.);
#12865 = EDGE_CURVE('',#12858,#12827,#12866,.T.);
#12866 = LINE('',#12867,#12868);
#12867 = CARTESIAN_POINT('',(6.,11.775,-11.));
#12868 = VECTOR('',#12869,1.);
#12869 = DIRECTION('',(-1.,0.,0.));
#12870 = ORIENTED_EDGE('',*,*,#12826,.F.);
#12871 = PLANE('',#12872);
#12872 = AXIS2_PLACEMENT_3D('',#12873,#12874,#12875);
#12873 = CARTESIAN_POINT('',(6.,11.8,-11.));
#12874 = DIRECTION('',(0.,0.,-1.));
#12875 = DIRECTION('',(-1.,0.,0.));
#12876 = ADVANCED_FACE('',(#12877),#12895,.F.);
#12877 = FACE_BOUND('',#12878,.F.);
#12878 = EDGE_LOOP('',(#12879,#12880,#12888,#12894));
#12879 = ORIENTED_EDGE('',*,*,#12309,.F.);
#12880 = ORIENTED_EDGE('',*,*,#12881,.T.);
#12881 = EDGE_CURVE('',#12302,#12882,#12884,.T.);
#12882 = VERTEX_POINT('',#12883);
#12883 = CARTESIAN_POINT('',(6.,11.775,-8.));
#12884 = LINE('',#12885,#12886);
#12885 = CARTESIAN_POINT('',(6.,11.8,-8.));
#12886 = VECTOR('',#12887,1.);
#12887 = DIRECTION('',(0.,-1.,0.));
#12888 = ORIENTED_EDGE('',*,*,#12889,.T.);
#12889 = EDGE_CURVE('',#12882,#12858,#12890,.T.);
#12890 = LINE('',#12891,#12892);
#12891 = CARTESIAN_POINT('',(6.,11.775,-8.));
#12892 = VECTOR('',#12893,1.);
#12893 = DIRECTION('',(0.,0.,-1.));
#12894 = ORIENTED_EDGE('',*,*,#12857,.F.);
#12895 = PLANE('',#12896);
#12896 = AXIS2_PLACEMENT_3D('',#12897,#12898,#12899);
#12897 = CARTESIAN_POINT('',(6.,11.8,-8.));
#12898 = DIRECTION('',(1.,0.,0.));
#12899 = DIRECTION('',(0.,0.,-1.));
#12900 = ADVANCED_FACE('',(#12901),#12912,.F.);
#12901 = FACE_BOUND('',#12902,.F.);
#12902 = EDGE_LOOP('',(#12903,#12904,#12905,#12911));
#12903 = ORIENTED_EDGE('',*,*,#12301,.F.);
#12904 = ORIENTED_EDGE('',*,*,#12842,.T.);
#12905 = ORIENTED_EDGE('',*,*,#12906,.T.);
#12906 = EDGE_CURVE('',#12835,#12882,#12907,.T.);
#12907 = LINE('',#12908,#12909);
#12908 = CARTESIAN_POINT('',(-6.,11.775,-8.));
#12909 = VECTOR('',#12910,1.);
#12910 = DIRECTION('',(1.,0.,0.));
#12911 = ORIENTED_EDGE('',*,*,#12881,.F.);
#12912 = PLANE('',#12913);
#12913 = AXIS2_PLACEMENT_3D('',#12914,#12915,#12916);
#12914 = CARTESIAN_POINT('',(-6.,11.8,-8.));
#12915 = DIRECTION('',(0.,0.,1.));
#12916 = DIRECTION('',(1.,0.,-0.));
#12917 = ADVANCED_FACE('',(#12918,#12924,#12990,#13096),#13164,.T.);
#12918 = FACE_BOUND('',#12919,.F.);
#12919 = EDGE_LOOP('',(#12920,#12921,#12922,#12923));
#12920 = ORIENTED_EDGE('',*,*,#12834,.F.);
#12921 = ORIENTED_EDGE('',*,*,#12865,.F.);
#12922 = ORIENTED_EDGE('',*,*,#12889,.F.);
#12923 = ORIENTED_EDGE('',*,*,#12906,.F.);
#12924 = FACE_BOUND('',#12925,.F.);
#12925 = EDGE_LOOP('',(#12926,#12936,#12944,#12952,#12960,#12968,#12976,
    #12984));
#12926 = ORIENTED_EDGE('',*,*,#12927,.T.);
#12927 = EDGE_CURVE('',#12928,#12930,#12932,.T.);
#12928 = VERTEX_POINT('',#12929);
#12929 = CARTESIAN_POINT('',(-4.8,11.775,-8.7));
#12930 = VERTEX_POINT('',#12931);
#12931 = CARTESIAN_POINT('',(-3.76314825,11.775,-8.7));
#12932 = LINE('',#12933,#12934);
#12933 = CARTESIAN_POINT('',(-4.8,11.775,-8.7));
#12934 = VECTOR('',#12935,1.);
#12935 = DIRECTION('',(1.,0.,0.));
#12936 = ORIENTED_EDGE('',*,*,#12937,.T.);
#12937 = EDGE_CURVE('',#12930,#12938,#12940,.T.);
#12938 = VERTEX_POINT('',#12939);
#12939 = CARTESIAN_POINT('',(-3.681457933068,11.775,-8.87518545));
#12940 = LINE('',#12941,#12942);
#12941 = CARTESIAN_POINT('',(-3.76314825,11.775,-8.7));
#12942 = VECTOR('',#12943,1.);
#12943 = DIRECTION('',(0.422618261741,0.,-0.906307787037));
#12944 = ORIENTED_EDGE('',*,*,#12945,.T.);
#12945 = EDGE_CURVE('',#12938,#12946,#12948,.T.);
#12946 = VERTEX_POINT('',#12947);
#12947 = CARTESIAN_POINT('',(-2.844115284338,11.775,-8.87518545));
#12948 = LINE('',#12949,#12950);
#12949 = CARTESIAN_POINT('',(-3.681457933068,11.775,-8.87518545));
#12950 = VECTOR('',#12951,1.);
#12951 = DIRECTION('',(1.,0.,0.));
#12952 = ORIENTED_EDGE('',*,*,#12953,.T.);
#12953 = EDGE_CURVE('',#12946,#12954,#12956,.T.);
#12954 = VERTEX_POINT('',#12955);
#12955 = CARTESIAN_POINT('',(-2.76092505,11.775,-8.7));
#12956 = LINE('',#12957,#12958);
#12957 = CARTESIAN_POINT('',(-2.844115284338,11.775,-8.87518545));
#12958 = VECTOR('',#12959,1.);
#12959 = DIRECTION('',(0.428960660306,0.,0.903323171356));
#12960 = ORIENTED_EDGE('',*,*,#12961,.T.);
#12961 = EDGE_CURVE('',#12954,#12962,#12964,.T.);
#12962 = VERTEX_POINT('',#12963);
#12963 = CARTESIAN_POINT('',(-1.7240733,11.775,-8.7));
#12964 = LINE('',#12965,#12966);
#12965 = CARTESIAN_POINT('',(-2.76092505,11.775,-8.7));
#12966 = VECTOR('',#12967,1.);
#12967 = DIRECTION('',(1.,0.,0.));
#12968 = ORIENTED_EDGE('',*,*,#12969,.F.);
#12969 = EDGE_CURVE('',#12970,#12962,#12972,.T.);
#12970 = VERTEX_POINT('',#12971);
#12971 = CARTESIAN_POINT('',(-2.638683234897,11.775,-10.35));
#12972 = LINE('',#12973,#12974);
#12973 = CARTESIAN_POINT('',(-2.638683234897,11.775,-10.35));
#12974 = VECTOR('',#12975,1.);
#12975 = DIRECTION('',(0.484809620246,0.,0.874619707139));
#12976 = ORIENTED_EDGE('',*,*,#12977,.T.);
#12977 = EDGE_CURVE('',#12970,#12978,#12980,.T.);
#12978 = VERTEX_POINT('',#12979);
#12979 = CARTESIAN_POINT('',(-3.885390065103,11.775,-10.35));
#12980 = LINE('',#12981,#12982);
#12981 = CARTESIAN_POINT('',(-2.638683234897,11.775,-10.35));
#12982 = VECTOR('',#12983,1.);
#12983 = DIRECTION('',(-1.,0.,0.));
#12984 = ORIENTED_EDGE('',*,*,#12985,.T.);
#12985 = EDGE_CURVE('',#12978,#12928,#12986,.T.);
#12986 = LINE('',#12987,#12988);
#12987 = CARTESIAN_POINT('',(-3.885390065103,11.775,-10.35));
#12988 = VECTOR('',#12989,1.);
#12989 = DIRECTION('',(-0.484809620246,0.,0.874619707139));
#12990 = FACE_BOUND('',#12991,.F.);
#12991 = EDGE_LOOP('',(#12992,#13002,#13010,#13018,#13026,#13034,#13042,
    #13050,#13058,#13066,#13074,#13082,#13090));
#12992 = ORIENTED_EDGE('',*,*,#12993,.T.);
#12993 = EDGE_CURVE('',#12994,#12996,#12998,.T.);
#12994 = VERTEX_POINT('',#12995);
#12995 = CARTESIAN_POINT('',(-1.672128,11.775,-10.35));
#12996 = VERTEX_POINT('',#12997);
#12997 = CARTESIAN_POINT('',(-1.672128,11.775,-8.7));
#12998 = LINE('',#12999,#13000);
#12999 = CARTESIAN_POINT('',(-1.672128,11.775,-10.35));
#13000 = VECTOR('',#13001,1.);
#13001 = DIRECTION('',(0.,0.,1.));
#13002 = ORIENTED_EDGE('',*,*,#13003,.F.);
#13003 = EDGE_CURVE('',#13004,#12996,#13006,.T.);
#13004 = VERTEX_POINT('',#13005);
#13005 = CARTESIAN_POINT('',(-0.764628,11.775,-8.7));
#13006 = LINE('',#13007,#13008);
#13007 = CARTESIAN_POINT('',(-0.764628,11.775,-8.7));
#13008 = VECTOR('',#13009,1.);
#13009 = DIRECTION('',(-1.,0.,0.));
#13010 = ORIENTED_EDGE('',*,*,#13011,.F.);
#13011 = EDGE_CURVE('',#13012,#13004,#13014,.T.);
#13012 = VERTEX_POINT('',#13013);
#13013 = CARTESIAN_POINT('',(-0.764628,11.775,-9.764861325));
#13014 = LINE('',#13015,#13016);
#13015 = CARTESIAN_POINT('',(-0.764628,11.775,-9.764861325));
#13016 = VECTOR('',#13017,1.);
#13017 = DIRECTION('',(0.,0.,1.));
#13018 = ORIENTED_EDGE('',*,*,#13019,.T.);
#13019 = EDGE_CURVE('',#13012,#13020,#13022,.T.);
#13020 = VERTEX_POINT('',#13021);
#13021 = CARTESIAN_POINT('',(-0.314442,11.775,-8.7));
#13022 = LINE('',#13023,#13024);
#13023 = CARTESIAN_POINT('',(-0.764628,11.775,-9.764861325));
#13024 = VECTOR('',#13025,1.);
#13025 = DIRECTION('',(0.38939622031,0.,0.921070346721));
#13026 = ORIENTED_EDGE('',*,*,#13027,.T.);
#13027 = EDGE_CURVE('',#13020,#13028,#13030,.T.);
#13028 = VERTEX_POINT('',#13029);
#13029 = CARTESIAN_POINT('',(0.5278731,11.775,-8.7));
#13030 = LINE('',#13031,#13032);
#13031 = CARTESIAN_POINT('',(-0.314442,11.775,-8.7));
#13032 = VECTOR('',#13033,1.);
#13033 = DIRECTION('',(1.,0.,0.));
#13034 = ORIENTED_EDGE('',*,*,#13035,.T.);
#13035 = EDGE_CURVE('',#13028,#13036,#13038,.T.);
#13036 = VERTEX_POINT('',#13037);
#13037 = CARTESIAN_POINT('',(0.97805745,11.775,-9.764861325));
#13038 = LINE('',#13039,#13040);
#13039 = CARTESIAN_POINT('',(0.5278731,11.775,-8.7));
#13040 = VECTOR('',#13041,1.);
#13041 = DIRECTION('',(0.389395009517,0.,-0.9210708586));
#13042 = ORIENTED_EDGE('',*,*,#13043,.T.);
#13043 = EDGE_CURVE('',#13036,#13044,#13046,.T.);
#13044 = VERTEX_POINT('',#13045);
#13045 = CARTESIAN_POINT('',(0.97805745,11.775,-8.7));
#13046 = LINE('',#13047,#13048);
#13047 = CARTESIAN_POINT('',(0.97805745,11.775,-9.764861325));
#13048 = VECTOR('',#13049,1.);
#13049 = DIRECTION('',(0.,0.,1.));
#13050 = ORIENTED_EDGE('',*,*,#13051,.T.);
#13051 = EDGE_CURVE('',#13044,#13052,#13054,.T.);
#13052 = VERTEX_POINT('',#13053);
#13053 = CARTESIAN_POINT('',(1.88555745,11.775,-8.7));
#13054 = LINE('',#13055,#13056);
#13055 = CARTESIAN_POINT('',(0.97805745,11.775,-8.7));
#13056 = VECTOR('',#13057,1.);
#13057 = DIRECTION('',(1.,0.,0.));
#13058 = ORIENTED_EDGE('',*,*,#13059,.F.);
#13059 = EDGE_CURVE('',#13060,#13052,#13062,.T.);
#13060 = VERTEX_POINT('',#13061);
#13061 = CARTESIAN_POINT('',(1.88555745,11.775,-10.35));
#13062 = LINE('',#13063,#13064);
#13063 = CARTESIAN_POINT('',(1.88555745,11.775,-10.35));
#13064 = VECTOR('',#13065,1.);
#13065 = DIRECTION('',(0.,0.,1.));
#13066 = ORIENTED_EDGE('',*,*,#13067,.T.);
#13067 = EDGE_CURVE('',#13060,#13068,#13070,.T.);
#13068 = VERTEX_POINT('',#13069);
#13069 = CARTESIAN_POINT('',(0.45148305,11.775,-10.35));
#13070 = LINE('',#13071,#13072);
#13071 = CARTESIAN_POINT('',(1.88555745,11.775,-10.35));
#13072 = VECTOR('',#13073,1.);
#13073 = DIRECTION('',(-1.,0.,0.));
#13074 = ORIENTED_EDGE('',*,*,#13075,.T.);
#13075 = EDGE_CURVE('',#13068,#13076,#13078,.T.);
#13076 = VERTEX_POINT('',#13077);
#13077 = CARTESIAN_POINT('',(0.106714725,11.775,-9.496668451318));
#13078 = LINE('',#13079,#13080);
#13079 = CARTESIAN_POINT('',(0.45148305,11.775,-10.35));
#13080 = VECTOR('',#13081,1.);
#13081 = DIRECTION('',(-0.374606593416,0.,0.927183854567));
#13082 = ORIENTED_EDGE('',*,*,#13083,.F.);
#13083 = EDGE_CURVE('',#13084,#13076,#13086,.T.);
#13084 = VERTEX_POINT('',#13085);
#13085 = CARTESIAN_POINT('',(-0.2380536,11.775,-10.35));
#13086 = LINE('',#13087,#13088);
#13087 = CARTESIAN_POINT('',(-0.2380536,11.775,-10.35));
#13088 = VECTOR('',#13089,1.);
#13089 = DIRECTION('',(0.374606593416,0.,0.927183854567));
#13090 = ORIENTED_EDGE('',*,*,#13091,.T.);
#13091 = EDGE_CURVE('',#13084,#12994,#13092,.T.);
#13092 = LINE('',#13093,#13094);
#13093 = CARTESIAN_POINT('',(-0.2380536,11.775,-10.35));
#13094 = VECTOR('',#13095,1.);
#13095 = DIRECTION('',(-1.,0.,0.));
#13096 = FACE_BOUND('',#13097,.F.);
#13097 = EDGE_LOOP('',(#13098,#13108,#13116,#13124,#13137,#13150,#13158)
  );
#13098 = ORIENTED_EDGE('',*,*,#13099,.T.);
#13099 = EDGE_CURVE('',#13100,#13102,#13104,.T.);
#13100 = VERTEX_POINT('',#13101);
#13101 = CARTESIAN_POINT('',(2.13305085,11.775,-8.7));
#13102 = VERTEX_POINT('',#13103);
#13103 = CARTESIAN_POINT('',(3.0446247,11.775,-8.7));
#13104 = LINE('',#13105,#13106);
#13105 = CARTESIAN_POINT('',(2.13305085,11.775,-8.7));
#13106 = VECTOR('',#13107,1.);
#13107 = DIRECTION('',(1.,0.,0.));
#13108 = ORIENTED_EDGE('',*,*,#13109,.T.);
#13109 = EDGE_CURVE('',#13102,#13110,#13112,.T.);
#13110 = VERTEX_POINT('',#13111);
#13111 = CARTESIAN_POINT('',(3.0446247,11.775,-9.18175875));
#13112 = LINE('',#13113,#13114);
#13113 = CARTESIAN_POINT('',(3.0446247,11.775,-8.7));
#13114 = VECTOR('',#13115,1.);
#13115 = DIRECTION('',(0.,0.,-1.));
#13116 = ORIENTED_EDGE('',*,*,#13117,.F.);
#13117 = EDGE_CURVE('',#13118,#13110,#13120,.T.);
#13118 = VERTEX_POINT('',#13119);
#13119 = CARTESIAN_POINT('',(3.8095317,11.775,-9.18175875));
#13120 = LINE('',#13121,#13122);
#13121 = CARTESIAN_POINT('',(3.8095317,11.775,-9.18175875));
#13122 = VECTOR('',#13123,1.);
#13123 = DIRECTION('',(-1.,0.,0.));
#13124 = ORIENTED_EDGE('',*,*,#13125,.F.);
#13125 = EDGE_CURVE('',#13126,#13118,#13128,.T.);
#13126 = VERTEX_POINT('',#13127);
#13127 = CARTESIAN_POINT('',(4.9074945,11.775,-9.764861325));
#13128 = B_SPLINE_CURVE_WITH_KNOTS('',3,(#13129,#13130,#13131,#13132,
    #13133,#13134,#13135,#13136),.UNSPECIFIED.,.F.,.F.,(4,1,1,1,1,4),(0.
    ,0.125,0.25,0.5,0.75,1.),.UNSPECIFIED.);
#13129 = CARTESIAN_POINT('',(4.9074945,11.775,-9.764861325));
#13130 = CARTESIAN_POINT('',(4.9074945,11.775,-9.694816934375));
#13131 = CARTESIAN_POINT('',(4.884311279153,11.775,-9.577911373972));
#13132 = CARTESIAN_POINT('',(4.776205725705,11.775,-9.40583936492));
#13133 = CARTESIAN_POINT('',(4.558108159647,11.775,-9.273714977853));
#13134 = CARTESIAN_POINT('',(4.215749612212,11.775,-9.195807181538));
#13135 = CARTESIAN_POINT('',(3.94962048125,11.775,-9.18175875));
#13136 = CARTESIAN_POINT('',(3.8095317,11.775,-9.18175875));
#13137 = ORIENTED_EDGE('',*,*,#13138,.F.);
#13138 = EDGE_CURVE('',#13139,#13126,#13141,.T.);
#13139 = VERTEX_POINT('',#13140);
#13140 = CARTESIAN_POINT('',(3.8095317,11.775,-10.35));
#13141 = B_SPLINE_CURVE_WITH_KNOTS('',3,(#13142,#13143,#13144,#13145,
    #13146,#13147,#13148,#13149),.UNSPECIFIED.,.F.,.F.,(4,1,1,1,1,4),(0.
    ,0.25,0.5,0.75,0.875,1.),.UNSPECIFIED.);
#13142 = CARTESIAN_POINT('',(3.8095317,11.775,-10.35));
#13143 = CARTESIAN_POINT('',(3.94979015625,11.775,-10.35));
#13144 = CARTESIAN_POINT('',(4.216173975202,11.775,-10.33586690645));
#13145 = CARTESIAN_POINT('',(4.558627024502,11.775,-10.257544587));
#13146 = CARTESIAN_POINT('',(4.776539778474,11.775,-10.12481120035));
#13147 = CARTESIAN_POINT('',(4.884407406603,11.775,-9.952161915978));
#13148 = CARTESIAN_POINT('',(4.9074945,11.775,-9.834990553125));
#13149 = CARTESIAN_POINT('',(4.9074945,11.775,-9.764861325));
#13150 = ORIENTED_EDGE('',*,*,#13151,.T.);
#13151 = EDGE_CURVE('',#13139,#13152,#13154,.T.);
#13152 = VERTEX_POINT('',#13153);
#13153 = CARTESIAN_POINT('',(2.13305085,11.775,-10.35));
#13154 = LINE('',#13155,#13156);
#13155 = CARTESIAN_POINT('',(3.8095317,11.775,-10.35));
#13156 = VECTOR('',#13157,1.);
#13157 = DIRECTION('',(-1.,0.,0.));
#13158 = ORIENTED_EDGE('',*,*,#13159,.T.);
#13159 = EDGE_CURVE('',#13152,#13100,#13160,.T.);
#13160 = LINE('',#13161,#13162);
#13161 = CARTESIAN_POINT('',(2.13305085,11.775,-10.35));
#13162 = VECTOR('',#13163,1.);
#13163 = DIRECTION('',(0.,0.,1.));
#13164 = PLANE('',#13165);
#13165 = AXIS2_PLACEMENT_3D('',#13166,#13167,#13168);
#13166 = CARTESIAN_POINT('',(0.,11.775,0.));
#13167 = DIRECTION('',(0.,1.,0.));
#13168 = DIRECTION('',(1.,0.,0.));
#13169 = ADVANCED_FACE('',(#13170),#13196,.T.);
#13170 = FACE_BOUND('',#13171,.F.);
#13171 = EDGE_LOOP('',(#13172,#13182,#13190));
#13172 = ORIENTED_EDGE('',*,*,#13173,.T.);
#13173 = EDGE_CURVE('',#13174,#13176,#13178,.T.);
#13174 = VERTEX_POINT('',#13175);
#13175 = CARTESIAN_POINT('',(-3.266595259279,11.775,-9.764861325));
#13176 = VERTEX_POINT('',#13177);
#13177 = CARTESIAN_POINT('',(-3.041449293062,11.775,-9.2907396));
#13178 = LINE('',#13179,#13180);
#13179 = CARTESIAN_POINT('',(-3.266595259279,11.775,-9.764861325));
#13180 = VECTOR('',#13181,1.);
#13181 = DIRECTION('',(0.428960660306,0.,0.903323171356));
#13182 = ORIENTED_EDGE('',*,*,#13183,.T.);
#13183 = EDGE_CURVE('',#13176,#13184,#13186,.T.);
#13184 = VERTEX_POINT('',#13185);
#13185 = CARTESIAN_POINT('',(-3.487681850545,11.775,-9.2907396));
#13186 = LINE('',#13187,#13188);
#13187 = CARTESIAN_POINT('',(-3.041449293062,11.775,-9.2907396));
#13188 = VECTOR('',#13189,1.);
#13189 = DIRECTION('',(-1.,0.,0.));
#13190 = ORIENTED_EDGE('',*,*,#13191,.T.);
#13191 = EDGE_CURVE('',#13184,#13174,#13192,.T.);
#13192 = LINE('',#13193,#13194);
#13193 = CARTESIAN_POINT('',(-3.487681850545,11.775,-9.2907396));
#13194 = VECTOR('',#13195,1.);
#13195 = DIRECTION('',(0.422618261741,0.,-0.906307787037));
#13196 = PLANE('',#13197);
#13197 = AXIS2_PLACEMENT_3D('',#13198,#13199,#13200);
#13198 = CARTESIAN_POINT('',(0.,11.775,0.));
#13199 = DIRECTION('',(0.,1.,0.));
#13200 = DIRECTION('',(1.,0.,0.));
#13201 = ADVANCED_FACE('',(#13202),#13237,.T.);
#13202 = FACE_BOUND('',#13203,.F.);
#13203 = EDGE_LOOP('',(#13204,#13214,#13222,#13231));
#13204 = ORIENTED_EDGE('',*,*,#13205,.F.);
#13205 = EDGE_CURVE('',#13206,#13208,#13210,.T.);
#13206 = VERTEX_POINT('',#13207);
#13207 = CARTESIAN_POINT('',(3.0446247,11.775,-9.88759245));
#13208 = VERTEX_POINT('',#13209);
#13209 = CARTESIAN_POINT('',(3.0446247,11.775,-9.6421302));
#13210 = LINE('',#13211,#13212);
#13211 = CARTESIAN_POINT('',(3.0446247,11.775,-9.88759245));
#13212 = VECTOR('',#13213,1.);
#13213 = DIRECTION('',(0.,0.,1.));
#13214 = ORIENTED_EDGE('',*,*,#13215,.T.);
#13215 = EDGE_CURVE('',#13206,#13216,#13218,.T.);
#13216 = VERTEX_POINT('',#13217);
#13217 = CARTESIAN_POINT('',(3.8095317,11.775,-9.88759245));
#13218 = LINE('',#13219,#13220);
#13219 = CARTESIAN_POINT('',(3.0446247,11.775,-9.88759245));
#13220 = VECTOR('',#13221,1.);
#13221 = DIRECTION('',(1.,0.,0.));
#13222 = ORIENTED_EDGE('',*,*,#13223,.F.);
#13223 = EDGE_CURVE('',#13224,#13216,#13226,.T.);
#13224 = VERTEX_POINT('',#13225);
#13225 = CARTESIAN_POINT('',(3.8095317,11.775,-9.6421302));
#13226 = CIRCLE('',#13227,0.122731125);
#13227 = AXIS2_PLACEMENT_3D('',#13228,#13229,#13230);
#13228 = CARTESIAN_POINT('',(3.8095317,11.775,-9.764861325));
#13229 = DIRECTION('',(0.,1.,0.));
#13230 = DIRECTION('',(0.,-0.,1.));
#13231 = ORIENTED_EDGE('',*,*,#13232,.T.);
#13232 = EDGE_CURVE('',#13224,#13208,#13233,.T.);
#13233 = LINE('',#13234,#13235);
#13234 = CARTESIAN_POINT('',(3.8095317,11.775,-9.6421302));
#13235 = VECTOR('',#13236,1.);
#13236 = DIRECTION('',(-1.,0.,0.));
#13237 = PLANE('',#13238);
#13238 = AXIS2_PLACEMENT_3D('',#13239,#13240,#13241);
#13239 = CARTESIAN_POINT('',(0.,11.775,0.));
#13240 = DIRECTION('',(0.,1.,0.));
#13241 = DIRECTION('',(1.,0.,0.));
#13242 = ADVANCED_FACE('',(#13243),#13268,.T.);
#13243 = FACE_BOUND('',#13244,.F.);
#13244 = EDGE_LOOP('',(#13245,#13246,#13254,#13262));
#13245 = ORIENTED_EDGE('',*,*,#12927,.F.);
#13246 = ORIENTED_EDGE('',*,*,#13247,.T.);
#13247 = EDGE_CURVE('',#12928,#13248,#13250,.T.);
#13248 = VERTEX_POINT('',#13249);
#13249 = CARTESIAN_POINT('',(-4.8,11.8,-8.7));
#13250 = LINE('',#13251,#13252);
#13251 = CARTESIAN_POINT('',(-4.8,11.775,-8.7));
#13252 = VECTOR('',#13253,1.);
#13253 = DIRECTION('',(0.,1.,0.));
#13254 = ORIENTED_EDGE('',*,*,#13255,.T.);
#13255 = EDGE_CURVE('',#13248,#13256,#13258,.T.);
#13256 = VERTEX_POINT('',#13257);
#13257 = CARTESIAN_POINT('',(-3.76314825,11.8,-8.7));
#13258 = LINE('',#13259,#13260);
#13259 = CARTESIAN_POINT('',(-4.8,11.8,-8.7));
#13260 = VECTOR('',#13261,1.);
#13261 = DIRECTION('',(1.,0.,0.));
#13262 = ORIENTED_EDGE('',*,*,#13263,.F.);
#13263 = EDGE_CURVE('',#12930,#13256,#13264,.T.);
#13264 = LINE('',#13265,#13266);
#13265 = CARTESIAN_POINT('',(-3.76314825,11.775,-8.7));
#13266 = VECTOR('',#13267,1.);
#13267 = DIRECTION('',(0.,1.,0.));
#13268 = PLANE('',#13269);
#13269 = AXIS2_PLACEMENT_3D('',#13270,#13271,#13272);
#13270 = CARTESIAN_POINT('',(-4.8,11.775,-8.7));
#13271 = DIRECTION('',(0.,0.,1.));
#13272 = DIRECTION('',(1.,0.,-0.));
#13273 = ADVANCED_FACE('',(#13274),#13292,.T.);
#13274 = FACE_BOUND('',#13275,.F.);
#13275 = EDGE_LOOP('',(#13276,#13277,#13285,#13291));
#13276 = ORIENTED_EDGE('',*,*,#12985,.F.);
#13277 = ORIENTED_EDGE('',*,*,#13278,.T.);
#13278 = EDGE_CURVE('',#12978,#13279,#13281,.T.);
#13279 = VERTEX_POINT('',#13280);
#13280 = CARTESIAN_POINT('',(-3.885390065103,11.8,-10.35));
#13281 = LINE('',#13282,#13283);
#13282 = CARTESIAN_POINT('',(-3.885390065103,11.775,-10.35));
#13283 = VECTOR('',#13284,1.);
#13284 = DIRECTION('',(-5.329070518201E-14,1.,0.));
#13285 = ORIENTED_EDGE('',*,*,#13286,.T.);
#13286 = EDGE_CURVE('',#13279,#13248,#13287,.T.);
#13287 = LINE('',#13288,#13289);
#13288 = CARTESIAN_POINT('',(-3.885390065103,11.8,-10.35));
#13289 = VECTOR('',#13290,1.);
#13290 = DIRECTION('',(-0.484809620246,0.,0.874619707139));
#13291 = ORIENTED_EDGE('',*,*,#13247,.F.);
#13292 = PLANE('',#13293);
#13293 = AXIS2_PLACEMENT_3D('',#13294,#13295,#13296);
#13294 = CARTESIAN_POINT('',(-3.885390065103,11.775,-10.35));
#13295 = DIRECTION('',(-0.874619707139,0.,-0.484809620246));
#13296 = DIRECTION('',(-0.484809620246,0.,0.874619707139));
#13297 = ADVANCED_FACE('',(#13298),#13316,.T.);
#13298 = FACE_BOUND('',#13299,.F.);
#13299 = EDGE_LOOP('',(#13300,#13308,#13314,#13315));
#13300 = ORIENTED_EDGE('',*,*,#13301,.T.);
#13301 = EDGE_CURVE('',#12970,#13302,#13304,.T.);
#13302 = VERTEX_POINT('',#13303);
#13303 = CARTESIAN_POINT('',(-2.638683234897,11.8,-10.35));
#13304 = LINE('',#13305,#13306);
#13305 = CARTESIAN_POINT('',(-2.638683234897,11.775,-10.35));
#13306 = VECTOR('',#13307,1.);
#13307 = DIRECTION('',(0.,1.,0.));
#13308 = ORIENTED_EDGE('',*,*,#13309,.T.);
#13309 = EDGE_CURVE('',#13302,#13279,#13310,.T.);
#13310 = LINE('',#13311,#13312);
#13311 = CARTESIAN_POINT('',(-2.638683234897,11.8,-10.35));
#13312 = VECTOR('',#13313,1.);
#13313 = DIRECTION('',(-1.,0.,0.));
#13314 = ORIENTED_EDGE('',*,*,#13278,.F.);
#13315 = ORIENTED_EDGE('',*,*,#12977,.F.);
#13316 = PLANE('',#13317);
#13317 = AXIS2_PLACEMENT_3D('',#13318,#13319,#13320);
#13318 = CARTESIAN_POINT('',(-2.638683234897,11.775,-10.35));
#13319 = DIRECTION('',(0.,0.,-1.));
#13320 = DIRECTION('',(-1.,0.,0.));
#13321 = ADVANCED_FACE('',(#13322),#13340,.T.);
#13322 = FACE_BOUND('',#13323,.F.);
#13323 = EDGE_LOOP('',(#13324,#13325,#13333,#13339));
#13324 = ORIENTED_EDGE('',*,*,#12969,.T.);
#13325 = ORIENTED_EDGE('',*,*,#13326,.T.);
#13326 = EDGE_CURVE('',#12962,#13327,#13329,.T.);
#13327 = VERTEX_POINT('',#13328);
#13328 = CARTESIAN_POINT('',(-1.7240733,11.8,-8.7));
#13329 = LINE('',#13330,#13331);
#13330 = CARTESIAN_POINT('',(-1.7240733,11.775,-8.7));
#13331 = VECTOR('',#13332,1.);
#13332 = DIRECTION('',(0.,1.,0.));
#13333 = ORIENTED_EDGE('',*,*,#13334,.T.);
#13334 = EDGE_CURVE('',#13327,#13302,#13335,.T.);
#13335 = LINE('',#13336,#13337);
#13336 = CARTESIAN_POINT('',(-1.7240733,11.8,-8.7));
#13337 = VECTOR('',#13338,1.);
#13338 = DIRECTION('',(-0.484809620246,0.,-0.874619707139));
#13339 = ORIENTED_EDGE('',*,*,#13301,.F.);
#13340 = PLANE('',#13341);
#13341 = AXIS2_PLACEMENT_3D('',#13342,#13343,#13344);
#13342 = CARTESIAN_POINT('',(-1.7240733,11.775,-8.7));
#13343 = DIRECTION('',(0.874619707139,0.,-0.484809620246));
#13344 = DIRECTION('',(-0.484809620246,0.,-0.874619707139));
#13345 = ADVANCED_FACE('',(#13346),#13364,.T.);
#13346 = FACE_BOUND('',#13347,.F.);
#13347 = EDGE_LOOP('',(#13348,#13349,#13357,#13363));
#13348 = ORIENTED_EDGE('',*,*,#12961,.F.);
#13349 = ORIENTED_EDGE('',*,*,#13350,.T.);
#13350 = EDGE_CURVE('',#12954,#13351,#13353,.T.);
#13351 = VERTEX_POINT('',#13352);
#13352 = CARTESIAN_POINT('',(-2.76092505,11.8,-8.7));
#13353 = LINE('',#13354,#13355);
#13354 = CARTESIAN_POINT('',(-2.76092505,11.775,-8.7));
#13355 = VECTOR('',#13356,1.);
#13356 = DIRECTION('',(0.,1.,0.));
#13357 = ORIENTED_EDGE('',*,*,#13358,.T.);
#13358 = EDGE_CURVE('',#13351,#13327,#13359,.T.);
#13359 = LINE('',#13360,#13361);
#13360 = CARTESIAN_POINT('',(-2.76092505,11.8,-8.7));
#13361 = VECTOR('',#13362,1.);
#13362 = DIRECTION('',(1.,0.,0.));
#13363 = ORIENTED_EDGE('',*,*,#13326,.F.);
#13364 = PLANE('',#13365);
#13365 = AXIS2_PLACEMENT_3D('',#13366,#13367,#13368);
#13366 = CARTESIAN_POINT('',(-2.76092505,11.775,-8.7));
#13367 = DIRECTION('',(0.,0.,1.));
#13368 = DIRECTION('',(1.,0.,-0.));
#13369 = ADVANCED_FACE('',(#13370),#13388,.T.);
#13370 = FACE_BOUND('',#13371,.F.);
#13371 = EDGE_LOOP('',(#13372,#13373,#13381,#13387));
#13372 = ORIENTED_EDGE('',*,*,#12953,.F.);
#13373 = ORIENTED_EDGE('',*,*,#13374,.T.);
#13374 = EDGE_CURVE('',#12946,#13375,#13377,.T.);
#13375 = VERTEX_POINT('',#13376);
#13376 = CARTESIAN_POINT('',(-2.844115284338,11.8,-8.87518545));
#13377 = LINE('',#13378,#13379);
#13378 = CARTESIAN_POINT('',(-2.844115284338,11.775,-8.87518545));
#13379 = VECTOR('',#13380,1.);
#13380 = DIRECTION('',(0.,1.,0.));
#13381 = ORIENTED_EDGE('',*,*,#13382,.T.);
#13382 = EDGE_CURVE('',#13375,#13351,#13383,.T.);
#13383 = LINE('',#13384,#13385);
#13384 = CARTESIAN_POINT('',(-2.844115284338,11.8,-8.87518545));
#13385 = VECTOR('',#13386,1.);
#13386 = DIRECTION('',(0.428960660306,0.,0.903323171356));
#13387 = ORIENTED_EDGE('',*,*,#13350,.F.);
#13388 = PLANE('',#13389);
#13389 = AXIS2_PLACEMENT_3D('',#13390,#13391,#13392);
#13390 = CARTESIAN_POINT('',(-2.844115284338,11.775,-8.87518545));
#13391 = DIRECTION('',(-0.903323171356,0.,0.428960660306));
#13392 = DIRECTION('',(0.428960660306,0.,0.903323171356));
#13393 = ADVANCED_FACE('',(#13394),#13412,.T.);
#13394 = FACE_BOUND('',#13395,.F.);
#13395 = EDGE_LOOP('',(#13396,#13397,#13405,#13411));
#13396 = ORIENTED_EDGE('',*,*,#12945,.F.);
#13397 = ORIENTED_EDGE('',*,*,#13398,.T.);
#13398 = EDGE_CURVE('',#12938,#13399,#13401,.T.);
#13399 = VERTEX_POINT('',#13400);
#13400 = CARTESIAN_POINT('',(-3.681457933068,11.8,-8.87518545));
#13401 = LINE('',#13402,#13403);
#13402 = CARTESIAN_POINT('',(-3.681457933068,11.775,-8.87518545));
#13403 = VECTOR('',#13404,1.);
#13404 = DIRECTION('',(0.,1.,0.));
#13405 = ORIENTED_EDGE('',*,*,#13406,.T.);
#13406 = EDGE_CURVE('',#13399,#13375,#13407,.T.);
#13407 = LINE('',#13408,#13409);
#13408 = CARTESIAN_POINT('',(-3.681457933068,11.8,-8.87518545));
#13409 = VECTOR('',#13410,1.);
#13410 = DIRECTION('',(1.,0.,0.));
#13411 = ORIENTED_EDGE('',*,*,#13374,.F.);
#13412 = PLANE('',#13413);
#13413 = AXIS2_PLACEMENT_3D('',#13414,#13415,#13416);
#13414 = CARTESIAN_POINT('',(-3.681457933068,11.775,-8.87518545));
#13415 = DIRECTION('',(0.,0.,1.));
#13416 = DIRECTION('',(1.,0.,-0.));
#13417 = ADVANCED_FACE('',(#13418),#13429,.T.);
#13418 = FACE_BOUND('',#13419,.F.);
#13419 = EDGE_LOOP('',(#13420,#13421,#13422,#13428));
#13420 = ORIENTED_EDGE('',*,*,#12937,.F.);
#13421 = ORIENTED_EDGE('',*,*,#13263,.T.);
#13422 = ORIENTED_EDGE('',*,*,#13423,.T.);
#13423 = EDGE_CURVE('',#13256,#13399,#13424,.T.);
#13424 = LINE('',#13425,#13426);
#13425 = CARTESIAN_POINT('',(-3.76314825,11.8,-8.7));
#13426 = VECTOR('',#13427,1.);
#13427 = DIRECTION('',(0.422618261741,0.,-0.906307787037));
#13428 = ORIENTED_EDGE('',*,*,#13398,.F.);
#13429 = PLANE('',#13430);
#13430 = AXIS2_PLACEMENT_3D('',#13431,#13432,#13433);
#13431 = CARTESIAN_POINT('',(-3.76314825,11.775,-8.7));
#13432 = DIRECTION('',(0.906307787037,0.,0.422618261741));
#13433 = DIRECTION('',(0.422618261741,0.,-0.906307787037));
#13434 = ADVANCED_FACE('',(#13435,#13445),#13471,.T.);
#13435 = FACE_BOUND('',#13436,.F.);
#13436 = EDGE_LOOP('',(#13437,#13438,#13439,#13440,#13441,#13442,#13443,
    #13444));
#13437 = ORIENTED_EDGE('',*,*,#13255,.F.);
#13438 = ORIENTED_EDGE('',*,*,#13286,.F.);
#13439 = ORIENTED_EDGE('',*,*,#13309,.F.);
#13440 = ORIENTED_EDGE('',*,*,#13334,.F.);
#13441 = ORIENTED_EDGE('',*,*,#13358,.F.);
#13442 = ORIENTED_EDGE('',*,*,#13382,.F.);
#13443 = ORIENTED_EDGE('',*,*,#13406,.F.);
#13444 = ORIENTED_EDGE('',*,*,#13423,.F.);
#13445 = FACE_BOUND('',#13446,.F.);
#13446 = EDGE_LOOP('',(#13447,#13457,#13465));
#13447 = ORIENTED_EDGE('',*,*,#13448,.F.);
#13448 = EDGE_CURVE('',#13449,#13451,#13453,.T.);
#13449 = VERTEX_POINT('',#13450);
#13450 = CARTESIAN_POINT('',(-3.266595259279,11.8,-9.764861325));
#13451 = VERTEX_POINT('',#13452);
#13452 = CARTESIAN_POINT('',(-3.041449293062,11.8,-9.2907396));
#13453 = LINE('',#13454,#13455);
#13454 = CARTESIAN_POINT('',(-3.266595259279,11.8,-9.764861325));
#13455 = VECTOR('',#13456,1.);
#13456 = DIRECTION('',(0.428960660306,0.,0.903323171356));
#13457 = ORIENTED_EDGE('',*,*,#13458,.F.);
#13458 = EDGE_CURVE('',#13459,#13449,#13461,.T.);
#13459 = VERTEX_POINT('',#13460);
#13460 = CARTESIAN_POINT('',(-3.487681850545,11.8,-9.2907396));
#13461 = LINE('',#13462,#13463);
#13462 = CARTESIAN_POINT('',(-3.487681850545,11.8,-9.2907396));
#13463 = VECTOR('',#13464,1.);
#13464 = DIRECTION('',(0.422618261741,0.,-0.906307787037));
#13465 = ORIENTED_EDGE('',*,*,#13466,.F.);
#13466 = EDGE_CURVE('',#13451,#13459,#13467,.T.);
#13467 = LINE('',#13468,#13469);
#13468 = CARTESIAN_POINT('',(-3.041449293062,11.8,-9.2907396));
#13469 = VECTOR('',#13470,1.);
#13470 = DIRECTION('',(-1.,0.,0.));
#13471 = PLANE('',#13472);
#13472 = AXIS2_PLACEMENT_3D('',#13473,#13474,#13475);
#13473 = CARTESIAN_POINT('',(0.,11.8,0.));
#13474 = DIRECTION('',(0.,1.,0.));
#13475 = DIRECTION('',(1.,0.,0.));
#13476 = ADVANCED_FACE('',(#13477),#13583,.T.);
#13477 = FACE_BOUND('',#13478,.F.);
#13478 = EDGE_LOOP('',(#13479,#13489,#13497,#13505,#13513,#13521,#13529,
    #13537,#13545,#13553,#13561,#13569,#13577));
#13479 = ORIENTED_EDGE('',*,*,#13480,.F.);
#13480 = EDGE_CURVE('',#13481,#13483,#13485,.T.);
#13481 = VERTEX_POINT('',#13482);
#13482 = CARTESIAN_POINT('',(1.88555745,11.8,-10.35));
#13483 = VERTEX_POINT('',#13484);
#13484 = CARTESIAN_POINT('',(0.45148305,11.8,-10.35));
#13485 = LINE('',#13486,#13487);
#13486 = CARTESIAN_POINT('',(1.88555745,11.8,-10.35));
#13487 = VECTOR('',#13488,1.);
#13488 = DIRECTION('',(-1.,0.,0.));
#13489 = ORIENTED_EDGE('',*,*,#13490,.F.);
#13490 = EDGE_CURVE('',#13491,#13481,#13493,.T.);
#13491 = VERTEX_POINT('',#13492);
#13492 = CARTESIAN_POINT('',(1.88555745,11.8,-8.7));
#13493 = LINE('',#13494,#13495);
#13494 = CARTESIAN_POINT('',(1.88555745,11.8,-8.7));
#13495 = VECTOR('',#13496,1.);
#13496 = DIRECTION('',(0.,0.,-1.));
#13497 = ORIENTED_EDGE('',*,*,#13498,.F.);
#13498 = EDGE_CURVE('',#13499,#13491,#13501,.T.);
#13499 = VERTEX_POINT('',#13500);
#13500 = CARTESIAN_POINT('',(0.97805745,11.8,-8.7));
#13501 = LINE('',#13502,#13503);
#13502 = CARTESIAN_POINT('',(0.97805745,11.8,-8.7));
#13503 = VECTOR('',#13504,1.);
#13504 = DIRECTION('',(1.,0.,0.));
#13505 = ORIENTED_EDGE('',*,*,#13506,.F.);
#13506 = EDGE_CURVE('',#13507,#13499,#13509,.T.);
#13507 = VERTEX_POINT('',#13508);
#13508 = CARTESIAN_POINT('',(0.97805745,11.8,-9.764861325));
#13509 = LINE('',#13510,#13511);
#13510 = CARTESIAN_POINT('',(0.97805745,11.8,-9.764861325));
#13511 = VECTOR('',#13512,1.);
#13512 = DIRECTION('',(0.,0.,1.));
#13513 = ORIENTED_EDGE('',*,*,#13514,.F.);
#13514 = EDGE_CURVE('',#13515,#13507,#13517,.T.);
#13515 = VERTEX_POINT('',#13516);
#13516 = CARTESIAN_POINT('',(0.5278731,11.8,-8.7));
#13517 = LINE('',#13518,#13519);
#13518 = CARTESIAN_POINT('',(0.5278731,11.8,-8.7));
#13519 = VECTOR('',#13520,1.);
#13520 = DIRECTION('',(0.389395009517,0.,-0.9210708586));
#13521 = ORIENTED_EDGE('',*,*,#13522,.F.);
#13522 = EDGE_CURVE('',#13523,#13515,#13525,.T.);
#13523 = VERTEX_POINT('',#13524);
#13524 = CARTESIAN_POINT('',(-0.314442,11.8,-8.7));
#13525 = LINE('',#13526,#13527);
#13526 = CARTESIAN_POINT('',(-0.314442,11.8,-8.7));
#13527 = VECTOR('',#13528,1.);
#13528 = DIRECTION('',(1.,0.,0.));
#13529 = ORIENTED_EDGE('',*,*,#13530,.F.);
#13530 = EDGE_CURVE('',#13531,#13523,#13533,.T.);
#13531 = VERTEX_POINT('',#13532);
#13532 = CARTESIAN_POINT('',(-0.764628,11.8,-9.764861325));
#13533 = LINE('',#13534,#13535);
#13534 = CARTESIAN_POINT('',(-0.764628,11.8,-9.764861325));
#13535 = VECTOR('',#13536,1.);
#13536 = DIRECTION('',(0.38939622031,0.,0.921070346721));
#13537 = ORIENTED_EDGE('',*,*,#13538,.F.);
#13538 = EDGE_CURVE('',#13539,#13531,#13541,.T.);
#13539 = VERTEX_POINT('',#13540);
#13540 = CARTESIAN_POINT('',(-0.764628,11.8,-8.7));
#13541 = LINE('',#13542,#13543);
#13542 = CARTESIAN_POINT('',(-0.764628,11.8,-8.7));
#13543 = VECTOR('',#13544,1.);
#13544 = DIRECTION('',(0.,0.,-1.));
#13545 = ORIENTED_EDGE('',*,*,#13546,.F.);
#13546 = EDGE_CURVE('',#13547,#13539,#13549,.T.);
#13547 = VERTEX_POINT('',#13548);
#13548 = CARTESIAN_POINT('',(-1.672128,11.8,-8.7));
#13549 = LINE('',#13550,#13551);
#13550 = CARTESIAN_POINT('',(-1.672128,11.8,-8.7));
#13551 = VECTOR('',#13552,1.);
#13552 = DIRECTION('',(1.,0.,0.));
#13553 = ORIENTED_EDGE('',*,*,#13554,.F.);
#13554 = EDGE_CURVE('',#13555,#13547,#13557,.T.);
#13555 = VERTEX_POINT('',#13556);
#13556 = CARTESIAN_POINT('',(-1.672128,11.8,-10.35));
#13557 = LINE('',#13558,#13559);
#13558 = CARTESIAN_POINT('',(-1.672128,11.8,-10.35));
#13559 = VECTOR('',#13560,1.);
#13560 = DIRECTION('',(0.,0.,1.));
#13561 = ORIENTED_EDGE('',*,*,#13562,.F.);
#13562 = EDGE_CURVE('',#13563,#13555,#13565,.T.);
#13563 = VERTEX_POINT('',#13564);
#13564 = CARTESIAN_POINT('',(-0.2380536,11.8,-10.35));
#13565 = LINE('',#13566,#13567);
#13566 = CARTESIAN_POINT('',(-0.2380536,11.8,-10.35));
#13567 = VECTOR('',#13568,1.);
#13568 = DIRECTION('',(-1.,0.,0.));
#13569 = ORIENTED_EDGE('',*,*,#13570,.F.);
#13570 = EDGE_CURVE('',#13571,#13563,#13573,.T.);
#13571 = VERTEX_POINT('',#13572);
#13572 = CARTESIAN_POINT('',(0.106714725,11.8,-9.496668451318));
#13573 = LINE('',#13574,#13575);
#13574 = CARTESIAN_POINT('',(0.106714725,11.8,-9.496668451318));
#13575 = VECTOR('',#13576,1.);
#13576 = DIRECTION('',(-0.374606593416,0.,-0.927183854567));
#13577 = ORIENTED_EDGE('',*,*,#13578,.F.);
#13578 = EDGE_CURVE('',#13483,#13571,#13579,.T.);
#13579 = LINE('',#13580,#13581);
#13580 = CARTESIAN_POINT('',(0.45148305,11.8,-10.35));
#13581 = VECTOR('',#13582,1.);
#13582 = DIRECTION('',(-0.374606593416,0.,0.927183854567));
#13583 = PLANE('',#13584);
#13584 = AXIS2_PLACEMENT_3D('',#13585,#13586,#13587);
#13585 = CARTESIAN_POINT('',(0.,11.8,0.));
#13586 = DIRECTION('',(0.,1.,0.));
#13587 = DIRECTION('',(1.,0.,0.));
#13588 = ADVANCED_FACE('',(#13589,#13659),#13694,.T.);
#13589 = FACE_BOUND('',#13590,.F.);
#13590 = EDGE_LOOP('',(#13591,#13601,#13609,#13617,#13631,#13645,#13653)
  );
#13591 = ORIENTED_EDGE('',*,*,#13592,.F.);
#13592 = EDGE_CURVE('',#13593,#13595,#13597,.T.);
#13593 = VERTEX_POINT('',#13594);
#13594 = CARTESIAN_POINT('',(2.13305085,11.8,-8.7));
#13595 = VERTEX_POINT('',#13596);
#13596 = CARTESIAN_POINT('',(3.0446247,11.8,-8.7));
#13597 = LINE('',#13598,#13599);
#13598 = CARTESIAN_POINT('',(2.13305085,11.8,-8.7));
#13599 = VECTOR('',#13600,1.);
#13600 = DIRECTION('',(1.,0.,0.));
#13601 = ORIENTED_EDGE('',*,*,#13602,.F.);
#13602 = EDGE_CURVE('',#13603,#13593,#13605,.T.);
#13603 = VERTEX_POINT('',#13604);
#13604 = CARTESIAN_POINT('',(2.13305085,11.8,-10.35));
#13605 = LINE('',#13606,#13607);
#13606 = CARTESIAN_POINT('',(2.13305085,11.8,-10.35));
#13607 = VECTOR('',#13608,1.);
#13608 = DIRECTION('',(0.,0.,1.));
#13609 = ORIENTED_EDGE('',*,*,#13610,.F.);
#13610 = EDGE_CURVE('',#13611,#13603,#13613,.T.);
#13611 = VERTEX_POINT('',#13612);
#13612 = CARTESIAN_POINT('',(3.8095317,11.8,-10.35));
#13613 = LINE('',#13614,#13615);
#13614 = CARTESIAN_POINT('',(3.8095317,11.8,-10.35));
#13615 = VECTOR('',#13616,1.);
#13616 = DIRECTION('',(-1.,0.,0.));
#13617 = ORIENTED_EDGE('',*,*,#13618,.F.);
#13618 = EDGE_CURVE('',#13619,#13611,#13621,.T.);
#13619 = VERTEX_POINT('',#13620);
#13620 = CARTESIAN_POINT('',(4.9074945,11.8,-9.764861325));
#13621 = B_SPLINE_CURVE_WITH_KNOTS('',3,(#13622,#13623,#13624,#13625,
    #13626,#13627,#13628,#13629,#13630),.UNSPECIFIED.,.F.,.F.,(4,1,1,1,1
    ,1,4),(0.,0.166666666667,0.333333333333,0.5,0.666666666667,
    0.833333333333,1.),.UNSPECIFIED.);
#13622 = CARTESIAN_POINT('',(4.9074945,11.8,-9.764861325));
#13623 = CARTESIAN_POINT('',(4.9074945,11.8,-9.832236757957));
#13624 = CARTESIAN_POINT('',(4.884454498927,11.8,-9.954041647836));
#13625 = CARTESIAN_POINT('',(4.799504207049,11.8,-10.08930392047));
#13626 = CARTESIAN_POINT('',(4.653695476,11.8,-10.20337349197));
#13627 = CARTESIAN_POINT('',(4.44477338539,11.8,-10.28635154209));
#13628 = CARTESIAN_POINT('',(4.168828308674,11.8,-10.33810278531));
#13629 = CARTESIAN_POINT('',(3.937088339015,11.8,-10.35));
#13630 = CARTESIAN_POINT('',(3.8095317,11.8,-10.35));
#13631 = ORIENTED_EDGE('',*,*,#13632,.F.);
#13632 = EDGE_CURVE('',#13633,#13619,#13635,.T.);
#13633 = VERTEX_POINT('',#13634);
#13634 = CARTESIAN_POINT('',(3.8095317,11.8,-9.18175875));
#13635 = B_SPLINE_CURVE_WITH_KNOTS('',3,(#13636,#13637,#13638,#13639,
    #13640,#13641,#13642,#13643,#13644),.UNSPECIFIED.,.F.,.F.,(4,1,1,1,1
    ,1,4),(0.,0.166666666667,0.333333333333,0.5,0.666666666667,
    0.833333333333,1.),.UNSPECIFIED.);
#13636 = CARTESIAN_POINT('',(3.8095317,11.8,-9.18175875));
#13637 = CARTESIAN_POINT('',(3.936967111439,11.8,-9.18175875));
#13638 = CARTESIAN_POINT('',(4.168522669658,11.8,-9.193591415583));
#13639 = CARTESIAN_POINT('',(4.444380281836,11.8,-9.245083913152));
#13640 = CARTESIAN_POINT('',(4.65335875007,11.8,-9.327691665325));
#13641 = CARTESIAN_POINT('',(4.799307010928,11.8,-9.441315633811));
#13642 = CARTESIAN_POINT('',(4.884416550673,11.8,-9.576185828299));
#13643 = CARTESIAN_POINT('',(4.9074945,11.8,-9.697659763778));
#13644 = CARTESIAN_POINT('',(4.9074945,11.8,-9.764861325));
#13645 = ORIENTED_EDGE('',*,*,#13646,.F.);
#13646 = EDGE_CURVE('',#13647,#13633,#13649,.T.);
#13647 = VERTEX_POINT('',#13648);
#13648 = CARTESIAN_POINT('',(3.0446247,11.8,-9.18175875));
#13649 = LINE('',#13650,#13651);
#13650 = CARTESIAN_POINT('',(3.0446247,11.8,-9.18175875));
#13651 = VECTOR('',#13652,1.);
#13652 = DIRECTION('',(1.,0.,0.));
#13653 = ORIENTED_EDGE('',*,*,#13654,.F.);
#13654 = EDGE_CURVE('',#13595,#13647,#13655,.T.);
#13655 = LINE('',#13656,#13657);
#13656 = CARTESIAN_POINT('',(3.0446247,11.8,-8.7));
#13657 = VECTOR('',#13658,1.);
#13658 = DIRECTION('',(0.,0.,-1.));
#13659 = FACE_BOUND('',#13660,.F.);
#13660 = EDGE_LOOP('',(#13661,#13671,#13679,#13688));
#13661 = ORIENTED_EDGE('',*,*,#13662,.F.);
#13662 = EDGE_CURVE('',#13663,#13665,#13667,.T.);
#13663 = VERTEX_POINT('',#13664);
#13664 = CARTESIAN_POINT('',(3.0446247,11.8,-9.6421302));
#13665 = VERTEX_POINT('',#13666);
#13666 = CARTESIAN_POINT('',(3.0446247,11.8,-9.88759245));
#13667 = LINE('',#13668,#13669);
#13668 = CARTESIAN_POINT('',(3.0446247,11.8,-9.6421302));
#13669 = VECTOR('',#13670,1.);
#13670 = DIRECTION('',(0.,0.,-1.));
#13671 = ORIENTED_EDGE('',*,*,#13672,.F.);
#13672 = EDGE_CURVE('',#13673,#13663,#13675,.T.);
#13673 = VERTEX_POINT('',#13674);
#13674 = CARTESIAN_POINT('',(3.8095317,11.8,-9.6421302));
#13675 = LINE('',#13676,#13677);
#13676 = CARTESIAN_POINT('',(3.8095317,11.8,-9.6421302));
#13677 = VECTOR('',#13678,1.);
#13678 = DIRECTION('',(-1.,0.,0.));
#13679 = ORIENTED_EDGE('',*,*,#13680,.F.);
#13680 = EDGE_CURVE('',#13681,#13673,#13683,.T.);
#13681 = VERTEX_POINT('',#13682);
#13682 = CARTESIAN_POINT('',(3.8095317,11.8,-9.88759245));
#13683 = CIRCLE('',#13684,0.122731125);
#13684 = AXIS2_PLACEMENT_3D('',#13685,#13686,#13687);
#13685 = CARTESIAN_POINT('',(3.8095317,11.8,-9.764861325));
#13686 = DIRECTION('',(0.,-1.,0.));
#13687 = DIRECTION('',(0.,0.,-1.));
#13688 = ORIENTED_EDGE('',*,*,#13689,.F.);
#13689 = EDGE_CURVE('',#13665,#13681,#13690,.T.);
#13690 = LINE('',#13691,#13692);
#13691 = CARTESIAN_POINT('',(3.0446247,11.8,-9.88759245));
#13692 = VECTOR('',#13693,1.);
#13693 = DIRECTION('',(1.,0.,0.));
#13694 = PLANE('',#13695);
#13695 = AXIS2_PLACEMENT_3D('',#13696,#13697,#13698);
#13696 = CARTESIAN_POINT('',(0.,11.8,0.));
#13697 = DIRECTION('',(0.,1.,0.));
#13698 = DIRECTION('',(1.,0.,0.));
#13699 = ADVANCED_FACE('',(#13700),#13716,.T.);
#13700 = FACE_BOUND('',#13701,.F.);
#13701 = EDGE_LOOP('',(#13702,#13703,#13709,#13710));
#13702 = ORIENTED_EDGE('',*,*,#13173,.F.);
#13703 = ORIENTED_EDGE('',*,*,#13704,.T.);
#13704 = EDGE_CURVE('',#13174,#13449,#13705,.T.);
#13705 = LINE('',#13706,#13707);
#13706 = CARTESIAN_POINT('',(-3.266595259279,11.775,-9.764861325));
#13707 = VECTOR('',#13708,1.);
#13708 = DIRECTION('',(0.,1.,0.));
#13709 = ORIENTED_EDGE('',*,*,#13448,.T.);
#13710 = ORIENTED_EDGE('',*,*,#13711,.F.);
#13711 = EDGE_CURVE('',#13176,#13451,#13712,.T.);
#13712 = LINE('',#13713,#13714);
#13713 = CARTESIAN_POINT('',(-3.041449293062,11.775,-9.2907396));
#13714 = VECTOR('',#13715,1.);
#13715 = DIRECTION('',(0.,1.,0.));
#13716 = PLANE('',#13717);
#13717 = AXIS2_PLACEMENT_3D('',#13718,#13719,#13720);
#13718 = CARTESIAN_POINT('',(-3.266595259279,11.775,-9.764861325));
#13719 = DIRECTION('',(-0.903323171356,0.,0.428960660306));
#13720 = DIRECTION('',(0.428960660306,0.,0.903323171356));
#13721 = ADVANCED_FACE('',(#13722),#13733,.T.);
#13722 = FACE_BOUND('',#13723,.F.);
#13723 = EDGE_LOOP('',(#13724,#13725,#13731,#13732));
#13724 = ORIENTED_EDGE('',*,*,#13191,.F.);
#13725 = ORIENTED_EDGE('',*,*,#13726,.T.);
#13726 = EDGE_CURVE('',#13184,#13459,#13727,.T.);
#13727 = LINE('',#13728,#13729);
#13728 = CARTESIAN_POINT('',(-3.487681850545,11.775,-9.2907396));
#13729 = VECTOR('',#13730,1.);
#13730 = DIRECTION('',(0.,1.,0.));
#13731 = ORIENTED_EDGE('',*,*,#13458,.T.);
#13732 = ORIENTED_EDGE('',*,*,#13704,.F.);
#13733 = PLANE('',#13734);
#13734 = AXIS2_PLACEMENT_3D('',#13735,#13736,#13737);
#13735 = CARTESIAN_POINT('',(-3.487681850545,11.775,-9.2907396));
#13736 = DIRECTION('',(0.906307787037,0.,0.422618261741));
#13737 = DIRECTION('',(0.422618261741,0.,-0.906307787037));
#13738 = ADVANCED_FACE('',(#13739),#13745,.T.);
#13739 = FACE_BOUND('',#13740,.F.);
#13740 = EDGE_LOOP('',(#13741,#13742,#13743,#13744));
#13741 = ORIENTED_EDGE('',*,*,#13183,.F.);
#13742 = ORIENTED_EDGE('',*,*,#13711,.T.);
#13743 = ORIENTED_EDGE('',*,*,#13466,.T.);
#13744 = ORIENTED_EDGE('',*,*,#13726,.F.);
#13745 = PLANE('',#13746);
#13746 = AXIS2_PLACEMENT_3D('',#13747,#13748,#13749);
#13747 = CARTESIAN_POINT('',(-3.041449293062,11.775,-9.2907396));
#13748 = DIRECTION('',(0.,0.,-1.));
#13749 = DIRECTION('',(-1.,0.,0.));
#13750 = ADVANCED_FACE('',(#13751),#13767,.T.);
#13751 = FACE_BOUND('',#13752,.F.);
#13752 = EDGE_LOOP('',(#13753,#13759,#13760,#13766));
#13753 = ORIENTED_EDGE('',*,*,#13754,.T.);
#13754 = EDGE_CURVE('',#13060,#13481,#13755,.T.);
#13755 = LINE('',#13756,#13757);
#13756 = CARTESIAN_POINT('',(1.88555745,11.775,-10.35));
#13757 = VECTOR('',#13758,1.);
#13758 = DIRECTION('',(0.,1.,0.));
#13759 = ORIENTED_EDGE('',*,*,#13480,.T.);
#13760 = ORIENTED_EDGE('',*,*,#13761,.F.);
#13761 = EDGE_CURVE('',#13068,#13483,#13762,.T.);
#13762 = LINE('',#13763,#13764);
#13763 = CARTESIAN_POINT('',(0.45148305,11.775,-10.35));
#13764 = VECTOR('',#13765,1.);
#13765 = DIRECTION('',(0.,1.,0.));
#13766 = ORIENTED_EDGE('',*,*,#13067,.F.);
#13767 = PLANE('',#13768);
#13768 = AXIS2_PLACEMENT_3D('',#13769,#13770,#13771);
#13769 = CARTESIAN_POINT('',(1.88555745,11.775,-10.35));
#13770 = DIRECTION('',(0.,0.,-1.));
#13771 = DIRECTION('',(-1.,0.,0.));
#13772 = ADVANCED_FACE('',(#13773),#13784,.T.);
#13773 = FACE_BOUND('',#13774,.F.);
#13774 = EDGE_LOOP('',(#13775,#13776,#13777,#13783));
#13775 = ORIENTED_EDGE('',*,*,#13754,.F.);
#13776 = ORIENTED_EDGE('',*,*,#13059,.T.);
#13777 = ORIENTED_EDGE('',*,*,#13778,.T.);
#13778 = EDGE_CURVE('',#13052,#13491,#13779,.T.);
#13779 = LINE('',#13780,#13781);
#13780 = CARTESIAN_POINT('',(1.88555745,11.775,-8.7));
#13781 = VECTOR('',#13782,1.);
#13782 = DIRECTION('',(0.,1.,0.));
#13783 = ORIENTED_EDGE('',*,*,#13490,.T.);
#13784 = PLANE('',#13785);
#13785 = AXIS2_PLACEMENT_3D('',#13786,#13787,#13788);
#13786 = CARTESIAN_POINT('',(1.88555745,11.775,-8.7));
#13787 = DIRECTION('',(1.,0.,0.));
#13788 = DIRECTION('',(0.,0.,-1.));
#13789 = ADVANCED_FACE('',(#13790),#13801,.T.);
#13790 = FACE_BOUND('',#13791,.F.);
#13791 = EDGE_LOOP('',(#13792,#13798,#13799,#13800));
#13792 = ORIENTED_EDGE('',*,*,#13793,.T.);
#13793 = EDGE_CURVE('',#13044,#13499,#13794,.T.);
#13794 = LINE('',#13795,#13796);
#13795 = CARTESIAN_POINT('',(0.97805745,11.775,-8.7));
#13796 = VECTOR('',#13797,1.);
#13797 = DIRECTION('',(0.,1.,0.));
#13798 = ORIENTED_EDGE('',*,*,#13498,.T.);
#13799 = ORIENTED_EDGE('',*,*,#13778,.F.);
#13800 = ORIENTED_EDGE('',*,*,#13051,.F.);
#13801 = PLANE('',#13802);
#13802 = AXIS2_PLACEMENT_3D('',#13803,#13804,#13805);
#13803 = CARTESIAN_POINT('',(0.97805745,11.775,-8.7));
#13804 = DIRECTION('',(0.,0.,1.));
#13805 = DIRECTION('',(1.,0.,-0.));
#13806 = ADVANCED_FACE('',(#13807),#13818,.T.);
#13807 = FACE_BOUND('',#13808,.F.);
#13808 = EDGE_LOOP('',(#13809,#13815,#13816,#13817));
#13809 = ORIENTED_EDGE('',*,*,#13810,.T.);
#13810 = EDGE_CURVE('',#13036,#13507,#13811,.T.);
#13811 = LINE('',#13812,#13813);
#13812 = CARTESIAN_POINT('',(0.97805745,11.775,-9.764861325));
#13813 = VECTOR('',#13814,1.);
#13814 = DIRECTION('',(0.,1.,0.));
#13815 = ORIENTED_EDGE('',*,*,#13506,.T.);
#13816 = ORIENTED_EDGE('',*,*,#13793,.F.);
#13817 = ORIENTED_EDGE('',*,*,#13043,.F.);
#13818 = PLANE('',#13819);
#13819 = AXIS2_PLACEMENT_3D('',#13820,#13821,#13822);
#13820 = CARTESIAN_POINT('',(0.97805745,11.775,-9.764861325));
#13821 = DIRECTION('',(-1.,0.,0.));
#13822 = DIRECTION('',(0.,0.,1.));
#13823 = ADVANCED_FACE('',(#13824),#13835,.T.);
#13824 = FACE_BOUND('',#13825,.F.);
#13825 = EDGE_LOOP('',(#13826,#13832,#13833,#13834));
#13826 = ORIENTED_EDGE('',*,*,#13827,.T.);
#13827 = EDGE_CURVE('',#13028,#13515,#13828,.T.);
#13828 = LINE('',#13829,#13830);
#13829 = CARTESIAN_POINT('',(0.5278731,11.775,-8.7));
#13830 = VECTOR('',#13831,1.);
#13831 = DIRECTION('',(0.,1.,0.));
#13832 = ORIENTED_EDGE('',*,*,#13514,.T.);
#13833 = ORIENTED_EDGE('',*,*,#13810,.F.);
#13834 = ORIENTED_EDGE('',*,*,#13035,.F.);
#13835 = PLANE('',#13836);
#13836 = AXIS2_PLACEMENT_3D('',#13837,#13838,#13839);
#13837 = CARTESIAN_POINT('',(0.5278731,11.775,-8.7));
#13838 = DIRECTION('',(0.9210708586,0.,0.389395009517));
#13839 = DIRECTION('',(0.389395009517,0.,-0.9210708586));
#13840 = ADVANCED_FACE('',(#13841),#13852,.T.);
#13841 = FACE_BOUND('',#13842,.F.);
#13842 = EDGE_LOOP('',(#13843,#13849,#13850,#13851));
#13843 = ORIENTED_EDGE('',*,*,#13844,.T.);
#13844 = EDGE_CURVE('',#13020,#13523,#13845,.T.);
#13845 = LINE('',#13846,#13847);
#13846 = CARTESIAN_POINT('',(-0.314442,11.775,-8.7));
#13847 = VECTOR('',#13848,1.);
#13848 = DIRECTION('',(0.,1.,0.));
#13849 = ORIENTED_EDGE('',*,*,#13522,.T.);
#13850 = ORIENTED_EDGE('',*,*,#13827,.F.);
#13851 = ORIENTED_EDGE('',*,*,#13027,.F.);
#13852 = PLANE('',#13853);
#13853 = AXIS2_PLACEMENT_3D('',#13854,#13855,#13856);
#13854 = CARTESIAN_POINT('',(-0.314442,11.775,-8.7));
#13855 = DIRECTION('',(0.,0.,1.));
#13856 = DIRECTION('',(1.,0.,-0.));
#13857 = ADVANCED_FACE('',(#13858),#13869,.T.);
#13858 = FACE_BOUND('',#13859,.F.);
#13859 = EDGE_LOOP('',(#13860,#13866,#13867,#13868));
#13860 = ORIENTED_EDGE('',*,*,#13861,.T.);
#13861 = EDGE_CURVE('',#13012,#13531,#13862,.T.);
#13862 = LINE('',#13863,#13864);
#13863 = CARTESIAN_POINT('',(-0.764628,11.775,-9.764861325));
#13864 = VECTOR('',#13865,1.);
#13865 = DIRECTION('',(0.,1.,0.));
#13866 = ORIENTED_EDGE('',*,*,#13530,.T.);
#13867 = ORIENTED_EDGE('',*,*,#13844,.F.);
#13868 = ORIENTED_EDGE('',*,*,#13019,.F.);
#13869 = PLANE('',#13870);
#13870 = AXIS2_PLACEMENT_3D('',#13871,#13872,#13873);
#13871 = CARTESIAN_POINT('',(-0.764628,11.775,-9.764861325));
#13872 = DIRECTION('',(-0.921070346721,0.,0.38939622031));
#13873 = DIRECTION('',(0.38939622031,0.,0.921070346721));
#13874 = ADVANCED_FACE('',(#13875),#13886,.T.);
#13875 = FACE_BOUND('',#13876,.F.);
#13876 = EDGE_LOOP('',(#13877,#13883,#13884,#13885));
#13877 = ORIENTED_EDGE('',*,*,#13878,.T.);
#13878 = EDGE_CURVE('',#13004,#13539,#13879,.T.);
#13879 = LINE('',#13880,#13881);
#13880 = CARTESIAN_POINT('',(-0.764628,11.775,-8.7));
#13881 = VECTOR('',#13882,1.);
#13882 = DIRECTION('',(0.,1.,0.));
#13883 = ORIENTED_EDGE('',*,*,#13538,.T.);
#13884 = ORIENTED_EDGE('',*,*,#13861,.F.);
#13885 = ORIENTED_EDGE('',*,*,#13011,.T.);
#13886 = PLANE('',#13887);
#13887 = AXIS2_PLACEMENT_3D('',#13888,#13889,#13890);
#13888 = CARTESIAN_POINT('',(-0.764628,11.775,-8.7));
#13889 = DIRECTION('',(1.,0.,0.));
#13890 = DIRECTION('',(0.,0.,-1.));
#13891 = ADVANCED_FACE('',(#13892),#13903,.T.);
#13892 = FACE_BOUND('',#13893,.F.);
#13893 = EDGE_LOOP('',(#13894,#13895,#13901,#13902));
#13894 = ORIENTED_EDGE('',*,*,#13003,.T.);
#13895 = ORIENTED_EDGE('',*,*,#13896,.T.);
#13896 = EDGE_CURVE('',#12996,#13547,#13897,.T.);
#13897 = LINE('',#13898,#13899);
#13898 = CARTESIAN_POINT('',(-1.672128,11.775,-8.7));
#13899 = VECTOR('',#13900,1.);
#13900 = DIRECTION('',(0.,1.,0.));
#13901 = ORIENTED_EDGE('',*,*,#13546,.T.);
#13902 = ORIENTED_EDGE('',*,*,#13878,.F.);
#13903 = PLANE('',#13904);
#13904 = AXIS2_PLACEMENT_3D('',#13905,#13906,#13907);
#13905 = CARTESIAN_POINT('',(-1.672128,11.775,-8.7));
#13906 = DIRECTION('',(0.,0.,1.));
#13907 = DIRECTION('',(1.,0.,-0.));
#13908 = ADVANCED_FACE('',(#13909),#13920,.T.);
#13909 = FACE_BOUND('',#13910,.F.);
#13910 = EDGE_LOOP('',(#13911,#13912,#13918,#13919));
#13911 = ORIENTED_EDGE('',*,*,#12993,.F.);
#13912 = ORIENTED_EDGE('',*,*,#13913,.T.);
#13913 = EDGE_CURVE('',#12994,#13555,#13914,.T.);
#13914 = LINE('',#13915,#13916);
#13915 = CARTESIAN_POINT('',(-1.672128,11.775,-10.35));
#13916 = VECTOR('',#13917,1.);
#13917 = DIRECTION('',(0.,1.,0.));
#13918 = ORIENTED_EDGE('',*,*,#13554,.T.);
#13919 = ORIENTED_EDGE('',*,*,#13896,.F.);
#13920 = PLANE('',#13921);
#13921 = AXIS2_PLACEMENT_3D('',#13922,#13923,#13924);
#13922 = CARTESIAN_POINT('',(-1.672128,11.775,-10.35));
#13923 = DIRECTION('',(-1.,0.,0.));
#13924 = DIRECTION('',(0.,0.,1.));
#13925 = ADVANCED_FACE('',(#13926),#13937,.T.);
#13926 = FACE_BOUND('',#13927,.F.);
#13927 = EDGE_LOOP('',(#13928,#13934,#13935,#13936));
#13928 = ORIENTED_EDGE('',*,*,#13929,.T.);
#13929 = EDGE_CURVE('',#13084,#13563,#13930,.T.);
#13930 = LINE('',#13931,#13932);
#13931 = CARTESIAN_POINT('',(-0.2380536,11.775,-10.35));
#13932 = VECTOR('',#13933,1.);
#13933 = DIRECTION('',(0.,1.,0.));
#13934 = ORIENTED_EDGE('',*,*,#13562,.T.);
#13935 = ORIENTED_EDGE('',*,*,#13913,.F.);
#13936 = ORIENTED_EDGE('',*,*,#13091,.F.);
#13937 = PLANE('',#13938);
#13938 = AXIS2_PLACEMENT_3D('',#13939,#13940,#13941);
#13939 = CARTESIAN_POINT('',(-0.2380536,11.775,-10.35));
#13940 = DIRECTION('',(0.,0.,-1.));
#13941 = DIRECTION('',(-1.,0.,0.));
#13942 = ADVANCED_FACE('',(#13943),#13954,.T.);
#13943 = FACE_BOUND('',#13944,.F.);
#13944 = EDGE_LOOP('',(#13945,#13951,#13952,#13953));
#13945 = ORIENTED_EDGE('',*,*,#13946,.T.);
#13946 = EDGE_CURVE('',#13076,#13571,#13947,.T.);
#13947 = LINE('',#13948,#13949);
#13948 = CARTESIAN_POINT('',(0.106714725,11.775,-9.496668451318));
#13949 = VECTOR('',#13950,1.);
#13950 = DIRECTION('',(0.,1.,0.));
#13951 = ORIENTED_EDGE('',*,*,#13570,.T.);
#13952 = ORIENTED_EDGE('',*,*,#13929,.F.);
#13953 = ORIENTED_EDGE('',*,*,#13083,.T.);
#13954 = PLANE('',#13955);
#13955 = AXIS2_PLACEMENT_3D('',#13956,#13957,#13958);
#13956 = CARTESIAN_POINT('',(0.106714725,11.775,-9.496668451318));
#13957 = DIRECTION('',(0.927183854567,0.,-0.374606593416));
#13958 = DIRECTION('',(-0.374606593416,0.,-0.927183854567));
#13959 = ADVANCED_FACE('',(#13960),#13966,.T.);
#13960 = FACE_BOUND('',#13961,.F.);
#13961 = EDGE_LOOP('',(#13962,#13963,#13964,#13965));
#13962 = ORIENTED_EDGE('',*,*,#13761,.T.);
#13963 = ORIENTED_EDGE('',*,*,#13578,.T.);
#13964 = ORIENTED_EDGE('',*,*,#13946,.F.);
#13965 = ORIENTED_EDGE('',*,*,#13075,.F.);
#13966 = PLANE('',#13967);
#13967 = AXIS2_PLACEMENT_3D('',#13968,#13969,#13970);
#13968 = CARTESIAN_POINT('',(0.45148305,11.775,-10.35));
#13969 = DIRECTION('',(-0.927183854567,0.,-0.374606593416));
#13970 = DIRECTION('',(-0.374606593416,0.,0.927183854567));
#13971 = ADVANCED_FACE('',(#13972),#13988,.T.);
#13972 = FACE_BOUND('',#13973,.F.);
#13973 = EDGE_LOOP('',(#13974,#13980,#13981,#13987));
#13974 = ORIENTED_EDGE('',*,*,#13975,.T.);
#13975 = EDGE_CURVE('',#13100,#13593,#13976,.T.);
#13976 = LINE('',#13977,#13978);
#13977 = CARTESIAN_POINT('',(2.13305085,11.775,-8.7));
#13978 = VECTOR('',#13979,1.);
#13979 = DIRECTION('',(0.,1.,0.));
#13980 = ORIENTED_EDGE('',*,*,#13592,.T.);
#13981 = ORIENTED_EDGE('',*,*,#13982,.F.);
#13982 = EDGE_CURVE('',#13102,#13595,#13983,.T.);
#13983 = LINE('',#13984,#13985);
#13984 = CARTESIAN_POINT('',(3.0446247,11.775,-8.7));
#13985 = VECTOR('',#13986,1.);
#13986 = DIRECTION('',(0.,1.,0.));
#13987 = ORIENTED_EDGE('',*,*,#13099,.F.);
#13988 = PLANE('',#13989);
#13989 = AXIS2_PLACEMENT_3D('',#13990,#13991,#13992);
#13990 = CARTESIAN_POINT('',(2.13305085,11.775,-8.7));
#13991 = DIRECTION('',(0.,0.,1.));
#13992 = DIRECTION('',(1.,0.,-0.));
#13993 = ADVANCED_FACE('',(#13994),#14005,.T.);
#13994 = FACE_BOUND('',#13995,.F.);
#13995 = EDGE_LOOP('',(#13996,#13997,#13998,#14004));
#13996 = ORIENTED_EDGE('',*,*,#13975,.F.);
#13997 = ORIENTED_EDGE('',*,*,#13159,.F.);
#13998 = ORIENTED_EDGE('',*,*,#13999,.T.);
#13999 = EDGE_CURVE('',#13152,#13603,#14000,.T.);
#14000 = LINE('',#14001,#14002);
#14001 = CARTESIAN_POINT('',(2.13305085,11.775,-10.35));
#14002 = VECTOR('',#14003,1.);
#14003 = DIRECTION('',(0.,1.,0.));
#14004 = ORIENTED_EDGE('',*,*,#13602,.T.);
#14005 = PLANE('',#14006);
#14006 = AXIS2_PLACEMENT_3D('',#14007,#14008,#14009);
#14007 = CARTESIAN_POINT('',(2.13305085,11.775,-10.35));
#14008 = DIRECTION('',(-1.,0.,0.));
#14009 = DIRECTION('',(0.,0.,1.));
#14010 = ADVANCED_FACE('',(#14011),#14022,.T.);
#14011 = FACE_BOUND('',#14012,.F.);
#14012 = EDGE_LOOP('',(#14013,#14019,#14020,#14021));
#14013 = ORIENTED_EDGE('',*,*,#14014,.T.);
#14014 = EDGE_CURVE('',#13139,#13611,#14015,.T.);
#14015 = LINE('',#14016,#14017);
#14016 = CARTESIAN_POINT('',(3.8095317,11.775,-10.35));
#14017 = VECTOR('',#14018,1.);
#14018 = DIRECTION('',(0.,1.,0.));
#14019 = ORIENTED_EDGE('',*,*,#13610,.T.);
#14020 = ORIENTED_EDGE('',*,*,#13999,.F.);
#14021 = ORIENTED_EDGE('',*,*,#13151,.F.);
#14022 = PLANE('',#14023);
#14023 = AXIS2_PLACEMENT_3D('',#14024,#14025,#14026);
#14024 = CARTESIAN_POINT('',(3.8095317,11.775,-10.35));
#14025 = DIRECTION('',(0.,0.,-1.));
#14026 = DIRECTION('',(-1.,0.,0.));
#14027 = ADVANCED_FACE('',(#14028),#14039,.F.);
#14028 = FACE_BOUND('',#14029,.F.);
#14029 = EDGE_LOOP('',(#14030,#14036,#14037,#14038));
#14030 = ORIENTED_EDGE('',*,*,#14031,.T.);
#14031 = EDGE_CURVE('',#13126,#13619,#14032,.T.);
#14032 = LINE('',#14033,#14034);
#14033 = CARTESIAN_POINT('',(4.9074945,11.775,-9.764861325));
#14034 = VECTOR('',#14035,1.);
#14035 = DIRECTION('',(0.,1.,0.));
#14036 = ORIENTED_EDGE('',*,*,#13618,.T.);
#14037 = ORIENTED_EDGE('',*,*,#14014,.F.);
#14038 = ORIENTED_EDGE('',*,*,#13138,.T.);
#14039 = SURFACE_OF_LINEAR_EXTRUSION('',#14040,#14047);
#14040 = B_SPLINE_CURVE_WITH_KNOTS('',3,(#14041,#14042,#14043,#14044,
    #14045,#14046),.UNSPECIFIED.,.F.,.F.,(4,1,1,4),(0.,0.5,0.75,1.),
  .UNSPECIFIED.);
#14041 = CARTESIAN_POINT('',(3.762458626777,11.775,-10.34973672774));
#14042 = CARTESIAN_POINT('',(4.062262625849,11.775,-10.3530554126));
#14043 = CARTESIAN_POINT('',(4.469891029052,11.775,-10.31595584447));
#14044 = CARTESIAN_POINT('',(4.833851573291,11.775,-10.08694576028));
#14045 = CARTESIAN_POINT('',(4.917825551658,11.775,-9.874434424429));
#14046 = CARTESIAN_POINT('',(4.9054955248,11.775,-9.713861740463));
#14047 = VECTOR('',#14048,1.);
#14048 = DIRECTION('',(0.,1.,0.));
#14049 = ADVANCED_FACE('',(#14050),#14061,.F.);
#14050 = FACE_BOUND('',#14051,.F.);
#14051 = EDGE_LOOP('',(#14052,#14058,#14059,#14060));
#14052 = ORIENTED_EDGE('',*,*,#14053,.T.);
#14053 = EDGE_CURVE('',#13118,#13633,#14054,.T.);
#14054 = LINE('',#14055,#14056);
#14055 = CARTESIAN_POINT('',(3.8095317,11.775,-9.18175875));
#14056 = VECTOR('',#14057,1.);
#14057 = DIRECTION('',(0.,1.,0.));
#14058 = ORIENTED_EDGE('',*,*,#13632,.T.);
#14059 = ORIENTED_EDGE('',*,*,#14031,.F.);
#14060 = ORIENTED_EDGE('',*,*,#13125,.T.);
#14061 = SURFACE_OF_LINEAR_EXTRUSION('',#14062,#14069);
#14062 = B_SPLINE_CURVE_WITH_KNOTS('',3,(#14063,#14064,#14065,#14066,
    #14067,#14068),.UNSPECIFIED.,.F.,.F.,(4,1,1,4),(0.,0.25,0.5,1.),
  .UNSPECIFIED.);
#14063 = CARTESIAN_POINT('',(4.905769892347,11.775,-9.811996836225));
#14064 = CARTESIAN_POINT('',(4.917201126431,11.775,-9.6527470153));
#14065 = CARTESIAN_POINT('',(4.832145810535,11.775,-9.442165157514));
#14066 = CARTESIAN_POINT('',(4.467685727251,11.775,-9.215350893434));
#14067 = CARTESIAN_POINT('',(4.060888488206,11.775,-9.178692371956));
#14068 = CARTESIAN_POINT('',(3.761916567519,11.775,-9.182027118961));
#14069 = VECTOR('',#14070,1.);
#14070 = DIRECTION('',(0.,1.,0.));
#14071 = ADVANCED_FACE('',(#14072),#14083,.T.);
#14072 = FACE_BOUND('',#14073,.F.);
#14073 = EDGE_LOOP('',(#14074,#14080,#14081,#14082));
#14074 = ORIENTED_EDGE('',*,*,#14075,.T.);
#14075 = EDGE_CURVE('',#13110,#13647,#14076,.T.);
#14076 = LINE('',#14077,#14078);
#14077 = CARTESIAN_POINT('',(3.0446247,11.775,-9.18175875));
#14078 = VECTOR('',#14079,1.);
#14079 = DIRECTION('',(0.,1.,0.));
#14080 = ORIENTED_EDGE('',*,*,#13646,.T.);
#14081 = ORIENTED_EDGE('',*,*,#14053,.F.);
#14082 = ORIENTED_EDGE('',*,*,#13117,.T.);
#14083 = PLANE('',#14084);
#14084 = AXIS2_PLACEMENT_3D('',#14085,#14086,#14087);
#14085 = CARTESIAN_POINT('',(3.0446247,11.775,-9.18175875));
#14086 = DIRECTION('',(0.,0.,1.));
#14087 = DIRECTION('',(1.,0.,-0.));
#14088 = ADVANCED_FACE('',(#14089),#14095,.T.);
#14089 = FACE_BOUND('',#14090,.F.);
#14090 = EDGE_LOOP('',(#14091,#14092,#14093,#14094));
#14091 = ORIENTED_EDGE('',*,*,#13982,.T.);
#14092 = ORIENTED_EDGE('',*,*,#13654,.T.);
#14093 = ORIENTED_EDGE('',*,*,#14075,.F.);
#14094 = ORIENTED_EDGE('',*,*,#13109,.F.);
#14095 = PLANE('',#14096);
#14096 = AXIS2_PLACEMENT_3D('',#14097,#14098,#14099);
#14097 = CARTESIAN_POINT('',(3.0446247,11.775,-8.7));
#14098 = DIRECTION('',(1.,0.,0.));
#14099 = DIRECTION('',(0.,0.,-1.));
#14100 = ADVANCED_FACE('',(#14101),#14117,.T.);
#14101 = FACE_BOUND('',#14102,.F.);
#14102 = EDGE_LOOP('',(#14103,#14109,#14110,#14116));
#14103 = ORIENTED_EDGE('',*,*,#14104,.T.);
#14104 = EDGE_CURVE('',#13208,#13663,#14105,.T.);
#14105 = LINE('',#14106,#14107);
#14106 = CARTESIAN_POINT('',(3.0446247,11.775,-9.6421302));
#14107 = VECTOR('',#14108,1.);
#14108 = DIRECTION('',(0.,1.,0.));
#14109 = ORIENTED_EDGE('',*,*,#13662,.T.);
#14110 = ORIENTED_EDGE('',*,*,#14111,.F.);
#14111 = EDGE_CURVE('',#13206,#13665,#14112,.T.);
#14112 = LINE('',#14113,#14114);
#14113 = CARTESIAN_POINT('',(3.0446247,11.775,-9.88759245));
#14114 = VECTOR('',#14115,1.);
#14115 = DIRECTION('',(0.,1.,0.));
#14116 = ORIENTED_EDGE('',*,*,#13205,.T.);
#14117 = PLANE('',#14118);
#14118 = AXIS2_PLACEMENT_3D('',#14119,#14120,#14121);
#14119 = CARTESIAN_POINT('',(3.0446247,11.775,-9.6421302));
#14120 = DIRECTION('',(1.,0.,0.));
#14121 = DIRECTION('',(0.,0.,-1.));
#14122 = ADVANCED_FACE('',(#14123),#14134,.T.);
#14123 = FACE_BOUND('',#14124,.F.);
#14124 = EDGE_LOOP('',(#14125,#14126,#14127,#14133));
#14125 = ORIENTED_EDGE('',*,*,#14104,.F.);
#14126 = ORIENTED_EDGE('',*,*,#13232,.F.);
#14127 = ORIENTED_EDGE('',*,*,#14128,.T.);
#14128 = EDGE_CURVE('',#13224,#13673,#14129,.T.);
#14129 = LINE('',#14130,#14131);
#14130 = CARTESIAN_POINT('',(3.8095317,11.775,-9.6421302));
#14131 = VECTOR('',#14132,1.);
#14132 = DIRECTION('',(0.,1.,0.));
#14133 = ORIENTED_EDGE('',*,*,#13672,.T.);
#14134 = PLANE('',#14135);
#14135 = AXIS2_PLACEMENT_3D('',#14136,#14137,#14138);
#14136 = CARTESIAN_POINT('',(3.8095317,11.775,-9.6421302));
#14137 = DIRECTION('',(0.,0.,-1.));
#14138 = DIRECTION('',(-1.,0.,0.));
#14139 = ADVANCED_FACE('',(#14140),#14151,.F.);
#14140 = FACE_BOUND('',#14141,.F.);
#14141 = EDGE_LOOP('',(#14142,#14148,#14149,#14150));
#14142 = ORIENTED_EDGE('',*,*,#14143,.T.);
#14143 = EDGE_CURVE('',#13216,#13681,#14144,.T.);
#14144 = LINE('',#14145,#14146);
#14145 = CARTESIAN_POINT('',(3.8095317,11.775,-9.88759245));
#14146 = VECTOR('',#14147,1.);
#14147 = DIRECTION('',(0.,1.,0.));
#14148 = ORIENTED_EDGE('',*,*,#13680,.T.);
#14149 = ORIENTED_EDGE('',*,*,#14128,.F.);
#14150 = ORIENTED_EDGE('',*,*,#13223,.T.);
#14151 = CYLINDRICAL_SURFACE('',#14152,0.122731125);
#14152 = AXIS2_PLACEMENT_3D('',#14153,#14154,#14155);
#14153 = CARTESIAN_POINT('',(3.8095317,11.775,-9.764861325));
#14154 = DIRECTION('',(0.,1.,0.));
#14155 = DIRECTION('',(1.,0.,0.));
#14156 = ADVANCED_FACE('',(#14157),#14163,.T.);
#14157 = FACE_BOUND('',#14158,.F.);
#14158 = EDGE_LOOP('',(#14159,#14160,#14161,#14162));
#14159 = ORIENTED_EDGE('',*,*,#14111,.T.);
#14160 = ORIENTED_EDGE('',*,*,#13689,.T.);
#14161 = ORIENTED_EDGE('',*,*,#14143,.F.);
#14162 = ORIENTED_EDGE('',*,*,#13215,.F.);
#14163 = PLANE('',#14164);
#14164 = AXIS2_PLACEMENT_3D('',#14165,#14166,#14167);
#14165 = CARTESIAN_POINT('',(3.0446247,11.775,-9.88759245));
#14166 = DIRECTION('',(0.,0.,1.));
#14167 = DIRECTION('',(1.,0.,-0.));
#14168 = ADVANCED_FACE('',(#14169),#14180,.T.);
#14169 = FACE_BOUND('',#14170,.F.);
#14170 = EDGE_LOOP('',(#14171,#14172,#14178,#14179));
#14171 = ORIENTED_EDGE('',*,*,#3730,.F.);
#14172 = ORIENTED_EDGE('',*,*,#14173,.T.);
#14173 = EDGE_CURVE('',#3722,#11558,#14174,.T.);
#14174 = LINE('',#14175,#14176);
#14175 = CARTESIAN_POINT('',(25.2,-4.05,-20.));
#14176 = VECTOR('',#14177,1.);
#14177 = DIRECTION('',(0.,0.,1.));
#14178 = ORIENTED_EDGE('',*,*,#11557,.T.);
#14179 = ORIENTED_EDGE('',*,*,#12065,.F.);
#14180 = PLANE('',#14181);
#14181 = AXIS2_PLACEMENT_3D('',#14182,#14183,#14184);
#14182 = CARTESIAN_POINT('',(25.2,-4.05,-20.));
#14183 = DIRECTION('',(0.,1.,0.));
#14184 = DIRECTION('',(-1.,0.,0.));
#14185 = ADVANCED_FACE('',(#14186),#14197,.T.);
#14186 = FACE_BOUND('',#14187,.T.);
#14187 = EDGE_LOOP('',(#14188,#14189,#14190,#14196));
#14188 = ORIENTED_EDGE('',*,*,#14173,.T.);
#14189 = ORIENTED_EDGE('',*,*,#11565,.F.);
#14190 = ORIENTED_EDGE('',*,*,#14191,.F.);
#14191 = EDGE_CURVE('',#3714,#11566,#14192,.T.);
#14192 = LINE('',#14193,#14194);
#14193 = CARTESIAN_POINT('',(27.4,-4.907825257219,-20.));
#14194 = VECTOR('',#14195,1.);
#14195 = DIRECTION('',(0.,0.,1.));
#14196 = ORIENTED_EDGE('',*,*,#3721,.T.);
#14197 = CYLINDRICAL_SURFACE('',#14198,3.25);
#14198 = AXIS2_PLACEMENT_3D('',#14199,#14200,#14201);
#14199 = CARTESIAN_POINT('',(25.2,-7.3,-20.));
#14200 = DIRECTION('',(0.,0.,1.));
#14201 = DIRECTION('',(1.,0.,-0.));
#14202 = ADVANCED_FACE('',(#14203),#14214,.T.);
#14203 = FACE_BOUND('',#14204,.F.);
#14204 = EDGE_LOOP('',(#14205,#14206,#14212,#14213));
#14205 = ORIENTED_EDGE('',*,*,#3713,.F.);
#14206 = ORIENTED_EDGE('',*,*,#14207,.T.);
#14207 = EDGE_CURVE('',#3705,#11575,#14208,.T.);
#14208 = LINE('',#14209,#14210);
#14209 = CARTESIAN_POINT('',(27.4,-9.692174742781,-20.));
#14210 = VECTOR('',#14211,1.);
#14211 = DIRECTION('',(0.,0.,1.));
#14212 = ORIENTED_EDGE('',*,*,#11574,.T.);
#14213 = ORIENTED_EDGE('',*,*,#14191,.F.);
#14214 = PLANE('',#14215);
#14215 = AXIS2_PLACEMENT_3D('',#14216,#14217,#14218);
#14216 = CARTESIAN_POINT('',(27.4,-9.692174742781,-20.));
#14217 = DIRECTION('',(1.,0.,0.));
#14218 = DIRECTION('',(-0.,1.,0.));
#14219 = ADVANCED_FACE('',(#14220),#14231,.T.);
#14220 = FACE_BOUND('',#14221,.T.);
#14221 = EDGE_LOOP('',(#14222,#14223,#14224,#14230));
#14222 = ORIENTED_EDGE('',*,*,#14207,.T.);
#14223 = ORIENTED_EDGE('',*,*,#11582,.F.);
#14224 = ORIENTED_EDGE('',*,*,#14225,.F.);
#14225 = EDGE_CURVE('',#3697,#11583,#14226,.T.);
#14226 = LINE('',#14227,#14228);
#14227 = CARTESIAN_POINT('',(25.2,-10.55,-20.));
#14228 = VECTOR('',#14229,1.);
#14229 = DIRECTION('',(0.,0.,1.));
#14230 = ORIENTED_EDGE('',*,*,#3704,.T.);
#14231 = CYLINDRICAL_SURFACE('',#14232,3.25);
#14232 = AXIS2_PLACEMENT_3D('',#14233,#14234,#14235);
#14233 = CARTESIAN_POINT('',(25.2,-7.3,-20.));
#14234 = DIRECTION('',(0.,0.,1.));
#14235 = DIRECTION('',(1.,0.,-0.));
#14236 = ADVANCED_FACE('',(#14237),#14243,.T.);
#14237 = FACE_BOUND('',#14238,.F.);
#14238 = EDGE_LOOP('',(#14239,#14240,#14241,#14242));
#14239 = ORIENTED_EDGE('',*,*,#11523,.F.);
#14240 = ORIENTED_EDGE('',*,*,#11591,.T.);
#14241 = ORIENTED_EDGE('',*,*,#14225,.F.);
#14242 = ORIENTED_EDGE('',*,*,#3696,.F.);
#14243 = PLANE('',#14244);
#14244 = AXIS2_PLACEMENT_3D('',#14245,#14246,#14247);
#14245 = CARTESIAN_POINT('',(19.23329613077,-10.55,-20.));
#14246 = DIRECTION('',(0.,-1.,0.));
#14247 = DIRECTION('',(1.,0.,0.));
#14248 = ADVANCED_FACE('',(#14249),#14260,.T.);
#14249 = FACE_BOUND('',#14250,.F.);
#14250 = EDGE_LOOP('',(#14251,#14252,#14253,#14259));
#14251 = ORIENTED_EDGE('',*,*,#668,.F.);
#14252 = ORIENTED_EDGE('',*,*,#1779,.T.);
#14253 = ORIENTED_EDGE('',*,*,#14254,.F.);
#14254 = EDGE_CURVE('',#1377,#1780,#14255,.T.);
#14255 = LINE('',#14256,#14257);
#14256 = CARTESIAN_POINT('',(-1.075,8.075,-10.));
#14257 = VECTOR('',#14258,1.);
#14258 = DIRECTION('',(0.,0.,-1.));
#14259 = ORIENTED_EDGE('',*,*,#1376,.F.);
#14260 = PLANE('',#14261);
#14261 = AXIS2_PLACEMENT_3D('',#14262,#14263,#14264);
#14262 = CARTESIAN_POINT('',(-1.075,10.3,-10.));
#14263 = DIRECTION('',(1.,0.,0.));
#14264 = DIRECTION('',(0.,-1.,0.));
#14265 = ADVANCED_FACE('',(#14266),#14277,.T.);
#14266 = FACE_BOUND('',#14267,.T.);
#14267 = EDGE_LOOP('',(#14268,#14269,#14270,#14276));
#14268 = ORIENTED_EDGE('',*,*,#14254,.F.);
#14269 = ORIENTED_EDGE('',*,*,#1384,.T.);
#14270 = ORIENTED_EDGE('',*,*,#14271,.T.);
#14271 = EDGE_CURVE('',#1385,#2373,#14272,.T.);
#14272 = LINE('',#14273,#14274);
#14273 = CARTESIAN_POINT('',(-2.425,8.075,-10.));
#14274 = VECTOR('',#14275,1.);
#14275 = DIRECTION('',(0.,0.,-1.));
#14276 = ORIENTED_EDGE('',*,*,#2380,.F.);
#14277 = CYLINDRICAL_SURFACE('',#14278,0.675);
#14278 = AXIS2_PLACEMENT_3D('',#14279,#14280,#14281);
#14279 = CARTESIAN_POINT('',(-1.75,8.075,-10.));
#14280 = DIRECTION('',(0.,0.,-1.));
#14281 = DIRECTION('',(1.,0.,0.));
#14282 = ADVANCED_FACE('',(#14283),#14289,.T.);
#14283 = FACE_BOUND('',#14284,.F.);
#14284 = EDGE_LOOP('',(#14285,#14286,#14287,#14288));
#14285 = ORIENTED_EDGE('',*,*,#405,.T.);
#14286 = ORIENTED_EDGE('',*,*,#1393,.F.);
#14287 = ORIENTED_EDGE('',*,*,#14271,.T.);
#14288 = ORIENTED_EDGE('',*,*,#2372,.T.);
#14289 = PLANE('',#14290);
#14290 = AXIS2_PLACEMENT_3D('',#14291,#14292,#14293);
#14291 = CARTESIAN_POINT('',(-2.425,8.075,-10.));
#14292 = DIRECTION('',(-1.,0.,0.));
#14293 = DIRECTION('',(0.,1.,0.));
#14294 = ADVANCED_FACE('',(#14295),#14306,.T.);
#14295 = FACE_BOUND('',#14296,.F.);
#14296 = EDGE_LOOP('',(#14297,#14298,#14299,#14305));
#14297 = ORIENTED_EDGE('',*,*,#652,.T.);
#14298 = ORIENTED_EDGE('',*,*,#846,.F.);
#14299 = ORIENTED_EDGE('',*,*,#14300,.T.);
#14300 = EDGE_CURVE('',#838,#1789,#14301,.T.);
#14301 = LINE('',#14302,#14303);
#14302 = CARTESIAN_POINT('',(1.25,9.1,-10.));
#14303 = VECTOR('',#14304,1.);
#14304 = DIRECTION('',(0.,0.,-1.));
#14305 = ORIENTED_EDGE('',*,*,#1788,.T.);
#14306 = PLANE('',#14307);
#14307 = AXIS2_PLACEMENT_3D('',#14308,#14309,#14310);
#14308 = CARTESIAN_POINT('',(1.25,9.1,-10.));
#14309 = DIRECTION('',(-1.,0.,0.));
#14310 = DIRECTION('',(0.,1.,0.));
#14311 = ADVANCED_FACE('',(#14312),#14323,.T.);
#14312 = FACE_BOUND('',#14313,.T.);
#14313 = EDGE_LOOP('',(#14314,#14320,#14321,#14322));
#14314 = ORIENTED_EDGE('',*,*,#14315,.F.);
#14315 = EDGE_CURVE('',#830,#1797,#14316,.T.);
#14316 = LINE('',#14317,#14318);
#14317 = CARTESIAN_POINT('',(2.25,9.1,-10.));
#14318 = VECTOR('',#14319,1.);
#14319 = DIRECTION('',(0.,0.,-1.));
#14320 = ORIENTED_EDGE('',*,*,#837,.T.);
#14321 = ORIENTED_EDGE('',*,*,#14300,.T.);
#14322 = ORIENTED_EDGE('',*,*,#1796,.F.);
#14323 = CYLINDRICAL_SURFACE('',#14324,0.5);
#14324 = AXIS2_PLACEMENT_3D('',#14325,#14326,#14327);
#14325 = CARTESIAN_POINT('',(1.75,9.1,-10.));
#14326 = DIRECTION('',(0.,0.,-1.));
#14327 = DIRECTION('',(-1.,0.,0.));
#14328 = ADVANCED_FACE('',(#14329),#14335,.T.);
#14329 = FACE_BOUND('',#14330,.F.);
#14330 = EDGE_LOOP('',(#14331,#14332,#14333,#14334));
#14331 = ORIENTED_EDGE('',*,*,#636,.F.);
#14332 = ORIENTED_EDGE('',*,*,#1805,.T.);
#14333 = ORIENTED_EDGE('',*,*,#14315,.F.);
#14334 = ORIENTED_EDGE('',*,*,#829,.F.);
#14335 = PLANE('',#14336);
#14336 = AXIS2_PLACEMENT_3D('',#14337,#14338,#14339);
#14337 = CARTESIAN_POINT('',(2.25,10.3,-10.));
#14338 = DIRECTION('',(1.,0.,0.));
#14339 = DIRECTION('',(0.,-1.,0.));
#14340 = ADVANCED_FACE('',(#14341),#14352,.T.);
#14341 = FACE_BOUND('',#14342,.F.);
#14342 = EDGE_LOOP('',(#14343,#14344,#14345,#14351));
#14343 = ORIENTED_EDGE('',*,*,#620,.T.);
#14344 = ORIENTED_EDGE('',*,*,#814,.F.);
#14345 = ORIENTED_EDGE('',*,*,#14346,.T.);
#14346 = EDGE_CURVE('',#806,#1813,#14347,.T.);
#14347 = LINE('',#14348,#14349);
#14348 = CARTESIAN_POINT('',(4.75,9.1,-10.));
#14349 = VECTOR('',#14350,1.);
#14350 = DIRECTION('',(0.,0.,-1.));
#14351 = ORIENTED_EDGE('',*,*,#1812,.T.);
#14352 = PLANE('',#14353);
#14353 = AXIS2_PLACEMENT_3D('',#14354,#14355,#14356);
#14354 = CARTESIAN_POINT('',(4.75,9.1,-10.));
#14355 = DIRECTION('',(-1.,0.,0.));
#14356 = DIRECTION('',(0.,1.,0.));
#14357 = ADVANCED_FACE('',(#14358),#14369,.T.);
#14358 = FACE_BOUND('',#14359,.T.);
#14359 = EDGE_LOOP('',(#14360,#14366,#14367,#14368));
#14360 = ORIENTED_EDGE('',*,*,#14361,.F.);
#14361 = EDGE_CURVE('',#798,#1821,#14362,.T.);
#14362 = LINE('',#14363,#14364);
#14363 = CARTESIAN_POINT('',(5.75,9.1,-10.));
#14364 = VECTOR('',#14365,1.);
#14365 = DIRECTION('',(0.,0.,-1.));
#14366 = ORIENTED_EDGE('',*,*,#805,.T.);
#14367 = ORIENTED_EDGE('',*,*,#14346,.T.);
#14368 = ORIENTED_EDGE('',*,*,#1820,.F.);
#14369 = CYLINDRICAL_SURFACE('',#14370,0.5);
#14370 = AXIS2_PLACEMENT_3D('',#14371,#14372,#14373);
#14371 = CARTESIAN_POINT('',(5.25,9.1,-10.));
#14372 = DIRECTION('',(0.,0.,-1.));
#14373 = DIRECTION('',(-1.,0.,0.));
#14374 = ADVANCED_FACE('',(#14375),#14381,.T.);
#14375 = FACE_BOUND('',#14376,.F.);
#14376 = EDGE_LOOP('',(#14377,#14378,#14379,#14380));
#14377 = ORIENTED_EDGE('',*,*,#604,.F.);
#14378 = ORIENTED_EDGE('',*,*,#1829,.T.);
#14379 = ORIENTED_EDGE('',*,*,#14361,.F.);
#14380 = ORIENTED_EDGE('',*,*,#797,.F.);
#14381 = PLANE('',#14382);
#14382 = AXIS2_PLACEMENT_3D('',#14383,#14384,#14385);
#14383 = CARTESIAN_POINT('',(5.75,10.3,-10.));
#14384 = DIRECTION('',(1.,0.,0.));
#14385 = DIRECTION('',(0.,-1.,0.));
#14386 = ADVANCED_FACE('',(#14387),#14398,.T.);
#14387 = FACE_BOUND('',#14388,.F.);
#14388 = EDGE_LOOP('',(#14389,#14390,#14391,#14397));
#14389 = ORIENTED_EDGE('',*,*,#588,.T.);
#14390 = ORIENTED_EDGE('',*,*,#782,.F.);
#14391 = ORIENTED_EDGE('',*,*,#14392,.T.);
#14392 = EDGE_CURVE('',#774,#1837,#14393,.T.);
#14393 = LINE('',#14394,#14395);
#14394 = CARTESIAN_POINT('',(8.25,9.1,-10.));
#14395 = VECTOR('',#14396,1.);
#14396 = DIRECTION('',(0.,0.,-1.));
#14397 = ORIENTED_EDGE('',*,*,#1836,.T.);
#14398 = PLANE('',#14399);
#14399 = AXIS2_PLACEMENT_3D('',#14400,#14401,#14402);
#14400 = CARTESIAN_POINT('',(8.25,9.1,-10.));
#14401 = DIRECTION('',(-1.,0.,0.));
#14402 = DIRECTION('',(0.,1.,0.));
#14403 = ADVANCED_FACE('',(#14404),#14415,.T.);
#14404 = FACE_BOUND('',#14405,.T.);
#14405 = EDGE_LOOP('',(#14406,#14412,#14413,#14414));
#14406 = ORIENTED_EDGE('',*,*,#14407,.F.);
#14407 = EDGE_CURVE('',#766,#1845,#14408,.T.);
#14408 = LINE('',#14409,#14410);
#14409 = CARTESIAN_POINT('',(9.25,9.1,-10.));
#14410 = VECTOR('',#14411,1.);
#14411 = DIRECTION('',(0.,0.,-1.));
#14412 = ORIENTED_EDGE('',*,*,#773,.T.);
#14413 = ORIENTED_EDGE('',*,*,#14392,.T.);
#14414 = ORIENTED_EDGE('',*,*,#1844,.F.);
#14415 = CYLINDRICAL_SURFACE('',#14416,0.5);
#14416 = AXIS2_PLACEMENT_3D('',#14417,#14418,#14419);
#14417 = CARTESIAN_POINT('',(8.75,9.1,-10.));
#14418 = DIRECTION('',(0.,0.,-1.));
#14419 = DIRECTION('',(-1.,0.,0.));
#14420 = ADVANCED_FACE('',(#14421),#14427,.T.);
#14421 = FACE_BOUND('',#14422,.F.);
#14422 = EDGE_LOOP('',(#14423,#14424,#14425,#14426));
#14423 = ORIENTED_EDGE('',*,*,#572,.F.);
#14424 = ORIENTED_EDGE('',*,*,#1853,.T.);
#14425 = ORIENTED_EDGE('',*,*,#14407,.F.);
#14426 = ORIENTED_EDGE('',*,*,#765,.F.);
#14427 = PLANE('',#14428);
#14428 = AXIS2_PLACEMENT_3D('',#14429,#14430,#14431);
#14429 = CARTESIAN_POINT('',(9.25,10.3,-10.));
#14430 = DIRECTION('',(1.,0.,0.));
#14431 = DIRECTION('',(0.,-1.,0.));
#14432 = ADVANCED_FACE('',(#14433),#14444,.T.);
#14433 = FACE_BOUND('',#14434,.F.);
#14434 = EDGE_LOOP('',(#14435,#14436,#14437,#14443));
#14435 = ORIENTED_EDGE('',*,*,#556,.T.);
#14436 = ORIENTED_EDGE('',*,*,#750,.F.);
#14437 = ORIENTED_EDGE('',*,*,#14438,.T.);
#14438 = EDGE_CURVE('',#742,#1861,#14439,.T.);
#14439 = LINE('',#14440,#14441);
#14440 = CARTESIAN_POINT('',(11.75,9.1,-10.));
#14441 = VECTOR('',#14442,1.);
#14442 = DIRECTION('',(0.,0.,-1.));
#14443 = ORIENTED_EDGE('',*,*,#1860,.T.);
#14444 = PLANE('',#14445);
#14445 = AXIS2_PLACEMENT_3D('',#14446,#14447,#14448);
#14446 = CARTESIAN_POINT('',(11.75,9.1,-10.));
#14447 = DIRECTION('',(-1.,0.,0.));
#14448 = DIRECTION('',(0.,1.,0.));
#14449 = ADVANCED_FACE('',(#14450),#14461,.T.);
#14450 = FACE_BOUND('',#14451,.T.);
#14451 = EDGE_LOOP('',(#14452,#14458,#14459,#14460));
#14452 = ORIENTED_EDGE('',*,*,#14453,.F.);
#14453 = EDGE_CURVE('',#734,#1869,#14454,.T.);
#14454 = LINE('',#14455,#14456);
#14455 = CARTESIAN_POINT('',(12.75,9.1,-10.));
#14456 = VECTOR('',#14457,1.);
#14457 = DIRECTION('',(0.,0.,-1.));
#14458 = ORIENTED_EDGE('',*,*,#741,.T.);
#14459 = ORIENTED_EDGE('',*,*,#14438,.T.);
#14460 = ORIENTED_EDGE('',*,*,#1868,.F.);
#14461 = CYLINDRICAL_SURFACE('',#14462,0.5);
#14462 = AXIS2_PLACEMENT_3D('',#14463,#14464,#14465);
#14463 = CARTESIAN_POINT('',(12.25,9.1,-10.));
#14464 = DIRECTION('',(0.,0.,-1.));
#14465 = DIRECTION('',(-1.,0.,0.));
#14466 = ADVANCED_FACE('',(#14467),#14473,.T.);
#14467 = FACE_BOUND('',#14468,.F.);
#14468 = EDGE_LOOP('',(#14469,#14470,#14471,#14472));
#14469 = ORIENTED_EDGE('',*,*,#540,.F.);
#14470 = ORIENTED_EDGE('',*,*,#1877,.T.);
#14471 = ORIENTED_EDGE('',*,*,#14453,.F.);
#14472 = ORIENTED_EDGE('',*,*,#733,.F.);
#14473 = PLANE('',#14474);
#14474 = AXIS2_PLACEMENT_3D('',#14475,#14476,#14477);
#14475 = CARTESIAN_POINT('',(12.75,10.3,-10.));
#14476 = DIRECTION('',(1.,0.,0.));
#14477 = DIRECTION('',(0.,-1.,0.));
#14478 = ADVANCED_FACE('',(#14479),#14490,.T.);
#14479 = FACE_BOUND('',#14480,.F.);
#14480 = EDGE_LOOP('',(#14481,#14487,#14488,#14489));
#14481 = ORIENTED_EDGE('',*,*,#14482,.F.);
#14482 = EDGE_CURVE('',#1888,#694,#14483,.T.);
#14483 = LINE('',#14484,#14485);
#14484 = CARTESIAN_POINT('',(20.2,4.7,-20.));
#14485 = VECTOR('',#14486,1.);
#14486 = DIRECTION('',(0.,0.,1.));
#14487 = ORIENTED_EDGE('',*,*,#1887,.T.);
#14488 = ORIENTED_EDGE('',*,*,#1504,.F.);
#14489 = ORIENTED_EDGE('',*,*,#701,.F.);
#14490 = PLANE('',#14491);
#14491 = AXIS2_PLACEMENT_3D('',#14492,#14493,#14494);
#14492 = CARTESIAN_POINT('',(20.2,4.7,-10.));
#14493 = DIRECTION('',(0.,-1.,0.));
#14494 = DIRECTION('',(-1.,0.,0.));
#14495 = ADVANCED_FACE('',(#14496),#14523,.T.);
#14496 = FACE_BOUND('',#14497,.F.);
#14497 = EDGE_LOOP('',(#14498,#14499,#14505,#14506,#14507,#14508,#14509,
    #14510,#14516,#14517));
#14498 = ORIENTED_EDGE('',*,*,#1334,.T.);
#14499 = ORIENTED_EDGE('',*,*,#14500,.F.);
#14500 = EDGE_CURVE('',#1896,#1337,#14501,.T.);
#14501 = LINE('',#14502,#14503);
#14502 = CARTESIAN_POINT('',(20.2,-3.7,-20.));
#14503 = VECTOR('',#14504,1.);
#14504 = DIRECTION('',(0.,0.,1.));
#14505 = ORIENTED_EDGE('',*,*,#1895,.T.);
#14506 = ORIENTED_EDGE('',*,*,#14482,.T.);
#14507 = ORIENTED_EDGE('',*,*,#693,.T.);
#14508 = ORIENTED_EDGE('',*,*,#1466,.F.);
#14509 = ORIENTED_EDGE('',*,*,#240,.F.);
#14510 = ORIENTED_EDGE('',*,*,#14511,.T.);
#14511 = EDGE_CURVE('',#233,#1929,#14512,.T.);
#14512 = LINE('',#14513,#14514);
#14513 = CARTESIAN_POINT('',(20.2,-5.6,-2.));
#14514 = VECTOR('',#14515,1.);
#14515 = DIRECTION('',(0.,0.,-1.));
#14516 = ORIENTED_EDGE('',*,*,#1928,.T.);
#14517 = ORIENTED_EDGE('',*,*,#14518,.T.);
#14518 = EDGE_CURVE('',#1921,#1335,#14519,.T.);
#14519 = LINE('',#14520,#14521);
#14520 = CARTESIAN_POINT('',(20.2,-4.7,-20.));
#14521 = VECTOR('',#14522,1.);
#14522 = DIRECTION('',(0.,0.,1.));
#14523 = PLANE('',#14524);
#14524 = AXIS2_PLACEMENT_3D('',#14525,#14526,#14527);
#14525 = CARTESIAN_POINT('',(20.2,-5.6,0.));
#14526 = DIRECTION('',(-1.,0.,0.));
#14527 = DIRECTION('',(0.,1.,0.));
#14528 = ADVANCED_FACE('',(#14529),#14540,.T.);
#14529 = FACE_BOUND('',#14530,.F.);
#14530 = EDGE_LOOP('',(#14531,#14532,#14533,#14539));
#14531 = ORIENTED_EDGE('',*,*,#14500,.T.);
#14532 = ORIENTED_EDGE('',*,*,#1361,.F.);
#14533 = ORIENTED_EDGE('',*,*,#14534,.T.);
#14534 = EDGE_CURVE('',#1353,#1904,#14535,.T.);
#14535 = LINE('',#14536,#14537);
#14536 = CARTESIAN_POINT('',(19.,-3.7,-10.));
#14537 = VECTOR('',#14538,1.);
#14538 = DIRECTION('',(0.,0.,-1.));
#14539 = ORIENTED_EDGE('',*,*,#1903,.T.);
#14540 = PLANE('',#14541);
#14541 = AXIS2_PLACEMENT_3D('',#14542,#14543,#14544);
#14542 = CARTESIAN_POINT('',(19.,-3.7,-10.));
#14543 = DIRECTION('',(0.,1.,0.));
#14544 = DIRECTION('',(1.,0.,0.));
#14545 = ADVANCED_FACE('',(#14546),#14557,.T.);
#14546 = FACE_BOUND('',#14547,.T.);
#14547 = EDGE_LOOP('',(#14548,#14554,#14555,#14556));
#14548 = ORIENTED_EDGE('',*,*,#14549,.F.);
#14549 = EDGE_CURVE('',#1345,#1912,#14550,.T.);
#14550 = LINE('',#14551,#14552);
#14551 = CARTESIAN_POINT('',(19.,-4.7,-10.));
#14552 = VECTOR('',#14553,1.);
#14553 = DIRECTION('',(0.,0.,-1.));
#14554 = ORIENTED_EDGE('',*,*,#1352,.T.);
#14555 = ORIENTED_EDGE('',*,*,#14534,.T.);
#14556 = ORIENTED_EDGE('',*,*,#1911,.F.);
#14557 = CYLINDRICAL_SURFACE('',#14558,0.5);
#14558 = AXIS2_PLACEMENT_3D('',#14559,#14560,#14561);
#14559 = CARTESIAN_POINT('',(19.,-4.2,-10.));
#14560 = DIRECTION('',(0.,0.,-1.));
#14561 = DIRECTION('',(-1.,0.,0.));
#14562 = ADVANCED_FACE('',(#14563),#14569,.T.);
#14563 = FACE_BOUND('',#14564,.F.);
#14564 = EDGE_LOOP('',(#14565,#14566,#14567,#14568));
#14565 = ORIENTED_EDGE('',*,*,#14518,.F.);
#14566 = ORIENTED_EDGE('',*,*,#1920,.T.);
#14567 = ORIENTED_EDGE('',*,*,#14549,.F.);
#14568 = ORIENTED_EDGE('',*,*,#1344,.F.);
#14569 = PLANE('',#14570);
#14570 = AXIS2_PLACEMENT_3D('',#14571,#14572,#14573);
#14571 = CARTESIAN_POINT('',(20.2,-4.7,-10.));
#14572 = DIRECTION('',(0.,-1.,0.));
#14573 = DIRECTION('',(-1.,0.,0.));
#14574 = ADVANCED_FACE('',(#14575),#14586,.F.);
#14575 = FACE_BOUND('',#14576,.F.);
#14576 = EDGE_LOOP('',(#14577,#14578,#14579,#14580));
#14577 = ORIENTED_EDGE('',*,*,#1936,.F.);
#14578 = ORIENTED_EDGE('',*,*,#14511,.F.);
#14579 = ORIENTED_EDGE('',*,*,#264,.F.);
#14580 = ORIENTED_EDGE('',*,*,#14581,.T.);
#14581 = EDGE_CURVE('',#257,#1937,#14582,.T.);
#14582 = LINE('',#14583,#14584);
#14583 = CARTESIAN_POINT('',(15.5,-10.3,-2.));
#14584 = VECTOR('',#14585,1.);
#14585 = DIRECTION('',(0.,0.,-1.));
#14586 = CYLINDRICAL_SURFACE('',#14587,4.7);
#14587 = AXIS2_PLACEMENT_3D('',#14588,#14589,#14590);
#14588 = CARTESIAN_POINT('',(15.5,-5.6,0.));
#14589 = DIRECTION('',(0.,0.,-1.));
#14590 = DIRECTION('',(-1.,0.,0.));
#14591 = ADVANCED_FACE('',(#14592),#14715,.T.);
#14592 = FACE_BOUND('',#14593,.F.);
#14593 = EDGE_LOOP('',(#14594,#14595,#14601,#14602,#14608,#14609,#14615,
    #14616,#14622,#14623,#14629,#14630,#14631,#14632,#14638,#14639,
    #14645,#14646,#14652,#14653,#14659,#14660,#14666,#14667,#14673,
    #14674,#14680,#14681,#14687,#14688,#14694,#14695,#14701,#14702,
    #14708,#14709));
#14594 = ORIENTED_EDGE('',*,*,#1407,.F.);
#14595 = ORIENTED_EDGE('',*,*,#14596,.F.);
#14596 = EDGE_CURVE('',#2012,#1408,#14597,.T.);
#14597 = LINE('',#14598,#14599);
#14598 = CARTESIAN_POINT('',(5.925,-10.3,-20.));
#14599 = VECTOR('',#14600,1.);
#14600 = DIRECTION('',(0.,0.,1.));
#14601 = ORIENTED_EDGE('',*,*,#2011,.T.);
#14602 = ORIENTED_EDGE('',*,*,#14603,.T.);
#14603 = EDGE_CURVE('',#2004,#1253,#14604,.T.);
#14604 = LINE('',#14605,#14606);
#14605 = CARTESIAN_POINT('',(8.25,-10.3,-20.));
#14606 = VECTOR('',#14607,1.);
#14607 = DIRECTION('',(0.,0.,1.));
#14608 = ORIENTED_EDGE('',*,*,#1252,.T.);
#14609 = ORIENTED_EDGE('',*,*,#14610,.F.);
#14610 = EDGE_CURVE('',#1979,#1255,#14611,.T.);
#14611 = LINE('',#14612,#14613);
#14612 = CARTESIAN_POINT('',(9.25,-10.3,-20.));
#14613 = VECTOR('',#14614,1.);
#14614 = DIRECTION('',(0.,0.,1.));
#14615 = ORIENTED_EDGE('',*,*,#1978,.T.);
#14616 = ORIENTED_EDGE('',*,*,#14617,.T.);
#14617 = EDGE_CURVE('',#1971,#1294,#14618,.T.);
#14618 = LINE('',#14619,#14620);
#14619 = CARTESIAN_POINT('',(11.75,-10.3,-20.));
#14620 = VECTOR('',#14621,1.);
#14621 = DIRECTION('',(0.,0.,1.));
#14622 = ORIENTED_EDGE('',*,*,#1293,.T.);
#14623 = ORIENTED_EDGE('',*,*,#14624,.F.);
#14624 = EDGE_CURVE('',#1946,#1296,#14625,.T.);
#14625 = LINE('',#14626,#14627);
#14626 = CARTESIAN_POINT('',(12.75,-10.3,-20.));
#14627 = VECTOR('',#14628,1.);
#14628 = DIRECTION('',(0.,0.,1.));
#14629 = ORIENTED_EDGE('',*,*,#1945,.T.);
#14630 = ORIENTED_EDGE('',*,*,#14581,.F.);
#14631 = ORIENTED_EDGE('',*,*,#289,.F.);
#14632 = ORIENTED_EDGE('',*,*,#14633,.T.);
#14633 = EDGE_CURVE('',#282,#2210,#14634,.T.);
#14634 = LINE('',#14635,#14636);
#14635 = CARTESIAN_POINT('',(-15.5,-10.3,-2.));
#14636 = VECTOR('',#14637,1.);
#14637 = DIRECTION('',(0.,0.,-1.));
#14638 = ORIENTED_EDGE('',*,*,#2209,.T.);
#14639 = ORIENTED_EDGE('',*,*,#14640,.T.);
#14640 = EDGE_CURVE('',#2202,#1048,#14641,.T.);
#14641 = LINE('',#14642,#14643);
#14642 = CARTESIAN_POINT('',(-12.75,-10.3,-20.));
#14643 = VECTOR('',#14644,1.);
#14644 = DIRECTION('',(0.,0.,1.));
#14645 = ORIENTED_EDGE('',*,*,#1047,.T.);
#14646 = ORIENTED_EDGE('',*,*,#14647,.F.);
#14647 = EDGE_CURVE('',#2177,#1050,#14648,.T.);
#14648 = LINE('',#14649,#14650);
#14649 = CARTESIAN_POINT('',(-11.75,-10.3,-20.));
#14650 = VECTOR('',#14651,1.);
#14651 = DIRECTION('',(0.,0.,1.));
#14652 = ORIENTED_EDGE('',*,*,#2176,.T.);
#14653 = ORIENTED_EDGE('',*,*,#14654,.T.);
#14654 = EDGE_CURVE('',#2169,#1089,#14655,.T.);
#14655 = LINE('',#14656,#14657);
#14656 = CARTESIAN_POINT('',(-9.25,-10.3,-20.));
#14657 = VECTOR('',#14658,1.);
#14658 = DIRECTION('',(0.,0.,1.));
#14659 = ORIENTED_EDGE('',*,*,#1088,.T.);
#14660 = ORIENTED_EDGE('',*,*,#14661,.F.);
#14661 = EDGE_CURVE('',#2144,#1091,#14662,.T.);
#14662 = LINE('',#14663,#14664);
#14663 = CARTESIAN_POINT('',(-8.25,-10.3,-20.));
#14664 = VECTOR('',#14665,1.);
#14665 = DIRECTION('',(0.,0.,1.));
#14666 = ORIENTED_EDGE('',*,*,#2143,.T.);
#14667 = ORIENTED_EDGE('',*,*,#14668,.T.);
#14668 = EDGE_CURVE('',#2136,#1130,#14669,.T.);
#14669 = LINE('',#14670,#14671);
#14670 = CARTESIAN_POINT('',(-5.75,-10.3,-20.));
#14671 = VECTOR('',#14672,1.);
#14672 = DIRECTION('',(0.,0.,1.));
#14673 = ORIENTED_EDGE('',*,*,#1129,.T.);
#14674 = ORIENTED_EDGE('',*,*,#14675,.F.);
#14675 = EDGE_CURVE('',#2111,#1132,#14676,.T.);
#14676 = LINE('',#14677,#14678);
#14677 = CARTESIAN_POINT('',(-4.75,-10.3,-20.));
#14678 = VECTOR('',#14679,1.);
#14679 = DIRECTION('',(0.,0.,1.));
#14680 = ORIENTED_EDGE('',*,*,#2110,.T.);
#14681 = ORIENTED_EDGE('',*,*,#14682,.T.);
#14682 = EDGE_CURVE('',#2103,#1171,#14683,.T.);
#14683 = LINE('',#14684,#14685);
#14684 = CARTESIAN_POINT('',(-2.25,-10.3,-20.));
#14685 = VECTOR('',#14686,1.);
#14686 = DIRECTION('',(0.,0.,1.));
#14687 = ORIENTED_EDGE('',*,*,#1170,.T.);
#14688 = ORIENTED_EDGE('',*,*,#14689,.F.);
#14689 = EDGE_CURVE('',#2078,#1173,#14690,.T.);
#14690 = LINE('',#14691,#14692);
#14691 = CARTESIAN_POINT('',(-1.25,-10.3,-20.));
#14692 = VECTOR('',#14693,1.);
#14693 = DIRECTION('',(0.,0.,1.));
#14694 = ORIENTED_EDGE('',*,*,#2077,.T.);
#14695 = ORIENTED_EDGE('',*,*,#14696,.T.);
#14696 = EDGE_CURVE('',#2070,#1212,#14697,.T.);
#14697 = LINE('',#14698,#14699);
#14698 = CARTESIAN_POINT('',(1.25,-10.3,-20.));
#14699 = VECTOR('',#14700,1.);
#14700 = DIRECTION('',(0.,0.,1.));
#14701 = ORIENTED_EDGE('',*,*,#1211,.T.);
#14702 = ORIENTED_EDGE('',*,*,#14703,.F.);
#14703 = EDGE_CURVE('',#2045,#1214,#14704,.T.);
#14704 = LINE('',#14705,#14706);
#14705 = CARTESIAN_POINT('',(2.25,-10.3,-20.));
#14706 = VECTOR('',#14707,1.);
#14707 = DIRECTION('',(0.,0.,1.));
#14708 = ORIENTED_EDGE('',*,*,#2044,.T.);
#14709 = ORIENTED_EDGE('',*,*,#14710,.T.);
#14710 = EDGE_CURVE('',#2037,#1410,#14711,.T.);
#14711 = LINE('',#14712,#14713);
#14712 = CARTESIAN_POINT('',(4.575,-10.3,-20.));
#14713 = VECTOR('',#14714,1.);
#14714 = DIRECTION('',(0.,0.,1.));
#14715 = PLANE('',#14716);
#14716 = AXIS2_PLACEMENT_3D('',#14717,#14718,#14719);
#14717 = CARTESIAN_POINT('',(-15.5,-10.3,0.));
#14718 = DIRECTION('',(0.,1.,0.));
#14719 = DIRECTION('',(1.,0.,0.));
#14720 = ADVANCED_FACE('',(#14721),#14732,.T.);
#14721 = FACE_BOUND('',#14722,.F.);
#14722 = EDGE_LOOP('',(#14723,#14724,#14725,#14731));
#14723 = ORIENTED_EDGE('',*,*,#14596,.T.);
#14724 = ORIENTED_EDGE('',*,*,#1434,.F.);
#14725 = ORIENTED_EDGE('',*,*,#14726,.T.);
#14726 = EDGE_CURVE('',#1426,#2020,#14727,.T.);
#14727 = LINE('',#14728,#14729);
#14728 = CARTESIAN_POINT('',(5.925,-8.075,-10.));
#14729 = VECTOR('',#14730,1.);
#14730 = DIRECTION('',(0.,0.,-1.));
#14731 = ORIENTED_EDGE('',*,*,#2019,.T.);
#14732 = PLANE('',#14733);
#14733 = AXIS2_PLACEMENT_3D('',#14734,#14735,#14736);
#14734 = CARTESIAN_POINT('',(5.925,-8.075,-10.));
#14735 = DIRECTION('',(1.,0.,0.));
#14736 = DIRECTION('',(0.,-1.,0.));
#14737 = ADVANCED_FACE('',(#14738),#14749,.T.);
#14738 = FACE_BOUND('',#14739,.T.);
#14739 = EDGE_LOOP('',(#14740,#14746,#14747,#14748));
#14740 = ORIENTED_EDGE('',*,*,#14741,.F.);
#14741 = EDGE_CURVE('',#1418,#2028,#14742,.T.);
#14742 = LINE('',#14743,#14744);
#14743 = CARTESIAN_POINT('',(4.575,-8.075,-10.));
#14744 = VECTOR('',#14745,1.);
#14745 = DIRECTION('',(0.,0.,-1.));
#14746 = ORIENTED_EDGE('',*,*,#1425,.T.);
#14747 = ORIENTED_EDGE('',*,*,#14726,.T.);
#14748 = ORIENTED_EDGE('',*,*,#2027,.F.);
#14749 = CYLINDRICAL_SURFACE('',#14750,0.675);
#14750 = AXIS2_PLACEMENT_3D('',#14751,#14752,#14753);
#14751 = CARTESIAN_POINT('',(5.25,-8.075,-10.));
#14752 = DIRECTION('',(0.,0.,-1.));
#14753 = DIRECTION('',(1.,0.,0.));
#14754 = ADVANCED_FACE('',(#14755),#14761,.T.);
#14755 = FACE_BOUND('',#14756,.F.);
#14756 = EDGE_LOOP('',(#14757,#14758,#14759,#14760));
#14757 = ORIENTED_EDGE('',*,*,#14710,.F.);
#14758 = ORIENTED_EDGE('',*,*,#2036,.T.);
#14759 = ORIENTED_EDGE('',*,*,#14741,.F.);
#14760 = ORIENTED_EDGE('',*,*,#1417,.F.);
#14761 = PLANE('',#14762);
#14762 = AXIS2_PLACEMENT_3D('',#14763,#14764,#14765);
#14763 = CARTESIAN_POINT('',(4.575,-10.3,-10.));
#14764 = DIRECTION('',(-1.,0.,0.));
#14765 = DIRECTION('',(0.,1.,0.));
#14766 = ADVANCED_FACE('',(#14767),#14778,.T.);
#14767 = FACE_BOUND('',#14768,.F.);
#14768 = EDGE_LOOP('',(#14769,#14770,#14771,#14777));
#14769 = ORIENTED_EDGE('',*,*,#14603,.F.);
#14770 = ORIENTED_EDGE('',*,*,#2003,.T.);
#14771 = ORIENTED_EDGE('',*,*,#14772,.F.);
#14772 = EDGE_CURVE('',#1263,#1995,#14773,.T.);
#14773 = LINE('',#14774,#14775);
#14774 = CARTESIAN_POINT('',(8.25,-9.1,-10.));
#14775 = VECTOR('',#14776,1.);
#14776 = DIRECTION('',(0.,0.,-1.));
#14777 = ORIENTED_EDGE('',*,*,#1262,.F.);
#14778 = PLANE('',#14779);
#14779 = AXIS2_PLACEMENT_3D('',#14780,#14781,#14782);
#14780 = CARTESIAN_POINT('',(8.25,-10.3,-10.));
#14781 = DIRECTION('',(-1.,0.,0.));
#14782 = DIRECTION('',(0.,1.,0.));
#14783 = ADVANCED_FACE('',(#14784),#14795,.T.);
#14784 = FACE_BOUND('',#14785,.T.);
#14785 = EDGE_LOOP('',(#14786,#14787,#14788,#14794));
#14786 = ORIENTED_EDGE('',*,*,#14772,.F.);
#14787 = ORIENTED_EDGE('',*,*,#1270,.T.);
#14788 = ORIENTED_EDGE('',*,*,#14789,.T.);
#14789 = EDGE_CURVE('',#1271,#1987,#14790,.T.);
#14790 = LINE('',#14791,#14792);
#14791 = CARTESIAN_POINT('',(9.25,-9.1,-10.));
#14792 = VECTOR('',#14793,1.);
#14793 = DIRECTION('',(0.,0.,-1.));
#14794 = ORIENTED_EDGE('',*,*,#1994,.F.);
#14795 = CYLINDRICAL_SURFACE('',#14796,0.5);
#14796 = AXIS2_PLACEMENT_3D('',#14797,#14798,#14799);
#14797 = CARTESIAN_POINT('',(8.75,-9.1,-10.));
#14798 = DIRECTION('',(0.,0.,-1.));
#14799 = DIRECTION('',(-1.,0.,0.));
#14800 = ADVANCED_FACE('',(#14801),#14807,.T.);
#14801 = FACE_BOUND('',#14802,.F.);
#14802 = EDGE_LOOP('',(#14803,#14804,#14805,#14806));
#14803 = ORIENTED_EDGE('',*,*,#14610,.T.);
#14804 = ORIENTED_EDGE('',*,*,#1279,.F.);
#14805 = ORIENTED_EDGE('',*,*,#14789,.T.);
#14806 = ORIENTED_EDGE('',*,*,#1986,.T.);
#14807 = PLANE('',#14808);
#14808 = AXIS2_PLACEMENT_3D('',#14809,#14810,#14811);
#14809 = CARTESIAN_POINT('',(9.25,-9.1,-10.));
#14810 = DIRECTION('',(1.,0.,0.));
#14811 = DIRECTION('',(0.,-1.,0.));
#14812 = ADVANCED_FACE('',(#14813),#14824,.T.);
#14813 = FACE_BOUND('',#14814,.F.);
#14814 = EDGE_LOOP('',(#14815,#14816,#14817,#14823));
#14815 = ORIENTED_EDGE('',*,*,#14617,.F.);
#14816 = ORIENTED_EDGE('',*,*,#1970,.T.);
#14817 = ORIENTED_EDGE('',*,*,#14818,.F.);
#14818 = EDGE_CURVE('',#1304,#1962,#14819,.T.);
#14819 = LINE('',#14820,#14821);
#14820 = CARTESIAN_POINT('',(11.75,-9.1,-10.));
#14821 = VECTOR('',#14822,1.);
#14822 = DIRECTION('',(0.,0.,-1.));
#14823 = ORIENTED_EDGE('',*,*,#1303,.F.);
#14824 = PLANE('',#14825);
#14825 = AXIS2_PLACEMENT_3D('',#14826,#14827,#14828);
#14826 = CARTESIAN_POINT('',(11.75,-10.3,-10.));
#14827 = DIRECTION('',(-1.,0.,0.));
#14828 = DIRECTION('',(0.,1.,0.));
#14829 = ADVANCED_FACE('',(#14830),#14841,.T.);
#14830 = FACE_BOUND('',#14831,.T.);
#14831 = EDGE_LOOP('',(#14832,#14833,#14834,#14840));
#14832 = ORIENTED_EDGE('',*,*,#14818,.F.);
#14833 = ORIENTED_EDGE('',*,*,#1311,.T.);
#14834 = ORIENTED_EDGE('',*,*,#14835,.T.);
#14835 = EDGE_CURVE('',#1312,#1954,#14836,.T.);
#14836 = LINE('',#14837,#14838);
#14837 = CARTESIAN_POINT('',(12.75,-9.1,-10.));
#14838 = VECTOR('',#14839,1.);
#14839 = DIRECTION('',(0.,0.,-1.));
#14840 = ORIENTED_EDGE('',*,*,#1961,.F.);
#14841 = CYLINDRICAL_SURFACE('',#14842,0.5);
#14842 = AXIS2_PLACEMENT_3D('',#14843,#14844,#14845);
#14843 = CARTESIAN_POINT('',(12.25,-9.1,-10.));
#14844 = DIRECTION('',(0.,0.,-1.));
#14845 = DIRECTION('',(-1.,0.,0.));
#14846 = ADVANCED_FACE('',(#14847),#14853,.T.);
#14847 = FACE_BOUND('',#14848,.F.);
#14848 = EDGE_LOOP('',(#14849,#14850,#14851,#14852));
#14849 = ORIENTED_EDGE('',*,*,#14624,.T.);
#14850 = ORIENTED_EDGE('',*,*,#1320,.F.);
#14851 = ORIENTED_EDGE('',*,*,#14835,.T.);
#14852 = ORIENTED_EDGE('',*,*,#1953,.T.);
#14853 = PLANE('',#14854);
#14854 = AXIS2_PLACEMENT_3D('',#14855,#14856,#14857);
#14855 = CARTESIAN_POINT('',(12.75,-9.1,-10.));
#14856 = DIRECTION('',(1.,0.,0.));
#14857 = DIRECTION('',(0.,-1.,0.));
#14858 = ADVANCED_FACE('',(#14859),#14870,.F.);
#14859 = FACE_BOUND('',#14860,.F.);
#14860 = EDGE_LOOP('',(#14861,#14862,#14863,#14864));
#14861 = ORIENTED_EDGE('',*,*,#2217,.F.);
#14862 = ORIENTED_EDGE('',*,*,#14633,.F.);
#14863 = ORIENTED_EDGE('',*,*,#313,.F.);
#14864 = ORIENTED_EDGE('',*,*,#14865,.T.);
#14865 = EDGE_CURVE('',#306,#2218,#14866,.T.);
#14866 = LINE('',#14867,#14868);
#14867 = CARTESIAN_POINT('',(-20.2,-5.6,-2.));
#14868 = VECTOR('',#14869,1.);
#14869 = DIRECTION('',(0.,0.,-1.));
#14870 = CYLINDRICAL_SURFACE('',#14871,4.7);
#14871 = AXIS2_PLACEMENT_3D('',#14872,#14873,#14874);
#14872 = CARTESIAN_POINT('',(-15.5,-5.6,0.));
#14873 = DIRECTION('',(0.,0.,-1.));
#14874 = DIRECTION('',(-1.,0.,0.));
#14875 = ADVANCED_FACE('',(#14876),#14908,.T.);
#14876 = FACE_BOUND('',#14877,.F.);
#14877 = EDGE_LOOP('',(#14878,#14879,#14885,#14886,#14892,#14893,#14899,
    #14900,#14901,#14902));
#14878 = ORIENTED_EDGE('',*,*,#992,.T.);
#14879 = ORIENTED_EDGE('',*,*,#14880,.F.);
#14880 = EDGE_CURVE('',#2260,#985,#14881,.T.);
#14881 = LINE('',#14882,#14883);
#14882 = CARTESIAN_POINT('',(-20.2,4.7,-20.));
#14883 = VECTOR('',#14884,1.);
#14884 = DIRECTION('',(0.,0.,1.));
#14885 = ORIENTED_EDGE('',*,*,#2259,.T.);
#14886 = ORIENTED_EDGE('',*,*,#14887,.T.);
#14887 = EDGE_CURVE('',#2252,#1007,#14888,.T.);
#14888 = LINE('',#14889,#14890);
#14889 = CARTESIAN_POINT('',(-20.2,-3.7,-20.));
#14890 = VECTOR('',#14891,1.);
#14891 = DIRECTION('',(0.,0.,1.));
#14892 = ORIENTED_EDGE('',*,*,#1006,.T.);
#14893 = ORIENTED_EDGE('',*,*,#14894,.F.);
#14894 = EDGE_CURVE('',#2227,#1009,#14895,.T.);
#14895 = LINE('',#14896,#14897);
#14896 = CARTESIAN_POINT('',(-20.2,-4.7,-20.));
#14897 = VECTOR('',#14898,1.);
#14898 = DIRECTION('',(0.,0.,1.));
#14899 = ORIENTED_EDGE('',*,*,#2226,.T.);
#14900 = ORIENTED_EDGE('',*,*,#14865,.F.);
#14901 = ORIENTED_EDGE('',*,*,#338,.F.);
#14902 = ORIENTED_EDGE('',*,*,#14903,.T.);
#14903 = EDGE_CURVE('',#331,#957,#14904,.T.);
#14904 = LINE('',#14905,#14906);
#14905 = CARTESIAN_POINT('',(-20.2,5.6,-2.));
#14906 = VECTOR('',#14907,1.);
#14907 = DIRECTION('',(0.,-2.786659791809E-14,-1.));
#14908 = PLANE('',#14909);
#14909 = AXIS2_PLACEMENT_3D('',#14910,#14911,#14912);
#14910 = CARTESIAN_POINT('',(-20.2,5.6,0.));
#14911 = DIRECTION('',(1.,0.,0.));
#14912 = DIRECTION('',(0.,-1.,0.));
#14913 = ADVANCED_FACE('',(#14914),#14925,.T.);
#14914 = FACE_BOUND('',#14915,.F.);
#14915 = EDGE_LOOP('',(#14916,#14917,#14918,#14924));
#14916 = ORIENTED_EDGE('',*,*,#14880,.T.);
#14917 = ORIENTED_EDGE('',*,*,#984,.F.);
#14918 = ORIENTED_EDGE('',*,*,#14919,.T.);
#14919 = EDGE_CURVE('',#976,#2268,#14920,.T.);
#14920 = LINE('',#14921,#14922);
#14921 = CARTESIAN_POINT('',(-19.,4.7,-10.));
#14922 = VECTOR('',#14923,1.);
#14923 = DIRECTION('',(0.,0.,-1.));
#14924 = ORIENTED_EDGE('',*,*,#2267,.T.);
#14925 = PLANE('',#14926);
#14926 = AXIS2_PLACEMENT_3D('',#14927,#14928,#14929);
#14927 = CARTESIAN_POINT('',(-19.,4.7,-10.));
#14928 = DIRECTION('',(0.,-1.,0.));
#14929 = DIRECTION('',(-1.,0.,0.));
#14930 = ADVANCED_FACE('',(#14931),#14942,.T.);
#14931 = FACE_BOUND('',#14932,.T.);
#14932 = EDGE_LOOP('',(#14933,#14939,#14940,#14941));
#14933 = ORIENTED_EDGE('',*,*,#14934,.F.);
#14934 = EDGE_CURVE('',#968,#2276,#14935,.T.);
#14935 = LINE('',#14936,#14937);
#14936 = CARTESIAN_POINT('',(-19.,5.7,-10.));
#14937 = VECTOR('',#14938,1.);
#14938 = DIRECTION('',(0.,0.,-1.));
#14939 = ORIENTED_EDGE('',*,*,#975,.T.);
#14940 = ORIENTED_EDGE('',*,*,#14919,.T.);
#14941 = ORIENTED_EDGE('',*,*,#2275,.F.);
#14942 = CYLINDRICAL_SURFACE('',#14943,0.5);
#14943 = AXIS2_PLACEMENT_3D('',#14944,#14945,#14946);
#14944 = CARTESIAN_POINT('',(-19.,5.2,-10.));
#14945 = DIRECTION('',(0.,0.,-1.));
#14946 = DIRECTION('',(-1.,0.,0.));
#14947 = ADVANCED_FACE('',(#14948),#14959,.T.);
#14948 = FACE_BOUND('',#14949,.F.);
#14949 = EDGE_LOOP('',(#14950,#14956,#14957,#14958));
#14950 = ORIENTED_EDGE('',*,*,#14951,.T.);
#14951 = EDGE_CURVE('',#959,#2285,#14952,.T.);
#14952 = LINE('',#14953,#14954);
#14953 = CARTESIAN_POINT('',(-20.19893604979,5.7,-10.));
#14954 = VECTOR('',#14955,1.);
#14955 = DIRECTION('',(0.,0.,-1.));
#14956 = ORIENTED_EDGE('',*,*,#2284,.T.);
#14957 = ORIENTED_EDGE('',*,*,#14934,.F.);
#14958 = ORIENTED_EDGE('',*,*,#967,.F.);
#14959 = PLANE('',#14960);
#14960 = AXIS2_PLACEMENT_3D('',#14961,#14962,#14963);
#14961 = CARTESIAN_POINT('',(-20.2,5.7,-10.));
#14962 = DIRECTION('',(0.,1.,0.));
#14963 = DIRECTION('',(1.,0.,0.));
#14964 = ADVANCED_FACE('',(#14965),#14973,.F.);
#14965 = FACE_BOUND('',#14966,.F.);
#14966 = EDGE_LOOP('',(#14967,#14968,#14969,#14970,#14971,#14972));
#14967 = ORIENTED_EDGE('',*,*,#956,.F.);
#14968 = ORIENTED_EDGE('',*,*,#14903,.F.);
#14969 = ORIENTED_EDGE('',*,*,#362,.F.);
#14970 = ORIENTED_EDGE('',*,*,#517,.T.);
#14971 = ORIENTED_EDGE('',*,*,#2292,.F.);
#14972 = ORIENTED_EDGE('',*,*,#14951,.F.);
#14973 = CYLINDRICAL_SURFACE('',#14974,4.7);
#14974 = AXIS2_PLACEMENT_3D('',#14975,#14976,#14977);
#14975 = CARTESIAN_POINT('',(-15.5,5.6,0.));
#14976 = DIRECTION('',(0.,0.,-1.));
#14977 = DIRECTION('',(-1.,0.,0.));
#14978 = ADVANCED_FACE('',(#14979),#14990,.T.);
#14979 = FACE_BOUND('',#14980,.F.);
#14980 = EDGE_LOOP('',(#14981,#14982,#14983,#14989));
#14981 = ORIENTED_EDGE('',*,*,#14887,.F.);
#14982 = ORIENTED_EDGE('',*,*,#2251,.T.);
#14983 = ORIENTED_EDGE('',*,*,#14984,.F.);
#14984 = EDGE_CURVE('',#1017,#2243,#14985,.T.);
#14985 = LINE('',#14986,#14987);
#14986 = CARTESIAN_POINT('',(-19.,-3.7,-10.));
#14987 = VECTOR('',#14988,1.);
#14988 = DIRECTION('',(0.,0.,-1.));
#14989 = ORIENTED_EDGE('',*,*,#1016,.F.);
#14990 = PLANE('',#14991);
#14991 = AXIS2_PLACEMENT_3D('',#14992,#14993,#14994);
#14992 = CARTESIAN_POINT('',(-20.2,-3.7,-10.));
#14993 = DIRECTION('',(0.,1.,0.));
#14994 = DIRECTION('',(1.,0.,0.));
#14995 = ADVANCED_FACE('',(#14996),#15007,.T.);
#14996 = FACE_BOUND('',#14997,.T.);
#14997 = EDGE_LOOP('',(#14998,#14999,#15000,#15006));
#14998 = ORIENTED_EDGE('',*,*,#14984,.F.);
#14999 = ORIENTED_EDGE('',*,*,#1024,.T.);
#15000 = ORIENTED_EDGE('',*,*,#15001,.T.);
#15001 = EDGE_CURVE('',#1025,#2235,#15002,.T.);
#15002 = LINE('',#15003,#15004);
#15003 = CARTESIAN_POINT('',(-19.,-4.7,-10.));
#15004 = VECTOR('',#15005,1.);
#15005 = DIRECTION('',(0.,0.,-1.));
#15006 = ORIENTED_EDGE('',*,*,#2242,.F.);
#15007 = CYLINDRICAL_SURFACE('',#15008,0.5);
#15008 = AXIS2_PLACEMENT_3D('',#15009,#15010,#15011);
#15009 = CARTESIAN_POINT('',(-19.,-4.2,-10.));
#15010 = DIRECTION('',(0.,0.,-1.));
#15011 = DIRECTION('',(-1.,0.,0.));
#15012 = ADVANCED_FACE('',(#15013),#15019,.T.);
#15013 = FACE_BOUND('',#15014,.F.);
#15014 = EDGE_LOOP('',(#15015,#15016,#15017,#15018));
#15015 = ORIENTED_EDGE('',*,*,#14894,.T.);
#15016 = ORIENTED_EDGE('',*,*,#1033,.F.);
#15017 = ORIENTED_EDGE('',*,*,#15001,.T.);
#15018 = ORIENTED_EDGE('',*,*,#2234,.T.);
#15019 = PLANE('',#15020);
#15020 = AXIS2_PLACEMENT_3D('',#15021,#15022,#15023);
#15021 = CARTESIAN_POINT('',(-19.,-4.7,-10.));
#15022 = DIRECTION('',(0.,-1.,0.));
#15023 = DIRECTION('',(-1.,0.,0.));
#15024 = ADVANCED_FACE('',(#15025),#15036,.T.);
#15025 = FACE_BOUND('',#15026,.F.);
#15026 = EDGE_LOOP('',(#15027,#15028,#15029,#15035));
#15027 = ORIENTED_EDGE('',*,*,#14640,.F.);
#15028 = ORIENTED_EDGE('',*,*,#2201,.T.);
#15029 = ORIENTED_EDGE('',*,*,#15030,.F.);
#15030 = EDGE_CURVE('',#1058,#2193,#15031,.T.);
#15031 = LINE('',#15032,#15033);
#15032 = CARTESIAN_POINT('',(-12.75,-9.1,-10.));
#15033 = VECTOR('',#15034,1.);
#15034 = DIRECTION('',(0.,0.,-1.));
#15035 = ORIENTED_EDGE('',*,*,#1057,.F.);
#15036 = PLANE('',#15037);
#15037 = AXIS2_PLACEMENT_3D('',#15038,#15039,#15040);
#15038 = CARTESIAN_POINT('',(-12.75,-10.3,-10.));
#15039 = DIRECTION('',(-1.,0.,0.));
#15040 = DIRECTION('',(0.,1.,0.));
#15041 = ADVANCED_FACE('',(#15042),#15053,.T.);
#15042 = FACE_BOUND('',#15043,.T.);
#15043 = EDGE_LOOP('',(#15044,#15045,#15046,#15052));
#15044 = ORIENTED_EDGE('',*,*,#15030,.F.);
#15045 = ORIENTED_EDGE('',*,*,#1065,.T.);
#15046 = ORIENTED_EDGE('',*,*,#15047,.T.);
#15047 = EDGE_CURVE('',#1066,#2185,#15048,.T.);
#15048 = LINE('',#15049,#15050);
#15049 = CARTESIAN_POINT('',(-11.75,-9.1,-10.));
#15050 = VECTOR('',#15051,1.);
#15051 = DIRECTION('',(0.,0.,-1.));
#15052 = ORIENTED_EDGE('',*,*,#2192,.F.);
#15053 = CYLINDRICAL_SURFACE('',#15054,0.5);
#15054 = AXIS2_PLACEMENT_3D('',#15055,#15056,#15057);
#15055 = CARTESIAN_POINT('',(-12.25,-9.1,-10.));
#15056 = DIRECTION('',(0.,0.,-1.));
#15057 = DIRECTION('',(-1.,0.,0.));
#15058 = ADVANCED_FACE('',(#15059),#15065,.T.);
#15059 = FACE_BOUND('',#15060,.F.);
#15060 = EDGE_LOOP('',(#15061,#15062,#15063,#15064));
#15061 = ORIENTED_EDGE('',*,*,#14647,.T.);
#15062 = ORIENTED_EDGE('',*,*,#1074,.F.);
#15063 = ORIENTED_EDGE('',*,*,#15047,.T.);
#15064 = ORIENTED_EDGE('',*,*,#2184,.T.);
#15065 = PLANE('',#15066);
#15066 = AXIS2_PLACEMENT_3D('',#15067,#15068,#15069);
#15067 = CARTESIAN_POINT('',(-11.75,-9.1,-10.));
#15068 = DIRECTION('',(1.,0.,0.));
#15069 = DIRECTION('',(0.,-1.,0.));
#15070 = ADVANCED_FACE('',(#15071),#15082,.T.);
#15071 = FACE_BOUND('',#15072,.F.);
#15072 = EDGE_LOOP('',(#15073,#15074,#15075,#15081));
#15073 = ORIENTED_EDGE('',*,*,#14654,.F.);
#15074 = ORIENTED_EDGE('',*,*,#2168,.T.);
#15075 = ORIENTED_EDGE('',*,*,#15076,.F.);
#15076 = EDGE_CURVE('',#1099,#2160,#15077,.T.);
#15077 = LINE('',#15078,#15079);
#15078 = CARTESIAN_POINT('',(-9.25,-9.1,-10.));
#15079 = VECTOR('',#15080,1.);
#15080 = DIRECTION('',(0.,0.,-1.));
#15081 = ORIENTED_EDGE('',*,*,#1098,.F.);
#15082 = PLANE('',#15083);
#15083 = AXIS2_PLACEMENT_3D('',#15084,#15085,#15086);
#15084 = CARTESIAN_POINT('',(-9.25,-10.3,-10.));
#15085 = DIRECTION('',(-1.,0.,0.));
#15086 = DIRECTION('',(0.,1.,0.));
#15087 = ADVANCED_FACE('',(#15088),#15099,.T.);
#15088 = FACE_BOUND('',#15089,.T.);
#15089 = EDGE_LOOP('',(#15090,#15091,#15092,#15098));
#15090 = ORIENTED_EDGE('',*,*,#15076,.F.);
#15091 = ORIENTED_EDGE('',*,*,#1106,.T.);
#15092 = ORIENTED_EDGE('',*,*,#15093,.T.);
#15093 = EDGE_CURVE('',#1107,#2152,#15094,.T.);
#15094 = LINE('',#15095,#15096);
#15095 = CARTESIAN_POINT('',(-8.25,-9.1,-10.));
#15096 = VECTOR('',#15097,1.);
#15097 = DIRECTION('',(0.,0.,-1.));
#15098 = ORIENTED_EDGE('',*,*,#2159,.F.);
#15099 = CYLINDRICAL_SURFACE('',#15100,0.5);
#15100 = AXIS2_PLACEMENT_3D('',#15101,#15102,#15103);
#15101 = CARTESIAN_POINT('',(-8.75,-9.1,-10.));
#15102 = DIRECTION('',(0.,0.,-1.));
#15103 = DIRECTION('',(-1.,0.,0.));
#15104 = ADVANCED_FACE('',(#15105),#15111,.T.);
#15105 = FACE_BOUND('',#15106,.F.);
#15106 = EDGE_LOOP('',(#15107,#15108,#15109,#15110));
#15107 = ORIENTED_EDGE('',*,*,#14661,.T.);
#15108 = ORIENTED_EDGE('',*,*,#1115,.F.);
#15109 = ORIENTED_EDGE('',*,*,#15093,.T.);
#15110 = ORIENTED_EDGE('',*,*,#2151,.T.);
#15111 = PLANE('',#15112);
#15112 = AXIS2_PLACEMENT_3D('',#15113,#15114,#15115);
#15113 = CARTESIAN_POINT('',(-8.25,-9.1,-10.));
#15114 = DIRECTION('',(1.,0.,0.));
#15115 = DIRECTION('',(0.,-1.,0.));
#15116 = ADVANCED_FACE('',(#15117),#15128,.T.);
#15117 = FACE_BOUND('',#15118,.F.);
#15118 = EDGE_LOOP('',(#15119,#15120,#15121,#15127));
#15119 = ORIENTED_EDGE('',*,*,#14668,.F.);
#15120 = ORIENTED_EDGE('',*,*,#2135,.T.);
#15121 = ORIENTED_EDGE('',*,*,#15122,.F.);
#15122 = EDGE_CURVE('',#1140,#2127,#15123,.T.);
#15123 = LINE('',#15124,#15125);
#15124 = CARTESIAN_POINT('',(-5.75,-9.1,-10.));
#15125 = VECTOR('',#15126,1.);
#15126 = DIRECTION('',(0.,0.,-1.));
#15127 = ORIENTED_EDGE('',*,*,#1139,.F.);
#15128 = PLANE('',#15129);
#15129 = AXIS2_PLACEMENT_3D('',#15130,#15131,#15132);
#15130 = CARTESIAN_POINT('',(-5.75,-10.3,-10.));
#15131 = DIRECTION('',(-1.,0.,0.));
#15132 = DIRECTION('',(0.,1.,0.));
#15133 = ADVANCED_FACE('',(#15134),#15145,.T.);
#15134 = FACE_BOUND('',#15135,.T.);
#15135 = EDGE_LOOP('',(#15136,#15137,#15138,#15144));
#15136 = ORIENTED_EDGE('',*,*,#15122,.F.);
#15137 = ORIENTED_EDGE('',*,*,#1147,.T.);
#15138 = ORIENTED_EDGE('',*,*,#15139,.T.);
#15139 = EDGE_CURVE('',#1148,#2119,#15140,.T.);
#15140 = LINE('',#15141,#15142);
#15141 = CARTESIAN_POINT('',(-4.75,-9.1,-10.));
#15142 = VECTOR('',#15143,1.);
#15143 = DIRECTION('',(0.,0.,-1.));
#15144 = ORIENTED_EDGE('',*,*,#2126,.F.);
#15145 = CYLINDRICAL_SURFACE('',#15146,0.5);
#15146 = AXIS2_PLACEMENT_3D('',#15147,#15148,#15149);
#15147 = CARTESIAN_POINT('',(-5.25,-9.1,-10.));
#15148 = DIRECTION('',(0.,0.,-1.));
#15149 = DIRECTION('',(-1.,0.,0.));
#15150 = ADVANCED_FACE('',(#15151),#15157,.T.);
#15151 = FACE_BOUND('',#15152,.F.);
#15152 = EDGE_LOOP('',(#15153,#15154,#15155,#15156));
#15153 = ORIENTED_EDGE('',*,*,#14675,.T.);
#15154 = ORIENTED_EDGE('',*,*,#1156,.F.);
#15155 = ORIENTED_EDGE('',*,*,#15139,.T.);
#15156 = ORIENTED_EDGE('',*,*,#2118,.T.);
#15157 = PLANE('',#15158);
#15158 = AXIS2_PLACEMENT_3D('',#15159,#15160,#15161);
#15159 = CARTESIAN_POINT('',(-4.75,-9.1,-10.));
#15160 = DIRECTION('',(1.,0.,0.));
#15161 = DIRECTION('',(0.,-1.,0.));
#15162 = ADVANCED_FACE('',(#15163),#15174,.T.);
#15163 = FACE_BOUND('',#15164,.F.);
#15164 = EDGE_LOOP('',(#15165,#15166,#15167,#15173));
#15165 = ORIENTED_EDGE('',*,*,#14682,.F.);
#15166 = ORIENTED_EDGE('',*,*,#2102,.T.);
#15167 = ORIENTED_EDGE('',*,*,#15168,.F.);
#15168 = EDGE_CURVE('',#1181,#2094,#15169,.T.);
#15169 = LINE('',#15170,#15171);
#15170 = CARTESIAN_POINT('',(-2.25,-9.1,-10.));
#15171 = VECTOR('',#15172,1.);
#15172 = DIRECTION('',(0.,0.,-1.));
#15173 = ORIENTED_EDGE('',*,*,#1180,.F.);
#15174 = PLANE('',#15175);
#15175 = AXIS2_PLACEMENT_3D('',#15176,#15177,#15178);
#15176 = CARTESIAN_POINT('',(-2.25,-10.3,-10.));
#15177 = DIRECTION('',(-1.,0.,0.));
#15178 = DIRECTION('',(0.,1.,0.));
#15179 = ADVANCED_FACE('',(#15180),#15191,.T.);
#15180 = FACE_BOUND('',#15181,.T.);
#15181 = EDGE_LOOP('',(#15182,#15183,#15184,#15190));
#15182 = ORIENTED_EDGE('',*,*,#15168,.F.);
#15183 = ORIENTED_EDGE('',*,*,#1188,.T.);
#15184 = ORIENTED_EDGE('',*,*,#15185,.T.);
#15185 = EDGE_CURVE('',#1189,#2086,#15186,.T.);
#15186 = LINE('',#15187,#15188);
#15187 = CARTESIAN_POINT('',(-1.25,-9.1,-10.));
#15188 = VECTOR('',#15189,1.);
#15189 = DIRECTION('',(0.,0.,-1.));
#15190 = ORIENTED_EDGE('',*,*,#2093,.F.);
#15191 = CYLINDRICAL_SURFACE('',#15192,0.5);
#15192 = AXIS2_PLACEMENT_3D('',#15193,#15194,#15195);
#15193 = CARTESIAN_POINT('',(-1.75,-9.1,-10.));
#15194 = DIRECTION('',(0.,0.,-1.));
#15195 = DIRECTION('',(-1.,0.,0.));
#15196 = ADVANCED_FACE('',(#15197),#15203,.T.);
#15197 = FACE_BOUND('',#15198,.F.);
#15198 = EDGE_LOOP('',(#15199,#15200,#15201,#15202));
#15199 = ORIENTED_EDGE('',*,*,#14689,.T.);
#15200 = ORIENTED_EDGE('',*,*,#1197,.F.);
#15201 = ORIENTED_EDGE('',*,*,#15185,.T.);
#15202 = ORIENTED_EDGE('',*,*,#2085,.T.);
#15203 = PLANE('',#15204);
#15204 = AXIS2_PLACEMENT_3D('',#15205,#15206,#15207);
#15205 = CARTESIAN_POINT('',(-1.25,-9.1,-10.));
#15206 = DIRECTION('',(1.,0.,0.));
#15207 = DIRECTION('',(0.,-1.,0.));
#15208 = ADVANCED_FACE('',(#15209),#15220,.T.);
#15209 = FACE_BOUND('',#15210,.F.);
#15210 = EDGE_LOOP('',(#15211,#15212,#15213,#15219));
#15211 = ORIENTED_EDGE('',*,*,#14696,.F.);
#15212 = ORIENTED_EDGE('',*,*,#2069,.T.);
#15213 = ORIENTED_EDGE('',*,*,#15214,.F.);
#15214 = EDGE_CURVE('',#1222,#2061,#15215,.T.);
#15215 = LINE('',#15216,#15217);
#15216 = CARTESIAN_POINT('',(1.25,-9.1,-10.));
#15217 = VECTOR('',#15218,1.);
#15218 = DIRECTION('',(0.,0.,-1.));
#15219 = ORIENTED_EDGE('',*,*,#1221,.F.);
#15220 = PLANE('',#15221);
#15221 = AXIS2_PLACEMENT_3D('',#15222,#15223,#15224);
#15222 = CARTESIAN_POINT('',(1.25,-10.3,-10.));
#15223 = DIRECTION('',(-1.,0.,0.));
#15224 = DIRECTION('',(0.,1.,0.));
#15225 = ADVANCED_FACE('',(#15226),#15237,.T.);
#15226 = FACE_BOUND('',#15227,.T.);
#15227 = EDGE_LOOP('',(#15228,#15229,#15230,#15236));
#15228 = ORIENTED_EDGE('',*,*,#15214,.F.);
#15229 = ORIENTED_EDGE('',*,*,#1229,.T.);
#15230 = ORIENTED_EDGE('',*,*,#15231,.T.);
#15231 = EDGE_CURVE('',#1230,#2053,#15232,.T.);
#15232 = LINE('',#15233,#15234);
#15233 = CARTESIAN_POINT('',(2.25,-9.1,-10.));
#15234 = VECTOR('',#15235,1.);
#15235 = DIRECTION('',(0.,0.,-1.));
#15236 = ORIENTED_EDGE('',*,*,#2060,.F.);
#15237 = CYLINDRICAL_SURFACE('',#15238,0.5);
#15238 = AXIS2_PLACEMENT_3D('',#15239,#15240,#15241);
#15239 = CARTESIAN_POINT('',(1.75,-9.1,-10.));
#15240 = DIRECTION('',(0.,0.,-1.));
#15241 = DIRECTION('',(-1.,0.,0.));
#15242 = ADVANCED_FACE('',(#15243),#15249,.T.);
#15243 = FACE_BOUND('',#15244,.F.);
#15244 = EDGE_LOOP('',(#15245,#15246,#15247,#15248));
#15245 = ORIENTED_EDGE('',*,*,#14703,.T.);
#15246 = ORIENTED_EDGE('',*,*,#1238,.F.);
#15247 = ORIENTED_EDGE('',*,*,#15231,.T.);
#15248 = ORIENTED_EDGE('',*,*,#2052,.T.);
#15249 = PLANE('',#15250);
#15250 = AXIS2_PLACEMENT_3D('',#15251,#15252,#15253);
#15251 = CARTESIAN_POINT('',(2.25,-9.1,-10.));
#15252 = DIRECTION('',(1.,0.,0.));
#15253 = DIRECTION('',(0.,-1.,0.));
#15254 = ADVANCED_FACE('',(#15255),#15266,.T.);
#15255 = FACE_BOUND('',#15256,.F.);
#15256 = EDGE_LOOP('',(#15257,#15258,#15259,#15265));
#15257 = ORIENTED_EDGE('',*,*,#501,.T.);
#15258 = ORIENTED_EDGE('',*,*,#942,.F.);
#15259 = ORIENTED_EDGE('',*,*,#15260,.T.);
#15260 = EDGE_CURVE('',#934,#2301,#15261,.T.);
#15261 = LINE('',#15262,#15263);
#15262 = CARTESIAN_POINT('',(-12.75,9.1,-10.));
#15263 = VECTOR('',#15264,1.);
#15264 = DIRECTION('',(0.,0.,-1.));
#15265 = ORIENTED_EDGE('',*,*,#2300,.T.);
#15266 = PLANE('',#15267);
#15267 = AXIS2_PLACEMENT_3D('',#15268,#15269,#15270);
#15268 = CARTESIAN_POINT('',(-12.75,9.1,-10.));
#15269 = DIRECTION('',(-1.,0.,0.));
#15270 = DIRECTION('',(0.,1.,0.));
#15271 = ADVANCED_FACE('',(#15272),#15283,.T.);
#15272 = FACE_BOUND('',#15273,.T.);
#15273 = EDGE_LOOP('',(#15274,#15280,#15281,#15282));
#15274 = ORIENTED_EDGE('',*,*,#15275,.F.);
#15275 = EDGE_CURVE('',#926,#2309,#15276,.T.);
#15276 = LINE('',#15277,#15278);
#15277 = CARTESIAN_POINT('',(-11.75,9.1,-10.));
#15278 = VECTOR('',#15279,1.);
#15279 = DIRECTION('',(0.,0.,-1.));
#15280 = ORIENTED_EDGE('',*,*,#933,.T.);
#15281 = ORIENTED_EDGE('',*,*,#15260,.T.);
#15282 = ORIENTED_EDGE('',*,*,#2308,.F.);
#15283 = CYLINDRICAL_SURFACE('',#15284,0.5);
#15284 = AXIS2_PLACEMENT_3D('',#15285,#15286,#15287);
#15285 = CARTESIAN_POINT('',(-12.25,9.1,-10.));
#15286 = DIRECTION('',(0.,0.,-1.));
#15287 = DIRECTION('',(-1.,0.,0.));
#15288 = ADVANCED_FACE('',(#15289),#15295,.T.);
#15289 = FACE_BOUND('',#15290,.F.);
#15290 = EDGE_LOOP('',(#15291,#15292,#15293,#15294));
#15291 = ORIENTED_EDGE('',*,*,#485,.F.);
#15292 = ORIENTED_EDGE('',*,*,#2317,.T.);
#15293 = ORIENTED_EDGE('',*,*,#15275,.F.);
#15294 = ORIENTED_EDGE('',*,*,#925,.F.);
#15295 = PLANE('',#15296);
#15296 = AXIS2_PLACEMENT_3D('',#15297,#15298,#15299);
#15297 = CARTESIAN_POINT('',(-11.75,10.3,-10.));
#15298 = DIRECTION('',(1.,0.,0.));
#15299 = DIRECTION('',(0.,-1.,0.));
#15300 = ADVANCED_FACE('',(#15301),#15312,.T.);
#15301 = FACE_BOUND('',#15302,.F.);
#15302 = EDGE_LOOP('',(#15303,#15304,#15305,#15311));
#15303 = ORIENTED_EDGE('',*,*,#469,.T.);
#15304 = ORIENTED_EDGE('',*,*,#910,.F.);
#15305 = ORIENTED_EDGE('',*,*,#15306,.T.);
#15306 = EDGE_CURVE('',#902,#2325,#15307,.T.);
#15307 = LINE('',#15308,#15309);
#15308 = CARTESIAN_POINT('',(-9.25,9.1,-10.));
#15309 = VECTOR('',#15310,1.);
#15310 = DIRECTION('',(0.,0.,-1.));
#15311 = ORIENTED_EDGE('',*,*,#2324,.T.);
#15312 = PLANE('',#15313);
#15313 = AXIS2_PLACEMENT_3D('',#15314,#15315,#15316);
#15314 = CARTESIAN_POINT('',(-9.25,9.1,-10.));
#15315 = DIRECTION('',(-1.,0.,0.));
#15316 = DIRECTION('',(0.,1.,0.));
#15317 = ADVANCED_FACE('',(#15318),#15329,.T.);
#15318 = FACE_BOUND('',#15319,.T.);
#15319 = EDGE_LOOP('',(#15320,#15326,#15327,#15328));
#15320 = ORIENTED_EDGE('',*,*,#15321,.F.);
#15321 = EDGE_CURVE('',#894,#2333,#15322,.T.);
#15322 = LINE('',#15323,#15324);
#15323 = CARTESIAN_POINT('',(-8.25,9.1,-10.));
#15324 = VECTOR('',#15325,1.);
#15325 = DIRECTION('',(0.,0.,-1.));
#15326 = ORIENTED_EDGE('',*,*,#901,.T.);
#15327 = ORIENTED_EDGE('',*,*,#15306,.T.);
#15328 = ORIENTED_EDGE('',*,*,#2332,.F.);
#15329 = CYLINDRICAL_SURFACE('',#15330,0.5);
#15330 = AXIS2_PLACEMENT_3D('',#15331,#15332,#15333);
#15331 = CARTESIAN_POINT('',(-8.75,9.1,-10.));
#15332 = DIRECTION('',(0.,0.,-1.));
#15333 = DIRECTION('',(-1.,0.,0.));
#15334 = ADVANCED_FACE('',(#15335),#15341,.T.);
#15335 = FACE_BOUND('',#15336,.F.);
#15336 = EDGE_LOOP('',(#15337,#15338,#15339,#15340));
#15337 = ORIENTED_EDGE('',*,*,#453,.F.);
#15338 = ORIENTED_EDGE('',*,*,#2341,.T.);
#15339 = ORIENTED_EDGE('',*,*,#15321,.F.);
#15340 = ORIENTED_EDGE('',*,*,#893,.F.);
#15341 = PLANE('',#15342);
#15342 = AXIS2_PLACEMENT_3D('',#15343,#15344,#15345);
#15343 = CARTESIAN_POINT('',(-8.25,10.3,-10.));
#15344 = DIRECTION('',(1.,0.,0.));
#15345 = DIRECTION('',(0.,-1.,0.));
#15346 = ADVANCED_FACE('',(#15347),#15358,.T.);
#15347 = FACE_BOUND('',#15348,.F.);
#15348 = EDGE_LOOP('',(#15349,#15350,#15351,#15357));
#15349 = ORIENTED_EDGE('',*,*,#437,.T.);
#15350 = ORIENTED_EDGE('',*,*,#878,.F.);
#15351 = ORIENTED_EDGE('',*,*,#15352,.T.);
#15352 = EDGE_CURVE('',#870,#2349,#15353,.T.);
#15353 = LINE('',#15354,#15355);
#15354 = CARTESIAN_POINT('',(-5.75,9.1,-10.));
#15355 = VECTOR('',#15356,1.);
#15356 = DIRECTION('',(0.,0.,-1.));
#15357 = ORIENTED_EDGE('',*,*,#2348,.T.);
#15358 = PLANE('',#15359);
#15359 = AXIS2_PLACEMENT_3D('',#15360,#15361,#15362);
#15360 = CARTESIAN_POINT('',(-5.75,9.1,-10.));
#15361 = DIRECTION('',(-1.,0.,0.));
#15362 = DIRECTION('',(0.,1.,0.));
#15363 = ADVANCED_FACE('',(#15364),#15375,.T.);
#15364 = FACE_BOUND('',#15365,.T.);
#15365 = EDGE_LOOP('',(#15366,#15372,#15373,#15374));
#15366 = ORIENTED_EDGE('',*,*,#15367,.F.);
#15367 = EDGE_CURVE('',#862,#2357,#15368,.T.);
#15368 = LINE('',#15369,#15370);
#15369 = CARTESIAN_POINT('',(-4.75,9.1,-10.));
#15370 = VECTOR('',#15371,1.);
#15371 = DIRECTION('',(0.,0.,-1.));
#15372 = ORIENTED_EDGE('',*,*,#869,.T.);
#15373 = ORIENTED_EDGE('',*,*,#15352,.T.);
#15374 = ORIENTED_EDGE('',*,*,#2356,.F.);
#15375 = CYLINDRICAL_SURFACE('',#15376,0.5);
#15376 = AXIS2_PLACEMENT_3D('',#15377,#15378,#15379);
#15377 = CARTESIAN_POINT('',(-5.25,9.1,-10.));
#15378 = DIRECTION('',(0.,0.,-1.));
#15379 = DIRECTION('',(-1.,0.,0.));
#15380 = ADVANCED_FACE('',(#15381),#15387,.T.);
#15381 = FACE_BOUND('',#15382,.F.);
#15382 = EDGE_LOOP('',(#15383,#15384,#15385,#15386));
#15383 = ORIENTED_EDGE('',*,*,#421,.F.);
#15384 = ORIENTED_EDGE('',*,*,#2365,.T.);
#15385 = ORIENTED_EDGE('',*,*,#15367,.F.);
#15386 = ORIENTED_EDGE('',*,*,#861,.F.);
#15387 = PLANE('',#15388);
#15388 = AXIS2_PLACEMENT_3D('',#15389,#15390,#15391);
#15389 = CARTESIAN_POINT('',(-4.75,10.3,-10.));
#15390 = DIRECTION('',(1.,0.,0.));
#15391 = DIRECTION('',(0.,-1.,0.));
#15392 = ADVANCED_FACE('',(#15393),#15418,.T.);
#15393 = FACE_BOUND('',#15394,.F.);
#15394 = EDGE_LOOP('',(#15395,#15396,#15404,#15412));
#15395 = ORIENTED_EDGE('',*,*,#3615,.F.);
#15396 = ORIENTED_EDGE('',*,*,#15397,.F.);
#15397 = EDGE_CURVE('',#15398,#3616,#15400,.T.);
#15398 = VERTEX_POINT('',#15399);
#15399 = CARTESIAN_POINT('',(27.9,11.05,-19.8));
#15400 = LINE('',#15401,#15402);
#15401 = CARTESIAN_POINT('',(27.9,11.05,-19.8));
#15402 = VECTOR('',#15403,1.);
#15403 = DIRECTION('',(-1.7763568394E-14,0.,-1.));
#15404 = ORIENTED_EDGE('',*,*,#15405,.T.);
#15405 = EDGE_CURVE('',#15398,#15406,#15408,.T.);
#15406 = VERTEX_POINT('',#15407);
#15407 = CARTESIAN_POINT('',(27.9,-11.05,-19.8));
#15408 = LINE('',#15409,#15410);
#15409 = CARTESIAN_POINT('',(27.9,11.05,-19.8));
#15410 = VECTOR('',#15411,1.);
#15411 = DIRECTION('',(0.,-1.,0.));
#15412 = ORIENTED_EDGE('',*,*,#15413,.T.);
#15413 = EDGE_CURVE('',#15406,#3618,#15414,.T.);
#15414 = LINE('',#15415,#15416);
#15415 = CARTESIAN_POINT('',(27.9,-11.05,-19.8));
#15416 = VECTOR('',#15417,1.);
#15417 = DIRECTION('',(-1.7763568394E-14,0.,-1.));
#15418 = PLANE('',#15419);
#15419 = AXIS2_PLACEMENT_3D('',#15420,#15421,#15422);
#15420 = CARTESIAN_POINT('',(27.9,11.05,-19.8));
#15421 = DIRECTION('',(-1.,0.,0.));
#15422 = DIRECTION('',(0.,0.,-1.));
#15423 = ADVANCED_FACE('',(#15424),#15443,.F.);
#15424 = FACE_BOUND('',#15425,.F.);
#15425 = EDGE_LOOP('',(#15426,#15427,#15435,#15442));
#15426 = ORIENTED_EDGE('',*,*,#3676,.F.);
#15427 = ORIENTED_EDGE('',*,*,#15428,.F.);
#15428 = EDGE_CURVE('',#15429,#3669,#15431,.T.);
#15429 = VERTEX_POINT('',#15430);
#15430 = CARTESIAN_POINT('',(25.4,13.55,-19.8));
#15431 = LINE('',#15432,#15433);
#15432 = CARTESIAN_POINT('',(25.4,13.55,-19.8));
#15433 = VECTOR('',#15434,1.);
#15434 = DIRECTION('',(8.881784197001E-14,-1.7763568394E-14,-1.));
#15435 = ORIENTED_EDGE('',*,*,#15436,.T.);
#15436 = EDGE_CURVE('',#15429,#15398,#15437,.T.);
#15437 = CIRCLE('',#15438,2.5);
#15438 = AXIS2_PLACEMENT_3D('',#15439,#15440,#15441);
#15439 = CARTESIAN_POINT('',(25.4,11.05,-19.8));
#15440 = DIRECTION('',(0.,0.,-1.));
#15441 = DIRECTION('',(0.,1.,0.));
#15442 = ORIENTED_EDGE('',*,*,#15397,.T.);
#15443 = CYLINDRICAL_SURFACE('',#15444,2.5);
#15444 = AXIS2_PLACEMENT_3D('',#15445,#15446,#15447);
#15445 = CARTESIAN_POINT('',(25.4,11.05,-19.));
#15446 = DIRECTION('',(0.,0.,-1.));
#15447 = DIRECTION('',(0.,-1.,0.));
#15448 = ADVANCED_FACE('',(#15449),#15467,.T.);
#15449 = FACE_BOUND('',#15450,.F.);
#15450 = EDGE_LOOP('',(#15451,#15452,#15460,#15466));
#15451 = ORIENTED_EDGE('',*,*,#3668,.F.);
#15452 = ORIENTED_EDGE('',*,*,#15453,.F.);
#15453 = EDGE_CURVE('',#15454,#3660,#15456,.T.);
#15454 = VERTEX_POINT('',#15455);
#15455 = CARTESIAN_POINT('',(-25.4,13.55,-19.8));
#15456 = LINE('',#15457,#15458);
#15457 = CARTESIAN_POINT('',(-25.4,13.55,-19.8));
#15458 = VECTOR('',#15459,1.);
#15459 = DIRECTION('',(-8.881784197001E-14,0.,-1.));
#15460 = ORIENTED_EDGE('',*,*,#15461,.T.);
#15461 = EDGE_CURVE('',#15454,#15429,#15462,.T.);
#15462 = LINE('',#15463,#15464);
#15463 = CARTESIAN_POINT('',(-25.4,13.55,-19.8));
#15464 = VECTOR('',#15465,1.);
#15465 = DIRECTION('',(1.,0.,0.));
#15466 = ORIENTED_EDGE('',*,*,#15428,.T.);
#15467 = PLANE('',#15468);
#15468 = AXIS2_PLACEMENT_3D('',#15469,#15470,#15471);
#15469 = CARTESIAN_POINT('',(-25.4,13.55,-19.8));
#15470 = DIRECTION('',(0.,-1.,0.));
#15471 = DIRECTION('',(0.,0.,-1.));
#15472 = ADVANCED_FACE('',(#15473),#15492,.F.);
#15473 = FACE_BOUND('',#15474,.F.);
#15474 = EDGE_LOOP('',(#15475,#15476,#15484,#15491));
#15475 = ORIENTED_EDGE('',*,*,#3659,.F.);
#15476 = ORIENTED_EDGE('',*,*,#15477,.F.);
#15477 = EDGE_CURVE('',#15478,#3652,#15480,.T.);
#15478 = VERTEX_POINT('',#15479);
#15479 = CARTESIAN_POINT('',(-27.9,11.05,-19.8));
#15480 = LINE('',#15481,#15482);
#15481 = CARTESIAN_POINT('',(-27.9,11.05,-19.8));
#15482 = VECTOR('',#15483,1.);
#15483 = DIRECTION('',(-1.7763568394E-14,1.06581410364E-13,-1.));
#15484 = ORIENTED_EDGE('',*,*,#15485,.T.);
#15485 = EDGE_CURVE('',#15478,#15454,#15486,.T.);
#15486 = CIRCLE('',#15487,2.5);
#15487 = AXIS2_PLACEMENT_3D('',#15488,#15489,#15490);
#15488 = CARTESIAN_POINT('',(-25.4,11.05,-19.8));
#15489 = DIRECTION('',(0.,0.,-1.));
#15490 = DIRECTION('',(-1.,0.,0.));
#15491 = ORIENTED_EDGE('',*,*,#15453,.T.);
#15492 = CYLINDRICAL_SURFACE('',#15493,2.5);
#15493 = AXIS2_PLACEMENT_3D('',#15494,#15495,#15496);
#15494 = CARTESIAN_POINT('',(-25.4,11.05,-19.));
#15495 = DIRECTION('',(0.,0.,-1.));
#15496 = DIRECTION('',(1.,0.,0.));
#15497 = ADVANCED_FACE('',(#15498),#15516,.T.);
#15498 = FACE_BOUND('',#15499,.F.);
#15499 = EDGE_LOOP('',(#15500,#15501,#15509,#15515));
#15500 = ORIENTED_EDGE('',*,*,#3651,.F.);
#15501 = ORIENTED_EDGE('',*,*,#15502,.F.);
#15502 = EDGE_CURVE('',#15503,#3643,#15505,.T.);
#15503 = VERTEX_POINT('',#15504);
#15504 = CARTESIAN_POINT('',(-27.9,-11.05,-19.8));
#15505 = LINE('',#15506,#15507);
#15506 = CARTESIAN_POINT('',(-27.9,-11.05,-19.8));
#15507 = VECTOR('',#15508,1.);
#15508 = DIRECTION('',(1.7763568394E-14,-1.06581410364E-13,-1.));
#15509 = ORIENTED_EDGE('',*,*,#15510,.T.);
#15510 = EDGE_CURVE('',#15503,#15478,#15511,.T.);
#15511 = LINE('',#15512,#15513);
#15512 = CARTESIAN_POINT('',(-27.9,-11.05,-19.8));
#15513 = VECTOR('',#15514,1.);
#15514 = DIRECTION('',(0.,1.,0.));
#15515 = ORIENTED_EDGE('',*,*,#15477,.T.);
#15516 = PLANE('',#15517);
#15517 = AXIS2_PLACEMENT_3D('',#15518,#15519,#15520);
#15518 = CARTESIAN_POINT('',(-27.9,-11.05,-19.8));
#15519 = DIRECTION('',(1.,0.,0.));
#15520 = DIRECTION('',(0.,0.,-1.));
#15521 = ADVANCED_FACE('',(#15522),#15541,.F.);
#15522 = FACE_BOUND('',#15523,.F.);
#15523 = EDGE_LOOP('',(#15524,#15525,#15533,#15540));
#15524 = ORIENTED_EDGE('',*,*,#3642,.F.);
#15525 = ORIENTED_EDGE('',*,*,#15526,.F.);
#15526 = EDGE_CURVE('',#15527,#3635,#15529,.T.);
#15527 = VERTEX_POINT('',#15528);
#15528 = CARTESIAN_POINT('',(-25.4,-13.55,-19.8));
#15529 = LINE('',#15530,#15531);
#15530 = CARTESIAN_POINT('',(-25.4,-13.55,-19.8));
#15531 = VECTOR('',#15532,1.);
#15532 = DIRECTION('',(-8.881784197001E-14,1.7763568394E-14,-1.));
#15533 = ORIENTED_EDGE('',*,*,#15534,.T.);
#15534 = EDGE_CURVE('',#15527,#15503,#15535,.T.);
#15535 = CIRCLE('',#15536,2.5);
#15536 = AXIS2_PLACEMENT_3D('',#15537,#15538,#15539);
#15537 = CARTESIAN_POINT('',(-25.4,-11.05,-19.8));
#15538 = DIRECTION('',(0.,0.,-1.));
#15539 = DIRECTION('',(0.,-1.,0.));
#15540 = ORIENTED_EDGE('',*,*,#15502,.T.);
#15541 = CYLINDRICAL_SURFACE('',#15542,2.5);
#15542 = AXIS2_PLACEMENT_3D('',#15543,#15544,#15545);
#15543 = CARTESIAN_POINT('',(-25.4,-11.05,-19.));
#15544 = DIRECTION('',(0.,0.,-1.));
#15545 = DIRECTION('',(0.,1.,0.));
#15546 = ADVANCED_FACE('',(#15547),#15565,.T.);
#15547 = FACE_BOUND('',#15548,.F.);
#15548 = EDGE_LOOP('',(#15549,#15550,#15558,#15564));
#15549 = ORIENTED_EDGE('',*,*,#3634,.F.);
#15550 = ORIENTED_EDGE('',*,*,#15551,.F.);
#15551 = EDGE_CURVE('',#15552,#3626,#15554,.T.);
#15552 = VERTEX_POINT('',#15553);
#15553 = CARTESIAN_POINT('',(25.4,-13.55,-19.8));
#15554 = LINE('',#15555,#15556);
#15555 = CARTESIAN_POINT('',(25.4,-13.55,-19.8));
#15556 = VECTOR('',#15557,1.);
#15557 = DIRECTION('',(8.881784197001E-14,0.,-1.));
#15558 = ORIENTED_EDGE('',*,*,#15559,.T.);
#15559 = EDGE_CURVE('',#15552,#15527,#15560,.T.);
#15560 = LINE('',#15561,#15562);
#15561 = CARTESIAN_POINT('',(25.4,-13.55,-19.8));
#15562 = VECTOR('',#15563,1.);
#15563 = DIRECTION('',(-1.,0.,0.));
#15564 = ORIENTED_EDGE('',*,*,#15526,.T.);
#15565 = PLANE('',#15566);
#15566 = AXIS2_PLACEMENT_3D('',#15567,#15568,#15569);
#15567 = CARTESIAN_POINT('',(25.4,-13.55,-19.8));
#15568 = DIRECTION('',(0.,1.,0.));
#15569 = DIRECTION('',(0.,0.,-1.));
#15570 = ADVANCED_FACE('',(#15571),#15583,.F.);
#15571 = FACE_BOUND('',#15572,.F.);
#15572 = EDGE_LOOP('',(#15573,#15574,#15575,#15582));
#15573 = ORIENTED_EDGE('',*,*,#3625,.F.);
#15574 = ORIENTED_EDGE('',*,*,#15413,.F.);
#15575 = ORIENTED_EDGE('',*,*,#15576,.T.);
#15576 = EDGE_CURVE('',#15406,#15552,#15577,.T.);
#15577 = CIRCLE('',#15578,2.5);
#15578 = AXIS2_PLACEMENT_3D('',#15579,#15580,#15581);
#15579 = CARTESIAN_POINT('',(25.4,-11.05,-19.8));
#15580 = DIRECTION('',(0.,0.,-1.));
#15581 = DIRECTION('',(1.,0.,0.));
#15582 = ORIENTED_EDGE('',*,*,#15551,.T.);
#15583 = CYLINDRICAL_SURFACE('',#15584,2.5);
#15584 = AXIS2_PLACEMENT_3D('',#15585,#15586,#15587);
#15585 = CARTESIAN_POINT('',(25.4,-11.05,-19.));
#15586 = DIRECTION('',(0.,0.,-1.));
#15587 = DIRECTION('',(-1.,0.,0.));
#15588 = ADVANCED_FACE('',(#15589),#15617,.T.);
#15589 = FACE_BOUND('',#15590,.T.);
#15590 = EDGE_LOOP('',(#15591,#15592,#15601,#15610));
#15591 = ORIENTED_EDGE('',*,*,#15576,.T.);
#15592 = ORIENTED_EDGE('',*,*,#15593,.F.);
#15593 = EDGE_CURVE('',#15594,#15552,#15596,.T.);
#15594 = VERTEX_POINT('',#15595);
#15595 = CARTESIAN_POINT('',(25.4,-15.95,-19.8));
#15596 = CIRCLE('',#15597,1.2);
#15597 = AXIS2_PLACEMENT_3D('',#15598,#15599,#15600);
#15598 = CARTESIAN_POINT('',(25.4,-14.75,-19.8));
#15599 = DIRECTION('',(-1.,0.,0.));
#15600 = DIRECTION('',(0.,-1.,0.));
#15601 = ORIENTED_EDGE('',*,*,#15602,.F.);
#15602 = EDGE_CURVE('',#15603,#15594,#15605,.T.);
#15603 = VERTEX_POINT('',#15604);
#15604 = CARTESIAN_POINT('',(30.3,-11.05,-19.8));
#15605 = CIRCLE('',#15606,4.9);
#15606 = AXIS2_PLACEMENT_3D('',#15607,#15608,#15609);
#15607 = CARTESIAN_POINT('',(25.4,-11.05,-19.8));
#15608 = DIRECTION('',(0.,0.,-1.));
#15609 = DIRECTION('',(1.,0.,0.));
#15610 = ORIENTED_EDGE('',*,*,#15611,.T.);
#15611 = EDGE_CURVE('',#15603,#15406,#15612,.T.);
#15612 = CIRCLE('',#15613,1.2);
#15613 = AXIS2_PLACEMENT_3D('',#15614,#15615,#15616);
#15614 = CARTESIAN_POINT('',(29.1,-11.05,-19.8));
#15615 = DIRECTION('',(0.,-1.,0.));
#15616 = DIRECTION('',(1.,0.,0.));
#15617 = TOROIDAL_SURFACE('',#15618,3.7,1.2);
#15618 = AXIS2_PLACEMENT_3D('',#15619,#15620,#15621);
#15619 = CARTESIAN_POINT('',(25.4,-11.05,-19.8));
#15620 = DIRECTION('',(0.,0.,-1.));
#15621 = DIRECTION('',(-1.,0.,0.));
#15622 = ADVANCED_FACE('',(#15623),#15642,.T.);
#15623 = FACE_BOUND('',#15624,.T.);
#15624 = EDGE_LOOP('',(#15625,#15626,#15627,#15635));
#15625 = ORIENTED_EDGE('',*,*,#15405,.T.);
#15626 = ORIENTED_EDGE('',*,*,#15611,.F.);
#15627 = ORIENTED_EDGE('',*,*,#15628,.F.);
#15628 = EDGE_CURVE('',#15629,#15603,#15631,.T.);
#15629 = VERTEX_POINT('',#15630);
#15630 = CARTESIAN_POINT('',(30.3,11.05,-19.8));
#15631 = LINE('',#15632,#15633);
#15632 = CARTESIAN_POINT('',(30.3,11.05,-19.8));
#15633 = VECTOR('',#15634,1.);
#15634 = DIRECTION('',(0.,-1.,0.));
#15635 = ORIENTED_EDGE('',*,*,#15636,.T.);
#15636 = EDGE_CURVE('',#15629,#15398,#15637,.T.);
#15637 = CIRCLE('',#15638,1.2);
#15638 = AXIS2_PLACEMENT_3D('',#15639,#15640,#15641);
#15639 = CARTESIAN_POINT('',(29.1,11.05,-19.8));
#15640 = DIRECTION('',(0.,-1.,0.));
#15641 = DIRECTION('',(1.,0.,0.));
#15642 = CYLINDRICAL_SURFACE('',#15643,1.2);
#15643 = AXIS2_PLACEMENT_3D('',#15644,#15645,#15646);
#15644 = CARTESIAN_POINT('',(29.1,11.05,-19.8));
#15645 = DIRECTION('',(0.,-1.,0.));
#15646 = DIRECTION('',(-1.,0.,0.));
#15647 = ADVANCED_FACE('',(#15648),#15668,.T.);
#15648 = FACE_BOUND('',#15649,.T.);
#15649 = EDGE_LOOP('',(#15650,#15651,#15652,#15661));
#15650 = ORIENTED_EDGE('',*,*,#15436,.T.);
#15651 = ORIENTED_EDGE('',*,*,#15636,.F.);
#15652 = ORIENTED_EDGE('',*,*,#15653,.F.);
#15653 = EDGE_CURVE('',#15654,#15629,#15656,.T.);
#15654 = VERTEX_POINT('',#15655);
#15655 = CARTESIAN_POINT('',(25.4,15.95,-19.8));
#15656 = CIRCLE('',#15657,4.9);
#15657 = AXIS2_PLACEMENT_3D('',#15658,#15659,#15660);
#15658 = CARTESIAN_POINT('',(25.4,11.05,-19.8));
#15659 = DIRECTION('',(0.,0.,-1.));
#15660 = DIRECTION('',(0.,1.,0.));
#15661 = ORIENTED_EDGE('',*,*,#15662,.T.);
#15662 = EDGE_CURVE('',#15654,#15429,#15663,.T.);
#15663 = CIRCLE('',#15664,1.2);
#15664 = AXIS2_PLACEMENT_3D('',#15665,#15666,#15667);
#15665 = CARTESIAN_POINT('',(25.4,14.75,-19.8));
#15666 = DIRECTION('',(1.,0.,0.));
#15667 = DIRECTION('',(-0.,1.,0.));
#15668 = TOROIDAL_SURFACE('',#15669,3.7,1.2);
#15669 = AXIS2_PLACEMENT_3D('',#15670,#15671,#15672);
#15670 = CARTESIAN_POINT('',(25.4,11.05,-19.8));
#15671 = DIRECTION('',(0.,0.,-1.));
#15672 = DIRECTION('',(0.,-1.,0.));
#15673 = ADVANCED_FACE('',(#15674),#15693,.T.);
#15674 = FACE_BOUND('',#15675,.T.);
#15675 = EDGE_LOOP('',(#15676,#15677,#15678,#15686));
#15676 = ORIENTED_EDGE('',*,*,#15461,.T.);
#15677 = ORIENTED_EDGE('',*,*,#15662,.F.);
#15678 = ORIENTED_EDGE('',*,*,#15679,.F.);
#15679 = EDGE_CURVE('',#15680,#15654,#15682,.T.);
#15680 = VERTEX_POINT('',#15681);
#15681 = CARTESIAN_POINT('',(-25.4,15.95,-19.8));
#15682 = LINE('',#15683,#15684);
#15683 = CARTESIAN_POINT('',(-25.4,15.95,-19.8));
#15684 = VECTOR('',#15685,1.);
#15685 = DIRECTION('',(1.,0.,0.));
#15686 = ORIENTED_EDGE('',*,*,#15687,.T.);
#15687 = EDGE_CURVE('',#15680,#15454,#15688,.T.);
#15688 = CIRCLE('',#15689,1.2);
#15689 = AXIS2_PLACEMENT_3D('',#15690,#15691,#15692);
#15690 = CARTESIAN_POINT('',(-25.4,14.75,-19.8));
#15691 = DIRECTION('',(1.,0.,0.));
#15692 = DIRECTION('',(-0.,1.,0.));
#15693 = CYLINDRICAL_SURFACE('',#15694,1.2);
#15694 = AXIS2_PLACEMENT_3D('',#15695,#15696,#15697);
#15695 = CARTESIAN_POINT('',(-25.4,14.75,-19.8));
#15696 = DIRECTION('',(1.,0.,0.));
#15697 = DIRECTION('',(0.,-1.,0.));
#15698 = ADVANCED_FACE('',(#15699),#15719,.T.);
#15699 = FACE_BOUND('',#15700,.T.);
#15700 = EDGE_LOOP('',(#15701,#15702,#15703,#15712));
#15701 = ORIENTED_EDGE('',*,*,#15485,.T.);
#15702 = ORIENTED_EDGE('',*,*,#15687,.F.);
#15703 = ORIENTED_EDGE('',*,*,#15704,.F.);
#15704 = EDGE_CURVE('',#15705,#15680,#15707,.T.);
#15705 = VERTEX_POINT('',#15706);
#15706 = CARTESIAN_POINT('',(-30.3,11.05,-19.8));
#15707 = CIRCLE('',#15708,4.9);
#15708 = AXIS2_PLACEMENT_3D('',#15709,#15710,#15711);
#15709 = CARTESIAN_POINT('',(-25.4,11.05,-19.8));
#15710 = DIRECTION('',(0.,0.,-1.));
#15711 = DIRECTION('',(-1.,0.,0.));
#15712 = ORIENTED_EDGE('',*,*,#15713,.T.);
#15713 = EDGE_CURVE('',#15705,#15478,#15714,.T.);
#15714 = CIRCLE('',#15715,1.2);
#15715 = AXIS2_PLACEMENT_3D('',#15716,#15717,#15718);
#15716 = CARTESIAN_POINT('',(-29.1,11.05,-19.8));
#15717 = DIRECTION('',(0.,1.,0.));
#15718 = DIRECTION('',(-1.,0.,0.));
#15719 = TOROIDAL_SURFACE('',#15720,3.7,1.2);
#15720 = AXIS2_PLACEMENT_3D('',#15721,#15722,#15723);
#15721 = CARTESIAN_POINT('',(-25.4,11.05,-19.8));
#15722 = DIRECTION('',(0.,0.,-1.));
#15723 = DIRECTION('',(1.,0.,0.));
#15724 = ADVANCED_FACE('',(#15725),#15744,.T.);
#15725 = FACE_BOUND('',#15726,.T.);
#15726 = EDGE_LOOP('',(#15727,#15728,#15729,#15737));
#15727 = ORIENTED_EDGE('',*,*,#15510,.T.);
#15728 = ORIENTED_EDGE('',*,*,#15713,.F.);
#15729 = ORIENTED_EDGE('',*,*,#15730,.F.);
#15730 = EDGE_CURVE('',#15731,#15705,#15733,.T.);
#15731 = VERTEX_POINT('',#15732);
#15732 = CARTESIAN_POINT('',(-30.3,-11.05,-19.8));
#15733 = LINE('',#15734,#15735);
#15734 = CARTESIAN_POINT('',(-30.3,-11.05,-19.8));
#15735 = VECTOR('',#15736,1.);
#15736 = DIRECTION('',(0.,1.,0.));
#15737 = ORIENTED_EDGE('',*,*,#15738,.T.);
#15738 = EDGE_CURVE('',#15731,#15503,#15739,.T.);
#15739 = CIRCLE('',#15740,1.2);
#15740 = AXIS2_PLACEMENT_3D('',#15741,#15742,#15743);
#15741 = CARTESIAN_POINT('',(-29.1,-11.05,-19.8));
#15742 = DIRECTION('',(0.,1.,0.));
#15743 = DIRECTION('',(-1.,0.,0.));
#15744 = CYLINDRICAL_SURFACE('',#15745,1.2);
#15745 = AXIS2_PLACEMENT_3D('',#15746,#15747,#15748);
#15746 = CARTESIAN_POINT('',(-29.1,-11.05,-19.8));
#15747 = DIRECTION('',(0.,1.,0.));
#15748 = DIRECTION('',(1.,0.,0.));
#15749 = ADVANCED_FACE('',(#15750),#15770,.T.);
#15750 = FACE_BOUND('',#15751,.T.);
#15751 = EDGE_LOOP('',(#15752,#15753,#15754,#15763));
#15752 = ORIENTED_EDGE('',*,*,#15534,.T.);
#15753 = ORIENTED_EDGE('',*,*,#15738,.F.);
#15754 = ORIENTED_EDGE('',*,*,#15755,.F.);
#15755 = EDGE_CURVE('',#15756,#15731,#15758,.T.);
#15756 = VERTEX_POINT('',#15757);
#15757 = CARTESIAN_POINT('',(-25.4,-15.95,-19.8));
#15758 = CIRCLE('',#15759,4.9);
#15759 = AXIS2_PLACEMENT_3D('',#15760,#15761,#15762);
#15760 = CARTESIAN_POINT('',(-25.4,-11.05,-19.8));
#15761 = DIRECTION('',(0.,0.,-1.));
#15762 = DIRECTION('',(0.,-1.,0.));
#15763 = ORIENTED_EDGE('',*,*,#15764,.T.);
#15764 = EDGE_CURVE('',#15756,#15527,#15765,.T.);
#15765 = CIRCLE('',#15766,1.2);
#15766 = AXIS2_PLACEMENT_3D('',#15767,#15768,#15769);
#15767 = CARTESIAN_POINT('',(-25.4,-14.75,-19.8));
#15768 = DIRECTION('',(-1.,0.,0.));
#15769 = DIRECTION('',(0.,-1.,0.));
#15770 = TOROIDAL_SURFACE('',#15771,3.7,1.2);
#15771 = AXIS2_PLACEMENT_3D('',#15772,#15773,#15774);
#15772 = CARTESIAN_POINT('',(-25.4,-11.05,-19.8));
#15773 = DIRECTION('',(0.,0.,-1.));
#15774 = DIRECTION('',(0.,1.,0.));
#15775 = ADVANCED_FACE('',(#15776),#15787,.T.);
#15776 = FACE_BOUND('',#15777,.T.);
#15777 = EDGE_LOOP('',(#15778,#15779,#15780,#15786));
#15778 = ORIENTED_EDGE('',*,*,#15559,.T.);
#15779 = ORIENTED_EDGE('',*,*,#15764,.F.);
#15780 = ORIENTED_EDGE('',*,*,#15781,.F.);
#15781 = EDGE_CURVE('',#15594,#15756,#15782,.T.);
#15782 = LINE('',#15783,#15784);
#15783 = CARTESIAN_POINT('',(25.4,-15.95,-19.8));
#15784 = VECTOR('',#15785,1.);
#15785 = DIRECTION('',(-1.,0.,0.));
#15786 = ORIENTED_EDGE('',*,*,#15593,.T.);
#15787 = CYLINDRICAL_SURFACE('',#15788,1.2);
#15788 = AXIS2_PLACEMENT_3D('',#15789,#15790,#15791);
#15789 = CARTESIAN_POINT('',(25.4,-14.75,-19.8));
#15790 = DIRECTION('',(-1.,0.,0.));
#15791 = DIRECTION('',(0.,1.,0.));
#15792 = ADVANCED_FACE('',(#15793),#15809,.T.);
#15793 = FACE_BOUND('',#15794,.F.);
#15794 = EDGE_LOOP('',(#15795,#15796,#15802,#15803));
#15795 = ORIENTED_EDGE('',*,*,#1652,.T.);
#15796 = ORIENTED_EDGE('',*,*,#15797,.T.);
#15797 = EDGE_CURVE('',#1644,#15756,#15798,.T.);
#15798 = LINE('',#15799,#15800);
#15799 = CARTESIAN_POINT('',(-25.4,-15.95,-20.));
#15800 = VECTOR('',#15801,1.);
#15801 = DIRECTION('',(1.06581410364E-13,0.,1.));
#15802 = ORIENTED_EDGE('',*,*,#15781,.F.);
#15803 = ORIENTED_EDGE('',*,*,#15804,.F.);
#15804 = EDGE_CURVE('',#1653,#15594,#15805,.T.);
#15805 = LINE('',#15806,#15807);
#15806 = CARTESIAN_POINT('',(25.4,-15.95,-20.));
#15807 = VECTOR('',#15808,1.);
#15808 = DIRECTION('',(-1.06581410364E-13,0.,1.));
#15809 = PLANE('',#15810);
#15810 = AXIS2_PLACEMENT_3D('',#15811,#15812,#15813);
#15811 = CARTESIAN_POINT('',(25.4,-15.95,-20.));
#15812 = DIRECTION('',(0.,-1.,0.));
#15813 = DIRECTION('',(0.,0.,1.));
#15814 = ADVANCED_FACE('',(#15815),#15826,.T.);
#15815 = FACE_BOUND('',#15816,.T.);
#15816 = EDGE_LOOP('',(#15817,#15818,#15819,#15825));
#15817 = ORIENTED_EDGE('',*,*,#15797,.T.);
#15818 = ORIENTED_EDGE('',*,*,#15755,.T.);
#15819 = ORIENTED_EDGE('',*,*,#15820,.F.);
#15820 = EDGE_CURVE('',#1636,#15731,#15821,.T.);
#15821 = LINE('',#15822,#15823);
#15822 = CARTESIAN_POINT('',(-30.3,-11.05,-20.));
#15823 = VECTOR('',#15824,1.);
#15824 = DIRECTION('',(0.,1.15463194561E-13,1.));
#15825 = ORIENTED_EDGE('',*,*,#1643,.F.);
#15826 = CYLINDRICAL_SURFACE('',#15827,4.9);
#15827 = AXIS2_PLACEMENT_3D('',#15828,#15829,#15830);
#15828 = CARTESIAN_POINT('',(-25.4,-11.05,-19.));
#15829 = DIRECTION('',(0.,0.,-1.));
#15830 = DIRECTION('',(0.,1.,0.));
#15831 = ADVANCED_FACE('',(#15832),#15843,.T.);
#15832 = FACE_BOUND('',#15833,.F.);
#15833 = EDGE_LOOP('',(#15834,#15835,#15841,#15842));
#15834 = ORIENTED_EDGE('',*,*,#1635,.T.);
#15835 = ORIENTED_EDGE('',*,*,#15836,.T.);
#15836 = EDGE_CURVE('',#1627,#15705,#15837,.T.);
#15837 = LINE('',#15838,#15839);
#15838 = CARTESIAN_POINT('',(-30.3,11.05,-20.));
#15839 = VECTOR('',#15840,1.);
#15840 = DIRECTION('',(0.,-1.15463194561E-13,1.));
#15841 = ORIENTED_EDGE('',*,*,#15730,.F.);
#15842 = ORIENTED_EDGE('',*,*,#15820,.F.);
#15843 = PLANE('',#15844);
#15844 = AXIS2_PLACEMENT_3D('',#15845,#15846,#15847);
#15845 = CARTESIAN_POINT('',(-30.3,-11.05,-20.));
#15846 = DIRECTION('',(-1.,0.,0.));
#15847 = DIRECTION('',(0.,0.,1.));
#15848 = ADVANCED_FACE('',(#15849),#15860,.T.);
#15849 = FACE_BOUND('',#15850,.T.);
#15850 = EDGE_LOOP('',(#15851,#15852,#15853,#15859));
#15851 = ORIENTED_EDGE('',*,*,#15836,.T.);
#15852 = ORIENTED_EDGE('',*,*,#15704,.T.);
#15853 = ORIENTED_EDGE('',*,*,#15854,.F.);
#15854 = EDGE_CURVE('',#1619,#15680,#15855,.T.);
#15855 = LINE('',#15856,#15857);
#15856 = CARTESIAN_POINT('',(-25.4,15.95,-20.));
#15857 = VECTOR('',#15858,1.);
#15858 = DIRECTION('',(1.06581410364E-13,0.,1.));
#15859 = ORIENTED_EDGE('',*,*,#1626,.F.);
#15860 = CYLINDRICAL_SURFACE('',#15861,4.9);
#15861 = AXIS2_PLACEMENT_3D('',#15862,#15863,#15864);
#15862 = CARTESIAN_POINT('',(-25.4,11.05,-19.));
#15863 = DIRECTION('',(0.,0.,-1.));
#15864 = DIRECTION('',(1.,0.,0.));
#15865 = ADVANCED_FACE('',(#15866),#15877,.T.);
#15866 = FACE_BOUND('',#15867,.F.);
#15867 = EDGE_LOOP('',(#15868,#15869,#15875,#15876));
#15868 = ORIENTED_EDGE('',*,*,#1618,.T.);
#15869 = ORIENTED_EDGE('',*,*,#15870,.T.);
#15870 = EDGE_CURVE('',#1610,#15654,#15871,.T.);
#15871 = LINE('',#15872,#15873);
#15872 = CARTESIAN_POINT('',(25.4,15.95,-20.));
#15873 = VECTOR('',#15874,1.);
#15874 = DIRECTION('',(-1.06581410364E-13,0.,1.));
#15875 = ORIENTED_EDGE('',*,*,#15679,.F.);
#15876 = ORIENTED_EDGE('',*,*,#15854,.F.);
#15877 = PLANE('',#15878);
#15878 = AXIS2_PLACEMENT_3D('',#15879,#15880,#15881);
#15879 = CARTESIAN_POINT('',(-25.4,15.95,-20.));
#15880 = DIRECTION('',(0.,1.,0.));
#15881 = DIRECTION('',(0.,-0.,1.));
#15882 = ADVANCED_FACE('',(#15883),#15894,.T.);
#15883 = FACE_BOUND('',#15884,.T.);
#15884 = EDGE_LOOP('',(#15885,#15886,#15887,#15893));
#15885 = ORIENTED_EDGE('',*,*,#15870,.T.);
#15886 = ORIENTED_EDGE('',*,*,#15653,.T.);
#15887 = ORIENTED_EDGE('',*,*,#15888,.F.);
#15888 = EDGE_CURVE('',#1600,#15629,#15889,.T.);
#15889 = LINE('',#15890,#15891);
#15890 = CARTESIAN_POINT('',(30.3,11.05,-20.));
#15891 = VECTOR('',#15892,1.);
#15892 = DIRECTION('',(1.7763568394E-14,0.,1.));
#15893 = ORIENTED_EDGE('',*,*,#1609,.F.);
#15894 = CYLINDRICAL_SURFACE('',#15895,4.9);
#15895 = AXIS2_PLACEMENT_3D('',#15896,#15897,#15898);
#15896 = CARTESIAN_POINT('',(25.4,11.05,-19.));
#15897 = DIRECTION('',(0.,0.,-1.));
#15898 = DIRECTION('',(0.,-1.,0.));
#15899 = ADVANCED_FACE('',(#15900),#15911,.T.);
#15900 = FACE_BOUND('',#15901,.F.);
#15901 = EDGE_LOOP('',(#15902,#15903,#15909,#15910));
#15902 = ORIENTED_EDGE('',*,*,#1599,.T.);
#15903 = ORIENTED_EDGE('',*,*,#15904,.T.);
#15904 = EDGE_CURVE('',#1602,#15603,#15905,.T.);
#15905 = LINE('',#15906,#15907);
#15906 = CARTESIAN_POINT('',(30.3,-11.05,-20.));
#15907 = VECTOR('',#15908,1.);
#15908 = DIRECTION('',(1.7763568394E-14,0.,1.));
#15909 = ORIENTED_EDGE('',*,*,#15628,.F.);
#15910 = ORIENTED_EDGE('',*,*,#15888,.F.);
#15911 = PLANE('',#15912);
#15912 = AXIS2_PLACEMENT_3D('',#15913,#15914,#15915);
#15913 = CARTESIAN_POINT('',(30.3,11.05,-20.));
#15914 = DIRECTION('',(1.,0.,0.));
#15915 = DIRECTION('',(0.,0.,1.));
#15916 = ADVANCED_FACE('',(#15917),#15923,.T.);
#15917 = FACE_BOUND('',#15918,.T.);
#15918 = EDGE_LOOP('',(#15919,#15920,#15921,#15922));
#15919 = ORIENTED_EDGE('',*,*,#15904,.T.);
#15920 = ORIENTED_EDGE('',*,*,#15602,.T.);
#15921 = ORIENTED_EDGE('',*,*,#15804,.F.);
#15922 = ORIENTED_EDGE('',*,*,#1660,.F.);
#15923 = CYLINDRICAL_SURFACE('',#15924,4.9);
#15924 = AXIS2_PLACEMENT_3D('',#15925,#15926,#15927);
#15925 = CARTESIAN_POINT('',(25.4,-11.05,-19.));
#15926 = DIRECTION('',(0.,0.,-1.));
#15927 = DIRECTION('',(-1.,0.,0.));
#15928 = ADVANCED_FACE('',(#15929),#15955,.T.);
#15929 = FACE_BOUND('',#15930,.T.);
#15930 = EDGE_LOOP('',(#15931,#15939,#15948,#15954));
#15931 = ORIENTED_EDGE('',*,*,#15932,.F.);
#15932 = EDGE_CURVE('',#15933,#2550,#15935,.T.);
#15933 = VERTEX_POINT('',#15934);
#15934 = CARTESIAN_POINT('',(-14.,-3.35,-12.475));
#15935 = LINE('',#15936,#15937);
#15936 = CARTESIAN_POINT('',(-14.,-3.35,-12.475));
#15937 = VECTOR('',#15938,1.);
#15938 = DIRECTION('',(0.,0.,-1.));
#15939 = ORIENTED_EDGE('',*,*,#15940,.T.);
#15940 = EDGE_CURVE('',#15933,#15941,#15943,.T.);
#15941 = VERTEX_POINT('',#15942);
#15942 = CARTESIAN_POINT('',(-14.,-4.65,-12.475));
#15943 = CIRCLE('',#15944,0.65);
#15944 = AXIS2_PLACEMENT_3D('',#15945,#15946,#15947);
#15945 = CARTESIAN_POINT('',(-14.,-4.,-12.475));
#15946 = DIRECTION('',(0.,0.,-1.));
#15947 = DIRECTION('',(0.,1.,0.));
#15948 = ORIENTED_EDGE('',*,*,#15949,.T.);
#15949 = EDGE_CURVE('',#15941,#2552,#15950,.T.);
#15950 = LINE('',#15951,#15952);
#15951 = CARTESIAN_POINT('',(-14.,-4.65,-12.475));
#15952 = VECTOR('',#15953,1.);
#15953 = DIRECTION('',(0.,0.,-1.));
#15954 = ORIENTED_EDGE('',*,*,#2549,.F.);
#15955 = CYLINDRICAL_SURFACE('',#15956,0.65);
#15956 = AXIS2_PLACEMENT_3D('',#15957,#15958,#15959);
#15957 = CARTESIAN_POINT('',(-14.,-4.,-12.475));
#15958 = DIRECTION('',(0.,0.,-1.));
#15959 = DIRECTION('',(0.,1.,0.));
#15960 = ADVANCED_FACE('',(#15961),#15973,.T.);
#15961 = FACE_BOUND('',#15962,.T.);
#15962 = EDGE_LOOP('',(#15963,#15964,#15971,#15972));
#15963 = ORIENTED_EDGE('',*,*,#15949,.F.);
#15964 = ORIENTED_EDGE('',*,*,#15965,.T.);
#15965 = EDGE_CURVE('',#15941,#15933,#15966,.T.);
#15966 = CIRCLE('',#15967,0.65);
#15967 = AXIS2_PLACEMENT_3D('',#15968,#15969,#15970);
#15968 = CARTESIAN_POINT('',(-14.,-4.,-12.475));
#15969 = DIRECTION('',(0.,0.,-1.));
#15970 = DIRECTION('',(0.,-1.,0.));
#15971 = ORIENTED_EDGE('',*,*,#15932,.T.);
#15972 = ORIENTED_EDGE('',*,*,#2560,.F.);
#15973 = CYLINDRICAL_SURFACE('',#15974,0.65);
#15974 = AXIS2_PLACEMENT_3D('',#15975,#15976,#15977);
#15975 = CARTESIAN_POINT('',(-14.,-4.,-12.475));
#15976 = DIRECTION('',(0.,0.,-1.));
#15977 = DIRECTION('',(0.,1.,0.));
#15978 = ADVANCED_FACE('',(#15979),#15983,.F.);
#15979 = FACE_BOUND('',#15980,.F.);
#15980 = EDGE_LOOP('',(#15981,#15982));
#15981 = ORIENTED_EDGE('',*,*,#15940,.T.);
#15982 = ORIENTED_EDGE('',*,*,#15965,.T.);
#15983 = PLANE('',#15984);
#15984 = AXIS2_PLACEMENT_3D('',#15985,#15986,#15987);
#15985 = CARTESIAN_POINT('',(-14.,-4.,-12.475));
#15986 = DIRECTION('',(0.,0.,-1.));
#15987 = DIRECTION('',(0.,1.,0.));
#15988 = ADVANCED_FACE('',(#15989),#16015,.T.);
#15989 = FACE_BOUND('',#15990,.T.);
#15990 = EDGE_LOOP('',(#15991,#15999,#16008,#16014));
#15991 = ORIENTED_EDGE('',*,*,#15992,.F.);
#15992 = EDGE_CURVE('',#15993,#2570,#15995,.T.);
#15993 = VERTEX_POINT('',#15994);
#15994 = CARTESIAN_POINT('',(-10.,-3.35,-12.475));
#15995 = LINE('',#15996,#15997);
#15996 = CARTESIAN_POINT('',(-10.,-3.35,-12.475));
#15997 = VECTOR('',#15998,1.);
#15998 = DIRECTION('',(0.,0.,-1.));
#15999 = ORIENTED_EDGE('',*,*,#16000,.T.);
#16000 = EDGE_CURVE('',#15993,#16001,#16003,.T.);
#16001 = VERTEX_POINT('',#16002);
#16002 = CARTESIAN_POINT('',(-10.,-4.65,-12.475));
#16003 = CIRCLE('',#16004,0.65);
#16004 = AXIS2_PLACEMENT_3D('',#16005,#16006,#16007);
#16005 = CARTESIAN_POINT('',(-10.,-4.,-12.475));
#16006 = DIRECTION('',(0.,0.,-1.));
#16007 = DIRECTION('',(0.,1.,0.));
#16008 = ORIENTED_EDGE('',*,*,#16009,.T.);
#16009 = EDGE_CURVE('',#16001,#2572,#16010,.T.);
#16010 = LINE('',#16011,#16012);
#16011 = CARTESIAN_POINT('',(-10.,-4.65,-12.475));
#16012 = VECTOR('',#16013,1.);
#16013 = DIRECTION('',(0.,0.,-1.));
#16014 = ORIENTED_EDGE('',*,*,#2569,.F.);
#16015 = CYLINDRICAL_SURFACE('',#16016,0.65);
#16016 = AXIS2_PLACEMENT_3D('',#16017,#16018,#16019);
#16017 = CARTESIAN_POINT('',(-10.,-4.,-12.475));
#16018 = DIRECTION('',(0.,0.,-1.));
#16019 = DIRECTION('',(0.,1.,0.));
#16020 = ADVANCED_FACE('',(#16021),#16033,.T.);
#16021 = FACE_BOUND('',#16022,.T.);
#16022 = EDGE_LOOP('',(#16023,#16024,#16031,#16032));
#16023 = ORIENTED_EDGE('',*,*,#16009,.F.);
#16024 = ORIENTED_EDGE('',*,*,#16025,.T.);
#16025 = EDGE_CURVE('',#16001,#15993,#16026,.T.);
#16026 = CIRCLE('',#16027,0.65);
#16027 = AXIS2_PLACEMENT_3D('',#16028,#16029,#16030);
#16028 = CARTESIAN_POINT('',(-10.,-4.,-12.475));
#16029 = DIRECTION('',(0.,0.,-1.));
#16030 = DIRECTION('',(0.,-1.,0.));
#16031 = ORIENTED_EDGE('',*,*,#15992,.T.);
#16032 = ORIENTED_EDGE('',*,*,#2580,.F.);
#16033 = CYLINDRICAL_SURFACE('',#16034,0.65);
#16034 = AXIS2_PLACEMENT_3D('',#16035,#16036,#16037);
#16035 = CARTESIAN_POINT('',(-10.,-4.,-12.475));
#16036 = DIRECTION('',(0.,0.,-1.));
#16037 = DIRECTION('',(0.,1.,0.));
#16038 = ADVANCED_FACE('',(#16039),#16043,.F.);
#16039 = FACE_BOUND('',#16040,.F.);
#16040 = EDGE_LOOP('',(#16041,#16042));
#16041 = ORIENTED_EDGE('',*,*,#16000,.T.);
#16042 = ORIENTED_EDGE('',*,*,#16025,.T.);
#16043 = PLANE('',#16044);
#16044 = AXIS2_PLACEMENT_3D('',#16045,#16046,#16047);
#16045 = CARTESIAN_POINT('',(-10.,-4.,-12.475));
#16046 = DIRECTION('',(0.,0.,-1.));
#16047 = DIRECTION('',(0.,1.,0.));
#16048 = ADVANCED_FACE('',(#16049),#16075,.T.);
#16049 = FACE_BOUND('',#16050,.T.);
#16050 = EDGE_LOOP('',(#16051,#16059,#16068,#16074));
#16051 = ORIENTED_EDGE('',*,*,#16052,.F.);
#16052 = EDGE_CURVE('',#16053,#2590,#16055,.T.);
#16053 = VERTEX_POINT('',#16054);
#16054 = CARTESIAN_POINT('',(-6.,-3.35,-12.475));
#16055 = LINE('',#16056,#16057);
#16056 = CARTESIAN_POINT('',(-6.,-3.35,-12.475));
#16057 = VECTOR('',#16058,1.);
#16058 = DIRECTION('',(0.,0.,-1.));
#16059 = ORIENTED_EDGE('',*,*,#16060,.T.);
#16060 = EDGE_CURVE('',#16053,#16061,#16063,.T.);
#16061 = VERTEX_POINT('',#16062);
#16062 = CARTESIAN_POINT('',(-6.,-4.65,-12.475));
#16063 = CIRCLE('',#16064,0.65);
#16064 = AXIS2_PLACEMENT_3D('',#16065,#16066,#16067);
#16065 = CARTESIAN_POINT('',(-6.,-4.,-12.475));
#16066 = DIRECTION('',(0.,0.,-1.));
#16067 = DIRECTION('',(0.,1.,0.));
#16068 = ORIENTED_EDGE('',*,*,#16069,.T.);
#16069 = EDGE_CURVE('',#16061,#2592,#16070,.T.);
#16070 = LINE('',#16071,#16072);
#16071 = CARTESIAN_POINT('',(-6.,-4.65,-12.475));
#16072 = VECTOR('',#16073,1.);
#16073 = DIRECTION('',(0.,0.,-1.));
#16074 = ORIENTED_EDGE('',*,*,#2589,.F.);
#16075 = CYLINDRICAL_SURFACE('',#16076,0.65);
#16076 = AXIS2_PLACEMENT_3D('',#16077,#16078,#16079);
#16077 = CARTESIAN_POINT('',(-6.,-4.,-12.475));
#16078 = DIRECTION('',(0.,0.,-1.));
#16079 = DIRECTION('',(0.,1.,0.));
#16080 = ADVANCED_FACE('',(#16081),#16093,.T.);
#16081 = FACE_BOUND('',#16082,.T.);
#16082 = EDGE_LOOP('',(#16083,#16084,#16091,#16092));
#16083 = ORIENTED_EDGE('',*,*,#16069,.F.);
#16084 = ORIENTED_EDGE('',*,*,#16085,.T.);
#16085 = EDGE_CURVE('',#16061,#16053,#16086,.T.);
#16086 = CIRCLE('',#16087,0.65);
#16087 = AXIS2_PLACEMENT_3D('',#16088,#16089,#16090);
#16088 = CARTESIAN_POINT('',(-6.,-4.,-12.475));
#16089 = DIRECTION('',(0.,0.,-1.));
#16090 = DIRECTION('',(0.,-1.,0.));
#16091 = ORIENTED_EDGE('',*,*,#16052,.T.);
#16092 = ORIENTED_EDGE('',*,*,#2600,.F.);
#16093 = CYLINDRICAL_SURFACE('',#16094,0.65);
#16094 = AXIS2_PLACEMENT_3D('',#16095,#16096,#16097);
#16095 = CARTESIAN_POINT('',(-6.,-4.,-12.475));
#16096 = DIRECTION('',(0.,0.,-1.));
#16097 = DIRECTION('',(0.,1.,0.));
#16098 = ADVANCED_FACE('',(#16099),#16103,.F.);
#16099 = FACE_BOUND('',#16100,.F.);
#16100 = EDGE_LOOP('',(#16101,#16102));
#16101 = ORIENTED_EDGE('',*,*,#16060,.T.);
#16102 = ORIENTED_EDGE('',*,*,#16085,.T.);
#16103 = PLANE('',#16104);
#16104 = AXIS2_PLACEMENT_3D('',#16105,#16106,#16107);
#16105 = CARTESIAN_POINT('',(-6.,-4.,-12.475));
#16106 = DIRECTION('',(0.,0.,-1.));
#16107 = DIRECTION('',(0.,1.,0.));
#16108 = ADVANCED_FACE('',(#16109),#16135,.T.);
#16109 = FACE_BOUND('',#16110,.T.);
#16110 = EDGE_LOOP('',(#16111,#16119,#16128,#16134));
#16111 = ORIENTED_EDGE('',*,*,#16112,.F.);
#16112 = EDGE_CURVE('',#16113,#2610,#16115,.T.);
#16113 = VERTEX_POINT('',#16114);
#16114 = CARTESIAN_POINT('',(-2.,-3.35,-12.475));
#16115 = LINE('',#16116,#16117);
#16116 = CARTESIAN_POINT('',(-2.,-3.35,-12.475));
#16117 = VECTOR('',#16118,1.);
#16118 = DIRECTION('',(0.,0.,-1.));
#16119 = ORIENTED_EDGE('',*,*,#16120,.T.);
#16120 = EDGE_CURVE('',#16113,#16121,#16123,.T.);
#16121 = VERTEX_POINT('',#16122);
#16122 = CARTESIAN_POINT('',(-2.,-4.65,-12.475));
#16123 = CIRCLE('',#16124,0.65);
#16124 = AXIS2_PLACEMENT_3D('',#16125,#16126,#16127);
#16125 = CARTESIAN_POINT('',(-2.,-4.,-12.475));
#16126 = DIRECTION('',(0.,0.,-1.));
#16127 = DIRECTION('',(0.,1.,0.));
#16128 = ORIENTED_EDGE('',*,*,#16129,.T.);
#16129 = EDGE_CURVE('',#16121,#2612,#16130,.T.);
#16130 = LINE('',#16131,#16132);
#16131 = CARTESIAN_POINT('',(-2.,-4.65,-12.475));
#16132 = VECTOR('',#16133,1.);
#16133 = DIRECTION('',(0.,0.,-1.));
#16134 = ORIENTED_EDGE('',*,*,#2609,.F.);
#16135 = CYLINDRICAL_SURFACE('',#16136,0.65);
#16136 = AXIS2_PLACEMENT_3D('',#16137,#16138,#16139);
#16137 = CARTESIAN_POINT('',(-2.,-4.,-12.475));
#16138 = DIRECTION('',(0.,0.,-1.));
#16139 = DIRECTION('',(0.,1.,0.));
#16140 = ADVANCED_FACE('',(#16141),#16153,.T.);
#16141 = FACE_BOUND('',#16142,.T.);
#16142 = EDGE_LOOP('',(#16143,#16144,#16151,#16152));
#16143 = ORIENTED_EDGE('',*,*,#16129,.F.);
#16144 = ORIENTED_EDGE('',*,*,#16145,.T.);
#16145 = EDGE_CURVE('',#16121,#16113,#16146,.T.);
#16146 = CIRCLE('',#16147,0.65);
#16147 = AXIS2_PLACEMENT_3D('',#16148,#16149,#16150);
#16148 = CARTESIAN_POINT('',(-2.,-4.,-12.475));
#16149 = DIRECTION('',(0.,0.,-1.));
#16150 = DIRECTION('',(0.,-1.,0.));
#16151 = ORIENTED_EDGE('',*,*,#16112,.T.);
#16152 = ORIENTED_EDGE('',*,*,#2620,.F.);
#16153 = CYLINDRICAL_SURFACE('',#16154,0.65);
#16154 = AXIS2_PLACEMENT_3D('',#16155,#16156,#16157);
#16155 = CARTESIAN_POINT('',(-2.,-4.,-12.475));
#16156 = DIRECTION('',(0.,0.,-1.));
#16157 = DIRECTION('',(0.,1.,0.));
#16158 = ADVANCED_FACE('',(#16159),#16163,.F.);
#16159 = FACE_BOUND('',#16160,.F.);
#16160 = EDGE_LOOP('',(#16161,#16162));
#16161 = ORIENTED_EDGE('',*,*,#16120,.T.);
#16162 = ORIENTED_EDGE('',*,*,#16145,.T.);
#16163 = PLANE('',#16164);
#16164 = AXIS2_PLACEMENT_3D('',#16165,#16166,#16167);
#16165 = CARTESIAN_POINT('',(-2.,-4.,-12.475));
#16166 = DIRECTION('',(0.,0.,-1.));
#16167 = DIRECTION('',(0.,1.,0.));
#16168 = ADVANCED_FACE('',(#16169),#16195,.T.);
#16169 = FACE_BOUND('',#16170,.T.);
#16170 = EDGE_LOOP('',(#16171,#16179,#16188,#16194));
#16171 = ORIENTED_EDGE('',*,*,#16172,.F.);
#16172 = EDGE_CURVE('',#16173,#2630,#16175,.T.);
#16173 = VERTEX_POINT('',#16174);
#16174 = CARTESIAN_POINT('',(2.,-3.35,-12.475));
#16175 = LINE('',#16176,#16177);
#16176 = CARTESIAN_POINT('',(2.,-3.35,-12.475));
#16177 = VECTOR('',#16178,1.);
#16178 = DIRECTION('',(0.,0.,-1.));
#16179 = ORIENTED_EDGE('',*,*,#16180,.T.);
#16180 = EDGE_CURVE('',#16173,#16181,#16183,.T.);
#16181 = VERTEX_POINT('',#16182);
#16182 = CARTESIAN_POINT('',(2.,-4.65,-12.475));
#16183 = CIRCLE('',#16184,0.65);
#16184 = AXIS2_PLACEMENT_3D('',#16185,#16186,#16187);
#16185 = CARTESIAN_POINT('',(2.,-4.,-12.475));
#16186 = DIRECTION('',(0.,0.,-1.));
#16187 = DIRECTION('',(0.,1.,0.));
#16188 = ORIENTED_EDGE('',*,*,#16189,.T.);
#16189 = EDGE_CURVE('',#16181,#2632,#16190,.T.);
#16190 = LINE('',#16191,#16192);
#16191 = CARTESIAN_POINT('',(2.,-4.65,-12.475));
#16192 = VECTOR('',#16193,1.);
#16193 = DIRECTION('',(0.,0.,-1.));
#16194 = ORIENTED_EDGE('',*,*,#2629,.F.);
#16195 = CYLINDRICAL_SURFACE('',#16196,0.65);
#16196 = AXIS2_PLACEMENT_3D('',#16197,#16198,#16199);
#16197 = CARTESIAN_POINT('',(2.,-4.,-12.475));
#16198 = DIRECTION('',(0.,0.,-1.));
#16199 = DIRECTION('',(0.,1.,0.));
#16200 = ADVANCED_FACE('',(#16201),#16213,.T.);
#16201 = FACE_BOUND('',#16202,.T.);
#16202 = EDGE_LOOP('',(#16203,#16204,#16211,#16212));
#16203 = ORIENTED_EDGE('',*,*,#16189,.F.);
#16204 = ORIENTED_EDGE('',*,*,#16205,.T.);
#16205 = EDGE_CURVE('',#16181,#16173,#16206,.T.);
#16206 = CIRCLE('',#16207,0.65);
#16207 = AXIS2_PLACEMENT_3D('',#16208,#16209,#16210);
#16208 = CARTESIAN_POINT('',(2.,-4.,-12.475));
#16209 = DIRECTION('',(0.,0.,-1.));
#16210 = DIRECTION('',(0.,-1.,0.));
#16211 = ORIENTED_EDGE('',*,*,#16172,.T.);
#16212 = ORIENTED_EDGE('',*,*,#2640,.F.);
#16213 = CYLINDRICAL_SURFACE('',#16214,0.65);
#16214 = AXIS2_PLACEMENT_3D('',#16215,#16216,#16217);
#16215 = CARTESIAN_POINT('',(2.,-4.,-12.475));
#16216 = DIRECTION('',(0.,0.,-1.));
#16217 = DIRECTION('',(0.,1.,0.));
#16218 = ADVANCED_FACE('',(#16219),#16223,.F.);
#16219 = FACE_BOUND('',#16220,.F.);
#16220 = EDGE_LOOP('',(#16221,#16222));
#16221 = ORIENTED_EDGE('',*,*,#16180,.T.);
#16222 = ORIENTED_EDGE('',*,*,#16205,.T.);
#16223 = PLANE('',#16224);
#16224 = AXIS2_PLACEMENT_3D('',#16225,#16226,#16227);
#16225 = CARTESIAN_POINT('',(2.,-4.,-12.475));
#16226 = DIRECTION('',(0.,0.,-1.));
#16227 = DIRECTION('',(0.,1.,0.));
#16228 = ADVANCED_FACE('',(#16229),#16255,.T.);
#16229 = FACE_BOUND('',#16230,.T.);
#16230 = EDGE_LOOP('',(#16231,#16239,#16248,#16254));
#16231 = ORIENTED_EDGE('',*,*,#16232,.F.);
#16232 = EDGE_CURVE('',#16233,#2650,#16235,.T.);
#16233 = VERTEX_POINT('',#16234);
#16234 = CARTESIAN_POINT('',(6.,-3.35,-12.475));
#16235 = LINE('',#16236,#16237);
#16236 = CARTESIAN_POINT('',(6.,-3.35,-12.475));
#16237 = VECTOR('',#16238,1.);
#16238 = DIRECTION('',(0.,0.,-1.));
#16239 = ORIENTED_EDGE('',*,*,#16240,.T.);
#16240 = EDGE_CURVE('',#16233,#16241,#16243,.T.);
#16241 = VERTEX_POINT('',#16242);
#16242 = CARTESIAN_POINT('',(6.,-4.65,-12.475));
#16243 = CIRCLE('',#16244,0.65);
#16244 = AXIS2_PLACEMENT_3D('',#16245,#16246,#16247);
#16245 = CARTESIAN_POINT('',(6.,-4.,-12.475));
#16246 = DIRECTION('',(0.,0.,-1.));
#16247 = DIRECTION('',(0.,1.,0.));
#16248 = ORIENTED_EDGE('',*,*,#16249,.T.);
#16249 = EDGE_CURVE('',#16241,#2652,#16250,.T.);
#16250 = LINE('',#16251,#16252);
#16251 = CARTESIAN_POINT('',(6.,-4.65,-12.475));
#16252 = VECTOR('',#16253,1.);
#16253 = DIRECTION('',(0.,0.,-1.));
#16254 = ORIENTED_EDGE('',*,*,#2649,.F.);
#16255 = CYLINDRICAL_SURFACE('',#16256,0.65);
#16256 = AXIS2_PLACEMENT_3D('',#16257,#16258,#16259);
#16257 = CARTESIAN_POINT('',(6.,-4.,-12.475));
#16258 = DIRECTION('',(0.,0.,-1.));
#16259 = DIRECTION('',(0.,1.,0.));
#16260 = ADVANCED_FACE('',(#16261),#16273,.T.);
#16261 = FACE_BOUND('',#16262,.T.);
#16262 = EDGE_LOOP('',(#16263,#16264,#16271,#16272));
#16263 = ORIENTED_EDGE('',*,*,#16249,.F.);
#16264 = ORIENTED_EDGE('',*,*,#16265,.T.);
#16265 = EDGE_CURVE('',#16241,#16233,#16266,.T.);
#16266 = CIRCLE('',#16267,0.65);
#16267 = AXIS2_PLACEMENT_3D('',#16268,#16269,#16270);
#16268 = CARTESIAN_POINT('',(6.,-4.,-12.475));
#16269 = DIRECTION('',(0.,0.,-1.));
#16270 = DIRECTION('',(0.,-1.,0.));
#16271 = ORIENTED_EDGE('',*,*,#16232,.T.);
#16272 = ORIENTED_EDGE('',*,*,#2660,.F.);
#16273 = CYLINDRICAL_SURFACE('',#16274,0.65);
#16274 = AXIS2_PLACEMENT_3D('',#16275,#16276,#16277);
#16275 = CARTESIAN_POINT('',(6.,-4.,-12.475));
#16276 = DIRECTION('',(0.,0.,-1.));
#16277 = DIRECTION('',(0.,1.,0.));
#16278 = ADVANCED_FACE('',(#16279),#16283,.F.);
#16279 = FACE_BOUND('',#16280,.F.);
#16280 = EDGE_LOOP('',(#16281,#16282));
#16281 = ORIENTED_EDGE('',*,*,#16240,.T.);
#16282 = ORIENTED_EDGE('',*,*,#16265,.T.);
#16283 = PLANE('',#16284);
#16284 = AXIS2_PLACEMENT_3D('',#16285,#16286,#16287);
#16285 = CARTESIAN_POINT('',(6.,-4.,-12.475));
#16286 = DIRECTION('',(0.,0.,-1.));
#16287 = DIRECTION('',(0.,1.,0.));
#16288 = ADVANCED_FACE('',(#16289),#16315,.T.);
#16289 = FACE_BOUND('',#16290,.T.);
#16290 = EDGE_LOOP('',(#16291,#16299,#16308,#16314));
#16291 = ORIENTED_EDGE('',*,*,#16292,.F.);
#16292 = EDGE_CURVE('',#16293,#2670,#16295,.T.);
#16293 = VERTEX_POINT('',#16294);
#16294 = CARTESIAN_POINT('',(10.,-3.35,-12.475));
#16295 = LINE('',#16296,#16297);
#16296 = CARTESIAN_POINT('',(10.,-3.35,-12.475));
#16297 = VECTOR('',#16298,1.);
#16298 = DIRECTION('',(0.,0.,-1.));
#16299 = ORIENTED_EDGE('',*,*,#16300,.T.);
#16300 = EDGE_CURVE('',#16293,#16301,#16303,.T.);
#16301 = VERTEX_POINT('',#16302);
#16302 = CARTESIAN_POINT('',(10.,-4.65,-12.475));
#16303 = CIRCLE('',#16304,0.65);
#16304 = AXIS2_PLACEMENT_3D('',#16305,#16306,#16307);
#16305 = CARTESIAN_POINT('',(10.,-4.,-12.475));
#16306 = DIRECTION('',(0.,0.,-1.));
#16307 = DIRECTION('',(0.,1.,0.));
#16308 = ORIENTED_EDGE('',*,*,#16309,.T.);
#16309 = EDGE_CURVE('',#16301,#2672,#16310,.T.);
#16310 = LINE('',#16311,#16312);
#16311 = CARTESIAN_POINT('',(10.,-4.65,-12.475));
#16312 = VECTOR('',#16313,1.);
#16313 = DIRECTION('',(0.,0.,-1.));
#16314 = ORIENTED_EDGE('',*,*,#2669,.F.);
#16315 = CYLINDRICAL_SURFACE('',#16316,0.65);
#16316 = AXIS2_PLACEMENT_3D('',#16317,#16318,#16319);
#16317 = CARTESIAN_POINT('',(10.,-4.,-12.475));
#16318 = DIRECTION('',(0.,0.,-1.));
#16319 = DIRECTION('',(0.,1.,0.));
#16320 = ADVANCED_FACE('',(#16321),#16333,.T.);
#16321 = FACE_BOUND('',#16322,.T.);
#16322 = EDGE_LOOP('',(#16323,#16324,#16331,#16332));
#16323 = ORIENTED_EDGE('',*,*,#16309,.F.);
#16324 = ORIENTED_EDGE('',*,*,#16325,.T.);
#16325 = EDGE_CURVE('',#16301,#16293,#16326,.T.);
#16326 = CIRCLE('',#16327,0.65);
#16327 = AXIS2_PLACEMENT_3D('',#16328,#16329,#16330);
#16328 = CARTESIAN_POINT('',(10.,-4.,-12.475));
#16329 = DIRECTION('',(0.,0.,-1.));
#16330 = DIRECTION('',(0.,-1.,0.));
#16331 = ORIENTED_EDGE('',*,*,#16292,.T.);
#16332 = ORIENTED_EDGE('',*,*,#2680,.F.);
#16333 = CYLINDRICAL_SURFACE('',#16334,0.65);
#16334 = AXIS2_PLACEMENT_3D('',#16335,#16336,#16337);
#16335 = CARTESIAN_POINT('',(10.,-4.,-12.475));
#16336 = DIRECTION('',(0.,0.,-1.));
#16337 = DIRECTION('',(0.,1.,0.));
#16338 = ADVANCED_FACE('',(#16339),#16343,.F.);
#16339 = FACE_BOUND('',#16340,.F.);
#16340 = EDGE_LOOP('',(#16341,#16342));
#16341 = ORIENTED_EDGE('',*,*,#16300,.T.);
#16342 = ORIENTED_EDGE('',*,*,#16325,.T.);
#16343 = PLANE('',#16344);
#16344 = AXIS2_PLACEMENT_3D('',#16345,#16346,#16347);
#16345 = CARTESIAN_POINT('',(10.,-4.,-12.475));
#16346 = DIRECTION('',(0.,0.,-1.));
#16347 = DIRECTION('',(0.,1.,0.));
#16348 = ADVANCED_FACE('',(#16349),#16375,.T.);
#16349 = FACE_BOUND('',#16350,.T.);
#16350 = EDGE_LOOP('',(#16351,#16359,#16368,#16374));
#16351 = ORIENTED_EDGE('',*,*,#16352,.F.);
#16352 = EDGE_CURVE('',#16353,#2690,#16355,.T.);
#16353 = VERTEX_POINT('',#16354);
#16354 = CARTESIAN_POINT('',(14.,-3.35,-12.475));
#16355 = LINE('',#16356,#16357);
#16356 = CARTESIAN_POINT('',(14.,-3.35,-12.475));
#16357 = VECTOR('',#16358,1.);
#16358 = DIRECTION('',(0.,0.,-1.));
#16359 = ORIENTED_EDGE('',*,*,#16360,.T.);
#16360 = EDGE_CURVE('',#16353,#16361,#16363,.T.);
#16361 = VERTEX_POINT('',#16362);
#16362 = CARTESIAN_POINT('',(14.,-4.65,-12.475));
#16363 = CIRCLE('',#16364,0.65);
#16364 = AXIS2_PLACEMENT_3D('',#16365,#16366,#16367);
#16365 = CARTESIAN_POINT('',(14.,-4.,-12.475));
#16366 = DIRECTION('',(0.,0.,-1.));
#16367 = DIRECTION('',(0.,1.,0.));
#16368 = ORIENTED_EDGE('',*,*,#16369,.T.);
#16369 = EDGE_CURVE('',#16361,#2692,#16370,.T.);
#16370 = LINE('',#16371,#16372);
#16371 = CARTESIAN_POINT('',(14.,-4.65,-12.475));
#16372 = VECTOR('',#16373,1.);
#16373 = DIRECTION('',(0.,0.,-1.));
#16374 = ORIENTED_EDGE('',*,*,#2689,.F.);
#16375 = CYLINDRICAL_SURFACE('',#16376,0.65);
#16376 = AXIS2_PLACEMENT_3D('',#16377,#16378,#16379);
#16377 = CARTESIAN_POINT('',(14.,-4.,-12.475));
#16378 = DIRECTION('',(0.,0.,-1.));
#16379 = DIRECTION('',(0.,1.,0.));
#16380 = ADVANCED_FACE('',(#16381),#16393,.T.);
#16381 = FACE_BOUND('',#16382,.T.);
#16382 = EDGE_LOOP('',(#16383,#16384,#16391,#16392));
#16383 = ORIENTED_EDGE('',*,*,#16369,.F.);
#16384 = ORIENTED_EDGE('',*,*,#16385,.T.);
#16385 = EDGE_CURVE('',#16361,#16353,#16386,.T.);
#16386 = CIRCLE('',#16387,0.65);
#16387 = AXIS2_PLACEMENT_3D('',#16388,#16389,#16390);
#16388 = CARTESIAN_POINT('',(14.,-4.,-12.475));
#16389 = DIRECTION('',(0.,0.,-1.));
#16390 = DIRECTION('',(0.,-1.,0.));
#16391 = ORIENTED_EDGE('',*,*,#16352,.T.);
#16392 = ORIENTED_EDGE('',*,*,#2700,.F.);
#16393 = CYLINDRICAL_SURFACE('',#16394,0.65);
#16394 = AXIS2_PLACEMENT_3D('',#16395,#16396,#16397);
#16395 = CARTESIAN_POINT('',(14.,-4.,-12.475));
#16396 = DIRECTION('',(0.,0.,-1.));
#16397 = DIRECTION('',(0.,1.,0.));
#16398 = ADVANCED_FACE('',(#16399),#16403,.F.);
#16399 = FACE_BOUND('',#16400,.F.);
#16400 = EDGE_LOOP('',(#16401,#16402));
#16401 = ORIENTED_EDGE('',*,*,#16360,.T.);
#16402 = ORIENTED_EDGE('',*,*,#16385,.T.);
#16403 = PLANE('',#16404);
#16404 = AXIS2_PLACEMENT_3D('',#16405,#16406,#16407);
#16405 = CARTESIAN_POINT('',(14.,-4.,-12.475));
#16406 = DIRECTION('',(0.,0.,-1.));
#16407 = DIRECTION('',(0.,1.,0.));
#16408 = ADVANCED_FACE('',(#16409),#16435,.T.);
#16409 = FACE_BOUND('',#16410,.T.);
#16410 = EDGE_LOOP('',(#16411,#16419,#16428,#16434));
#16411 = ORIENTED_EDGE('',*,*,#16412,.F.);
#16412 = EDGE_CURVE('',#16413,#2710,#16415,.T.);
#16413 = VERTEX_POINT('',#16414);
#16414 = CARTESIAN_POINT('',(-12.,0.65,-12.475));
#16415 = LINE('',#16416,#16417);
#16416 = CARTESIAN_POINT('',(-12.,0.65,-12.475));
#16417 = VECTOR('',#16418,1.);
#16418 = DIRECTION('',(0.,0.,-1.));
#16419 = ORIENTED_EDGE('',*,*,#16420,.T.);
#16420 = EDGE_CURVE('',#16413,#16421,#16423,.T.);
#16421 = VERTEX_POINT('',#16422);
#16422 = CARTESIAN_POINT('',(-12.,-0.65,-12.475));
#16423 = CIRCLE('',#16424,0.65);
#16424 = AXIS2_PLACEMENT_3D('',#16425,#16426,#16427);
#16425 = CARTESIAN_POINT('',(-12.,0.,-12.475));
#16426 = DIRECTION('',(0.,0.,-1.));
#16427 = DIRECTION('',(0.,1.,0.));
#16428 = ORIENTED_EDGE('',*,*,#16429,.T.);
#16429 = EDGE_CURVE('',#16421,#2712,#16430,.T.);
#16430 = LINE('',#16431,#16432);
#16431 = CARTESIAN_POINT('',(-12.,-0.65,-12.475));
#16432 = VECTOR('',#16433,1.);
#16433 = DIRECTION('',(0.,0.,-1.));
#16434 = ORIENTED_EDGE('',*,*,#2709,.F.);
#16435 = CYLINDRICAL_SURFACE('',#16436,0.65);
#16436 = AXIS2_PLACEMENT_3D('',#16437,#16438,#16439);
#16437 = CARTESIAN_POINT('',(-12.,0.,-12.475));
#16438 = DIRECTION('',(0.,0.,-1.));
#16439 = DIRECTION('',(0.,1.,0.));
#16440 = ADVANCED_FACE('',(#16441),#16453,.T.);
#16441 = FACE_BOUND('',#16442,.T.);
#16442 = EDGE_LOOP('',(#16443,#16444,#16451,#16452));
#16443 = ORIENTED_EDGE('',*,*,#16429,.F.);
#16444 = ORIENTED_EDGE('',*,*,#16445,.T.);
#16445 = EDGE_CURVE('',#16421,#16413,#16446,.T.);
#16446 = CIRCLE('',#16447,0.65);
#16447 = AXIS2_PLACEMENT_3D('',#16448,#16449,#16450);
#16448 = CARTESIAN_POINT('',(-12.,0.,-12.475));
#16449 = DIRECTION('',(0.,0.,-1.));
#16450 = DIRECTION('',(0.,-1.,0.));
#16451 = ORIENTED_EDGE('',*,*,#16412,.T.);
#16452 = ORIENTED_EDGE('',*,*,#2720,.F.);
#16453 = CYLINDRICAL_SURFACE('',#16454,0.65);
#16454 = AXIS2_PLACEMENT_3D('',#16455,#16456,#16457);
#16455 = CARTESIAN_POINT('',(-12.,0.,-12.475));
#16456 = DIRECTION('',(0.,0.,-1.));
#16457 = DIRECTION('',(0.,1.,0.));
#16458 = ADVANCED_FACE('',(#16459),#16463,.F.);
#16459 = FACE_BOUND('',#16460,.F.);
#16460 = EDGE_LOOP('',(#16461,#16462));
#16461 = ORIENTED_EDGE('',*,*,#16420,.T.);
#16462 = ORIENTED_EDGE('',*,*,#16445,.T.);
#16463 = PLANE('',#16464);
#16464 = AXIS2_PLACEMENT_3D('',#16465,#16466,#16467);
#16465 = CARTESIAN_POINT('',(-12.,0.,-12.475));
#16466 = DIRECTION('',(0.,0.,-1.));
#16467 = DIRECTION('',(0.,1.,0.));
#16468 = ADVANCED_FACE('',(#16469),#16495,.T.);
#16469 = FACE_BOUND('',#16470,.T.);
#16470 = EDGE_LOOP('',(#16471,#16479,#16488,#16494));
#16471 = ORIENTED_EDGE('',*,*,#16472,.F.);
#16472 = EDGE_CURVE('',#16473,#2730,#16475,.T.);
#16473 = VERTEX_POINT('',#16474);
#16474 = CARTESIAN_POINT('',(-8.,0.65,-12.475));
#16475 = LINE('',#16476,#16477);
#16476 = CARTESIAN_POINT('',(-8.,0.65,-12.475));
#16477 = VECTOR('',#16478,1.);
#16478 = DIRECTION('',(0.,0.,-1.));
#16479 = ORIENTED_EDGE('',*,*,#16480,.T.);
#16480 = EDGE_CURVE('',#16473,#16481,#16483,.T.);
#16481 = VERTEX_POINT('',#16482);
#16482 = CARTESIAN_POINT('',(-8.,-0.65,-12.475));
#16483 = CIRCLE('',#16484,0.65);
#16484 = AXIS2_PLACEMENT_3D('',#16485,#16486,#16487);
#16485 = CARTESIAN_POINT('',(-8.,0.,-12.475));
#16486 = DIRECTION('',(0.,0.,-1.));
#16487 = DIRECTION('',(0.,1.,0.));
#16488 = ORIENTED_EDGE('',*,*,#16489,.T.);
#16489 = EDGE_CURVE('',#16481,#2732,#16490,.T.);
#16490 = LINE('',#16491,#16492);
#16491 = CARTESIAN_POINT('',(-8.,-0.65,-12.475));
#16492 = VECTOR('',#16493,1.);
#16493 = DIRECTION('',(0.,0.,-1.));
#16494 = ORIENTED_EDGE('',*,*,#2729,.F.);
#16495 = CYLINDRICAL_SURFACE('',#16496,0.65);
#16496 = AXIS2_PLACEMENT_3D('',#16497,#16498,#16499);
#16497 = CARTESIAN_POINT('',(-8.,0.,-12.475));
#16498 = DIRECTION('',(0.,0.,-1.));
#16499 = DIRECTION('',(0.,1.,0.));
#16500 = ADVANCED_FACE('',(#16501),#16513,.T.);
#16501 = FACE_BOUND('',#16502,.T.);
#16502 = EDGE_LOOP('',(#16503,#16504,#16511,#16512));
#16503 = ORIENTED_EDGE('',*,*,#16489,.F.);
#16504 = ORIENTED_EDGE('',*,*,#16505,.T.);
#16505 = EDGE_CURVE('',#16481,#16473,#16506,.T.);
#16506 = CIRCLE('',#16507,0.65);
#16507 = AXIS2_PLACEMENT_3D('',#16508,#16509,#16510);
#16508 = CARTESIAN_POINT('',(-8.,0.,-12.475));
#16509 = DIRECTION('',(0.,0.,-1.));
#16510 = DIRECTION('',(0.,-1.,0.));
#16511 = ORIENTED_EDGE('',*,*,#16472,.T.);
#16512 = ORIENTED_EDGE('',*,*,#2740,.F.);
#16513 = CYLINDRICAL_SURFACE('',#16514,0.65);
#16514 = AXIS2_PLACEMENT_3D('',#16515,#16516,#16517);
#16515 = CARTESIAN_POINT('',(-8.,0.,-12.475));
#16516 = DIRECTION('',(0.,0.,-1.));
#16517 = DIRECTION('',(0.,1.,0.));
#16518 = ADVANCED_FACE('',(#16519),#16523,.F.);
#16519 = FACE_BOUND('',#16520,.F.);
#16520 = EDGE_LOOP('',(#16521,#16522));
#16521 = ORIENTED_EDGE('',*,*,#16480,.T.);
#16522 = ORIENTED_EDGE('',*,*,#16505,.T.);
#16523 = PLANE('',#16524);
#16524 = AXIS2_PLACEMENT_3D('',#16525,#16526,#16527);
#16525 = CARTESIAN_POINT('',(-8.,0.,-12.475));
#16526 = DIRECTION('',(0.,0.,-1.));
#16527 = DIRECTION('',(0.,1.,0.));
#16528 = ADVANCED_FACE('',(#16529),#16555,.T.);
#16529 = FACE_BOUND('',#16530,.T.);
#16530 = EDGE_LOOP('',(#16531,#16539,#16548,#16554));
#16531 = ORIENTED_EDGE('',*,*,#16532,.F.);
#16532 = EDGE_CURVE('',#16533,#2750,#16535,.T.);
#16533 = VERTEX_POINT('',#16534);
#16534 = CARTESIAN_POINT('',(-4.,0.65,-12.475));
#16535 = LINE('',#16536,#16537);
#16536 = CARTESIAN_POINT('',(-4.,0.65,-12.475));
#16537 = VECTOR('',#16538,1.);
#16538 = DIRECTION('',(0.,0.,-1.));
#16539 = ORIENTED_EDGE('',*,*,#16540,.T.);
#16540 = EDGE_CURVE('',#16533,#16541,#16543,.T.);
#16541 = VERTEX_POINT('',#16542);
#16542 = CARTESIAN_POINT('',(-4.,-0.65,-12.475));
#16543 = CIRCLE('',#16544,0.65);
#16544 = AXIS2_PLACEMENT_3D('',#16545,#16546,#16547);
#16545 = CARTESIAN_POINT('',(-4.,0.,-12.475));
#16546 = DIRECTION('',(0.,0.,-1.));
#16547 = DIRECTION('',(0.,1.,0.));
#16548 = ORIENTED_EDGE('',*,*,#16549,.T.);
#16549 = EDGE_CURVE('',#16541,#2752,#16550,.T.);
#16550 = LINE('',#16551,#16552);
#16551 = CARTESIAN_POINT('',(-4.,-0.65,-12.475));
#16552 = VECTOR('',#16553,1.);
#16553 = DIRECTION('',(0.,0.,-1.));
#16554 = ORIENTED_EDGE('',*,*,#2749,.F.);
#16555 = CYLINDRICAL_SURFACE('',#16556,0.65);
#16556 = AXIS2_PLACEMENT_3D('',#16557,#16558,#16559);
#16557 = CARTESIAN_POINT('',(-4.,0.,-12.475));
#16558 = DIRECTION('',(0.,0.,-1.));
#16559 = DIRECTION('',(0.,1.,0.));
#16560 = ADVANCED_FACE('',(#16561),#16573,.T.);
#16561 = FACE_BOUND('',#16562,.T.);
#16562 = EDGE_LOOP('',(#16563,#16564,#16571,#16572));
#16563 = ORIENTED_EDGE('',*,*,#16549,.F.);
#16564 = ORIENTED_EDGE('',*,*,#16565,.T.);
#16565 = EDGE_CURVE('',#16541,#16533,#16566,.T.);
#16566 = CIRCLE('',#16567,0.65);
#16567 = AXIS2_PLACEMENT_3D('',#16568,#16569,#16570);
#16568 = CARTESIAN_POINT('',(-4.,0.,-12.475));
#16569 = DIRECTION('',(0.,0.,-1.));
#16570 = DIRECTION('',(0.,-1.,0.));
#16571 = ORIENTED_EDGE('',*,*,#16532,.T.);
#16572 = ORIENTED_EDGE('',*,*,#2760,.F.);
#16573 = CYLINDRICAL_SURFACE('',#16574,0.65);
#16574 = AXIS2_PLACEMENT_3D('',#16575,#16576,#16577);
#16575 = CARTESIAN_POINT('',(-4.,0.,-12.475));
#16576 = DIRECTION('',(0.,0.,-1.));
#16577 = DIRECTION('',(0.,1.,0.));
#16578 = ADVANCED_FACE('',(#16579),#16583,.F.);
#16579 = FACE_BOUND('',#16580,.F.);
#16580 = EDGE_LOOP('',(#16581,#16582));
#16581 = ORIENTED_EDGE('',*,*,#16540,.T.);
#16582 = ORIENTED_EDGE('',*,*,#16565,.T.);
#16583 = PLANE('',#16584);
#16584 = AXIS2_PLACEMENT_3D('',#16585,#16586,#16587);
#16585 = CARTESIAN_POINT('',(-4.,0.,-12.475));
#16586 = DIRECTION('',(0.,0.,-1.));
#16587 = DIRECTION('',(0.,1.,0.));
#16588 = ADVANCED_FACE('',(#16589),#16615,.T.);
#16589 = FACE_BOUND('',#16590,.T.);
#16590 = EDGE_LOOP('',(#16591,#16599,#16608,#16614));
#16591 = ORIENTED_EDGE('',*,*,#16592,.F.);
#16592 = EDGE_CURVE('',#16593,#2770,#16595,.T.);
#16593 = VERTEX_POINT('',#16594);
#16594 = CARTESIAN_POINT('',(0.,0.65,-12.475));
#16595 = LINE('',#16596,#16597);
#16596 = CARTESIAN_POINT('',(0.,0.65,-12.475));
#16597 = VECTOR('',#16598,1.);
#16598 = DIRECTION('',(0.,0.,-1.));
#16599 = ORIENTED_EDGE('',*,*,#16600,.T.);
#16600 = EDGE_CURVE('',#16593,#16601,#16603,.T.);
#16601 = VERTEX_POINT('',#16602);
#16602 = CARTESIAN_POINT('',(0.,-0.65,-12.475));
#16603 = CIRCLE('',#16604,0.65);
#16604 = AXIS2_PLACEMENT_3D('',#16605,#16606,#16607);
#16605 = CARTESIAN_POINT('',(0.,0.,-12.475));
#16606 = DIRECTION('',(0.,0.,-1.));
#16607 = DIRECTION('',(0.,1.,0.));
#16608 = ORIENTED_EDGE('',*,*,#16609,.T.);
#16609 = EDGE_CURVE('',#16601,#2772,#16610,.T.);
#16610 = LINE('',#16611,#16612);
#16611 = CARTESIAN_POINT('',(0.,-0.65,-12.475));
#16612 = VECTOR('',#16613,1.);
#16613 = DIRECTION('',(0.,0.,-1.));
#16614 = ORIENTED_EDGE('',*,*,#2769,.F.);
#16615 = CYLINDRICAL_SURFACE('',#16616,0.65);
#16616 = AXIS2_PLACEMENT_3D('',#16617,#16618,#16619);
#16617 = CARTESIAN_POINT('',(0.,0.,-12.475));
#16618 = DIRECTION('',(0.,0.,-1.));
#16619 = DIRECTION('',(0.,1.,0.));
#16620 = ADVANCED_FACE('',(#16621),#16633,.T.);
#16621 = FACE_BOUND('',#16622,.T.);
#16622 = EDGE_LOOP('',(#16623,#16624,#16631,#16632));
#16623 = ORIENTED_EDGE('',*,*,#16609,.F.);
#16624 = ORIENTED_EDGE('',*,*,#16625,.T.);
#16625 = EDGE_CURVE('',#16601,#16593,#16626,.T.);
#16626 = CIRCLE('',#16627,0.65);
#16627 = AXIS2_PLACEMENT_3D('',#16628,#16629,#16630);
#16628 = CARTESIAN_POINT('',(0.,0.,-12.475));
#16629 = DIRECTION('',(0.,0.,-1.));
#16630 = DIRECTION('',(0.,-1.,0.));
#16631 = ORIENTED_EDGE('',*,*,#16592,.T.);
#16632 = ORIENTED_EDGE('',*,*,#2780,.F.);
#16633 = CYLINDRICAL_SURFACE('',#16634,0.65);
#16634 = AXIS2_PLACEMENT_3D('',#16635,#16636,#16637);
#16635 = CARTESIAN_POINT('',(0.,0.,-12.475));
#16636 = DIRECTION('',(0.,0.,-1.));
#16637 = DIRECTION('',(0.,1.,0.));
#16638 = ADVANCED_FACE('',(#16639),#16643,.F.);
#16639 = FACE_BOUND('',#16640,.F.);
#16640 = EDGE_LOOP('',(#16641,#16642));
#16641 = ORIENTED_EDGE('',*,*,#16600,.T.);
#16642 = ORIENTED_EDGE('',*,*,#16625,.T.);
#16643 = PLANE('',#16644);
#16644 = AXIS2_PLACEMENT_3D('',#16645,#16646,#16647);
#16645 = CARTESIAN_POINT('',(0.,0.,-12.475));
#16646 = DIRECTION('',(0.,0.,-1.));
#16647 = DIRECTION('',(0.,1.,0.));
#16648 = ADVANCED_FACE('',(#16649),#16675,.T.);
#16649 = FACE_BOUND('',#16650,.T.);
#16650 = EDGE_LOOP('',(#16651,#16659,#16668,#16674));
#16651 = ORIENTED_EDGE('',*,*,#16652,.F.);
#16652 = EDGE_CURVE('',#16653,#2790,#16655,.T.);
#16653 = VERTEX_POINT('',#16654);
#16654 = CARTESIAN_POINT('',(4.,0.65,-12.475));
#16655 = LINE('',#16656,#16657);
#16656 = CARTESIAN_POINT('',(4.,0.65,-12.475));
#16657 = VECTOR('',#16658,1.);
#16658 = DIRECTION('',(0.,0.,-1.));
#16659 = ORIENTED_EDGE('',*,*,#16660,.T.);
#16660 = EDGE_CURVE('',#16653,#16661,#16663,.T.);
#16661 = VERTEX_POINT('',#16662);
#16662 = CARTESIAN_POINT('',(4.,-0.65,-12.475));
#16663 = CIRCLE('',#16664,0.65);
#16664 = AXIS2_PLACEMENT_3D('',#16665,#16666,#16667);
#16665 = CARTESIAN_POINT('',(4.,0.,-12.475));
#16666 = DIRECTION('',(0.,0.,-1.));
#16667 = DIRECTION('',(0.,1.,0.));
#16668 = ORIENTED_EDGE('',*,*,#16669,.T.);
#16669 = EDGE_CURVE('',#16661,#2792,#16670,.T.);
#16670 = LINE('',#16671,#16672);
#16671 = CARTESIAN_POINT('',(4.,-0.65,-12.475));
#16672 = VECTOR('',#16673,1.);
#16673 = DIRECTION('',(0.,0.,-1.));
#16674 = ORIENTED_EDGE('',*,*,#2789,.F.);
#16675 = CYLINDRICAL_SURFACE('',#16676,0.65);
#16676 = AXIS2_PLACEMENT_3D('',#16677,#16678,#16679);
#16677 = CARTESIAN_POINT('',(4.,0.,-12.475));
#16678 = DIRECTION('',(0.,0.,-1.));
#16679 = DIRECTION('',(0.,1.,0.));
#16680 = ADVANCED_FACE('',(#16681),#16693,.T.);
#16681 = FACE_BOUND('',#16682,.T.);
#16682 = EDGE_LOOP('',(#16683,#16684,#16691,#16692));
#16683 = ORIENTED_EDGE('',*,*,#16669,.F.);
#16684 = ORIENTED_EDGE('',*,*,#16685,.T.);
#16685 = EDGE_CURVE('',#16661,#16653,#16686,.T.);
#16686 = CIRCLE('',#16687,0.65);
#16687 = AXIS2_PLACEMENT_3D('',#16688,#16689,#16690);
#16688 = CARTESIAN_POINT('',(4.,0.,-12.475));
#16689 = DIRECTION('',(0.,0.,-1.));
#16690 = DIRECTION('',(0.,-1.,0.));
#16691 = ORIENTED_EDGE('',*,*,#16652,.T.);
#16692 = ORIENTED_EDGE('',*,*,#2800,.F.);
#16693 = CYLINDRICAL_SURFACE('',#16694,0.65);
#16694 = AXIS2_PLACEMENT_3D('',#16695,#16696,#16697);
#16695 = CARTESIAN_POINT('',(4.,0.,-12.475));
#16696 = DIRECTION('',(0.,0.,-1.));
#16697 = DIRECTION('',(0.,1.,0.));
#16698 = ADVANCED_FACE('',(#16699),#16703,.F.);
#16699 = FACE_BOUND('',#16700,.F.);
#16700 = EDGE_LOOP('',(#16701,#16702));
#16701 = ORIENTED_EDGE('',*,*,#16660,.T.);
#16702 = ORIENTED_EDGE('',*,*,#16685,.T.);
#16703 = PLANE('',#16704);
#16704 = AXIS2_PLACEMENT_3D('',#16705,#16706,#16707);
#16705 = CARTESIAN_POINT('',(4.,0.,-12.475));
#16706 = DIRECTION('',(0.,0.,-1.));
#16707 = DIRECTION('',(0.,1.,0.));
#16708 = ADVANCED_FACE('',(#16709),#16735,.T.);
#16709 = FACE_BOUND('',#16710,.T.);
#16710 = EDGE_LOOP('',(#16711,#16719,#16728,#16734));
#16711 = ORIENTED_EDGE('',*,*,#16712,.F.);
#16712 = EDGE_CURVE('',#16713,#2810,#16715,.T.);
#16713 = VERTEX_POINT('',#16714);
#16714 = CARTESIAN_POINT('',(8.,0.65,-12.475));
#16715 = LINE('',#16716,#16717);
#16716 = CARTESIAN_POINT('',(8.,0.65,-12.475));
#16717 = VECTOR('',#16718,1.);
#16718 = DIRECTION('',(0.,0.,-1.));
#16719 = ORIENTED_EDGE('',*,*,#16720,.T.);
#16720 = EDGE_CURVE('',#16713,#16721,#16723,.T.);
#16721 = VERTEX_POINT('',#16722);
#16722 = CARTESIAN_POINT('',(8.,-0.65,-12.475));
#16723 = CIRCLE('',#16724,0.65);
#16724 = AXIS2_PLACEMENT_3D('',#16725,#16726,#16727);
#16725 = CARTESIAN_POINT('',(8.,0.,-12.475));
#16726 = DIRECTION('',(0.,0.,-1.));
#16727 = DIRECTION('',(0.,1.,0.));
#16728 = ORIENTED_EDGE('',*,*,#16729,.T.);
#16729 = EDGE_CURVE('',#16721,#2812,#16730,.T.);
#16730 = LINE('',#16731,#16732);
#16731 = CARTESIAN_POINT('',(8.,-0.65,-12.475));
#16732 = VECTOR('',#16733,1.);
#16733 = DIRECTION('',(0.,0.,-1.));
#16734 = ORIENTED_EDGE('',*,*,#2809,.F.);
#16735 = CYLINDRICAL_SURFACE('',#16736,0.65);
#16736 = AXIS2_PLACEMENT_3D('',#16737,#16738,#16739);
#16737 = CARTESIAN_POINT('',(8.,0.,-12.475));
#16738 = DIRECTION('',(0.,0.,-1.));
#16739 = DIRECTION('',(0.,1.,0.));
#16740 = ADVANCED_FACE('',(#16741),#16753,.T.);
#16741 = FACE_BOUND('',#16742,.T.);
#16742 = EDGE_LOOP('',(#16743,#16744,#16751,#16752));
#16743 = ORIENTED_EDGE('',*,*,#16729,.F.);
#16744 = ORIENTED_EDGE('',*,*,#16745,.T.);
#16745 = EDGE_CURVE('',#16721,#16713,#16746,.T.);
#16746 = CIRCLE('',#16747,0.65);
#16747 = AXIS2_PLACEMENT_3D('',#16748,#16749,#16750);
#16748 = CARTESIAN_POINT('',(8.,0.,-12.475));
#16749 = DIRECTION('',(0.,0.,-1.));
#16750 = DIRECTION('',(0.,-1.,0.));
#16751 = ORIENTED_EDGE('',*,*,#16712,.T.);
#16752 = ORIENTED_EDGE('',*,*,#2820,.F.);
#16753 = CYLINDRICAL_SURFACE('',#16754,0.65);
#16754 = AXIS2_PLACEMENT_3D('',#16755,#16756,#16757);
#16755 = CARTESIAN_POINT('',(8.,0.,-12.475));
#16756 = DIRECTION('',(0.,0.,-1.));
#16757 = DIRECTION('',(0.,1.,0.));
#16758 = ADVANCED_FACE('',(#16759),#16763,.F.);
#16759 = FACE_BOUND('',#16760,.F.);
#16760 = EDGE_LOOP('',(#16761,#16762));
#16761 = ORIENTED_EDGE('',*,*,#16720,.T.);
#16762 = ORIENTED_EDGE('',*,*,#16745,.T.);
#16763 = PLANE('',#16764);
#16764 = AXIS2_PLACEMENT_3D('',#16765,#16766,#16767);
#16765 = CARTESIAN_POINT('',(8.,0.,-12.475));
#16766 = DIRECTION('',(0.,0.,-1.));
#16767 = DIRECTION('',(0.,1.,0.));
#16768 = ADVANCED_FACE('',(#16769),#16795,.T.);
#16769 = FACE_BOUND('',#16770,.T.);
#16770 = EDGE_LOOP('',(#16771,#16779,#16788,#16794));
#16771 = ORIENTED_EDGE('',*,*,#16772,.F.);
#16772 = EDGE_CURVE('',#16773,#2830,#16775,.T.);
#16773 = VERTEX_POINT('',#16774);
#16774 = CARTESIAN_POINT('',(12.,0.65,-12.475));
#16775 = LINE('',#16776,#16777);
#16776 = CARTESIAN_POINT('',(12.,0.65,-12.475));
#16777 = VECTOR('',#16778,1.);
#16778 = DIRECTION('',(0.,0.,-1.));
#16779 = ORIENTED_EDGE('',*,*,#16780,.T.);
#16780 = EDGE_CURVE('',#16773,#16781,#16783,.T.);
#16781 = VERTEX_POINT('',#16782);
#16782 = CARTESIAN_POINT('',(12.,-0.65,-12.475));
#16783 = CIRCLE('',#16784,0.65);
#16784 = AXIS2_PLACEMENT_3D('',#16785,#16786,#16787);
#16785 = CARTESIAN_POINT('',(12.,0.,-12.475));
#16786 = DIRECTION('',(0.,0.,-1.));
#16787 = DIRECTION('',(0.,1.,0.));
#16788 = ORIENTED_EDGE('',*,*,#16789,.T.);
#16789 = EDGE_CURVE('',#16781,#2832,#16790,.T.);
#16790 = LINE('',#16791,#16792);
#16791 = CARTESIAN_POINT('',(12.,-0.65,-12.475));
#16792 = VECTOR('',#16793,1.);
#16793 = DIRECTION('',(0.,0.,-1.));
#16794 = ORIENTED_EDGE('',*,*,#2829,.F.);
#16795 = CYLINDRICAL_SURFACE('',#16796,0.65);
#16796 = AXIS2_PLACEMENT_3D('',#16797,#16798,#16799);
#16797 = CARTESIAN_POINT('',(12.,0.,-12.475));
#16798 = DIRECTION('',(0.,0.,-1.));
#16799 = DIRECTION('',(0.,1.,0.));
#16800 = ADVANCED_FACE('',(#16801),#16813,.T.);
#16801 = FACE_BOUND('',#16802,.T.);
#16802 = EDGE_LOOP('',(#16803,#16804,#16811,#16812));
#16803 = ORIENTED_EDGE('',*,*,#16789,.F.);
#16804 = ORIENTED_EDGE('',*,*,#16805,.T.);
#16805 = EDGE_CURVE('',#16781,#16773,#16806,.T.);
#16806 = CIRCLE('',#16807,0.65);
#16807 = AXIS2_PLACEMENT_3D('',#16808,#16809,#16810);
#16808 = CARTESIAN_POINT('',(12.,0.,-12.475));
#16809 = DIRECTION('',(0.,0.,-1.));
#16810 = DIRECTION('',(0.,-1.,0.));
#16811 = ORIENTED_EDGE('',*,*,#16772,.T.);
#16812 = ORIENTED_EDGE('',*,*,#2840,.F.);
#16813 = CYLINDRICAL_SURFACE('',#16814,0.65);
#16814 = AXIS2_PLACEMENT_3D('',#16815,#16816,#16817);
#16815 = CARTESIAN_POINT('',(12.,0.,-12.475));
#16816 = DIRECTION('',(0.,0.,-1.));
#16817 = DIRECTION('',(0.,1.,0.));
#16818 = ADVANCED_FACE('',(#16819),#16823,.F.);
#16819 = FACE_BOUND('',#16820,.F.);
#16820 = EDGE_LOOP('',(#16821,#16822));
#16821 = ORIENTED_EDGE('',*,*,#16780,.T.);
#16822 = ORIENTED_EDGE('',*,*,#16805,.T.);
#16823 = PLANE('',#16824);
#16824 = AXIS2_PLACEMENT_3D('',#16825,#16826,#16827);
#16825 = CARTESIAN_POINT('',(12.,0.,-12.475));
#16826 = DIRECTION('',(0.,0.,-1.));
#16827 = DIRECTION('',(0.,1.,0.));
#16828 = ADVANCED_FACE('',(#16829),#16854,.T.);
#16829 = FACE_BOUND('',#16830,.F.);
#16830 = EDGE_LOOP('',(#16831,#16832,#16840,#16848));
#16831 = ORIENTED_EDGE('',*,*,#2849,.F.);
#16832 = ORIENTED_EDGE('',*,*,#16833,.T.);
#16833 = EDGE_CURVE('',#2850,#16834,#16836,.T.);
#16834 = VERTEX_POINT('',#16835);
#16835 = CARTESIAN_POINT('',(-16.67567567568,3.25,-19.8));
#16836 = LINE('',#16837,#16838);
#16837 = CARTESIAN_POINT('',(-16.67567567568,3.25,-20.));
#16838 = VECTOR('',#16839,1.);
#16839 = DIRECTION('',(0.,0.,1.));
#16840 = ORIENTED_EDGE('',*,*,#16841,.T.);
#16841 = EDGE_CURVE('',#16834,#16842,#16844,.T.);
#16842 = VERTEX_POINT('',#16843);
#16843 = CARTESIAN_POINT('',(-16.35135135135,3.25,-19.8));
#16844 = LINE('',#16845,#16846);
#16845 = CARTESIAN_POINT('',(-16.67567567568,3.25,-19.8));
#16846 = VECTOR('',#16847,1.);
#16847 = DIRECTION('',(1.,0.,0.));
#16848 = ORIENTED_EDGE('',*,*,#16849,.F.);
#16849 = EDGE_CURVE('',#2852,#16842,#16850,.T.);
#16850 = LINE('',#16851,#16852);
#16851 = CARTESIAN_POINT('',(-16.35135135135,3.25,-20.));
#16852 = VECTOR('',#16853,1.);
#16853 = DIRECTION('',(0.,0.,1.));
#16854 = PLANE('',#16855);
#16855 = AXIS2_PLACEMENT_3D('',#16856,#16857,#16858);
#16856 = CARTESIAN_POINT('',(-16.67567567568,3.25,-20.));
#16857 = DIRECTION('',(0.,-1.,0.));
#16858 = DIRECTION('',(1.,0.,0.));
#16859 = ADVANCED_FACE('',(#16860),#16878,.T.);
#16860 = FACE_BOUND('',#16861,.F.);
#16861 = EDGE_LOOP('',(#16862,#16863,#16871,#16877));
#16862 = ORIENTED_EDGE('',*,*,#2899,.F.);
#16863 = ORIENTED_EDGE('',*,*,#16864,.T.);
#16864 = EDGE_CURVE('',#2892,#16865,#16867,.T.);
#16865 = VERTEX_POINT('',#16866);
#16866 = CARTESIAN_POINT('',(-16.67567567568,4.909574508667,-19.8));
#16867 = LINE('',#16868,#16869);
#16868 = CARTESIAN_POINT('',(-16.67567567568,4.909574508667,-20.));
#16869 = VECTOR('',#16870,1.);
#16870 = DIRECTION('',(0.,0.,1.));
#16871 = ORIENTED_EDGE('',*,*,#16872,.T.);
#16872 = EDGE_CURVE('',#16865,#16834,#16873,.T.);
#16873 = LINE('',#16874,#16875);
#16874 = CARTESIAN_POINT('',(-16.67567567568,4.909574508667,-19.8));
#16875 = VECTOR('',#16876,1.);
#16876 = DIRECTION('',(0.,-1.,0.));
#16877 = ORIENTED_EDGE('',*,*,#16833,.F.);
#16878 = PLANE('',#16879);
#16879 = AXIS2_PLACEMENT_3D('',#16880,#16881,#16882);
#16880 = CARTESIAN_POINT('',(-16.67567567568,4.909574508667,-20.));
#16881 = DIRECTION('',(-1.,0.,0.));
#16882 = DIRECTION('',(0.,-1.,0.));
#16883 = ADVANCED_FACE('',(#16884),#16902,.T.);
#16884 = FACE_BOUND('',#16885,.F.);
#16885 = EDGE_LOOP('',(#16886,#16887,#16895,#16901));
#16886 = ORIENTED_EDGE('',*,*,#2891,.F.);
#16887 = ORIENTED_EDGE('',*,*,#16888,.T.);
#16888 = EDGE_CURVE('',#2884,#16889,#16891,.T.);
#16889 = VERTEX_POINT('',#16890);
#16890 = CARTESIAN_POINT('',(-17.,4.611702084541,-19.8));
#16891 = LINE('',#16892,#16893);
#16892 = CARTESIAN_POINT('',(-17.,4.611702084541,-20.));
#16893 = VECTOR('',#16894,1.);
#16894 = DIRECTION('',(0.,0.,1.));
#16895 = ORIENTED_EDGE('',*,*,#16896,.T.);
#16896 = EDGE_CURVE('',#16889,#16865,#16897,.T.);
#16897 = LINE('',#16898,#16899);
#16898 = CARTESIAN_POINT('',(-17.,4.611702084541,-19.8));
#16899 = VECTOR('',#16900,1.);
#16900 = DIRECTION('',(0.736503239365,0.676434016298,0.));
#16901 = ORIENTED_EDGE('',*,*,#16864,.F.);
#16902 = PLANE('',#16903);
#16903 = AXIS2_PLACEMENT_3D('',#16904,#16905,#16906);
#16904 = CARTESIAN_POINT('',(-17.,4.611702084541,-20.));
#16905 = DIRECTION('',(0.676434016298,-0.736503239365,0.));
#16906 = DIRECTION('',(0.736503239365,0.676434016298,0.));
#16907 = ADVANCED_FACE('',(#16908),#16926,.T.);
#16908 = FACE_BOUND('',#16909,.F.);
#16909 = EDGE_LOOP('',(#16910,#16911,#16919,#16925));
#16910 = ORIENTED_EDGE('',*,*,#2883,.F.);
#16911 = ORIENTED_EDGE('',*,*,#16912,.T.);
#16912 = EDGE_CURVE('',#2876,#16913,#16915,.T.);
#16913 = VERTEX_POINT('',#16914);
#16914 = CARTESIAN_POINT('',(-17.,4.952127695084,-19.8));
#16915 = LINE('',#16916,#16917);
#16916 = CARTESIAN_POINT('',(-17.,4.952127695084,-20.));
#16917 = VECTOR('',#16918,1.);
#16918 = DIRECTION('',(0.,0.,1.));
#16919 = ORIENTED_EDGE('',*,*,#16920,.T.);
#16920 = EDGE_CURVE('',#16913,#16889,#16921,.T.);
#16921 = LINE('',#16922,#16923);
#16922 = CARTESIAN_POINT('',(-17.,4.952127695084,-19.8));
#16923 = VECTOR('',#16924,1.);
#16924 = DIRECTION('',(0.,-1.,0.));
#16925 = ORIENTED_EDGE('',*,*,#16888,.F.);
#16926 = PLANE('',#16927);
#16927 = AXIS2_PLACEMENT_3D('',#16928,#16929,#16930);
#16928 = CARTESIAN_POINT('',(-17.,4.952127695084,-20.));
#16929 = DIRECTION('',(-1.,0.,0.));
#16930 = DIRECTION('',(0.,-1.,0.));
#16931 = ADVANCED_FACE('',(#16932),#16950,.T.);
#16932 = FACE_BOUND('',#16933,.F.);
#16933 = EDGE_LOOP('',(#16934,#16935,#16943,#16949));
#16934 = ORIENTED_EDGE('',*,*,#2875,.F.);
#16935 = ORIENTED_EDGE('',*,*,#16936,.T.);
#16936 = EDGE_CURVE('',#2868,#16937,#16939,.T.);
#16937 = VERTEX_POINT('',#16938);
#16938 = CARTESIAN_POINT('',(-16.67567567568,5.25,-19.8));
#16939 = LINE('',#16940,#16941);
#16940 = CARTESIAN_POINT('',(-16.67567567568,5.25,-20.));
#16941 = VECTOR('',#16942,1.);
#16942 = DIRECTION('',(0.,0.,1.));
#16943 = ORIENTED_EDGE('',*,*,#16944,.T.);
#16944 = EDGE_CURVE('',#16937,#16913,#16945,.T.);
#16945 = LINE('',#16946,#16947);
#16946 = CARTESIAN_POINT('',(-16.67567567568,5.25,-19.8));
#16947 = VECTOR('',#16948,1.);
#16948 = DIRECTION('',(-0.736503374232,-0.676433869455,0.));
#16949 = ORIENTED_EDGE('',*,*,#16912,.F.);
#16950 = PLANE('',#16951);
#16951 = AXIS2_PLACEMENT_3D('',#16952,#16953,#16954);
#16952 = CARTESIAN_POINT('',(-16.67567567568,5.25,-20.));
#16953 = DIRECTION('',(-0.676433869455,0.736503374232,0.));
#16954 = DIRECTION('',(-0.736503374232,-0.676433869455,0.));
#16955 = ADVANCED_FACE('',(#16956),#16974,.T.);
#16956 = FACE_BOUND('',#16957,.F.);
#16957 = EDGE_LOOP('',(#16958,#16959,#16967,#16973));
#16958 = ORIENTED_EDGE('',*,*,#2867,.F.);
#16959 = ORIENTED_EDGE('',*,*,#16960,.T.);
#16960 = EDGE_CURVE('',#2860,#16961,#16963,.T.);
#16961 = VERTEX_POINT('',#16962);
#16962 = CARTESIAN_POINT('',(-16.35135135135,5.25,-19.8));
#16963 = LINE('',#16964,#16965);
#16964 = CARTESIAN_POINT('',(-16.35135135135,5.25,-20.));
#16965 = VECTOR('',#16966,1.);
#16966 = DIRECTION('',(0.,0.,1.));
#16967 = ORIENTED_EDGE('',*,*,#16968,.T.);
#16968 = EDGE_CURVE('',#16961,#16937,#16969,.T.);
#16969 = LINE('',#16970,#16971);
#16970 = CARTESIAN_POINT('',(-16.35135135135,5.25,-19.8));
#16971 = VECTOR('',#16972,1.);
#16972 = DIRECTION('',(-1.,0.,0.));
#16973 = ORIENTED_EDGE('',*,*,#16936,.F.);
#16974 = PLANE('',#16975);
#16975 = AXIS2_PLACEMENT_3D('',#16976,#16977,#16978);
#16976 = CARTESIAN_POINT('',(-16.35135135135,5.25,-20.));
#16977 = DIRECTION('',(0.,1.,0.));
#16978 = DIRECTION('',(-1.,0.,0.));
#16979 = ADVANCED_FACE('',(#16980),#16991,.T.);
#16980 = FACE_BOUND('',#16981,.F.);
#16981 = EDGE_LOOP('',(#16982,#16983,#16984,#16990));
#16982 = ORIENTED_EDGE('',*,*,#2859,.F.);
#16983 = ORIENTED_EDGE('',*,*,#16849,.T.);
#16984 = ORIENTED_EDGE('',*,*,#16985,.T.);
#16985 = EDGE_CURVE('',#16842,#16961,#16986,.T.);
#16986 = LINE('',#16987,#16988);
#16987 = CARTESIAN_POINT('',(-16.35135135135,3.25,-19.8));
#16988 = VECTOR('',#16989,1.);
#16989 = DIRECTION('',(0.,1.,0.));
#16990 = ORIENTED_EDGE('',*,*,#16960,.F.);
#16991 = PLANE('',#16992);
#16992 = AXIS2_PLACEMENT_3D('',#16993,#16994,#16995);
#16993 = CARTESIAN_POINT('',(-16.35135135135,3.25,-20.));
#16994 = DIRECTION('',(1.,0.,0.));
#16995 = DIRECTION('',(-0.,1.,0.));
#16996 = ADVANCED_FACE('',(#16997),#17006,.T.);
#16997 = FACE_BOUND('',#16998,.F.);
#16998 = EDGE_LOOP('',(#16999,#17000,#17001,#17002,#17003,#17004,#17005)
  );
#16999 = ORIENTED_EDGE('',*,*,#16985,.F.);
#17000 = ORIENTED_EDGE('',*,*,#16841,.F.);
#17001 = ORIENTED_EDGE('',*,*,#16872,.F.);
#17002 = ORIENTED_EDGE('',*,*,#16896,.F.);
#17003 = ORIENTED_EDGE('',*,*,#16920,.F.);
#17004 = ORIENTED_EDGE('',*,*,#16944,.F.);
#17005 = ORIENTED_EDGE('',*,*,#16968,.F.);
#17006 = PLANE('',#17007);
#17007 = AXIS2_PLACEMENT_3D('',#17008,#17009,#17010);
#17008 = CARTESIAN_POINT('',(0.,0.,-19.8));
#17009 = DIRECTION('',(0.,0.,1.));
#17010 = DIRECTION('',(1.,0.,-0.));
#17011 = ADVANCED_FACE('',(#17012,#17334),#17496,.T.);
#17012 = FACE_BOUND('',#17013,.F.);
#17013 = EDGE_LOOP('',(#17014,#17024,#17032,#17040,#17048,#17056,#17064,
    #17072,#17080,#17088,#17096,#17104,#17112,#17120,#17128,#17136,
    #17144,#17152,#17160,#17168,#17176,#17184,#17192,#17200,#17208,
    #17216,#17224,#17232,#17240,#17248,#17256,#17264,#17272,#17280,
    #17288,#17296,#17304,#17312,#17320,#17328));
#17014 = ORIENTED_EDGE('',*,*,#17015,.F.);
#17015 = EDGE_CURVE('',#17016,#17018,#17020,.T.);
#17016 = VERTEX_POINT('',#17017);
#17017 = CARTESIAN_POINT('',(-14.93409090713,-0.331914889813,-19.8));
#17018 = VERTEX_POINT('',#17019);
#17019 = CARTESIAN_POINT('',(-14.90113636364,-0.459574478865,-19.8));
#17020 = LINE('',#17021,#17022);
#17021 = CARTESIAN_POINT('',(-14.93409090713,-0.331914889813,-19.8));
#17022 = VECTOR('',#17023,1.);
#17023 = DIRECTION('',(0.249950078156,-0.968258724944,0.));
#17024 = ORIENTED_EDGE('',*,*,#17025,.F.);
#17025 = EDGE_CURVE('',#17026,#17016,#17028,.T.);
#17026 = VERTEX_POINT('',#17027);
#17027 = CARTESIAN_POINT('',(-14.76931818968,-0.331914889813,-19.8));
#17028 = LINE('',#17029,#17030);
#17029 = CARTESIAN_POINT('',(-14.76931818968,-0.331914889813,-19.8));
#17030 = VECTOR('',#17031,1.);
#17031 = DIRECTION('',(-1.,0.,0.));
#17032 = ORIENTED_EDGE('',*,*,#17033,.F.);
#17033 = EDGE_CURVE('',#17034,#17026,#17036,.T.);
#17034 = VERTEX_POINT('',#17035);
#17035 = CARTESIAN_POINT('',(-14.70340909091,-0.459574478865,-19.8));
#17036 = LINE('',#17037,#17038);
#17037 = CARTESIAN_POINT('',(-14.70340909091,-0.459574478865,-19.8));
#17038 = VECTOR('',#17039,1.);
#17039 = DIRECTION('',(-0.458754372775,0.888563124072,0.));
#17040 = ORIENTED_EDGE('',*,*,#17041,.F.);
#17041 = EDGE_CURVE('',#17042,#17034,#17044,.T.);
#17042 = VERTEX_POINT('',#17043);
#17043 = CARTESIAN_POINT('',(-14.60454545455,-0.544680851698,-19.8));
#17044 = LINE('',#17045,#17046);
#17045 = CARTESIAN_POINT('',(-14.60454545455,-0.544680851698,-19.8));
#17046 = VECTOR('',#17047,1.);
#17047 = DIRECTION('',(-0.757868114203,0.652407787718,0.));
#17048 = ORIENTED_EDGE('',*,*,#17049,.F.);
#17049 = EDGE_CURVE('',#17050,#17042,#17052,.T.);
#17050 = VERTEX_POINT('',#17051);
#17051 = CARTESIAN_POINT('',(-14.50568181818,-0.587234038115,-19.8));
#17052 = LINE('',#17053,#17054);
#17053 = CARTESIAN_POINT('',(-14.50568181818,-0.587234038115,-19.8));
#17054 = VECTOR('',#17055,1.);
#17055 = DIRECTION('',(-0.918528117225,0.395355659966,0.));
#17056 = ORIENTED_EDGE('',*,*,#17057,.F.);
#17057 = EDGE_CURVE('',#17058,#17050,#17060,.T.);
#17058 = VERTEX_POINT('',#17059);
#17059 = CARTESIAN_POINT('',(-14.30795454545,-0.587234038115,-19.8));
#17060 = LINE('',#17061,#17062);
#17061 = CARTESIAN_POINT('',(-14.30795454545,-0.587234038115,-19.8));
#17062 = VECTOR('',#17063,1.);
#17063 = DIRECTION('',(-1.,0.,0.));
#17064 = ORIENTED_EDGE('',*,*,#17065,.F.);
#17065 = EDGE_CURVE('',#17066,#17058,#17068,.T.);
#17066 = VERTEX_POINT('',#17067);
#17067 = CARTESIAN_POINT('',(-14.20909090909,-0.544680851698,-19.8));
#17068 = LINE('',#17069,#17070);
#17069 = CARTESIAN_POINT('',(-14.20909090909,-0.544680851698,-19.8));
#17070 = VECTOR('',#17071,1.);
#17071 = DIRECTION('',(-0.918528117225,-0.395355659966,0.));
#17072 = ORIENTED_EDGE('',*,*,#17073,.F.);
#17073 = EDGE_CURVE('',#17074,#17066,#17076,.T.);
#17074 = VERTEX_POINT('',#17075);
#17075 = CARTESIAN_POINT('',(-14.11022727273,-0.459574478865,-19.8));
#17076 = LINE('',#17077,#17078);
#17077 = CARTESIAN_POINT('',(-14.11022727273,-0.459574478865,-19.8));
#17078 = VECTOR('',#17079,1.);
#17079 = DIRECTION('',(-0.757868114203,-0.652407787718,0.));
#17080 = ORIENTED_EDGE('',*,*,#17081,.F.);
#17081 = EDGE_CURVE('',#17082,#17074,#17084,.T.);
#17082 = VERTEX_POINT('',#17083);
#17083 = CARTESIAN_POINT('',(-14.04431815039,-0.331914889813,-19.8));
#17084 = LINE('',#17085,#17086);
#17085 = CARTESIAN_POINT('',(-14.04431815039,-0.331914889813,-19.8));
#17086 = VECTOR('',#17087,1.);
#17087 = DIRECTION('',(-0.45875450231,-0.888563057194,0.));
#17088 = ORIENTED_EDGE('',*,*,#17089,.F.);
#17089 = EDGE_CURVE('',#17090,#17082,#17092,.T.);
#17090 = VERTEX_POINT('',#17091);
#17091 = CARTESIAN_POINT('',(-14.01136363636,-0.204255330563,-19.8));
#17092 = LINE('',#17093,#17094);
#17093 = CARTESIAN_POINT('',(-14.01136363636,-0.204255330563,-19.8));
#17094 = VECTOR('',#17095,1.);
#17095 = DIRECTION('',(-0.249949923351,-0.968258764906,0.));
#17096 = ORIENTED_EDGE('',*,*,#17097,.F.);
#17097 = EDGE_CURVE('',#17098,#17090,#17100,.T.);
#17098 = VERTEX_POINT('',#17099);
#17099 = CARTESIAN_POINT('',(-13.97840912234,5.106384754181E-02,-19.8));
#17100 = LINE('',#17101,#17102);
#17101 = CARTESIAN_POINT('',(-13.97840912234,5.106384754181E-02,-19.8));
#17102 = VECTOR('',#17103,1.);
#17103 = DIRECTION('',(-0.128009942995,-0.991772884533,0.));
#17104 = ORIENTED_EDGE('',*,*,#17105,.F.);
#17105 = EDGE_CURVE('',#17106,#17098,#17108,.T.);
#17106 = VERTEX_POINT('',#17107);
#17107 = CARTESIAN_POINT('',(-13.97840912234,0.136170220375,-19.8));
#17108 = LINE('',#17109,#17110);
#17109 = CARTESIAN_POINT('',(-13.97840912234,0.136170220375,-19.8));
#17110 = VECTOR('',#17111,1.);
#17111 = DIRECTION('',(0.,-1.,0.));
#17112 = ORIENTED_EDGE('',*,*,#17113,.F.);
#17113 = EDGE_CURVE('',#17114,#17106,#17116,.T.);
#17114 = VERTEX_POINT('',#17115);
#17115 = CARTESIAN_POINT('',(-14.17613639506,-3.404252529144E-02,-19.8)
  );
#17116 = LINE('',#17117,#17118);
#17117 = CARTESIAN_POINT('',(-14.17613639506,-3.404252529144E-02,-19.8)
  );
#17118 = VECTOR('',#17119,1.);
#17119 = DIRECTION('',(0.757868114203,0.652407787718,0.));
#17120 = ORIENTED_EDGE('',*,*,#17121,.F.);
#17121 = EDGE_CURVE('',#17122,#17114,#17124,.T.);
#17122 = VERTEX_POINT('',#17123);
#17123 = CARTESIAN_POINT('',(-14.34090910662,-7.659577131271E-02,-19.8)
  );
#17124 = LINE('',#17125,#17126);
#17125 = CARTESIAN_POINT('',(-14.34090910662,-7.659577131271E-02,-19.8)
  );
#17126 = VECTOR('',#17127,1.);
#17127 = DIRECTION('',(0.968232870354,0.250050212491,0.));
#17128 = ORIENTED_EDGE('',*,*,#17129,.F.);
#17129 = EDGE_CURVE('',#17130,#17122,#17132,.T.);
#17130 = VERTEX_POINT('',#17131);
#17131 = CARTESIAN_POINT('',(-14.50568181818,-7.659577131271E-02,-19.8)
  );
#17132 = LINE('',#17133,#17134);
#17133 = CARTESIAN_POINT('',(-14.50568181818,-7.659577131271E-02,-19.8)
  );
#17134 = VECTOR('',#17135,1.);
#17135 = DIRECTION('',(1.,0.,0.));
#17136 = ORIENTED_EDGE('',*,*,#17137,.F.);
#17137 = EDGE_CURVE('',#17138,#17130,#17140,.T.);
#17138 = VERTEX_POINT('',#17139);
#17139 = CARTESIAN_POINT('',(-14.67045455331,-3.404252529144E-02,-19.8)
  );
#17140 = LINE('',#17141,#17142);
#17141 = CARTESIAN_POINT('',(-14.67045455331,-3.404252529144E-02,-19.8)
  );
#17142 = VECTOR('',#17143,1.);
#17143 = DIRECTION('',(0.968232879014,-0.250050178958,0.));
#17144 = ORIENTED_EDGE('',*,*,#17145,.F.);
#17145 = EDGE_CURVE('',#17146,#17138,#17148,.T.);
#17146 = VERTEX_POINT('',#17147);
#17147 = CARTESIAN_POINT('',(-14.83522727666,9.361703395844E-02,-19.8));
#17148 = LINE('',#17149,#17150);
#17149 = CARTESIAN_POINT('',(-14.83522727666,9.361703395844E-02,-19.8));
#17150 = VECTOR('',#17151,1.);
#17151 = DIRECTION('',(0.790506336827,-0.612453860659,0.));
#17152 = ORIENTED_EDGE('',*,*,#17153,.F.);
#17153 = EDGE_CURVE('',#17154,#17146,#17156,.T.);
#17154 = VERTEX_POINT('',#17155);
#17155 = CARTESIAN_POINT('',(-14.93409090713,0.263829779625,-19.8));
#17156 = LINE('',#17157,#17158);
#17157 = CARTESIAN_POINT('',(-14.93409090713,0.263829779625,-19.8));
#17158 = VECTOR('',#17159,1.);
#17159 = DIRECTION('',(0.502251100452,-0.864721823533,0.));
#17160 = ORIENTED_EDGE('',*,*,#17161,.F.);
#17161 = EDGE_CURVE('',#17162,#17154,#17164,.T.);
#17162 = VERTEX_POINT('',#17163);
#17163 = CARTESIAN_POINT('',(-15.,0.476595711708,-19.8));
#17164 = LINE('',#17165,#17166);
#17165 = CARTESIAN_POINT('',(-15.,0.476595711708,-19.8));
#17166 = VECTOR('',#17167,1.);
#17167 = DIRECTION('',(0.295900743526,-0.955218692228,0.));
#17168 = ORIENTED_EDGE('',*,*,#17169,.F.);
#17169 = EDGE_CURVE('',#17170,#17162,#17172,.T.);
#17170 = VERTEX_POINT('',#17171);
#17171 = CARTESIAN_POINT('',(-15.,0.646808457375,-19.8));
#17172 = LINE('',#17173,#17174);
#17173 = CARTESIAN_POINT('',(-15.,0.646808457375,-19.8));
#17174 = VECTOR('',#17175,1.);
#17175 = DIRECTION('',(0.,-1.,0.));
#17176 = ORIENTED_EDGE('',*,*,#17177,.F.);
#17177 = EDGE_CURVE('',#17178,#17170,#17180,.T.);
#17178 = VERTEX_POINT('',#17179);
#17179 = CARTESIAN_POINT('',(-14.93409090713,0.859574508667,-19.8));
#17180 = LINE('',#17181,#17182);
#17181 = CARTESIAN_POINT('',(-14.93409090713,0.859574508667,-19.8));
#17182 = VECTOR('',#17183,1.);
#17183 = DIRECTION('',(-0.295900592253,-0.955218739088,0.));
#17184 = ORIENTED_EDGE('',*,*,#17185,.F.);
#17185 = EDGE_CURVE('',#17186,#17178,#17188,.T.);
#17186 = VERTEX_POINT('',#17187);
#17187 = CARTESIAN_POINT('',(-14.83522727666,1.029787254333,-19.8));
#17188 = LINE('',#17189,#17190);
#17189 = CARTESIAN_POINT('',(-14.83522727666,1.029787254333,-19.8));
#17190 = VECTOR('',#17191,1.);
#17191 = DIRECTION('',(-0.502251100452,-0.864721823533,0.));
#17192 = ORIENTED_EDGE('',*,*,#17193,.F.);
#17193 = EDGE_CURVE('',#17194,#17186,#17196,.T.);
#17194 = VERTEX_POINT('',#17195);
#17195 = CARTESIAN_POINT('',(-14.67045455331,1.157446813583,-19.8));
#17196 = LINE('',#17197,#17198);
#17197 = CARTESIAN_POINT('',(-14.67045455331,1.157446813583,-19.8));
#17198 = VECTOR('',#17199,1.);
#17199 = DIRECTION('',(-0.790506336827,-0.612453860659,0.));
#17200 = ORIENTED_EDGE('',*,*,#17201,.F.);
#17201 = EDGE_CURVE('',#17202,#17194,#17204,.T.);
#17202 = VERTEX_POINT('',#17203);
#17203 = CARTESIAN_POINT('',(-14.50568181818,1.2,-19.8));
#17204 = LINE('',#17205,#17206);
#17205 = CARTESIAN_POINT('',(-14.50568181818,1.2,-19.8));
#17206 = VECTOR('',#17207,1.);
#17207 = DIRECTION('',(-0.968232963811,-0.25004985061,0.));
#17208 = ORIENTED_EDGE('',*,*,#17209,.F.);
#17209 = EDGE_CURVE('',#17210,#17202,#17212,.T.);
#17210 = VERTEX_POINT('',#17211);
#17211 = CARTESIAN_POINT('',(-14.34090910662,1.2,-19.8));
#17212 = LINE('',#17213,#17214);
#17213 = CARTESIAN_POINT('',(-14.34090910662,1.2,-19.8));
#17214 = VECTOR('',#17215,1.);
#17215 = DIRECTION('',(-1.,0.,0.));
#17216 = ORIENTED_EDGE('',*,*,#17217,.F.);
#17217 = EDGE_CURVE('',#17218,#17210,#17220,.T.);
#17218 = VERTEX_POINT('',#17219);
#17219 = CARTESIAN_POINT('',(-14.17613639506,1.157446813583,-19.8));
#17220 = LINE('',#17221,#17222);
#17221 = CARTESIAN_POINT('',(-14.17613639506,1.157446813583,-19.8));
#17222 = VECTOR('',#17223,1.);
#17223 = DIRECTION('',(-0.968232955151,0.250049884143,0.));
#17224 = ORIENTED_EDGE('',*,*,#17225,.F.);
#17225 = EDGE_CURVE('',#17226,#17218,#17228,.T.);
#17226 = VERTEX_POINT('',#17227);
#17227 = CARTESIAN_POINT('',(-14.01136363636,1.029787254333,-19.8));
#17228 = LINE('',#17229,#17230);
#17229 = CARTESIAN_POINT('',(-14.01136363636,1.029787254333,-19.8));
#17230 = VECTOR('',#17231,1.);
#17231 = DIRECTION('',(-0.790506400453,0.612453778536,0.));
#17232 = ORIENTED_EDGE('',*,*,#17233,.F.);
#17233 = EDGE_CURVE('',#17234,#17226,#17236,.T.);
#17234 = VERTEX_POINT('',#17235);
#17235 = CARTESIAN_POINT('',(-13.9125,0.859574508667,-19.8));
#17236 = LINE('',#17237,#17238);
#17237 = CARTESIAN_POINT('',(-13.9125,0.859574508667,-19.8));
#17238 = VECTOR('',#17239,1.);
#17239 = DIRECTION('',(-0.502251122837,0.864721810532,0.));
#17240 = ORIENTED_EDGE('',*,*,#17241,.F.);
#17241 = EDGE_CURVE('',#17242,#17234,#17244,.T.);
#17242 = VERTEX_POINT('',#17243);
#17243 = CARTESIAN_POINT('',(-13.84659087766,0.646808457375,-19.8));
#17244 = LINE('',#17245,#17246);
#17245 = CARTESIAN_POINT('',(-13.84659087766,0.646808457375,-19.8));
#17246 = VECTOR('',#17247,1.);
#17247 = DIRECTION('',(-0.29590071295,0.955218701699,0.));
#17248 = ORIENTED_EDGE('',*,*,#17249,.F.);
#17249 = EDGE_CURVE('',#17250,#17242,#17252,.T.);
#17250 = VERTEX_POINT('',#17251);
#17251 = CARTESIAN_POINT('',(-13.81363636364,0.348936152458,-19.8));
#17252 = LINE('',#17253,#17254);
#17253 = CARTESIAN_POINT('',(-13.81363636364,0.348936152458,-19.8));
#17254 = VECTOR('',#17255,1.);
#17255 = DIRECTION('',(-0.109962121402,0.993935778537,0.));
#17256 = ORIENTED_EDGE('',*,*,#17257,.F.);
#17257 = EDGE_CURVE('',#17258,#17250,#17260,.T.);
#17258 = VERTEX_POINT('',#17259);
#17259 = CARTESIAN_POINT('',(-13.81363636364,5.106384754181E-02,-19.8));
#17260 = LINE('',#17261,#17262);
#17261 = CARTESIAN_POINT('',(-13.81363636364,5.106384754181E-02,-19.8));
#17262 = VECTOR('',#17263,1.);
#17263 = DIRECTION('',(0.,1.,0.));
#17264 = ORIENTED_EDGE('',*,*,#17265,.F.);
#17265 = EDGE_CURVE('',#17266,#17258,#17268,.T.);
#17266 = VERTEX_POINT('',#17267);
#17267 = CARTESIAN_POINT('',(-13.84659087766,-0.246808516979,-19.8));
#17268 = LINE('',#17269,#17270);
#17269 = CARTESIAN_POINT('',(-13.84659087766,-0.246808516979,-19.8));
#17270 = VECTOR('',#17271,1.);
#17271 = DIRECTION('',(0.109962099664,0.993935780942,0.));
#17272 = ORIENTED_EDGE('',*,*,#17273,.F.);
#17273 = EDGE_CURVE('',#17274,#17266,#17276,.T.);
#17274 = VERTEX_POINT('',#17275);
#17275 = CARTESIAN_POINT('',(-13.9125,-0.459574478865,-19.8));
#17276 = LINE('',#17277,#17278);
#17277 = CARTESIAN_POINT('',(-13.9125,-0.459574478865,-19.8));
#17278 = VECTOR('',#17279,1.);
#17279 = DIRECTION('',(0.295900826404,0.955218666554,0.));
#17280 = ORIENTED_EDGE('',*,*,#17281,.F.);
#17281 = EDGE_CURVE('',#17282,#17274,#17284,.T.);
#17282 = VERTEX_POINT('',#17283);
#17283 = CARTESIAN_POINT('',(-14.01136363636,-0.629787239432,-19.8));
#17284 = LINE('',#17285,#17286);
#17285 = CARTESIAN_POINT('',(-14.01136363636,-0.629787239432,-19.8));
#17286 = VECTOR('',#17287,1.);
#17287 = DIRECTION('',(0.502251089959,0.864721829628,0.));
#17288 = ORIENTED_EDGE('',*,*,#17289,.F.);
#17289 = EDGE_CURVE('',#17290,#17282,#17292,.T.);
#17290 = VERTEX_POINT('',#17291);
#17291 = CARTESIAN_POINT('',(-14.17613639506,-0.757446809858,-19.8));
#17292 = LINE('',#17293,#17294);
#17293 = CARTESIAN_POINT('',(-14.17613639506,-0.757446809858,-19.8));
#17294 = VECTOR('',#17295,1.);
#17295 = DIRECTION('',(0.790506374494,0.612453812041,0.));
#17296 = ORIENTED_EDGE('',*,*,#17297,.F.);
#17297 = EDGE_CURVE('',#17298,#17290,#17300,.T.);
#17298 = VERTEX_POINT('',#17299);
#17299 = CARTESIAN_POINT('',(-14.34090910662,-0.8,-19.8));
#17300 = LINE('',#17301,#17302);
#17301 = CARTESIAN_POINT('',(-14.34090910662,-0.8,-19.8));
#17302 = VECTOR('',#17303,1.);
#17303 = DIRECTION('',(0.968232949851,0.250049904665,0.));
#17304 = ORIENTED_EDGE('',*,*,#17305,.F.);
#17305 = EDGE_CURVE('',#17306,#17298,#17308,.T.);
#17306 = VERTEX_POINT('',#17307);
#17307 = CARTESIAN_POINT('',(-14.47272725701,-0.8,-19.8));
#17308 = LINE('',#17309,#17310);
#17309 = CARTESIAN_POINT('',(-14.47272725701,-0.8,-19.8));
#17310 = VECTOR('',#17311,1.);
#17311 = DIRECTION('',(1.,0.,0.));
#17312 = ORIENTED_EDGE('',*,*,#17313,.F.);
#17313 = EDGE_CURVE('',#17314,#17306,#17316,.T.);
#17314 = VERTEX_POINT('',#17315);
#17315 = CARTESIAN_POINT('',(-14.63749999214,-0.757446809858,-19.8));
#17316 = LINE('',#17317,#17318);
#17317 = CARTESIAN_POINT('',(-14.63749999214,-0.757446809858,-19.8));
#17318 = VECTOR('',#17319,1.);
#17319 = DIRECTION('',(0.968232958511,-0.250049871132,0.));
#17320 = ORIENTED_EDGE('',*,*,#17321,.F.);
#17321 = EDGE_CURVE('',#17322,#17314,#17324,.T.);
#17322 = VERTEX_POINT('',#17323);
#17323 = CARTESIAN_POINT('',(-14.80227272727,-0.629787239432,-19.8));
#17324 = LINE('',#17325,#17326);
#17325 = CARTESIAN_POINT('',(-14.80227272727,-0.629787239432,-19.8));
#17326 = VECTOR('',#17327,1.);
#17327 = DIRECTION('',(0.790506332077,-0.61245386679,0.));
#17328 = ORIENTED_EDGE('',*,*,#17329,.F.);
#17329 = EDGE_CURVE('',#17018,#17322,#17330,.T.);
#17330 = LINE('',#17331,#17332);
#17331 = CARTESIAN_POINT('',(-14.90113636364,-0.459574478865,-19.8));
#17332 = VECTOR('',#17333,1.);
#17333 = DIRECTION('',(0.502251089959,-0.864721829628,0.));
#17334 = FACE_BOUND('',#17335,.F.);
#17335 = EDGE_LOOP('',(#17336,#17346,#17354,#17362,#17370,#17378,#17386,
    #17394,#17402,#17410,#17418,#17426,#17434,#17442,#17450,#17458,
    #17466,#17474,#17482,#17490));
#17336 = ORIENTED_EDGE('',*,*,#17337,.F.);
#17337 = EDGE_CURVE('',#17338,#17340,#17342,.T.);
#17338 = VERTEX_POINT('',#17339);
#17339 = CARTESIAN_POINT('',(-14.01136363636,0.519148898125,-19.8));
#17340 = VERTEX_POINT('',#17341);
#17341 = CARTESIAN_POINT('',(-14.04431815039,0.391489338875,-19.8));
#17342 = LINE('',#17343,#17344);
#17343 = CARTESIAN_POINT('',(-14.01136363636,0.519148898125,-19.8));
#17344 = VECTOR('',#17345,1.);
#17345 = DIRECTION('',(-0.249949923351,-0.968258764906,0.));
#17346 = ORIENTED_EDGE('',*,*,#17347,.F.);
#17347 = EDGE_CURVE('',#17348,#17338,#17350,.T.);
#17348 = VERTEX_POINT('',#17349);
#17349 = CARTESIAN_POINT('',(-14.01136363636,0.604255270958,-19.8));
#17350 = LINE('',#17351,#17352);
#17351 = CARTESIAN_POINT('',(-14.01136363636,0.604255270958,-19.8));
#17352 = VECTOR('',#17353,1.);
#17353 = DIRECTION('',(0.,-1.,0.));
#17354 = ORIENTED_EDGE('',*,*,#17355,.F.);
#17355 = EDGE_CURVE('',#17356,#17348,#17358,.T.);
#17356 = VERTEX_POINT('',#17357);
#17357 = CARTESIAN_POINT('',(-14.04431815039,0.731914949417,-19.8));
#17358 = LINE('',#17359,#17360);
#17359 = CARTESIAN_POINT('',(-14.04431815039,0.731914949417,-19.8));
#17360 = VECTOR('',#17361,1.);
#17361 = DIRECTION('',(0.249949704528,-0.968258821393,0.));
#17362 = ORIENTED_EDGE('',*,*,#17363,.F.);
#17363 = EDGE_CURVE('',#17364,#17356,#17366,.T.);
#17364 = VERTEX_POINT('',#17365);
#17365 = CARTESIAN_POINT('',(-14.11022727273,0.859574508667,-19.8));
#17366 = LINE('',#17367,#17368);
#17367 = CARTESIAN_POINT('',(-14.11022727273,0.859574508667,-19.8));
#17368 = VECTOR('',#17369,1.);
#17369 = DIRECTION('',(0.458754586868,-0.888563013538,0.));
#17370 = ORIENTED_EDGE('',*,*,#17371,.F.);
#17371 = EDGE_CURVE('',#17372,#17364,#17374,.T.);
#17372 = VERTEX_POINT('',#17373);
#17373 = CARTESIAN_POINT('',(-14.20909090909,0.9446808815,-19.8));
#17374 = LINE('',#17375,#17376);
#17375 = CARTESIAN_POINT('',(-14.20909090909,0.9446808815,-19.8));
#17376 = VECTOR('',#17377,1.);
#17377 = DIRECTION('',(0.757868114203,-0.652407787718,0.));
#17378 = ORIENTED_EDGE('',*,*,#17379,.F.);
#17379 = EDGE_CURVE('',#17380,#17372,#17382,.T.);
#17380 = VERTEX_POINT('',#17381);
#17381 = CARTESIAN_POINT('',(-14.30795454545,0.987234067917,-19.8));
#17382 = LINE('',#17383,#17384);
#17383 = CARTESIAN_POINT('',(-14.30795454545,0.987234067917,-19.8));
#17384 = VECTOR('',#17385,1.);
#17385 = DIRECTION('',(0.918528117225,-0.395355659966,0.));
#17386 = ORIENTED_EDGE('',*,*,#17387,.F.);
#17387 = EDGE_CURVE('',#17388,#17380,#17390,.T.);
#17388 = VERTEX_POINT('',#17389);
#17389 = CARTESIAN_POINT('',(-14.53863637935,0.987234067917,-19.8));
#17390 = LINE('',#17391,#17392);
#17391 = CARTESIAN_POINT('',(-14.53863637935,0.987234067917,-19.8));
#17392 = VECTOR('',#17393,1.);
#17393 = DIRECTION('',(1.,0.,0.));
#17394 = ORIENTED_EDGE('',*,*,#17395,.F.);
#17395 = EDGE_CURVE('',#17396,#17388,#17398,.T.);
#17396 = VERTEX_POINT('',#17397);
#17397 = CARTESIAN_POINT('',(-14.63749999214,0.9446808815,-19.8));
#17398 = LINE('',#17399,#17400);
#17399 = CARTESIAN_POINT('',(-14.63749999214,0.9446808815,-19.8));
#17400 = VECTOR('',#17401,1.);
#17401 = DIRECTION('',(0.918528082995,0.395355739493,0.));
#17402 = ORIENTED_EDGE('',*,*,#17403,.F.);
#17403 = EDGE_CURVE('',#17404,#17396,#17406,.T.);
#17404 = VERTEX_POINT('',#17405);
#17405 = CARTESIAN_POINT('',(-14.73636362851,0.859574508667,-19.8));
#17406 = LINE('',#17407,#17408);
#17407 = CARTESIAN_POINT('',(-14.73636362851,0.859574508667,-19.8));
#17408 = VECTOR('',#17409,1.);
#17409 = DIRECTION('',(0.757868114203,0.652407787718,0.));
#17410 = ORIENTED_EDGE('',*,*,#17411,.F.);
#17411 = EDGE_CURVE('',#17412,#17404,#17414,.T.);
#17412 = VERTEX_POINT('',#17413);
#17413 = CARTESIAN_POINT('',(-14.80227272727,0.731914949417,-19.8));
#17414 = LINE('',#17415,#17416);
#17415 = CARTESIAN_POINT('',(-14.80227272727,0.731914949417,-19.8));
#17416 = VECTOR('',#17417,1.);
#17417 = DIRECTION('',(0.458754457333,0.888563080416,0.));
#17418 = ORIENTED_EDGE('',*,*,#17419,.F.);
#17419 = EDGE_CURVE('',#17420,#17412,#17422,.T.);
#17420 = VERTEX_POINT('',#17421);
#17421 = CARTESIAN_POINT('',(-14.83522727666,0.604255270958,-19.8));
#17422 = LINE('',#17423,#17424);
#17423 = CARTESIAN_POINT('',(-14.83522727666,0.604255270958,-19.8));
#17424 = VECTOR('',#17425,1.);
#17425 = DIRECTION('',(0.249949955942,0.968258756493,0.));
#17426 = ORIENTED_EDGE('',*,*,#17427,.F.);
#17427 = EDGE_CURVE('',#17428,#17420,#17430,.T.);
#17428 = VERTEX_POINT('',#17429);
#17429 = CARTESIAN_POINT('',(-14.83522727666,0.519148898125,-19.8));
#17430 = LINE('',#17431,#17432);
#17431 = CARTESIAN_POINT('',(-14.83522727666,0.519148898125,-19.8));
#17432 = VECTOR('',#17433,1.);
#17433 = DIRECTION('',(0.,1.,0.));
#17434 = ORIENTED_EDGE('',*,*,#17435,.F.);
#17435 = EDGE_CURVE('',#17436,#17428,#17438,.T.);
#17436 = VERTEX_POINT('',#17437);
#17437 = CARTESIAN_POINT('',(-14.80227272727,0.391489338875,-19.8));
#17438 = LINE('',#17439,#17440);
#17439 = CARTESIAN_POINT('',(-14.80227272727,0.391489338875,-19.8));
#17440 = VECTOR('',#17441,1.);
#17441 = DIRECTION('',(-0.249950174765,0.968258700005,0.));
#17442 = ORIENTED_EDGE('',*,*,#17443,.F.);
#17443 = EDGE_CURVE('',#17444,#17436,#17446,.T.);
#17444 = VERTEX_POINT('',#17445);
#17445 = CARTESIAN_POINT('',(-14.73636362851,0.263829779625,-19.8));
#17446 = LINE('',#17447,#17448);
#17447 = CARTESIAN_POINT('',(-14.73636362851,0.263829779625,-19.8));
#17448 = VECTOR('',#17449,1.);
#17449 = DIRECTION('',(-0.458754457333,0.888563080416,0.));
#17450 = ORIENTED_EDGE('',*,*,#17451,.F.);
#17451 = EDGE_CURVE('',#17452,#17444,#17454,.T.);
#17452 = VERTEX_POINT('',#17453);
#17453 = CARTESIAN_POINT('',(-14.63749999214,0.178723406792,-19.8));
#17454 = LINE('',#17455,#17456);
#17455 = CARTESIAN_POINT('',(-14.63749999214,0.178723406792,-19.8));
#17456 = VECTOR('',#17457,1.);
#17457 = DIRECTION('',(-0.757868114203,0.652407787718,0.));
#17458 = ORIENTED_EDGE('',*,*,#17459,.F.);
#17459 = EDGE_CURVE('',#17460,#17452,#17462,.T.);
#17460 = VERTEX_POINT('',#17461);
#17461 = CARTESIAN_POINT('',(-14.53863637935,0.136170220375,-19.8));
#17462 = LINE('',#17463,#17464);
#17463 = CARTESIAN_POINT('',(-14.53863637935,0.136170220375,-19.8));
#17464 = VECTOR('',#17465,1.);
#17465 = DIRECTION('',(-0.918528082995,0.395355739493,0.));
#17466 = ORIENTED_EDGE('',*,*,#17467,.F.);
#17467 = EDGE_CURVE('',#17468,#17460,#17470,.T.);
#17468 = VERTEX_POINT('',#17469);
#17469 = CARTESIAN_POINT('',(-14.30795454545,0.136170220375,-19.8));
#17470 = LINE('',#17471,#17472);
#17471 = CARTESIAN_POINT('',(-14.30795454545,0.136170220375,-19.8));
#17472 = VECTOR('',#17473,1.);
#17473 = DIRECTION('',(-1.,0.,0.));
#17474 = ORIENTED_EDGE('',*,*,#17475,.F.);
#17475 = EDGE_CURVE('',#17476,#17468,#17478,.T.);
#17476 = VERTEX_POINT('',#17477);
#17477 = CARTESIAN_POINT('',(-14.20909090909,0.178723406792,-19.8));
#17478 = LINE('',#17479,#17480);
#17479 = CARTESIAN_POINT('',(-14.20909090909,0.178723406792,-19.8));
#17480 = VECTOR('',#17481,1.);
#17481 = DIRECTION('',(-0.918528117225,-0.395355659966,0.));
#17482 = ORIENTED_EDGE('',*,*,#17483,.F.);
#17483 = EDGE_CURVE('',#17484,#17476,#17486,.T.);
#17484 = VERTEX_POINT('',#17485);
#17485 = CARTESIAN_POINT('',(-14.11022727273,0.263829779625,-19.8));
#17486 = LINE('',#17487,#17488);
#17487 = CARTESIAN_POINT('',(-14.11022727273,0.263829779625,-19.8));
#17488 = VECTOR('',#17489,1.);
#17489 = DIRECTION('',(-0.757868114203,-0.652407787718,0.));
#17490 = ORIENTED_EDGE('',*,*,#17491,.F.);
#17491 = EDGE_CURVE('',#17340,#17484,#17492,.T.);
#17492 = LINE('',#17493,#17494);
#17493 = CARTESIAN_POINT('',(-14.04431815039,0.391489338875,-19.8));
#17494 = VECTOR('',#17495,1.);
#17495 = DIRECTION('',(-0.458754586868,-0.888563013538,0.));
#17496 = PLANE('',#17497);
#17497 = AXIS2_PLACEMENT_3D('',#17498,#17499,#17500);
#17498 = CARTESIAN_POINT('',(0.,0.,-19.8));
#17499 = DIRECTION('',(0.,0.,1.));
#17500 = DIRECTION('',(1.,0.,-0.));
#17501 = ADVANCED_FACE('',(#17502),#17560,.T.);
#17502 = FACE_BOUND('',#17503,.F.);
#17503 = EDGE_LOOP('',(#17504,#17514,#17522,#17530,#17538,#17546,#17554)
  );
#17504 = ORIENTED_EDGE('',*,*,#17505,.F.);
#17505 = EDGE_CURVE('',#17506,#17508,#17510,.T.);
#17506 = VERTEX_POINT('',#17507);
#17507 = CARTESIAN_POINT('',(-16.13486842105,-6.,-19.8));
#17508 = VERTEX_POINT('',#17509);
#17509 = CARTESIAN_POINT('',(-16.13486842105,-4.,-19.8));
#17510 = LINE('',#17511,#17512);
#17511 = CARTESIAN_POINT('',(-16.13486842105,-6.,-19.8));
#17512 = VECTOR('',#17513,1.);
#17513 = DIRECTION('',(0.,1.,0.));
#17514 = ORIENTED_EDGE('',*,*,#17515,.F.);
#17515 = EDGE_CURVE('',#17516,#17506,#17518,.T.);
#17516 = VERTEX_POINT('',#17517);
#17517 = CARTESIAN_POINT('',(-16.31743421053,-6.,-19.8));
#17518 = LINE('',#17519,#17520);
#17519 = CARTESIAN_POINT('',(-16.31743421053,-6.,-19.8));
#17520 = VECTOR('',#17521,1.);
#17521 = DIRECTION('',(1.,0.,0.));
#17522 = ORIENTED_EDGE('',*,*,#17523,.F.);
#17523 = EDGE_CURVE('',#17524,#17516,#17526,.T.);
#17524 = VERTEX_POINT('',#17525);
#17525 = CARTESIAN_POINT('',(-16.31743421053,-4.340425491333,-19.8));
#17526 = LINE('',#17527,#17528);
#17527 = CARTESIAN_POINT('',(-16.31743421053,-4.340425491333,-19.8));
#17528 = VECTOR('',#17529,1.);
#17529 = DIRECTION('',(0.,-1.,0.));
#17530 = ORIENTED_EDGE('',*,*,#17531,.F.);
#17531 = EDGE_CURVE('',#17532,#17524,#17534,.T.);
#17532 = VERTEX_POINT('',#17533);
#17533 = CARTESIAN_POINT('',(-16.5,-4.638297915459,-19.8));
#17534 = LINE('',#17535,#17536);
#17535 = CARTESIAN_POINT('',(-16.5,-4.638297915459,-19.8));
#17536 = VECTOR('',#17537,1.);
#17537 = DIRECTION('',(0.522559602392,0.852602757413,0.));
#17538 = ORIENTED_EDGE('',*,*,#17539,.F.);
#17539 = EDGE_CURVE('',#17540,#17532,#17542,.T.);
#17540 = VERTEX_POINT('',#17541);
#17541 = CARTESIAN_POINT('',(-16.5,-4.297872304916,-19.8));
#17542 = LINE('',#17543,#17544);
#17543 = CARTESIAN_POINT('',(-16.5,-4.297872304916,-19.8));
#17544 = VECTOR('',#17545,1.);
#17545 = DIRECTION('',(0.,-1.,0.));
#17546 = ORIENTED_EDGE('',*,*,#17547,.F.);
#17547 = EDGE_CURVE('',#17548,#17540,#17550,.T.);
#17548 = VERTEX_POINT('',#17549);
#17549 = CARTESIAN_POINT('',(-16.31743421053,-4.,-19.8));
#17550 = LINE('',#17551,#17552);
#17551 = CARTESIAN_POINT('',(-16.31743421053,-4.,-19.8));
#17552 = VECTOR('',#17553,1.);
#17553 = DIRECTION('',(-0.522559754415,-0.852602664238,0.));
#17554 = ORIENTED_EDGE('',*,*,#17555,.F.);
#17555 = EDGE_CURVE('',#17508,#17548,#17556,.T.);
#17556 = LINE('',#17557,#17558);
#17557 = CARTESIAN_POINT('',(-16.13486842105,-4.,-19.8));
#17558 = VECTOR('',#17559,1.);
#17559 = DIRECTION('',(-1.,0.,0.));
#17560 = PLANE('',#17561);
#17561 = AXIS2_PLACEMENT_3D('',#17562,#17563,#17564);
#17562 = CARTESIAN_POINT('',(0.,0.,-19.8));
#17563 = DIRECTION('',(0.,0.,1.));
#17564 = DIRECTION('',(1.,0.,-0.));
#17565 = ADVANCED_FACE('',(#17566,#17888),#18050,.T.);
#17566 = FACE_BOUND('',#17567,.F.);
#17567 = EDGE_LOOP('',(#17568,#17578,#17586,#17594,#17602,#17610,#17618,
    #17626,#17634,#17642,#17650,#17658,#17666,#17674,#17682,#17690,
    #17698,#17706,#17714,#17722,#17730,#17738,#17746,#17754,#17762,
    #17770,#17778,#17786,#17794,#17802,#17810,#17818,#17826,#17834,
    #17842,#17850,#17858,#17866,#17874,#17882));
#17568 = ORIENTED_EDGE('',*,*,#17569,.F.);
#17569 = EDGE_CURVE('',#17570,#17572,#17574,.T.);
#17570 = VERTEX_POINT('',#17571);
#17571 = CARTESIAN_POINT('',(-14.85690789474,-5.021276593208,-19.8));
#17572 = VERTEX_POINT('',#17573);
#17573 = CARTESIAN_POINT('',(-14.94819078947,-4.893617033958,-19.8));
#17574 = LINE('',#17575,#17576);
#17575 = CARTESIAN_POINT('',(-14.85690789474,-5.021276593208,-19.8));
#17576 = VECTOR('',#17577,1.);
#17577 = DIRECTION('',(-0.581649477365,0.813439540151,0.));
#17578 = ORIENTED_EDGE('',*,*,#17579,.F.);
#17579 = EDGE_CURVE('',#17580,#17570,#17582,.T.);
#17580 = VERTEX_POINT('',#17581);
#17581 = CARTESIAN_POINT('',(-14.79605268962,-5.234042525291,-19.8));
#17582 = LINE('',#17583,#17584);
#17583 = CARTESIAN_POINT('',(-14.79605268962,-5.234042525291,-19.8));
#17584 = VECTOR('',#17585,1.);
#17585 = DIRECTION('',(-0.274992415552,0.961446395484,0.));
#17586 = ORIENTED_EDGE('',*,*,#17587,.F.);
#17587 = EDGE_CURVE('',#17588,#17580,#17590,.T.);
#17588 = VERTEX_POINT('',#17589);
#17589 = CARTESIAN_POINT('',(-14.79605268962,-5.446808516979,-19.8));
#17590 = LINE('',#17591,#17592);
#17591 = CARTESIAN_POINT('',(-14.79605268962,-5.446808516979,-19.8));
#17592 = VECTOR('',#17593,1.);
#17593 = DIRECTION('',(0.,1.,0.));
#17594 = ORIENTED_EDGE('',*,*,#17595,.F.);
#17595 = EDGE_CURVE('',#17596,#17588,#17598,.T.);
#17596 = VERTEX_POINT('',#17597);
#17597 = CARTESIAN_POINT('',(-14.85690789474,-5.659574478865,-19.8));
#17598 = LINE('',#17599,#17600);
#17599 = CARTESIAN_POINT('',(-14.85690789474,-5.659574478865,-19.8));
#17600 = VECTOR('',#17601,1.);
#17601 = DIRECTION('',(0.274992379947,0.961446405668,0.));
#17602 = ORIENTED_EDGE('',*,*,#17603,.F.);
#17603 = EDGE_CURVE('',#17604,#17596,#17606,.T.);
#17604 = VERTEX_POINT('',#17605);
#17605 = CARTESIAN_POINT('',(-14.94819078947,-5.829787239432,-19.8));
#17606 = LINE('',#17607,#17608);
#17607 = CARTESIAN_POINT('',(-14.94819078947,-5.829787239432,-19.8));
#17608 = VECTOR('',#17609,1.);
#17609 = DIRECTION('',(0.472613549585,0.881269784316,0.));
#17610 = ORIENTED_EDGE('',*,*,#17611,.F.);
#17611 = EDGE_CURVE('',#17612,#17604,#17614,.T.);
#17612 = VERTEX_POINT('',#17613);
#17613 = CARTESIAN_POINT('',(-15.10032897639,-5.957446809858,-19.8));
#17614 = LINE('',#17615,#17616);
#17615 = CARTESIAN_POINT('',(-15.10032897639,-5.957446809858,-19.8));
#17616 = VECTOR('',#17617,1.);
#17617 = DIRECTION('',(0.766043268159,0.642789009947,0.));
#17618 = ORIENTED_EDGE('',*,*,#17619,.F.);
#17619 = EDGE_CURVE('',#17620,#17612,#17622,.T.);
#17620 = VERTEX_POINT('',#17621);
#17621 = CARTESIAN_POINT('',(-15.25246707625,-6.,-19.8));
#17622 = LINE('',#17623,#17624);
#17623 = CARTESIAN_POINT('',(-15.25246707625,-6.,-19.8));
#17624 = VECTOR('',#17625,1.);
#17625 = DIRECTION('',(0.963038727953,0.269362967874,0.));
#17626 = ORIENTED_EDGE('',*,*,#17627,.F.);
#17627 = EDGE_CURVE('',#17628,#17620,#17630,.T.);
#17628 = VERTEX_POINT('',#17629);
#17629 = CARTESIAN_POINT('',(-15.40460526316,-6.,-19.8));
#17630 = LINE('',#17631,#17632);
#17631 = CARTESIAN_POINT('',(-15.40460526316,-6.,-19.8));
#17632 = VECTOR('',#17633,1.);
#17633 = DIRECTION('',(1.,0.,0.));
#17634 = ORIENTED_EDGE('',*,*,#17635,.F.);
#17635 = EDGE_CURVE('',#17636,#17628,#17638,.T.);
#17636 = VERTEX_POINT('',#17637);
#17637 = CARTESIAN_POINT('',(-15.55674345007,-5.957446809858,-19.8));
#17638 = LINE('',#17639,#17640);
#17639 = CARTESIAN_POINT('',(-15.55674345007,-5.957446809858,-19.8));
#17640 = VECTOR('',#17641,1.);
#17641 = DIRECTION('',(0.963038767936,-0.269362824926,0.));
#17642 = ORIENTED_EDGE('',*,*,#17643,.F.);
#17643 = EDGE_CURVE('',#17644,#17636,#17646,.T.);
#17644 = VERTEX_POINT('',#17645);
#17645 = CARTESIAN_POINT('',(-15.70888154993,-5.829787239432,-19.8));
#17646 = LINE('',#17647,#17648);
#17647 = CARTESIAN_POINT('',(-15.70888154993,-5.829787239432,-19.8));
#17648 = VECTOR('',#17649,1.);
#17649 = DIRECTION('',(0.766043087049,-0.642789225784,0.));
#17650 = ORIENTED_EDGE('',*,*,#17651,.F.);
#17651 = EDGE_CURVE('',#17652,#17644,#17654,.T.);
#17652 = VERTEX_POINT('',#17653);
#17653 = CARTESIAN_POINT('',(-15.80016448819,-5.659574478865,-19.8));
#17654 = LINE('',#17655,#17656);
#17655 = CARTESIAN_POINT('',(-15.80016448819,-5.659574478865,-19.8));
#17656 = VECTOR('',#17657,1.);
#17657 = DIRECTION('',(0.472613724607,-0.881269690454,0.));
#17658 = ORIENTED_EDGE('',*,*,#17659,.F.);
#17659 = EDGE_CURVE('',#17660,#17652,#17662,.T.);
#17660 = VERTEX_POINT('',#17661);
#17661 = CARTESIAN_POINT('',(-15.86101973684,-5.446808516979,-19.8));
#17662 = LINE('',#17663,#17664);
#17663 = CARTESIAN_POINT('',(-15.86101973684,-5.446808516979,-19.8));
#17664 = VECTOR('',#17665,1.);
#17665 = DIRECTION('',(0.274992561763,-0.961446353665,0.));
#17666 = ORIENTED_EDGE('',*,*,#17667,.F.);
#17667 = EDGE_CURVE('',#17668,#17660,#17670,.T.);
#17668 = VERTEX_POINT('',#17669);
#17669 = CARTESIAN_POINT('',(-15.89144738293,-5.148936152458,-19.8));
#17670 = LINE('',#17671,#17672);
#17671 = CARTESIAN_POINT('',(-15.89144738293,-5.148936152458,-19.8));
#17672 = VECTOR('',#17673,1.);
#17673 = DIRECTION('',(0.10162113384,-0.994823172809,0.));
#17674 = ORIENTED_EDGE('',*,*,#17675,.F.);
#17675 = EDGE_CURVE('',#17676,#17668,#17678,.T.);
#17676 = VERTEX_POINT('',#17677);
#17677 = CARTESIAN_POINT('',(-15.89144738293,-4.851063847542,-19.8));
#17678 = LINE('',#17679,#17680);
#17679 = CARTESIAN_POINT('',(-15.89144738293,-4.851063847542,-19.8));
#17680 = VECTOR('',#17681,1.);
#17681 = DIRECTION('',(0.,-1.,0.));
#17682 = ORIENTED_EDGE('',*,*,#17683,.F.);
#17683 = EDGE_CURVE('',#17684,#17676,#17686,.T.);
#17684 = VERTEX_POINT('',#17685);
#17685 = CARTESIAN_POINT('',(-15.86101973684,-4.553191542625,-19.8));
#17686 = LINE('',#17687,#17688);
#17687 = CARTESIAN_POINT('',(-15.86101973684,-4.553191542625,-19.8));
#17688 = VECTOR('',#17689,1.);
#17689 = DIRECTION('',(-0.101621153965,-0.994823170753,0.));
#17690 = ORIENTED_EDGE('',*,*,#17691,.F.);
#17691 = EDGE_CURVE('',#17692,#17684,#17694,.T.);
#17692 = VERTEX_POINT('',#17693);
#17693 = CARTESIAN_POINT('',(-15.80016448819,-4.340425491333,-19.8));
#17694 = LINE('',#17695,#17696);
#17695 = CARTESIAN_POINT('',(-15.80016448819,-4.340425491333,-19.8));
#17696 = VECTOR('',#17697,1.);
#17697 = DIRECTION('',(-0.274992454946,-0.961446384216,0.));
#17698 = ORIENTED_EDGE('',*,*,#17699,.F.);
#17699 = EDGE_CURVE('',#17700,#17692,#17702,.T.);
#17700 = VERTEX_POINT('',#17701);
#17701 = CARTESIAN_POINT('',(-15.70888154993,-4.170212745667,-19.8));
#17702 = LINE('',#17703,#17704);
#17703 = CARTESIAN_POINT('',(-15.70888154993,-4.170212745667,-19.8));
#17704 = VECTOR('',#17705,1.);
#17705 = DIRECTION('',(-0.47261375674,-0.881269673221,0.));
#17706 = ORIENTED_EDGE('',*,*,#17707,.F.);
#17707 = EDGE_CURVE('',#17708,#17700,#17710,.T.);
#17708 = VERTEX_POINT('',#17709);
#17709 = CARTESIAN_POINT('',(-15.55674345007,-4.042553186417,-19.8));
#17710 = LINE('',#17711,#17712);
#17711 = CARTESIAN_POINT('',(-15.55674345007,-4.042553186417,-19.8));
#17712 = VECTOR('',#17713,1.);
#17713 = DIRECTION('',(-0.766043114758,-0.642789192762,0.));
#17714 = ORIENTED_EDGE('',*,*,#17715,.F.);
#17715 = EDGE_CURVE('',#17716,#17708,#17718,.T.);
#17716 = VERTEX_POINT('',#17717);
#17717 = CARTESIAN_POINT('',(-15.40460526316,-4.,-19.8));
#17718 = LINE('',#17719,#17720);
#17719 = CARTESIAN_POINT('',(-15.40460526316,-4.,-19.8));
#17720 = VECTOR('',#17721,1.);
#17721 = DIRECTION('',(-0.963038774053,-0.269362803056,0.));
#17722 = ORIENTED_EDGE('',*,*,#17723,.F.);
#17723 = EDGE_CURVE('',#17724,#17716,#17726,.T.);
#17724 = VERTEX_POINT('',#17725);
#17725 = CARTESIAN_POINT('',(-15.28289476586,-4.,-19.8));
#17726 = LINE('',#17727,#17728);
#17727 = CARTESIAN_POINT('',(-15.28289476586,-4.,-19.8));
#17728 = VECTOR('',#17729,1.);
#17729 = DIRECTION('',(-1.,0.,0.));
#17730 = ORIENTED_EDGE('',*,*,#17731,.F.);
#17731 = EDGE_CURVE('',#17732,#17724,#17734,.T.);
#17732 = VERTEX_POINT('',#17733);
#17733 = CARTESIAN_POINT('',(-15.13075657895,-4.042553186417,-19.8));
#17734 = LINE('',#17735,#17736);
#17735 = CARTESIAN_POINT('',(-15.13075657895,-4.042553186417,-19.8));
#17736 = VECTOR('',#17737,1.);
#17737 = DIRECTION('',(-0.963038774053,0.269362803056,0.));
#17738 = ORIENTED_EDGE('',*,*,#17739,.F.);
#17739 = EDGE_CURVE('',#17740,#17732,#17742,.T.);
#17740 = VERTEX_POINT('',#17741);
#17741 = CARTESIAN_POINT('',(-14.97861847909,-4.170212745667,-19.8));
#17742 = LINE('',#17743,#17744);
#17743 = CARTESIAN_POINT('',(-14.97861847909,-4.170212745667,-19.8));
#17744 = VECTOR('',#17745,1.);
#17745 = DIRECTION('',(-0.766043114758,0.642789192762,0.));
#17746 = ORIENTED_EDGE('',*,*,#17747,.F.);
#17747 = EDGE_CURVE('',#17748,#17740,#17750,.T.);
#17748 = VERTEX_POINT('',#17749);
#17749 = CARTESIAN_POINT('',(-14.88733558435,-4.340425491333,-19.8));
#17750 = LINE('',#17751,#17752);
#17751 = CARTESIAN_POINT('',(-14.88733558435,-4.340425491333,-19.8));
#17752 = VECTOR('',#17753,1.);
#17753 = DIRECTION('',(-0.472613581718,0.881269767084,0.));
#17754 = ORIENTED_EDGE('',*,*,#17755,.F.);
#17755 = EDGE_CURVE('',#17756,#17748,#17758,.T.);
#17756 = VERTEX_POINT('',#17757);
#17757 = CARTESIAN_POINT('',(-14.85690789474,-4.468085050583,-19.8));
#17758 = LINE('',#17759,#17760);
#17759 = CARTESIAN_POINT('',(-14.85690789474,-4.468085050583,-19.8));
#17760 = VECTOR('',#17761,1.);
#17761 = DIRECTION('',(-0.23185528801,0.972750289345,0.));
#17762 = ORIENTED_EDGE('',*,*,#17763,.F.);
#17763 = EDGE_CURVE('',#17764,#17756,#17766,.T.);
#17764 = VERTEX_POINT('',#17765);
#17765 = CARTESIAN_POINT('',(-15.0090459946,-4.468085050583,-19.8));
#17766 = LINE('',#17767,#17768);
#17767 = CARTESIAN_POINT('',(-15.0090459946,-4.468085050583,-19.8));
#17768 = VECTOR('',#17769,1.);
#17769 = DIRECTION('',(1.,0.,0.));
#17770 = ORIENTED_EDGE('',*,*,#17771,.F.);
#17771 = EDGE_CURVE('',#17772,#17764,#17774,.T.);
#17772 = VERTEX_POINT('',#17773);
#17773 = CARTESIAN_POINT('',(-15.06990128677,-4.340425491333,-19.8));
#17774 = LINE('',#17775,#17776);
#17775 = CARTESIAN_POINT('',(-15.06990128677,-4.340425491333,-19.8));
#17776 = VECTOR('',#17777,1.);
#17777 = DIRECTION('',(0.430308351383,-0.902681961008,0.));
#17778 = ORIENTED_EDGE('',*,*,#17779,.F.);
#17779 = EDGE_CURVE('',#17780,#17772,#17782,.T.);
#17780 = VERTEX_POINT('',#17781);
#17781 = CARTESIAN_POINT('',(-15.16118418151,-4.2553191185,-19.8));
#17782 = LINE('',#17783,#17784);
#17783 = CARTESIAN_POINT('',(-15.16118418151,-4.2553191185,-19.8));
#17784 = VECTOR('',#17785,1.);
#17785 = DIRECTION('',(0.731418856838,-0.681928482952,0.));
#17786 = ORIENTED_EDGE('',*,*,#17787,.F.);
#17787 = EDGE_CURVE('',#17788,#17780,#17790,.T.);
#17788 = VERTEX_POINT('',#17789);
#17789 = CARTESIAN_POINT('',(-15.25246707625,-4.212765932083,-19.8));
#17790 = LINE('',#17791,#17792);
#17791 = CARTESIAN_POINT('',(-15.25246707625,-4.212765932083,-19.8));
#17792 = VECTOR('',#17793,1.);
#17793 = DIRECTION('',(0.906356180608,-0.422514465875,0.));
#17794 = ORIENTED_EDGE('',*,*,#17795,.F.);
#17795 = EDGE_CURVE('',#17796,#17788,#17798,.T.);
#17796 = VERTEX_POINT('',#17797);
#17797 = CARTESIAN_POINT('',(-15.43503286572,-4.212765932083,-19.8));
#17798 = LINE('',#17799,#17800);
#17799 = CARTESIAN_POINT('',(-15.43503286572,-4.212765932083,-19.8));
#17800 = VECTOR('',#17801,1.);
#17801 = DIRECTION('',(1.,0.,0.));
#17802 = ORIENTED_EDGE('',*,*,#17803,.F.);
#17803 = EDGE_CURVE('',#17804,#17796,#17806,.T.);
#17804 = VERTEX_POINT('',#17805);
#17805 = CARTESIAN_POINT('',(-15.52631576046,-4.2553191185,-19.8));
#17806 = LINE('',#17807,#17808);
#17807 = CARTESIAN_POINT('',(-15.52631576046,-4.2553191185,-19.8));
#17808 = VECTOR('',#17809,1.);
#17809 = DIRECTION('',(0.906356180608,0.422514465875,0.));
#17810 = ORIENTED_EDGE('',*,*,#17811,.F.);
#17811 = EDGE_CURVE('',#17812,#17804,#17814,.T.);
#17812 = VERTEX_POINT('',#17813);
#17813 = CARTESIAN_POINT('',(-15.61759865519,-4.340425491333,-19.8));
#17814 = LINE('',#17815,#17816);
#17815 = CARTESIAN_POINT('',(-15.61759865519,-4.340425491333,-19.8));
#17816 = VECTOR('',#17817,1.);
#17817 = DIRECTION('',(0.731418856838,0.681928482952,0.));
#17818 = ORIENTED_EDGE('',*,*,#17819,.F.);
#17819 = EDGE_CURVE('',#17820,#17812,#17822,.T.);
#17820 = VERTEX_POINT('',#17821);
#17821 = CARTESIAN_POINT('',(-15.67845394737,-4.468085050583,-19.8));
#17822 = LINE('',#17823,#17824);
#17823 = CARTESIAN_POINT('',(-15.67845394737,-4.468085050583,-19.8));
#17824 = VECTOR('',#17825,1.);
#17825 = DIRECTION('',(0.430308351383,0.902681961008,0.));
#17826 = ORIENTED_EDGE('',*,*,#17827,.F.);
#17827 = EDGE_CURVE('',#17828,#17820,#17830,.T.);
#17828 = VERTEX_POINT('',#17829);
#17829 = CARTESIAN_POINT('',(-15.70888154993,-4.595744729042,-19.8));
#17830 = LINE('',#17831,#17832);
#17831 = CARTESIAN_POINT('',(-15.70888154993,-4.595744729042,-19.8));
#17832 = VECTOR('',#17833,1.);
#17833 = DIRECTION('',(0.231854455459,0.972750487784,0.));
#17834 = ORIENTED_EDGE('',*,*,#17835,.F.);
#17835 = EDGE_CURVE('',#17836,#17828,#17838,.T.);
#17836 = VERTEX_POINT('',#17837);
#17837 = CARTESIAN_POINT('',(-15.73930923954,-4.851063847542,-19.8));
#17838 = LINE('',#17839,#17840);
#17839 = CARTESIAN_POINT('',(-15.73930923954,-4.851063847542,-19.8));
#17840 = VECTOR('',#17841,1.);
#17841 = DIRECTION('',(0.118337736308,0.992973403554,0.));
#17842 = ORIENTED_EDGE('',*,*,#17843,.F.);
#17843 = EDGE_CURVE('',#17844,#17836,#17846,.T.);
#17844 = VERTEX_POINT('',#17845);
#17845 = CARTESIAN_POINT('',(-15.73930923954,-4.936170220375,-19.8));
#17846 = LINE('',#17847,#17848);
#17847 = CARTESIAN_POINT('',(-15.73930923954,-4.936170220375,-19.8));
#17848 = VECTOR('',#17849,1.);
#17849 = DIRECTION('',(0.,1.,0.));
#17850 = ORIENTED_EDGE('',*,*,#17851,.F.);
#17851 = EDGE_CURVE('',#17852,#17844,#17854,.T.);
#17852 = VERTEX_POINT('',#17853);
#17853 = CARTESIAN_POINT('',(-15.55674345007,-4.765957474709,-19.8));
#17854 = LINE('',#17855,#17856);
#17855 = CARTESIAN_POINT('',(-15.55674345007,-4.765957474709,-19.8));
#17856 = VECTOR('',#17857,1.);
#17857 = DIRECTION('',(-0.731418856838,-0.681928482952,0.));
#17858 = ORIENTED_EDGE('',*,*,#17859,.F.);
#17859 = EDGE_CURVE('',#17860,#17852,#17862,.T.);
#17860 = VERTEX_POINT('',#17861);
#17861 = CARTESIAN_POINT('',(-15.40460526316,-4.723404288292,-19.8));
#17862 = LINE('',#17863,#17864);
#17863 = CARTESIAN_POINT('',(-15.40460526316,-4.723404288292,-19.8));
#17864 = VECTOR('',#17865,1.);
#17865 = DIRECTION('',(-0.963038774053,-0.269362803056,0.));
#17866 = ORIENTED_EDGE('',*,*,#17867,.F.);
#17867 = EDGE_CURVE('',#17868,#17860,#17870,.T.);
#17868 = VERTEX_POINT('',#17869);
#17869 = CARTESIAN_POINT('',(-15.25246707625,-4.723404288292,-19.8));
#17870 = LINE('',#17871,#17872);
#17871 = CARTESIAN_POINT('',(-15.25246707625,-4.723404288292,-19.8));
#17872 = VECTOR('',#17873,1.);
#17873 = DIRECTION('',(-1.,0.,0.));
#17874 = ORIENTED_EDGE('',*,*,#17875,.F.);
#17875 = EDGE_CURVE('',#17876,#17868,#17878,.T.);
#17876 = VERTEX_POINT('',#17877);
#17877 = CARTESIAN_POINT('',(-15.10032897639,-4.765957474709,-19.8));
#17878 = LINE('',#17879,#17880);
#17879 = CARTESIAN_POINT('',(-15.10032897639,-4.765957474709,-19.8));
#17880 = VECTOR('',#17881,1.);
#17881 = DIRECTION('',(-0.963038734071,0.269362946004,0.));
#17882 = ORIENTED_EDGE('',*,*,#17883,.F.);
#17883 = EDGE_CURVE('',#17572,#17876,#17884,.T.);
#17884 = LINE('',#17885,#17886);
#17885 = CARTESIAN_POINT('',(-14.94819078947,-4.893617033958,-19.8));
#17886 = VECTOR('',#17887,1.);
#17887 = DIRECTION('',(-0.766043295868,0.642788976925,0.));
#17888 = FACE_BOUND('',#17889,.F.);
#17889 = EDGE_LOOP('',(#17890,#17900,#17908,#17916,#17924,#17932,#17940,
    #17948,#17956,#17964,#17972,#17980,#17988,#17996,#18004,#18012,
    #18020,#18028,#18036,#18044));
#17890 = ORIENTED_EDGE('',*,*,#17891,.F.);
#17891 = EDGE_CURVE('',#17892,#17894,#17896,.T.);
#17892 = VERTEX_POINT('',#17893);
#17893 = CARTESIAN_POINT('',(-14.97861847909,-5.148936152458,-19.8));
#17894 = VERTEX_POINT('',#17895);
#17895 = CARTESIAN_POINT('',(-14.94819078947,-5.276595771313,-19.8));
#17896 = LINE('',#17897,#17898);
#17897 = CARTESIAN_POINT('',(-14.97861847909,-5.148936152458,-19.8));
#17898 = VECTOR('',#17899,1.);
#17899 = DIRECTION('',(0.231855185576,-0.972750313761,0.));
#17900 = ORIENTED_EDGE('',*,*,#17901,.F.);
#17901 = EDGE_CURVE('',#17902,#17892,#17904,.T.);
#17902 = VERTEX_POINT('',#17903);
#17903 = CARTESIAN_POINT('',(-15.03947368421,-5.063829779625,-19.8));
#17904 = LINE('',#17905,#17906);
#17905 = CARTESIAN_POINT('',(-15.03947368421,-5.063829779625,-19.8));
#17906 = VECTOR('',#17907,1.);
#17907 = DIRECTION('',(0.581649110326,-0.813439802602,0.));
#17908 = ORIENTED_EDGE('',*,*,#17909,.F.);
#17909 = EDGE_CURVE('',#17910,#17902,#17912,.T.);
#17910 = VERTEX_POINT('',#17911);
#17911 = CARTESIAN_POINT('',(-15.13075657895,-4.978723406792,-19.8));
#17912 = LINE('',#17913,#17914);
#17913 = CARTESIAN_POINT('',(-15.13075657895,-4.978723406792,-19.8));
#17914 = VECTOR('',#17915,1.);
#17915 = DIRECTION('',(0.731418856838,-0.681928482952,0.));
#17916 = ORIENTED_EDGE('',*,*,#17917,.F.);
#17917 = EDGE_CURVE('',#17918,#17910,#17920,.T.);
#17918 = VERTEX_POINT('',#17919);
#17919 = CARTESIAN_POINT('',(-15.22203947368,-4.936170220375,-19.8));
#17920 = LINE('',#17921,#17922);
#17921 = CARTESIAN_POINT('',(-15.22203947368,-4.936170220375,-19.8));
#17922 = VECTOR('',#17923,1.);
#17923 = DIRECTION('',(0.906356180608,-0.422514465875,0.));
#17924 = ORIENTED_EDGE('',*,*,#17925,.F.);
#17925 = EDGE_CURVE('',#17926,#17918,#17928,.T.);
#17926 = VERTEX_POINT('',#17927);
#17927 = CARTESIAN_POINT('',(-15.43503286572,-4.936170220375,-19.8));
#17928 = LINE('',#17929,#17930);
#17929 = CARTESIAN_POINT('',(-15.43503286572,-4.936170220375,-19.8));
#17930 = VECTOR('',#17931,1.);
#17931 = DIRECTION('',(1.,0.,0.));
#17932 = ORIENTED_EDGE('',*,*,#17933,.F.);
#17933 = EDGE_CURVE('',#17934,#17926,#17936,.T.);
#17934 = VERTEX_POINT('',#17935);
#17935 = CARTESIAN_POINT('',(-15.52631576046,-4.978723406792,-19.8));
#17936 = LINE('',#17937,#17938);
#17937 = CARTESIAN_POINT('',(-15.52631576046,-4.978723406792,-19.8));
#17938 = VECTOR('',#17939,1.);
#17939 = DIRECTION('',(0.906356180608,0.422514465875,0.));
#17940 = ORIENTED_EDGE('',*,*,#17941,.F.);
#17941 = EDGE_CURVE('',#17942,#17934,#17944,.T.);
#17942 = VERTEX_POINT('',#17943);
#17943 = CARTESIAN_POINT('',(-15.61759865519,-5.063829779625,-19.8));
#17944 = LINE('',#17945,#17946);
#17945 = CARTESIAN_POINT('',(-15.61759865519,-5.063829779625,-19.8));
#17946 = VECTOR('',#17947,1.);
#17947 = DIRECTION('',(0.731418856838,0.681928482952,0.));
#17948 = ORIENTED_EDGE('',*,*,#17949,.F.);
#17949 = EDGE_CURVE('',#17950,#17942,#17952,.T.);
#17950 = VERTEX_POINT('',#17951);
#17951 = CARTESIAN_POINT('',(-15.67845394737,-5.148936152458,-19.8));
#17952 = LINE('',#17953,#17954);
#17953 = CARTESIAN_POINT('',(-15.67845394737,-5.148936152458,-19.8));
#17954 = VECTOR('',#17955,1.);
#17955 = DIRECTION('',(0.581649660885,0.813439408925,0.));
#17956 = ORIENTED_EDGE('',*,*,#17957,.F.);
#17957 = EDGE_CURVE('',#17958,#17950,#17960,.T.);
#17958 = VERTEX_POINT('',#17959);
#17959 = CARTESIAN_POINT('',(-15.70888154993,-5.276595771313,-19.8));
#17960 = LINE('',#17961,#17962);
#17961 = CARTESIAN_POINT('',(-15.70888154993,-5.276595771313,-19.8));
#17962 = VECTOR('',#17963,1.);
#17963 = DIRECTION('',(0.231854557893,0.972750463369,0.));
#17964 = ORIENTED_EDGE('',*,*,#17965,.F.);
#17965 = EDGE_CURVE('',#17966,#17958,#17968,.T.);
#17966 = VERTEX_POINT('',#17967);
#17967 = CARTESIAN_POINT('',(-15.70888154993,-5.404255330563,-19.8));
#17968 = LINE('',#17969,#17970);
#17969 = CARTESIAN_POINT('',(-15.70888154993,-5.404255330563,-19.8));
#17970 = VECTOR('',#17971,1.);
#17971 = DIRECTION('',(0.,1.,0.));
#17972 = ORIENTED_EDGE('',*,*,#17973,.F.);
#17973 = EDGE_CURVE('',#17974,#17966,#17976,.T.);
#17974 = VERTEX_POINT('',#17975);
#17975 = CARTESIAN_POINT('',(-15.67845394737,-5.531914889812,-19.8));
#17976 = LINE('',#17977,#17978);
#17977 = CARTESIAN_POINT('',(-15.67845394737,-5.531914889812,-19.8));
#17978 = VECTOR('',#17979,1.);
#17979 = DIRECTION('',(-0.231854660327,0.972750438954,0.));
#17980 = ORIENTED_EDGE('',*,*,#17981,.F.);
#17981 = EDGE_CURVE('',#17982,#17974,#17984,.T.);
#17982 = VERTEX_POINT('',#17983);
#17983 = CARTESIAN_POINT('',(-15.61759865519,-5.659574478865,-19.8));
#17984 = LINE('',#17985,#17986);
#17985 = CARTESIAN_POINT('',(-15.61759865519,-5.659574478865,-19.8));
#17986 = VECTOR('',#17987,1.);
#17987 = DIRECTION('',(-0.430308269528,0.902682000029,0.));
#17988 = ORIENTED_EDGE('',*,*,#17989,.F.);
#17989 = EDGE_CURVE('',#17990,#17982,#17992,.T.);
#17990 = VERTEX_POINT('',#17991);
#17991 = CARTESIAN_POINT('',(-15.52631576046,-5.744680851698,-19.8));
#17992 = LINE('',#17993,#17994);
#17993 = CARTESIAN_POINT('',(-15.52631576046,-5.744680851698,-19.8));
#17994 = VECTOR('',#17995,1.);
#17995 = DIRECTION('',(-0.731418856838,0.681928482952,0.));
#17996 = ORIENTED_EDGE('',*,*,#17997,.F.);
#17997 = EDGE_CURVE('',#17998,#17990,#18000,.T.);
#17998 = VERTEX_POINT('',#17999);
#17999 = CARTESIAN_POINT('',(-15.43503286572,-5.787234038115,-19.8));
#18000 = LINE('',#18001,#18002);
#18001 = CARTESIAN_POINT('',(-15.43503286572,-5.787234038115,-19.8));
#18002 = VECTOR('',#18003,1.);
#18003 = DIRECTION('',(-0.906356180608,0.422514465875,0.));
#18004 = ORIENTED_EDGE('',*,*,#18005,.F.);
#18005 = EDGE_CURVE('',#18006,#17998,#18008,.T.);
#18006 = VERTEX_POINT('',#18007);
#18007 = CARTESIAN_POINT('',(-15.22203947368,-5.787234038115,-19.8));
#18008 = LINE('',#18009,#18010);
#18009 = CARTESIAN_POINT('',(-15.22203947368,-5.787234038115,-19.8));
#18010 = VECTOR('',#18011,1.);
#18011 = DIRECTION('',(-1.,0.,0.));
#18012 = ORIENTED_EDGE('',*,*,#18013,.F.);
#18013 = EDGE_CURVE('',#18014,#18006,#18016,.T.);
#18014 = VERTEX_POINT('',#18015);
#18015 = CARTESIAN_POINT('',(-15.13075657895,-5.744680851698,-19.8));
#18016 = LINE('',#18017,#18018);
#18017 = CARTESIAN_POINT('',(-15.13075657895,-5.744680851698,-19.8));
#18018 = VECTOR('',#18019,1.);
#18019 = DIRECTION('',(-0.906356180608,-0.422514465875,0.));
#18020 = ORIENTED_EDGE('',*,*,#18021,.F.);
#18021 = EDGE_CURVE('',#18022,#18014,#18024,.T.);
#18022 = VERTEX_POINT('',#18023);
#18023 = CARTESIAN_POINT('',(-15.03947368421,-5.659574478865,-19.8));
#18024 = LINE('',#18025,#18026);
#18025 = CARTESIAN_POINT('',(-15.03947368421,-5.659574478865,-19.8));
#18026 = VECTOR('',#18027,1.);
#18027 = DIRECTION('',(-0.731418856838,-0.681928482952,0.));
#18028 = ORIENTED_EDGE('',*,*,#18029,.F.);
#18029 = EDGE_CURVE('',#18030,#18022,#18032,.T.);
#18030 = VERTEX_POINT('',#18031);
#18031 = CARTESIAN_POINT('',(-14.97861847909,-5.531914889812,-19.8));
#18032 = LINE('',#18033,#18034);
#18033 = CARTESIAN_POINT('',(-14.97861847909,-5.531914889812,-19.8));
#18034 = VECTOR('',#18035,1.);
#18035 = DIRECTION('',(-0.430307767948,-0.902682239132,0.));
#18036 = ORIENTED_EDGE('',*,*,#18037,.F.);
#18037 = EDGE_CURVE('',#18038,#18030,#18040,.T.);
#18038 = VERTEX_POINT('',#18039);
#18039 = CARTESIAN_POINT('',(-14.94819078947,-5.404255330563,-19.8));
#18040 = LINE('',#18041,#18042);
#18041 = CARTESIAN_POINT('',(-14.94819078947,-5.404255330563,-19.8));
#18042 = VECTOR('',#18043,1.);
#18043 = DIRECTION('',(-0.23185528801,-0.972750289345,0.));
#18044 = ORIENTED_EDGE('',*,*,#18045,.F.);
#18045 = EDGE_CURVE('',#17894,#18038,#18046,.T.);
#18046 = LINE('',#18047,#18048);
#18047 = CARTESIAN_POINT('',(-14.94819078947,-5.276595771313,-19.8));
#18048 = VECTOR('',#18049,1.);
#18049 = DIRECTION('',(0.,-1.,0.));
#18050 = PLANE('',#18051);
#18051 = AXIS2_PLACEMENT_3D('',#18052,#18053,#18054);
#18052 = CARTESIAN_POINT('',(0.,0.,-19.8));
#18053 = DIRECTION('',(0.,0.,1.));
#18054 = DIRECTION('',(1.,0.,-0.));
#18055 = ADVANCED_FACE('',(#18056),#18072,.T.);
#18056 = FACE_BOUND('',#18057,.F.);
#18057 = EDGE_LOOP('',(#18058,#18059,#18065,#18066));
#18058 = ORIENTED_EDGE('',*,*,#2917,.F.);
#18059 = ORIENTED_EDGE('',*,*,#18060,.T.);
#18060 = EDGE_CURVE('',#2910,#17016,#18061,.T.);
#18061 = LINE('',#18062,#18063);
#18062 = CARTESIAN_POINT('',(-14.93409090713,-0.331914889813,-20.));
#18063 = VECTOR('',#18064,1.);
#18064 = DIRECTION('',(0.,0.,1.));
#18065 = ORIENTED_EDGE('',*,*,#17015,.T.);
#18066 = ORIENTED_EDGE('',*,*,#18067,.F.);
#18067 = EDGE_CURVE('',#2918,#17018,#18068,.T.);
#18068 = LINE('',#18069,#18070);
#18069 = CARTESIAN_POINT('',(-14.90113636364,-0.459574478865,-20.));
#18070 = VECTOR('',#18071,1.);
#18071 = DIRECTION('',(0.,0.,1.));
#18072 = PLANE('',#18073);
#18073 = AXIS2_PLACEMENT_3D('',#18074,#18075,#18076);
#18074 = CARTESIAN_POINT('',(-14.93409090713,-0.331914889813,-20.));
#18075 = DIRECTION('',(-0.968258724944,-0.249950078156,0.));
#18076 = DIRECTION('',(0.249950078156,-0.968258724944,0.));
#18077 = ADVANCED_FACE('',(#18078),#18089,.T.);
#18078 = FACE_BOUND('',#18079,.F.);
#18079 = EDGE_LOOP('',(#18080,#18081,#18087,#18088));
#18080 = ORIENTED_EDGE('',*,*,#2907,.F.);
#18081 = ORIENTED_EDGE('',*,*,#18082,.T.);
#18082 = EDGE_CURVE('',#2908,#17026,#18083,.T.);
#18083 = LINE('',#18084,#18085);
#18084 = CARTESIAN_POINT('',(-14.76931818968,-0.331914889813,-20.));
#18085 = VECTOR('',#18086,1.);
#18086 = DIRECTION('',(0.,0.,1.));
#18087 = ORIENTED_EDGE('',*,*,#17025,.T.);
#18088 = ORIENTED_EDGE('',*,*,#18060,.F.);
#18089 = PLANE('',#18090);
#18090 = AXIS2_PLACEMENT_3D('',#18091,#18092,#18093);
#18091 = CARTESIAN_POINT('',(-14.76931818968,-0.331914889813,-20.));
#18092 = DIRECTION('',(0.,1.,0.));
#18093 = DIRECTION('',(-1.,0.,0.));
#18094 = ADVANCED_FACE('',(#18095),#18106,.T.);
#18095 = FACE_BOUND('',#18096,.F.);
#18096 = EDGE_LOOP('',(#18097,#18098,#18104,#18105));
#18097 = ORIENTED_EDGE('',*,*,#3221,.F.);
#18098 = ORIENTED_EDGE('',*,*,#18099,.T.);
#18099 = EDGE_CURVE('',#3214,#17034,#18100,.T.);
#18100 = LINE('',#18101,#18102);
#18101 = CARTESIAN_POINT('',(-14.70340909091,-0.459574478865,-20.));
#18102 = VECTOR('',#18103,1.);
#18103 = DIRECTION('',(0.,0.,1.));
#18104 = ORIENTED_EDGE('',*,*,#17033,.T.);
#18105 = ORIENTED_EDGE('',*,*,#18082,.F.);
#18106 = PLANE('',#18107);
#18107 = AXIS2_PLACEMENT_3D('',#18108,#18109,#18110);
#18108 = CARTESIAN_POINT('',(-14.70340909091,-0.459574478865,-20.));
#18109 = DIRECTION('',(0.888563124072,0.458754372775,0.));
#18110 = DIRECTION('',(-0.458754372775,0.888563124072,0.));
#18111 = ADVANCED_FACE('',(#18112),#18123,.T.);
#18112 = FACE_BOUND('',#18113,.F.);
#18113 = EDGE_LOOP('',(#18114,#18115,#18121,#18122));
#18114 = ORIENTED_EDGE('',*,*,#3213,.F.);
#18115 = ORIENTED_EDGE('',*,*,#18116,.T.);
#18116 = EDGE_CURVE('',#3206,#17042,#18117,.T.);
#18117 = LINE('',#18118,#18119);
#18118 = CARTESIAN_POINT('',(-14.60454545455,-0.544680851698,-20.));
#18119 = VECTOR('',#18120,1.);
#18120 = DIRECTION('',(0.,0.,1.));
#18121 = ORIENTED_EDGE('',*,*,#17041,.T.);
#18122 = ORIENTED_EDGE('',*,*,#18099,.F.);
#18123 = PLANE('',#18124);
#18124 = AXIS2_PLACEMENT_3D('',#18125,#18126,#18127);
#18125 = CARTESIAN_POINT('',(-14.60454545455,-0.544680851698,-20.));
#18126 = DIRECTION('',(0.652407787718,0.757868114203,0.));
#18127 = DIRECTION('',(-0.757868114203,0.652407787718,0.));
#18128 = ADVANCED_FACE('',(#18129),#18140,.T.);
#18129 = FACE_BOUND('',#18130,.F.);
#18130 = EDGE_LOOP('',(#18131,#18132,#18138,#18139));
#18131 = ORIENTED_EDGE('',*,*,#3205,.F.);
#18132 = ORIENTED_EDGE('',*,*,#18133,.T.);
#18133 = EDGE_CURVE('',#3198,#17050,#18134,.T.);
#18134 = LINE('',#18135,#18136);
#18135 = CARTESIAN_POINT('',(-14.50568181818,-0.587234038115,-20.));
#18136 = VECTOR('',#18137,1.);
#18137 = DIRECTION('',(0.,0.,1.));
#18138 = ORIENTED_EDGE('',*,*,#17049,.T.);
#18139 = ORIENTED_EDGE('',*,*,#18116,.F.);
#18140 = PLANE('',#18141);
#18141 = AXIS2_PLACEMENT_3D('',#18142,#18143,#18144);
#18142 = CARTESIAN_POINT('',(-14.50568181818,-0.587234038115,-20.));
#18143 = DIRECTION('',(0.395355659966,0.918528117225,0.));
#18144 = DIRECTION('',(-0.918528117225,0.395355659966,0.));
#18145 = ADVANCED_FACE('',(#18146),#18157,.T.);
#18146 = FACE_BOUND('',#18147,.F.);
#18147 = EDGE_LOOP('',(#18148,#18149,#18155,#18156));
#18148 = ORIENTED_EDGE('',*,*,#3197,.F.);
#18149 = ORIENTED_EDGE('',*,*,#18150,.T.);
#18150 = EDGE_CURVE('',#3190,#17058,#18151,.T.);
#18151 = LINE('',#18152,#18153);
#18152 = CARTESIAN_POINT('',(-14.30795454545,-0.587234038115,-20.));
#18153 = VECTOR('',#18154,1.);
#18154 = DIRECTION('',(0.,0.,1.));
#18155 = ORIENTED_EDGE('',*,*,#17057,.T.);
#18156 = ORIENTED_EDGE('',*,*,#18133,.F.);
#18157 = PLANE('',#18158);
#18158 = AXIS2_PLACEMENT_3D('',#18159,#18160,#18161);
#18159 = CARTESIAN_POINT('',(-14.30795454545,-0.587234038115,-20.));
#18160 = DIRECTION('',(0.,1.,0.));
#18161 = DIRECTION('',(-1.,0.,0.));
#18162 = ADVANCED_FACE('',(#18163),#18174,.T.);
#18163 = FACE_BOUND('',#18164,.F.);
#18164 = EDGE_LOOP('',(#18165,#18166,#18172,#18173));
#18165 = ORIENTED_EDGE('',*,*,#3189,.F.);
#18166 = ORIENTED_EDGE('',*,*,#18167,.T.);
#18167 = EDGE_CURVE('',#3182,#17066,#18168,.T.);
#18168 = LINE('',#18169,#18170);
#18169 = CARTESIAN_POINT('',(-14.20909090909,-0.544680851698,-20.));
#18170 = VECTOR('',#18171,1.);
#18171 = DIRECTION('',(0.,0.,1.));
#18172 = ORIENTED_EDGE('',*,*,#17065,.T.);
#18173 = ORIENTED_EDGE('',*,*,#18150,.F.);
#18174 = PLANE('',#18175);
#18175 = AXIS2_PLACEMENT_3D('',#18176,#18177,#18178);
#18176 = CARTESIAN_POINT('',(-14.20909090909,-0.544680851698,-20.));
#18177 = DIRECTION('',(-0.395355659966,0.918528117225,0.));
#18178 = DIRECTION('',(-0.918528117225,-0.395355659966,0.));
#18179 = ADVANCED_FACE('',(#18180),#18191,.T.);
#18180 = FACE_BOUND('',#18181,.F.);
#18181 = EDGE_LOOP('',(#18182,#18183,#18189,#18190));
#18182 = ORIENTED_EDGE('',*,*,#3181,.F.);
#18183 = ORIENTED_EDGE('',*,*,#18184,.T.);
#18184 = EDGE_CURVE('',#3174,#17074,#18185,.T.);
#18185 = LINE('',#18186,#18187);
#18186 = CARTESIAN_POINT('',(-14.11022727273,-0.459574478865,-20.));
#18187 = VECTOR('',#18188,1.);
#18188 = DIRECTION('',(0.,0.,1.));
#18189 = ORIENTED_EDGE('',*,*,#17073,.T.);
#18190 = ORIENTED_EDGE('',*,*,#18167,.F.);
#18191 = PLANE('',#18192);
#18192 = AXIS2_PLACEMENT_3D('',#18193,#18194,#18195);
#18193 = CARTESIAN_POINT('',(-14.11022727273,-0.459574478865,-20.));
#18194 = DIRECTION('',(-0.652407787718,0.757868114203,0.));
#18195 = DIRECTION('',(-0.757868114203,-0.652407787718,0.));
#18196 = ADVANCED_FACE('',(#18197),#18208,.T.);
#18197 = FACE_BOUND('',#18198,.F.);
#18198 = EDGE_LOOP('',(#18199,#18200,#18206,#18207));
#18199 = ORIENTED_EDGE('',*,*,#3173,.F.);
#18200 = ORIENTED_EDGE('',*,*,#18201,.T.);
#18201 = EDGE_CURVE('',#3166,#17082,#18202,.T.);
#18202 = LINE('',#18203,#18204);
#18203 = CARTESIAN_POINT('',(-14.04431815039,-0.331914889813,-20.));
#18204 = VECTOR('',#18205,1.);
#18205 = DIRECTION('',(0.,0.,1.));
#18206 = ORIENTED_EDGE('',*,*,#17081,.T.);
#18207 = ORIENTED_EDGE('',*,*,#18184,.F.);
#18208 = PLANE('',#18209);
#18209 = AXIS2_PLACEMENT_3D('',#18210,#18211,#18212);
#18210 = CARTESIAN_POINT('',(-14.04431815039,-0.331914889813,-20.));
#18211 = DIRECTION('',(-0.888563057194,0.45875450231,0.));
#18212 = DIRECTION('',(-0.45875450231,-0.888563057194,0.));
#18213 = ADVANCED_FACE('',(#18214),#18225,.T.);
#18214 = FACE_BOUND('',#18215,.F.);
#18215 = EDGE_LOOP('',(#18216,#18217,#18223,#18224));
#18216 = ORIENTED_EDGE('',*,*,#3165,.F.);
#18217 = ORIENTED_EDGE('',*,*,#18218,.T.);
#18218 = EDGE_CURVE('',#3158,#17090,#18219,.T.);
#18219 = LINE('',#18220,#18221);
#18220 = CARTESIAN_POINT('',(-14.01136363636,-0.204255330563,-20.));
#18221 = VECTOR('',#18222,1.);
#18222 = DIRECTION('',(0.,0.,1.));
#18223 = ORIENTED_EDGE('',*,*,#17089,.T.);
#18224 = ORIENTED_EDGE('',*,*,#18201,.F.);
#18225 = PLANE('',#18226);
#18226 = AXIS2_PLACEMENT_3D('',#18227,#18228,#18229);
#18227 = CARTESIAN_POINT('',(-14.01136363636,-0.204255330563,-20.));
#18228 = DIRECTION('',(-0.968258764906,0.249949923351,0.));
#18229 = DIRECTION('',(-0.249949923351,-0.968258764906,0.));
#18230 = ADVANCED_FACE('',(#18231),#18242,.T.);
#18231 = FACE_BOUND('',#18232,.F.);
#18232 = EDGE_LOOP('',(#18233,#18234,#18240,#18241));
#18233 = ORIENTED_EDGE('',*,*,#3157,.F.);
#18234 = ORIENTED_EDGE('',*,*,#18235,.T.);
#18235 = EDGE_CURVE('',#3150,#17098,#18236,.T.);
#18236 = LINE('',#18237,#18238);
#18237 = CARTESIAN_POINT('',(-13.97840912234,5.106384754181E-02,-20.));
#18238 = VECTOR('',#18239,1.);
#18239 = DIRECTION('',(0.,0.,1.));
#18240 = ORIENTED_EDGE('',*,*,#17097,.T.);
#18241 = ORIENTED_EDGE('',*,*,#18218,.F.);
#18242 = PLANE('',#18243);
#18243 = AXIS2_PLACEMENT_3D('',#18244,#18245,#18246);
#18244 = CARTESIAN_POINT('',(-13.97840912234,5.106384754181E-02,-20.));
#18245 = DIRECTION('',(-0.991772884533,0.128009942995,0.));
#18246 = DIRECTION('',(-0.128009942995,-0.991772884533,0.));
#18247 = ADVANCED_FACE('',(#18248),#18259,.T.);
#18248 = FACE_BOUND('',#18249,.F.);
#18249 = EDGE_LOOP('',(#18250,#18251,#18257,#18258));
#18250 = ORIENTED_EDGE('',*,*,#3149,.F.);
#18251 = ORIENTED_EDGE('',*,*,#18252,.T.);
#18252 = EDGE_CURVE('',#3142,#17106,#18253,.T.);
#18253 = LINE('',#18254,#18255);
#18254 = CARTESIAN_POINT('',(-13.97840912234,0.136170220375,-20.));
#18255 = VECTOR('',#18256,1.);
#18256 = DIRECTION('',(0.,0.,1.));
#18257 = ORIENTED_EDGE('',*,*,#17105,.T.);
#18258 = ORIENTED_EDGE('',*,*,#18235,.F.);
#18259 = PLANE('',#18260);
#18260 = AXIS2_PLACEMENT_3D('',#18261,#18262,#18263);
#18261 = CARTESIAN_POINT('',(-13.97840912234,0.136170220375,-20.));
#18262 = DIRECTION('',(-1.,0.,0.));
#18263 = DIRECTION('',(0.,-1.,0.));
#18264 = ADVANCED_FACE('',(#18265),#18276,.T.);
#18265 = FACE_BOUND('',#18266,.F.);
#18266 = EDGE_LOOP('',(#18267,#18268,#18274,#18275));
#18267 = ORIENTED_EDGE('',*,*,#3141,.F.);
#18268 = ORIENTED_EDGE('',*,*,#18269,.T.);
#18269 = EDGE_CURVE('',#3134,#17114,#18270,.T.);
#18270 = LINE('',#18271,#18272);
#18271 = CARTESIAN_POINT('',(-14.17613639506,-3.404252529144E-02,-20.));
#18272 = VECTOR('',#18273,1.);
#18273 = DIRECTION('',(0.,0.,1.));
#18274 = ORIENTED_EDGE('',*,*,#17113,.T.);
#18275 = ORIENTED_EDGE('',*,*,#18252,.F.);
#18276 = PLANE('',#18277);
#18277 = AXIS2_PLACEMENT_3D('',#18278,#18279,#18280);
#18278 = CARTESIAN_POINT('',(-14.17613639506,-3.404252529144E-02,-20.));
#18279 = DIRECTION('',(0.652407787718,-0.757868114203,0.));
#18280 = DIRECTION('',(0.757868114203,0.652407787718,0.));
#18281 = ADVANCED_FACE('',(#18282),#18293,.T.);
#18282 = FACE_BOUND('',#18283,.F.);
#18283 = EDGE_LOOP('',(#18284,#18285,#18291,#18292));
#18284 = ORIENTED_EDGE('',*,*,#3133,.F.);
#18285 = ORIENTED_EDGE('',*,*,#18286,.T.);
#18286 = EDGE_CURVE('',#3126,#17122,#18287,.T.);
#18287 = LINE('',#18288,#18289);
#18288 = CARTESIAN_POINT('',(-14.34090910662,-7.659577131271E-02,-20.));
#18289 = VECTOR('',#18290,1.);
#18290 = DIRECTION('',(0.,0.,1.));
#18291 = ORIENTED_EDGE('',*,*,#17121,.T.);
#18292 = ORIENTED_EDGE('',*,*,#18269,.F.);
#18293 = PLANE('',#18294);
#18294 = AXIS2_PLACEMENT_3D('',#18295,#18296,#18297);
#18295 = CARTESIAN_POINT('',(-14.34090910662,-7.659577131271E-02,-20.));
#18296 = DIRECTION('',(0.250050212491,-0.968232870354,0.));
#18297 = DIRECTION('',(0.968232870354,0.250050212491,0.));
#18298 = ADVANCED_FACE('',(#18299),#18310,.T.);
#18299 = FACE_BOUND('',#18300,.F.);
#18300 = EDGE_LOOP('',(#18301,#18302,#18308,#18309));
#18301 = ORIENTED_EDGE('',*,*,#3125,.F.);
#18302 = ORIENTED_EDGE('',*,*,#18303,.T.);
#18303 = EDGE_CURVE('',#3118,#17130,#18304,.T.);
#18304 = LINE('',#18305,#18306);
#18305 = CARTESIAN_POINT('',(-14.50568181818,-7.659577131271E-02,-20.));
#18306 = VECTOR('',#18307,1.);
#18307 = DIRECTION('',(0.,0.,1.));
#18308 = ORIENTED_EDGE('',*,*,#17129,.T.);
#18309 = ORIENTED_EDGE('',*,*,#18286,.F.);
#18310 = PLANE('',#18311);
#18311 = AXIS2_PLACEMENT_3D('',#18312,#18313,#18314);
#18312 = CARTESIAN_POINT('',(-14.50568181818,-7.659577131271E-02,-20.));
#18313 = DIRECTION('',(0.,-1.,0.));
#18314 = DIRECTION('',(1.,0.,0.));
#18315 = ADVANCED_FACE('',(#18316),#18327,.T.);
#18316 = FACE_BOUND('',#18317,.F.);
#18317 = EDGE_LOOP('',(#18318,#18319,#18325,#18326));
#18318 = ORIENTED_EDGE('',*,*,#3117,.F.);
#18319 = ORIENTED_EDGE('',*,*,#18320,.T.);
#18320 = EDGE_CURVE('',#3110,#17138,#18321,.T.);
#18321 = LINE('',#18322,#18323);
#18322 = CARTESIAN_POINT('',(-14.67045455331,-3.404252529144E-02,-20.));
#18323 = VECTOR('',#18324,1.);
#18324 = DIRECTION('',(0.,0.,1.));
#18325 = ORIENTED_EDGE('',*,*,#17137,.T.);
#18326 = ORIENTED_EDGE('',*,*,#18303,.F.);
#18327 = PLANE('',#18328);
#18328 = AXIS2_PLACEMENT_3D('',#18329,#18330,#18331);
#18329 = CARTESIAN_POINT('',(-14.67045455331,-3.404252529144E-02,-20.));
#18330 = DIRECTION('',(-0.250050178958,-0.968232879014,0.));
#18331 = DIRECTION('',(0.968232879014,-0.250050178958,0.));
#18332 = ADVANCED_FACE('',(#18333),#18344,.T.);
#18333 = FACE_BOUND('',#18334,.F.);
#18334 = EDGE_LOOP('',(#18335,#18336,#18342,#18343));
#18335 = ORIENTED_EDGE('',*,*,#3109,.F.);
#18336 = ORIENTED_EDGE('',*,*,#18337,.T.);
#18337 = EDGE_CURVE('',#3102,#17146,#18338,.T.);
#18338 = LINE('',#18339,#18340);
#18339 = CARTESIAN_POINT('',(-14.83522727666,9.361703395843E-02,-20.));
#18340 = VECTOR('',#18341,1.);
#18341 = DIRECTION('',(0.,0.,1.));
#18342 = ORIENTED_EDGE('',*,*,#17145,.T.);
#18343 = ORIENTED_EDGE('',*,*,#18320,.F.);
#18344 = PLANE('',#18345);
#18345 = AXIS2_PLACEMENT_3D('',#18346,#18347,#18348);
#18346 = CARTESIAN_POINT('',(-14.83522727666,9.361703395844E-02,-20.));
#18347 = DIRECTION('',(-0.612453860659,-0.790506336827,0.));
#18348 = DIRECTION('',(0.790506336827,-0.612453860659,0.));
#18349 = ADVANCED_FACE('',(#18350),#18361,.T.);
#18350 = FACE_BOUND('',#18351,.F.);
#18351 = EDGE_LOOP('',(#18352,#18353,#18359,#18360));
#18352 = ORIENTED_EDGE('',*,*,#3101,.F.);
#18353 = ORIENTED_EDGE('',*,*,#18354,.T.);
#18354 = EDGE_CURVE('',#3094,#17154,#18355,.T.);
#18355 = LINE('',#18356,#18357);
#18356 = CARTESIAN_POINT('',(-14.93409090713,0.263829779625,-20.));
#18357 = VECTOR('',#18358,1.);
#18358 = DIRECTION('',(0.,0.,1.));
#18359 = ORIENTED_EDGE('',*,*,#17153,.T.);
#18360 = ORIENTED_EDGE('',*,*,#18337,.F.);
#18361 = PLANE('',#18362);
#18362 = AXIS2_PLACEMENT_3D('',#18363,#18364,#18365);
#18363 = CARTESIAN_POINT('',(-14.93409090713,0.263829779625,-20.));
#18364 = DIRECTION('',(-0.864721823533,-0.502251100452,0.));
#18365 = DIRECTION('',(0.502251100452,-0.864721823533,0.));
#18366 = ADVANCED_FACE('',(#18367),#18378,.T.);
#18367 = FACE_BOUND('',#18368,.F.);
#18368 = EDGE_LOOP('',(#18369,#18370,#18376,#18377));
#18369 = ORIENTED_EDGE('',*,*,#3093,.F.);
#18370 = ORIENTED_EDGE('',*,*,#18371,.T.);
#18371 = EDGE_CURVE('',#3086,#17162,#18372,.T.);
#18372 = LINE('',#18373,#18374);
#18373 = CARTESIAN_POINT('',(-15.,0.476595711708,-20.));
#18374 = VECTOR('',#18375,1.);
#18375 = DIRECTION('',(0.,0.,1.));
#18376 = ORIENTED_EDGE('',*,*,#17161,.T.);
#18377 = ORIENTED_EDGE('',*,*,#18354,.F.);
#18378 = PLANE('',#18379);
#18379 = AXIS2_PLACEMENT_3D('',#18380,#18381,#18382);
#18380 = CARTESIAN_POINT('',(-15.,0.476595711708,-20.));
#18381 = DIRECTION('',(-0.955218692228,-0.295900743526,0.));
#18382 = DIRECTION('',(0.295900743526,-0.955218692228,0.));
#18383 = ADVANCED_FACE('',(#18384),#18395,.T.);
#18384 = FACE_BOUND('',#18385,.F.);
#18385 = EDGE_LOOP('',(#18386,#18387,#18393,#18394));
#18386 = ORIENTED_EDGE('',*,*,#3085,.F.);
#18387 = ORIENTED_EDGE('',*,*,#18388,.T.);
#18388 = EDGE_CURVE('',#3078,#17170,#18389,.T.);
#18389 = LINE('',#18390,#18391);
#18390 = CARTESIAN_POINT('',(-15.,0.646808457375,-20.));
#18391 = VECTOR('',#18392,1.);
#18392 = DIRECTION('',(0.,0.,1.));
#18393 = ORIENTED_EDGE('',*,*,#17169,.T.);
#18394 = ORIENTED_EDGE('',*,*,#18371,.F.);
#18395 = PLANE('',#18396);
#18396 = AXIS2_PLACEMENT_3D('',#18397,#18398,#18399);
#18397 = CARTESIAN_POINT('',(-15.,0.646808457375,-20.));
#18398 = DIRECTION('',(-1.,0.,0.));
#18399 = DIRECTION('',(0.,-1.,0.));
#18400 = ADVANCED_FACE('',(#18401),#18412,.T.);
#18401 = FACE_BOUND('',#18402,.F.);
#18402 = EDGE_LOOP('',(#18403,#18404,#18410,#18411));
#18403 = ORIENTED_EDGE('',*,*,#3077,.F.);
#18404 = ORIENTED_EDGE('',*,*,#18405,.T.);
#18405 = EDGE_CURVE('',#3070,#17178,#18406,.T.);
#18406 = LINE('',#18407,#18408);
#18407 = CARTESIAN_POINT('',(-14.93409090713,0.859574508667,-20.));
#18408 = VECTOR('',#18409,1.);
#18409 = DIRECTION('',(0.,0.,1.));
#18410 = ORIENTED_EDGE('',*,*,#17177,.T.);
#18411 = ORIENTED_EDGE('',*,*,#18388,.F.);
#18412 = PLANE('',#18413);
#18413 = AXIS2_PLACEMENT_3D('',#18414,#18415,#18416);
#18414 = CARTESIAN_POINT('',(-14.93409090713,0.859574508667,-20.));
#18415 = DIRECTION('',(-0.955218739088,0.295900592253,0.));
#18416 = DIRECTION('',(-0.295900592253,-0.955218739088,0.));
#18417 = ADVANCED_FACE('',(#18418),#18429,.T.);
#18418 = FACE_BOUND('',#18419,.F.);
#18419 = EDGE_LOOP('',(#18420,#18421,#18427,#18428));
#18420 = ORIENTED_EDGE('',*,*,#3069,.F.);
#18421 = ORIENTED_EDGE('',*,*,#18422,.T.);
#18422 = EDGE_CURVE('',#3062,#17186,#18423,.T.);
#18423 = LINE('',#18424,#18425);
#18424 = CARTESIAN_POINT('',(-14.83522727666,1.029787254333,-20.));
#18425 = VECTOR('',#18426,1.);
#18426 = DIRECTION('',(0.,0.,1.));
#18427 = ORIENTED_EDGE('',*,*,#17185,.T.);
#18428 = ORIENTED_EDGE('',*,*,#18405,.F.);
#18429 = PLANE('',#18430);
#18430 = AXIS2_PLACEMENT_3D('',#18431,#18432,#18433);
#18431 = CARTESIAN_POINT('',(-14.83522727666,1.029787254333,-20.));
#18432 = DIRECTION('',(-0.864721823533,0.502251100452,0.));
#18433 = DIRECTION('',(-0.502251100452,-0.864721823533,0.));
#18434 = ADVANCED_FACE('',(#18435),#18446,.T.);
#18435 = FACE_BOUND('',#18436,.F.);
#18436 = EDGE_LOOP('',(#18437,#18438,#18444,#18445));
#18437 = ORIENTED_EDGE('',*,*,#3061,.F.);
#18438 = ORIENTED_EDGE('',*,*,#18439,.T.);
#18439 = EDGE_CURVE('',#3054,#17194,#18440,.T.);
#18440 = LINE('',#18441,#18442);
#18441 = CARTESIAN_POINT('',(-14.67045455331,1.157446813583,-20.));
#18442 = VECTOR('',#18443,1.);
#18443 = DIRECTION('',(0.,0.,1.));
#18444 = ORIENTED_EDGE('',*,*,#17193,.T.);
#18445 = ORIENTED_EDGE('',*,*,#18422,.F.);
#18446 = PLANE('',#18447);
#18447 = AXIS2_PLACEMENT_3D('',#18448,#18449,#18450);
#18448 = CARTESIAN_POINT('',(-14.67045455331,1.157446813583,-20.));
#18449 = DIRECTION('',(-0.612453860659,0.790506336827,0.));
#18450 = DIRECTION('',(-0.790506336827,-0.612453860659,0.));
#18451 = ADVANCED_FACE('',(#18452),#18463,.T.);
#18452 = FACE_BOUND('',#18453,.F.);
#18453 = EDGE_LOOP('',(#18454,#18455,#18461,#18462));
#18454 = ORIENTED_EDGE('',*,*,#3053,.F.);
#18455 = ORIENTED_EDGE('',*,*,#18456,.T.);
#18456 = EDGE_CURVE('',#3046,#17202,#18457,.T.);
#18457 = LINE('',#18458,#18459);
#18458 = CARTESIAN_POINT('',(-14.50568181818,1.2,-20.));
#18459 = VECTOR('',#18460,1.);
#18460 = DIRECTION('',(0.,0.,1.));
#18461 = ORIENTED_EDGE('',*,*,#17201,.T.);
#18462 = ORIENTED_EDGE('',*,*,#18439,.F.);
#18463 = PLANE('',#18464);
#18464 = AXIS2_PLACEMENT_3D('',#18465,#18466,#18467);
#18465 = CARTESIAN_POINT('',(-14.50568181818,1.2,-20.));
#18466 = DIRECTION('',(-0.25004985061,0.968232963811,0.));
#18467 = DIRECTION('',(-0.968232963811,-0.25004985061,0.));
#18468 = ADVANCED_FACE('',(#18469),#18480,.T.);
#18469 = FACE_BOUND('',#18470,.F.);
#18470 = EDGE_LOOP('',(#18471,#18472,#18478,#18479));
#18471 = ORIENTED_EDGE('',*,*,#3045,.F.);
#18472 = ORIENTED_EDGE('',*,*,#18473,.T.);
#18473 = EDGE_CURVE('',#3038,#17210,#18474,.T.);
#18474 = LINE('',#18475,#18476);
#18475 = CARTESIAN_POINT('',(-14.34090910662,1.2,-20.));
#18476 = VECTOR('',#18477,1.);
#18477 = DIRECTION('',(0.,0.,1.));
#18478 = ORIENTED_EDGE('',*,*,#17209,.T.);
#18479 = ORIENTED_EDGE('',*,*,#18456,.F.);
#18480 = PLANE('',#18481);
#18481 = AXIS2_PLACEMENT_3D('',#18482,#18483,#18484);
#18482 = CARTESIAN_POINT('',(-14.34090910662,1.2,-20.));
#18483 = DIRECTION('',(0.,1.,0.));
#18484 = DIRECTION('',(-1.,0.,0.));
#18485 = ADVANCED_FACE('',(#18486),#18497,.T.);
#18486 = FACE_BOUND('',#18487,.F.);
#18487 = EDGE_LOOP('',(#18488,#18489,#18495,#18496));
#18488 = ORIENTED_EDGE('',*,*,#3037,.F.);
#18489 = ORIENTED_EDGE('',*,*,#18490,.T.);
#18490 = EDGE_CURVE('',#3030,#17218,#18491,.T.);
#18491 = LINE('',#18492,#18493);
#18492 = CARTESIAN_POINT('',(-14.17613639506,1.157446813583,-20.));
#18493 = VECTOR('',#18494,1.);
#18494 = DIRECTION('',(0.,0.,1.));
#18495 = ORIENTED_EDGE('',*,*,#17217,.T.);
#18496 = ORIENTED_EDGE('',*,*,#18473,.F.);
#18497 = PLANE('',#18498);
#18498 = AXIS2_PLACEMENT_3D('',#18499,#18500,#18501);
#18499 = CARTESIAN_POINT('',(-14.17613639506,1.157446813583,-20.));
#18500 = DIRECTION('',(0.250049884143,0.968232955151,0.));
#18501 = DIRECTION('',(-0.968232955151,0.250049884143,0.));
#18502 = ADVANCED_FACE('',(#18503),#18514,.T.);
#18503 = FACE_BOUND('',#18504,.F.);
#18504 = EDGE_LOOP('',(#18505,#18506,#18512,#18513));
#18505 = ORIENTED_EDGE('',*,*,#3029,.F.);
#18506 = ORIENTED_EDGE('',*,*,#18507,.T.);
#18507 = EDGE_CURVE('',#3022,#17226,#18508,.T.);
#18508 = LINE('',#18509,#18510);
#18509 = CARTESIAN_POINT('',(-14.01136363636,1.029787254333,-20.));
#18510 = VECTOR('',#18511,1.);
#18511 = DIRECTION('',(0.,0.,1.));
#18512 = ORIENTED_EDGE('',*,*,#17225,.T.);
#18513 = ORIENTED_EDGE('',*,*,#18490,.F.);
#18514 = PLANE('',#18515);
#18515 = AXIS2_PLACEMENT_3D('',#18516,#18517,#18518);
#18516 = CARTESIAN_POINT('',(-14.01136363636,1.029787254333,-20.));
#18517 = DIRECTION('',(0.612453778536,0.790506400453,0.));
#18518 = DIRECTION('',(-0.790506400453,0.612453778536,0.));
#18519 = ADVANCED_FACE('',(#18520),#18531,.T.);
#18520 = FACE_BOUND('',#18521,.F.);
#18521 = EDGE_LOOP('',(#18522,#18523,#18529,#18530));
#18522 = ORIENTED_EDGE('',*,*,#3021,.F.);
#18523 = ORIENTED_EDGE('',*,*,#18524,.T.);
#18524 = EDGE_CURVE('',#3014,#17234,#18525,.T.);
#18525 = LINE('',#18526,#18527);
#18526 = CARTESIAN_POINT('',(-13.9125,0.859574508667,-20.));
#18527 = VECTOR('',#18528,1.);
#18528 = DIRECTION('',(0.,0.,1.));
#18529 = ORIENTED_EDGE('',*,*,#17233,.T.);
#18530 = ORIENTED_EDGE('',*,*,#18507,.F.);
#18531 = PLANE('',#18532);
#18532 = AXIS2_PLACEMENT_3D('',#18533,#18534,#18535);
#18533 = CARTESIAN_POINT('',(-13.9125,0.859574508667,-20.));
#18534 = DIRECTION('',(0.864721810532,0.502251122837,0.));
#18535 = DIRECTION('',(-0.502251122837,0.864721810532,0.));
#18536 = ADVANCED_FACE('',(#18537),#18548,.T.);
#18537 = FACE_BOUND('',#18538,.F.);
#18538 = EDGE_LOOP('',(#18539,#18540,#18546,#18547));
#18539 = ORIENTED_EDGE('',*,*,#3013,.F.);
#18540 = ORIENTED_EDGE('',*,*,#18541,.T.);
#18541 = EDGE_CURVE('',#3006,#17242,#18542,.T.);
#18542 = LINE('',#18543,#18544);
#18543 = CARTESIAN_POINT('',(-13.84659087766,0.646808457375,-20.));
#18544 = VECTOR('',#18545,1.);
#18545 = DIRECTION('',(0.,0.,1.));
#18546 = ORIENTED_EDGE('',*,*,#17241,.T.);
#18547 = ORIENTED_EDGE('',*,*,#18524,.F.);
#18548 = PLANE('',#18549);
#18549 = AXIS2_PLACEMENT_3D('',#18550,#18551,#18552);
#18550 = CARTESIAN_POINT('',(-13.84659087766,0.646808457375,-20.));
#18551 = DIRECTION('',(0.955218701699,0.29590071295,0.));
#18552 = DIRECTION('',(-0.29590071295,0.955218701699,0.));
#18553 = ADVANCED_FACE('',(#18554),#18565,.T.);
#18554 = FACE_BOUND('',#18555,.F.);
#18555 = EDGE_LOOP('',(#18556,#18557,#18563,#18564));
#18556 = ORIENTED_EDGE('',*,*,#3005,.F.);
#18557 = ORIENTED_EDGE('',*,*,#18558,.T.);
#18558 = EDGE_CURVE('',#2998,#17250,#18559,.T.);
#18559 = LINE('',#18560,#18561);
#18560 = CARTESIAN_POINT('',(-13.81363636364,0.348936152458,-20.));
#18561 = VECTOR('',#18562,1.);
#18562 = DIRECTION('',(0.,0.,1.));
#18563 = ORIENTED_EDGE('',*,*,#17249,.T.);
#18564 = ORIENTED_EDGE('',*,*,#18541,.F.);
#18565 = PLANE('',#18566);
#18566 = AXIS2_PLACEMENT_3D('',#18567,#18568,#18569);
#18567 = CARTESIAN_POINT('',(-13.81363636364,0.348936152458,-20.));
#18568 = DIRECTION('',(0.993935778537,0.109962121402,0.));
#18569 = DIRECTION('',(-0.109962121402,0.993935778537,0.));
#18570 = ADVANCED_FACE('',(#18571),#18582,.T.);
#18571 = FACE_BOUND('',#18572,.F.);
#18572 = EDGE_LOOP('',(#18573,#18574,#18580,#18581));
#18573 = ORIENTED_EDGE('',*,*,#2997,.F.);
#18574 = ORIENTED_EDGE('',*,*,#18575,.T.);
#18575 = EDGE_CURVE('',#2990,#17258,#18576,.T.);
#18576 = LINE('',#18577,#18578);
#18577 = CARTESIAN_POINT('',(-13.81363636364,5.106384754181E-02,-20.));
#18578 = VECTOR('',#18579,1.);
#18579 = DIRECTION('',(0.,0.,1.));
#18580 = ORIENTED_EDGE('',*,*,#17257,.T.);
#18581 = ORIENTED_EDGE('',*,*,#18558,.F.);
#18582 = PLANE('',#18583);
#18583 = AXIS2_PLACEMENT_3D('',#18584,#18585,#18586);
#18584 = CARTESIAN_POINT('',(-13.81363636364,5.106384754181E-02,-20.));
#18585 = DIRECTION('',(1.,0.,0.));
#18586 = DIRECTION('',(-0.,1.,0.));
#18587 = ADVANCED_FACE('',(#18588),#18599,.T.);
#18588 = FACE_BOUND('',#18589,.F.);
#18589 = EDGE_LOOP('',(#18590,#18591,#18597,#18598));
#18590 = ORIENTED_EDGE('',*,*,#2989,.F.);
#18591 = ORIENTED_EDGE('',*,*,#18592,.T.);
#18592 = EDGE_CURVE('',#2982,#17266,#18593,.T.);
#18593 = LINE('',#18594,#18595);
#18594 = CARTESIAN_POINT('',(-13.84659087766,-0.246808516979,-20.));
#18595 = VECTOR('',#18596,1.);
#18596 = DIRECTION('',(0.,0.,1.));
#18597 = ORIENTED_EDGE('',*,*,#17265,.T.);
#18598 = ORIENTED_EDGE('',*,*,#18575,.F.);
#18599 = PLANE('',#18600);
#18600 = AXIS2_PLACEMENT_3D('',#18601,#18602,#18603);
#18601 = CARTESIAN_POINT('',(-13.84659087766,-0.246808516979,-20.));
#18602 = DIRECTION('',(0.993935780942,-0.109962099664,0.));
#18603 = DIRECTION('',(0.109962099664,0.993935780942,0.));
#18604 = ADVANCED_FACE('',(#18605),#18616,.T.);
#18605 = FACE_BOUND('',#18606,.F.);
#18606 = EDGE_LOOP('',(#18607,#18608,#18614,#18615));
#18607 = ORIENTED_EDGE('',*,*,#2981,.F.);
#18608 = ORIENTED_EDGE('',*,*,#18609,.T.);
#18609 = EDGE_CURVE('',#2974,#17274,#18610,.T.);
#18610 = LINE('',#18611,#18612);
#18611 = CARTESIAN_POINT('',(-13.9125,-0.459574478865,-20.));
#18612 = VECTOR('',#18613,1.);
#18613 = DIRECTION('',(0.,0.,1.));
#18614 = ORIENTED_EDGE('',*,*,#17273,.T.);
#18615 = ORIENTED_EDGE('',*,*,#18592,.F.);
#18616 = PLANE('',#18617);
#18617 = AXIS2_PLACEMENT_3D('',#18618,#18619,#18620);
#18618 = CARTESIAN_POINT('',(-13.9125,-0.459574478865,-20.));
#18619 = DIRECTION('',(0.955218666554,-0.295900826404,0.));
#18620 = DIRECTION('',(0.295900826404,0.955218666554,0.));
#18621 = ADVANCED_FACE('',(#18622),#18633,.T.);
#18622 = FACE_BOUND('',#18623,.F.);
#18623 = EDGE_LOOP('',(#18624,#18625,#18631,#18632));
#18624 = ORIENTED_EDGE('',*,*,#2973,.F.);
#18625 = ORIENTED_EDGE('',*,*,#18626,.T.);
#18626 = EDGE_CURVE('',#2966,#17282,#18627,.T.);
#18627 = LINE('',#18628,#18629);
#18628 = CARTESIAN_POINT('',(-14.01136363636,-0.629787239432,-20.));
#18629 = VECTOR('',#18630,1.);
#18630 = DIRECTION('',(0.,0.,1.));
#18631 = ORIENTED_EDGE('',*,*,#17281,.T.);
#18632 = ORIENTED_EDGE('',*,*,#18609,.F.);
#18633 = PLANE('',#18634);
#18634 = AXIS2_PLACEMENT_3D('',#18635,#18636,#18637);
#18635 = CARTESIAN_POINT('',(-14.01136363636,-0.629787239432,-20.));
#18636 = DIRECTION('',(0.864721829628,-0.502251089959,0.));
#18637 = DIRECTION('',(0.502251089959,0.864721829628,0.));
#18638 = ADVANCED_FACE('',(#18639),#18650,.T.);
#18639 = FACE_BOUND('',#18640,.F.);
#18640 = EDGE_LOOP('',(#18641,#18642,#18648,#18649));
#18641 = ORIENTED_EDGE('',*,*,#2965,.F.);
#18642 = ORIENTED_EDGE('',*,*,#18643,.T.);
#18643 = EDGE_CURVE('',#2958,#17290,#18644,.T.);
#18644 = LINE('',#18645,#18646);
#18645 = CARTESIAN_POINT('',(-14.17613639506,-0.757446809858,-20.));
#18646 = VECTOR('',#18647,1.);
#18647 = DIRECTION('',(0.,0.,1.));
#18648 = ORIENTED_EDGE('',*,*,#17289,.T.);
#18649 = ORIENTED_EDGE('',*,*,#18626,.F.);
#18650 = PLANE('',#18651);
#18651 = AXIS2_PLACEMENT_3D('',#18652,#18653,#18654);
#18652 = CARTESIAN_POINT('',(-14.17613639506,-0.757446809858,-20.));
#18653 = DIRECTION('',(0.612453812041,-0.790506374494,0.));
#18654 = DIRECTION('',(0.790506374494,0.612453812041,0.));
#18655 = ADVANCED_FACE('',(#18656),#18667,.T.);
#18656 = FACE_BOUND('',#18657,.F.);
#18657 = EDGE_LOOP('',(#18658,#18659,#18665,#18666));
#18658 = ORIENTED_EDGE('',*,*,#2957,.F.);
#18659 = ORIENTED_EDGE('',*,*,#18660,.T.);
#18660 = EDGE_CURVE('',#2950,#17298,#18661,.T.);
#18661 = LINE('',#18662,#18663);
#18662 = CARTESIAN_POINT('',(-14.34090910662,-0.8,-20.));
#18663 = VECTOR('',#18664,1.);
#18664 = DIRECTION('',(0.,0.,1.));
#18665 = ORIENTED_EDGE('',*,*,#17297,.T.);
#18666 = ORIENTED_EDGE('',*,*,#18643,.F.);
#18667 = PLANE('',#18668);
#18668 = AXIS2_PLACEMENT_3D('',#18669,#18670,#18671);
#18669 = CARTESIAN_POINT('',(-14.34090910662,-0.8,-20.));
#18670 = DIRECTION('',(0.250049904665,-0.968232949851,0.));
#18671 = DIRECTION('',(0.968232949851,0.250049904665,0.));
#18672 = ADVANCED_FACE('',(#18673),#18684,.T.);
#18673 = FACE_BOUND('',#18674,.F.);
#18674 = EDGE_LOOP('',(#18675,#18676,#18682,#18683));
#18675 = ORIENTED_EDGE('',*,*,#2949,.F.);
#18676 = ORIENTED_EDGE('',*,*,#18677,.T.);
#18677 = EDGE_CURVE('',#2942,#17306,#18678,.T.);
#18678 = LINE('',#18679,#18680);
#18679 = CARTESIAN_POINT('',(-14.47272725701,-0.8,-20.));
#18680 = VECTOR('',#18681,1.);
#18681 = DIRECTION('',(0.,0.,1.));
#18682 = ORIENTED_EDGE('',*,*,#17305,.T.);
#18683 = ORIENTED_EDGE('',*,*,#18660,.F.);
#18684 = PLANE('',#18685);
#18685 = AXIS2_PLACEMENT_3D('',#18686,#18687,#18688);
#18686 = CARTESIAN_POINT('',(-14.47272725701,-0.8,-20.));
#18687 = DIRECTION('',(0.,-1.,0.));
#18688 = DIRECTION('',(1.,0.,0.));
#18689 = ADVANCED_FACE('',(#18690),#18701,.T.);
#18690 = FACE_BOUND('',#18691,.F.);
#18691 = EDGE_LOOP('',(#18692,#18693,#18699,#18700));
#18692 = ORIENTED_EDGE('',*,*,#2941,.F.);
#18693 = ORIENTED_EDGE('',*,*,#18694,.T.);
#18694 = EDGE_CURVE('',#2934,#17314,#18695,.T.);
#18695 = LINE('',#18696,#18697);
#18696 = CARTESIAN_POINT('',(-14.63749999214,-0.757446809858,-20.));
#18697 = VECTOR('',#18698,1.);
#18698 = DIRECTION('',(0.,0.,1.));
#18699 = ORIENTED_EDGE('',*,*,#17313,.T.);
#18700 = ORIENTED_EDGE('',*,*,#18677,.F.);
#18701 = PLANE('',#18702);
#18702 = AXIS2_PLACEMENT_3D('',#18703,#18704,#18705);
#18703 = CARTESIAN_POINT('',(-14.63749999214,-0.757446809858,-20.));
#18704 = DIRECTION('',(-0.250049871132,-0.968232958511,0.));
#18705 = DIRECTION('',(0.968232958511,-0.250049871132,0.));
#18706 = ADVANCED_FACE('',(#18707),#18718,.T.);
#18707 = FACE_BOUND('',#18708,.F.);
#18708 = EDGE_LOOP('',(#18709,#18710,#18716,#18717));
#18709 = ORIENTED_EDGE('',*,*,#2933,.F.);
#18710 = ORIENTED_EDGE('',*,*,#18711,.T.);
#18711 = EDGE_CURVE('',#2926,#17322,#18712,.T.);
#18712 = LINE('',#18713,#18714);
#18713 = CARTESIAN_POINT('',(-14.80227272727,-0.629787239432,-20.));
#18714 = VECTOR('',#18715,1.);
#18715 = DIRECTION('',(0.,0.,1.));
#18716 = ORIENTED_EDGE('',*,*,#17321,.T.);
#18717 = ORIENTED_EDGE('',*,*,#18694,.F.);
#18718 = PLANE('',#18719);
#18719 = AXIS2_PLACEMENT_3D('',#18720,#18721,#18722);
#18720 = CARTESIAN_POINT('',(-14.80227272727,-0.629787239432,-20.));
#18721 = DIRECTION('',(-0.61245386679,-0.790506332077,0.));
#18722 = DIRECTION('',(0.790506332077,-0.61245386679,0.));
#18723 = ADVANCED_FACE('',(#18724),#18730,.T.);
#18724 = FACE_BOUND('',#18725,.F.);
#18725 = EDGE_LOOP('',(#18726,#18727,#18728,#18729));
#18726 = ORIENTED_EDGE('',*,*,#2925,.F.);
#18727 = ORIENTED_EDGE('',*,*,#18067,.T.);
#18728 = ORIENTED_EDGE('',*,*,#17329,.T.);
#18729 = ORIENTED_EDGE('',*,*,#18711,.F.);
#18730 = PLANE('',#18731);
#18731 = AXIS2_PLACEMENT_3D('',#18732,#18733,#18734);
#18732 = CARTESIAN_POINT('',(-14.90113636364,-0.459574478865,-20.));
#18733 = DIRECTION('',(-0.864721829628,-0.502251089959,0.));
#18734 = DIRECTION('',(0.502251089959,-0.864721829628,0.));
#18735 = ADVANCED_FACE('',(#18736),#18752,.T.);
#18736 = FACE_BOUND('',#18737,.F.);
#18737 = EDGE_LOOP('',(#18738,#18739,#18745,#18746));
#18738 = ORIENTED_EDGE('',*,*,#3977,.F.);
#18739 = ORIENTED_EDGE('',*,*,#18740,.T.);
#18740 = EDGE_CURVE('',#3970,#17338,#18741,.T.);
#18741 = LINE('',#18742,#18743);
#18742 = CARTESIAN_POINT('',(-14.01136363636,0.519148898125,-20.));
#18743 = VECTOR('',#18744,1.);
#18744 = DIRECTION('',(0.,0.,1.));
#18745 = ORIENTED_EDGE('',*,*,#17337,.T.);
#18746 = ORIENTED_EDGE('',*,*,#18747,.F.);
#18747 = EDGE_CURVE('',#3978,#17340,#18748,.T.);
#18748 = LINE('',#18749,#18750);
#18749 = CARTESIAN_POINT('',(-14.04431815039,0.391489338875,-20.));
#18750 = VECTOR('',#18751,1.);
#18751 = DIRECTION('',(0.,0.,1.));
#18752 = PLANE('',#18753);
#18753 = AXIS2_PLACEMENT_3D('',#18754,#18755,#18756);
#18754 = CARTESIAN_POINT('',(-14.01136363636,0.519148898125,-20.));
#18755 = DIRECTION('',(-0.968258764906,0.249949923351,0.));
#18756 = DIRECTION('',(-0.249949923351,-0.968258764906,0.));
#18757 = ADVANCED_FACE('',(#18758),#18769,.T.);
#18758 = FACE_BOUND('',#18759,.F.);
#18759 = EDGE_LOOP('',(#18760,#18761,#18767,#18768));
#18760 = ORIENTED_EDGE('',*,*,#3967,.F.);
#18761 = ORIENTED_EDGE('',*,*,#18762,.T.);
#18762 = EDGE_CURVE('',#3968,#17348,#18763,.T.);
#18763 = LINE('',#18764,#18765);
#18764 = CARTESIAN_POINT('',(-14.01136363636,0.604255270958,-20.));
#18765 = VECTOR('',#18766,1.);
#18766 = DIRECTION('',(0.,0.,1.));
#18767 = ORIENTED_EDGE('',*,*,#17347,.T.);
#18768 = ORIENTED_EDGE('',*,*,#18740,.F.);
#18769 = PLANE('',#18770);
#18770 = AXIS2_PLACEMENT_3D('',#18771,#18772,#18773);
#18771 = CARTESIAN_POINT('',(-14.01136363636,0.604255270958,-20.));
#18772 = DIRECTION('',(-1.,0.,0.));
#18773 = DIRECTION('',(0.,-1.,0.));
#18774 = ADVANCED_FACE('',(#18775),#18786,.T.);
#18775 = FACE_BOUND('',#18776,.F.);
#18776 = EDGE_LOOP('',(#18777,#18778,#18784,#18785));
#18777 = ORIENTED_EDGE('',*,*,#4121,.F.);
#18778 = ORIENTED_EDGE('',*,*,#18779,.T.);
#18779 = EDGE_CURVE('',#4114,#17356,#18780,.T.);
#18780 = LINE('',#18781,#18782);
#18781 = CARTESIAN_POINT('',(-14.04431815039,0.731914949417,-20.));
#18782 = VECTOR('',#18783,1.);
#18783 = DIRECTION('',(0.,0.,1.));
#18784 = ORIENTED_EDGE('',*,*,#17355,.T.);
#18785 = ORIENTED_EDGE('',*,*,#18762,.F.);
#18786 = PLANE('',#18787);
#18787 = AXIS2_PLACEMENT_3D('',#18788,#18789,#18790);
#18788 = CARTESIAN_POINT('',(-14.04431815039,0.731914949417,-20.));
#18789 = DIRECTION('',(-0.968258821393,-0.249949704528,0.));
#18790 = DIRECTION('',(0.249949704528,-0.968258821393,0.));
#18791 = ADVANCED_FACE('',(#18792),#18803,.T.);
#18792 = FACE_BOUND('',#18793,.F.);
#18793 = EDGE_LOOP('',(#18794,#18795,#18801,#18802));
#18794 = ORIENTED_EDGE('',*,*,#4113,.F.);
#18795 = ORIENTED_EDGE('',*,*,#18796,.T.);
#18796 = EDGE_CURVE('',#4106,#17364,#18797,.T.);
#18797 = LINE('',#18798,#18799);
#18798 = CARTESIAN_POINT('',(-14.11022727273,0.859574508667,-20.));
#18799 = VECTOR('',#18800,1.);
#18800 = DIRECTION('',(0.,0.,1.));
#18801 = ORIENTED_EDGE('',*,*,#17363,.T.);
#18802 = ORIENTED_EDGE('',*,*,#18779,.F.);
#18803 = PLANE('',#18804);
#18804 = AXIS2_PLACEMENT_3D('',#18805,#18806,#18807);
#18805 = CARTESIAN_POINT('',(-14.11022727273,0.859574508667,-20.));
#18806 = DIRECTION('',(-0.888563013538,-0.458754586868,0.));
#18807 = DIRECTION('',(0.458754586868,-0.888563013538,0.));
#18808 = ADVANCED_FACE('',(#18809),#18820,.T.);
#18809 = FACE_BOUND('',#18810,.F.);
#18810 = EDGE_LOOP('',(#18811,#18812,#18818,#18819));
#18811 = ORIENTED_EDGE('',*,*,#4105,.F.);
#18812 = ORIENTED_EDGE('',*,*,#18813,.T.);
#18813 = EDGE_CURVE('',#4098,#17372,#18814,.T.);
#18814 = LINE('',#18815,#18816);
#18815 = CARTESIAN_POINT('',(-14.20909090909,0.9446808815,-20.));
#18816 = VECTOR('',#18817,1.);
#18817 = DIRECTION('',(0.,0.,1.));
#18818 = ORIENTED_EDGE('',*,*,#17371,.T.);
#18819 = ORIENTED_EDGE('',*,*,#18796,.F.);
#18820 = PLANE('',#18821);
#18821 = AXIS2_PLACEMENT_3D('',#18822,#18823,#18824);
#18822 = CARTESIAN_POINT('',(-14.20909090909,0.9446808815,-20.));
#18823 = DIRECTION('',(-0.652407787718,-0.757868114203,0.));
#18824 = DIRECTION('',(0.757868114203,-0.652407787718,0.));
#18825 = ADVANCED_FACE('',(#18826),#18837,.T.);
#18826 = FACE_BOUND('',#18827,.F.);
#18827 = EDGE_LOOP('',(#18828,#18829,#18835,#18836));
#18828 = ORIENTED_EDGE('',*,*,#4097,.F.);
#18829 = ORIENTED_EDGE('',*,*,#18830,.T.);
#18830 = EDGE_CURVE('',#4090,#17380,#18831,.T.);
#18831 = LINE('',#18832,#18833);
#18832 = CARTESIAN_POINT('',(-14.30795454545,0.987234067917,-20.));
#18833 = VECTOR('',#18834,1.);
#18834 = DIRECTION('',(0.,0.,1.));
#18835 = ORIENTED_EDGE('',*,*,#17379,.T.);
#18836 = ORIENTED_EDGE('',*,*,#18813,.F.);
#18837 = PLANE('',#18838);
#18838 = AXIS2_PLACEMENT_3D('',#18839,#18840,#18841);
#18839 = CARTESIAN_POINT('',(-14.30795454545,0.987234067917,-20.));
#18840 = DIRECTION('',(-0.395355659966,-0.918528117225,0.));
#18841 = DIRECTION('',(0.918528117225,-0.395355659966,0.));
#18842 = ADVANCED_FACE('',(#18843),#18854,.T.);
#18843 = FACE_BOUND('',#18844,.F.);
#18844 = EDGE_LOOP('',(#18845,#18846,#18852,#18853));
#18845 = ORIENTED_EDGE('',*,*,#4089,.F.);
#18846 = ORIENTED_EDGE('',*,*,#18847,.T.);
#18847 = EDGE_CURVE('',#4082,#17388,#18848,.T.);
#18848 = LINE('',#18849,#18850);
#18849 = CARTESIAN_POINT('',(-14.53863637935,0.987234067917,-20.));
#18850 = VECTOR('',#18851,1.);
#18851 = DIRECTION('',(0.,0.,1.));
#18852 = ORIENTED_EDGE('',*,*,#17387,.T.);
#18853 = ORIENTED_EDGE('',*,*,#18830,.F.);
#18854 = PLANE('',#18855);
#18855 = AXIS2_PLACEMENT_3D('',#18856,#18857,#18858);
#18856 = CARTESIAN_POINT('',(-14.53863637935,0.987234067917,-20.));
#18857 = DIRECTION('',(0.,-1.,0.));
#18858 = DIRECTION('',(1.,0.,0.));
#18859 = ADVANCED_FACE('',(#18860),#18871,.T.);
#18860 = FACE_BOUND('',#18861,.F.);
#18861 = EDGE_LOOP('',(#18862,#18863,#18869,#18870));
#18862 = ORIENTED_EDGE('',*,*,#4081,.F.);
#18863 = ORIENTED_EDGE('',*,*,#18864,.T.);
#18864 = EDGE_CURVE('',#4074,#17396,#18865,.T.);
#18865 = LINE('',#18866,#18867);
#18866 = CARTESIAN_POINT('',(-14.63749999214,0.9446808815,-20.));
#18867 = VECTOR('',#18868,1.);
#18868 = DIRECTION('',(0.,0.,1.));
#18869 = ORIENTED_EDGE('',*,*,#17395,.T.);
#18870 = ORIENTED_EDGE('',*,*,#18847,.F.);
#18871 = PLANE('',#18872);
#18872 = AXIS2_PLACEMENT_3D('',#18873,#18874,#18875);
#18873 = CARTESIAN_POINT('',(-14.63749999214,0.9446808815,-20.));
#18874 = DIRECTION('',(0.395355739493,-0.918528082995,0.));
#18875 = DIRECTION('',(0.918528082995,0.395355739493,0.));
#18876 = ADVANCED_FACE('',(#18877),#18888,.T.);
#18877 = FACE_BOUND('',#18878,.F.);
#18878 = EDGE_LOOP('',(#18879,#18880,#18886,#18887));
#18879 = ORIENTED_EDGE('',*,*,#4073,.F.);
#18880 = ORIENTED_EDGE('',*,*,#18881,.T.);
#18881 = EDGE_CURVE('',#4066,#17404,#18882,.T.);
#18882 = LINE('',#18883,#18884);
#18883 = CARTESIAN_POINT('',(-14.73636362851,0.859574508667,-20.));
#18884 = VECTOR('',#18885,1.);
#18885 = DIRECTION('',(0.,0.,1.));
#18886 = ORIENTED_EDGE('',*,*,#17403,.T.);
#18887 = ORIENTED_EDGE('',*,*,#18864,.F.);
#18888 = PLANE('',#18889);
#18889 = AXIS2_PLACEMENT_3D('',#18890,#18891,#18892);
#18890 = CARTESIAN_POINT('',(-14.73636362851,0.859574508667,-20.));
#18891 = DIRECTION('',(0.652407787718,-0.757868114203,0.));
#18892 = DIRECTION('',(0.757868114203,0.652407787718,0.));
#18893 = ADVANCED_FACE('',(#18894),#18905,.T.);
#18894 = FACE_BOUND('',#18895,.F.);
#18895 = EDGE_LOOP('',(#18896,#18897,#18903,#18904));
#18896 = ORIENTED_EDGE('',*,*,#4065,.F.);
#18897 = ORIENTED_EDGE('',*,*,#18898,.T.);
#18898 = EDGE_CURVE('',#4058,#17412,#18899,.T.);
#18899 = LINE('',#18900,#18901);
#18900 = CARTESIAN_POINT('',(-14.80227272727,0.731914949417,-20.));
#18901 = VECTOR('',#18902,1.);
#18902 = DIRECTION('',(0.,0.,1.));
#18903 = ORIENTED_EDGE('',*,*,#17411,.T.);
#18904 = ORIENTED_EDGE('',*,*,#18881,.F.);
#18905 = PLANE('',#18906);
#18906 = AXIS2_PLACEMENT_3D('',#18907,#18908,#18909);
#18907 = CARTESIAN_POINT('',(-14.80227272727,0.731914949417,-20.));
#18908 = DIRECTION('',(0.888563080416,-0.458754457333,0.));
#18909 = DIRECTION('',(0.458754457333,0.888563080416,0.));
#18910 = ADVANCED_FACE('',(#18911),#18922,.T.);
#18911 = FACE_BOUND('',#18912,.F.);
#18912 = EDGE_LOOP('',(#18913,#18914,#18920,#18921));
#18913 = ORIENTED_EDGE('',*,*,#4057,.F.);
#18914 = ORIENTED_EDGE('',*,*,#18915,.T.);
#18915 = EDGE_CURVE('',#4050,#17420,#18916,.T.);
#18916 = LINE('',#18917,#18918);
#18917 = CARTESIAN_POINT('',(-14.83522727666,0.604255270958,-20.));
#18918 = VECTOR('',#18919,1.);
#18919 = DIRECTION('',(0.,0.,1.));
#18920 = ORIENTED_EDGE('',*,*,#17419,.T.);
#18921 = ORIENTED_EDGE('',*,*,#18898,.F.);
#18922 = PLANE('',#18923);
#18923 = AXIS2_PLACEMENT_3D('',#18924,#18925,#18926);
#18924 = CARTESIAN_POINT('',(-14.83522727666,0.604255270958,-20.));
#18925 = DIRECTION('',(0.968258756493,-0.249949955942,0.));
#18926 = DIRECTION('',(0.249949955942,0.968258756493,0.));
#18927 = ADVANCED_FACE('',(#18928),#18939,.T.);
#18928 = FACE_BOUND('',#18929,.F.);
#18929 = EDGE_LOOP('',(#18930,#18931,#18937,#18938));
#18930 = ORIENTED_EDGE('',*,*,#4049,.F.);
#18931 = ORIENTED_EDGE('',*,*,#18932,.T.);
#18932 = EDGE_CURVE('',#4042,#17428,#18933,.T.);
#18933 = LINE('',#18934,#18935);
#18934 = CARTESIAN_POINT('',(-14.83522727666,0.519148898125,-20.));
#18935 = VECTOR('',#18936,1.);
#18936 = DIRECTION('',(0.,0.,1.));
#18937 = ORIENTED_EDGE('',*,*,#17427,.T.);
#18938 = ORIENTED_EDGE('',*,*,#18915,.F.);
#18939 = PLANE('',#18940);
#18940 = AXIS2_PLACEMENT_3D('',#18941,#18942,#18943);
#18941 = CARTESIAN_POINT('',(-14.83522727666,0.519148898125,-20.));
#18942 = DIRECTION('',(1.,0.,0.));
#18943 = DIRECTION('',(-0.,1.,0.));
#18944 = ADVANCED_FACE('',(#18945),#18956,.T.);
#18945 = FACE_BOUND('',#18946,.F.);
#18946 = EDGE_LOOP('',(#18947,#18948,#18954,#18955));
#18947 = ORIENTED_EDGE('',*,*,#4041,.F.);
#18948 = ORIENTED_EDGE('',*,*,#18949,.T.);
#18949 = EDGE_CURVE('',#4034,#17436,#18950,.T.);
#18950 = LINE('',#18951,#18952);
#18951 = CARTESIAN_POINT('',(-14.80227272727,0.391489338875,-20.));
#18952 = VECTOR('',#18953,1.);
#18953 = DIRECTION('',(0.,0.,1.));
#18954 = ORIENTED_EDGE('',*,*,#17435,.T.);
#18955 = ORIENTED_EDGE('',*,*,#18932,.F.);
#18956 = PLANE('',#18957);
#18957 = AXIS2_PLACEMENT_3D('',#18958,#18959,#18960);
#18958 = CARTESIAN_POINT('',(-14.80227272727,0.391489338875,-20.));
#18959 = DIRECTION('',(0.968258700005,0.249950174765,0.));
#18960 = DIRECTION('',(-0.249950174765,0.968258700005,0.));
#18961 = ADVANCED_FACE('',(#18962),#18973,.T.);
#18962 = FACE_BOUND('',#18963,.F.);
#18963 = EDGE_LOOP('',(#18964,#18965,#18971,#18972));
#18964 = ORIENTED_EDGE('',*,*,#4033,.F.);
#18965 = ORIENTED_EDGE('',*,*,#18966,.T.);
#18966 = EDGE_CURVE('',#4026,#17444,#18967,.T.);
#18967 = LINE('',#18968,#18969);
#18968 = CARTESIAN_POINT('',(-14.73636362851,0.263829779625,-20.));
#18969 = VECTOR('',#18970,1.);
#18970 = DIRECTION('',(0.,0.,1.));
#18971 = ORIENTED_EDGE('',*,*,#17443,.T.);
#18972 = ORIENTED_EDGE('',*,*,#18949,.F.);
#18973 = PLANE('',#18974);
#18974 = AXIS2_PLACEMENT_3D('',#18975,#18976,#18977);
#18975 = CARTESIAN_POINT('',(-14.73636362851,0.263829779625,-20.));
#18976 = DIRECTION('',(0.888563080416,0.458754457333,0.));
#18977 = DIRECTION('',(-0.458754457333,0.888563080416,0.));
#18978 = ADVANCED_FACE('',(#18979),#18990,.T.);
#18979 = FACE_BOUND('',#18980,.F.);
#18980 = EDGE_LOOP('',(#18981,#18982,#18988,#18989));
#18981 = ORIENTED_EDGE('',*,*,#4025,.F.);
#18982 = ORIENTED_EDGE('',*,*,#18983,.T.);
#18983 = EDGE_CURVE('',#4018,#17452,#18984,.T.);
#18984 = LINE('',#18985,#18986);
#18985 = CARTESIAN_POINT('',(-14.63749999214,0.178723406792,-20.));
#18986 = VECTOR('',#18987,1.);
#18987 = DIRECTION('',(0.,0.,1.));
#18988 = ORIENTED_EDGE('',*,*,#17451,.T.);
#18989 = ORIENTED_EDGE('',*,*,#18966,.F.);
#18990 = PLANE('',#18991);
#18991 = AXIS2_PLACEMENT_3D('',#18992,#18993,#18994);
#18992 = CARTESIAN_POINT('',(-14.63749999214,0.178723406792,-20.));
#18993 = DIRECTION('',(0.652407787718,0.757868114203,0.));
#18994 = DIRECTION('',(-0.757868114203,0.652407787718,0.));
#18995 = ADVANCED_FACE('',(#18996),#19007,.T.);
#18996 = FACE_BOUND('',#18997,.F.);
#18997 = EDGE_LOOP('',(#18998,#18999,#19005,#19006));
#18998 = ORIENTED_EDGE('',*,*,#4017,.F.);
#18999 = ORIENTED_EDGE('',*,*,#19000,.T.);
#19000 = EDGE_CURVE('',#4010,#17460,#19001,.T.);
#19001 = LINE('',#19002,#19003);
#19002 = CARTESIAN_POINT('',(-14.53863637935,0.136170220375,-20.));
#19003 = VECTOR('',#19004,1.);
#19004 = DIRECTION('',(0.,0.,1.));
#19005 = ORIENTED_EDGE('',*,*,#17459,.T.);
#19006 = ORIENTED_EDGE('',*,*,#18983,.F.);
#19007 = PLANE('',#19008);
#19008 = AXIS2_PLACEMENT_3D('',#19009,#19010,#19011);
#19009 = CARTESIAN_POINT('',(-14.53863637935,0.136170220375,-20.));
#19010 = DIRECTION('',(0.395355739493,0.918528082995,0.));
#19011 = DIRECTION('',(-0.918528082995,0.395355739493,0.));
#19012 = ADVANCED_FACE('',(#19013),#19024,.T.);
#19013 = FACE_BOUND('',#19014,.F.);
#19014 = EDGE_LOOP('',(#19015,#19016,#19022,#19023));
#19015 = ORIENTED_EDGE('',*,*,#4009,.F.);
#19016 = ORIENTED_EDGE('',*,*,#19017,.T.);
#19017 = EDGE_CURVE('',#4002,#17468,#19018,.T.);
#19018 = LINE('',#19019,#19020);
#19019 = CARTESIAN_POINT('',(-14.30795454545,0.136170220375,-20.));
#19020 = VECTOR('',#19021,1.);
#19021 = DIRECTION('',(0.,0.,1.));
#19022 = ORIENTED_EDGE('',*,*,#17467,.T.);
#19023 = ORIENTED_EDGE('',*,*,#19000,.F.);
#19024 = PLANE('',#19025);
#19025 = AXIS2_PLACEMENT_3D('',#19026,#19027,#19028);
#19026 = CARTESIAN_POINT('',(-14.30795454545,0.136170220375,-20.));
#19027 = DIRECTION('',(0.,1.,0.));
#19028 = DIRECTION('',(-1.,0.,0.));
#19029 = ADVANCED_FACE('',(#19030),#19041,.T.);
#19030 = FACE_BOUND('',#19031,.F.);
#19031 = EDGE_LOOP('',(#19032,#19033,#19039,#19040));
#19032 = ORIENTED_EDGE('',*,*,#4001,.F.);
#19033 = ORIENTED_EDGE('',*,*,#19034,.T.);
#19034 = EDGE_CURVE('',#3994,#17476,#19035,.T.);
#19035 = LINE('',#19036,#19037);
#19036 = CARTESIAN_POINT('',(-14.20909090909,0.178723406792,-20.));
#19037 = VECTOR('',#19038,1.);
#19038 = DIRECTION('',(0.,0.,1.));
#19039 = ORIENTED_EDGE('',*,*,#17475,.T.);
#19040 = ORIENTED_EDGE('',*,*,#19017,.F.);
#19041 = PLANE('',#19042);
#19042 = AXIS2_PLACEMENT_3D('',#19043,#19044,#19045);
#19043 = CARTESIAN_POINT('',(-14.20909090909,0.178723406792,-20.));
#19044 = DIRECTION('',(-0.395355659966,0.918528117225,0.));
#19045 = DIRECTION('',(-0.918528117225,-0.395355659966,0.));
#19046 = ADVANCED_FACE('',(#19047),#19058,.T.);
#19047 = FACE_BOUND('',#19048,.F.);
#19048 = EDGE_LOOP('',(#19049,#19050,#19056,#19057));
#19049 = ORIENTED_EDGE('',*,*,#3993,.F.);
#19050 = ORIENTED_EDGE('',*,*,#19051,.T.);
#19051 = EDGE_CURVE('',#3986,#17484,#19052,.T.);
#19052 = LINE('',#19053,#19054);
#19053 = CARTESIAN_POINT('',(-14.11022727273,0.263829779625,-20.));
#19054 = VECTOR('',#19055,1.);
#19055 = DIRECTION('',(0.,0.,1.));
#19056 = ORIENTED_EDGE('',*,*,#17483,.T.);
#19057 = ORIENTED_EDGE('',*,*,#19034,.F.);
#19058 = PLANE('',#19059);
#19059 = AXIS2_PLACEMENT_3D('',#19060,#19061,#19062);
#19060 = CARTESIAN_POINT('',(-14.11022727273,0.263829779625,-20.));
#19061 = DIRECTION('',(-0.652407787718,0.757868114203,0.));
#19062 = DIRECTION('',(-0.757868114203,-0.652407787718,0.));
#19063 = ADVANCED_FACE('',(#19064),#19070,.T.);
#19064 = FACE_BOUND('',#19065,.F.);
#19065 = EDGE_LOOP('',(#19066,#19067,#19068,#19069));
#19066 = ORIENTED_EDGE('',*,*,#3985,.F.);
#19067 = ORIENTED_EDGE('',*,*,#18747,.T.);
#19068 = ORIENTED_EDGE('',*,*,#17491,.T.);
#19069 = ORIENTED_EDGE('',*,*,#19051,.F.);
#19070 = PLANE('',#19071);
#19071 = AXIS2_PLACEMENT_3D('',#19072,#19073,#19074);
#19072 = CARTESIAN_POINT('',(-14.04431815039,0.391489338875,-20.));
#19073 = DIRECTION('',(-0.888563013538,0.458754586868,0.));
#19074 = DIRECTION('',(-0.458754586868,-0.888563013538,0.));
#19075 = ADVANCED_FACE('',(#19076),#19092,.T.);
#19076 = FACE_BOUND('',#19077,.F.);
#19077 = EDGE_LOOP('',(#19078,#19079,#19085,#19086));
#19078 = ORIENTED_EDGE('',*,*,#3239,.F.);
#19079 = ORIENTED_EDGE('',*,*,#19080,.T.);
#19080 = EDGE_CURVE('',#3232,#17506,#19081,.T.);
#19081 = LINE('',#19082,#19083);
#19082 = CARTESIAN_POINT('',(-16.13486842105,-6.,-20.));
#19083 = VECTOR('',#19084,1.);
#19084 = DIRECTION('',(0.,0.,1.));
#19085 = ORIENTED_EDGE('',*,*,#17505,.T.);
#19086 = ORIENTED_EDGE('',*,*,#19087,.F.);
#19087 = EDGE_CURVE('',#3240,#17508,#19088,.T.);
#19088 = LINE('',#19089,#19090);
#19089 = CARTESIAN_POINT('',(-16.13486842105,-4.,-20.));
#19090 = VECTOR('',#19091,1.);
#19091 = DIRECTION('',(0.,0.,1.));
#19092 = PLANE('',#19093);
#19093 = AXIS2_PLACEMENT_3D('',#19094,#19095,#19096);
#19094 = CARTESIAN_POINT('',(-16.13486842105,-6.,-20.));
#19095 = DIRECTION('',(1.,0.,0.));
#19096 = DIRECTION('',(-0.,1.,0.));
#19097 = ADVANCED_FACE('',(#19098),#19109,.T.);
#19098 = FACE_BOUND('',#19099,.F.);
#19099 = EDGE_LOOP('',(#19100,#19101,#19107,#19108));
#19100 = ORIENTED_EDGE('',*,*,#3229,.F.);
#19101 = ORIENTED_EDGE('',*,*,#19102,.T.);
#19102 = EDGE_CURVE('',#3230,#17516,#19103,.T.);
#19103 = LINE('',#19104,#19105);
#19104 = CARTESIAN_POINT('',(-16.31743421053,-6.,-20.));
#19105 = VECTOR('',#19106,1.);
#19106 = DIRECTION('',(0.,0.,1.));
#19107 = ORIENTED_EDGE('',*,*,#17515,.T.);
#19108 = ORIENTED_EDGE('',*,*,#19080,.F.);
#19109 = PLANE('',#19110);
#19110 = AXIS2_PLACEMENT_3D('',#19111,#19112,#19113);
#19111 = CARTESIAN_POINT('',(-16.31743421053,-6.,-20.));
#19112 = DIRECTION('',(0.,-1.,0.));
#19113 = DIRECTION('',(1.,0.,0.));
#19114 = ADVANCED_FACE('',(#19115),#19126,.T.);
#19115 = FACE_BOUND('',#19116,.F.);
#19116 = EDGE_LOOP('',(#19117,#19118,#19124,#19125));
#19117 = ORIENTED_EDGE('',*,*,#3279,.F.);
#19118 = ORIENTED_EDGE('',*,*,#19119,.T.);
#19119 = EDGE_CURVE('',#3272,#17524,#19120,.T.);
#19120 = LINE('',#19121,#19122);
#19121 = CARTESIAN_POINT('',(-16.31743421053,-4.340425491333,-20.));
#19122 = VECTOR('',#19123,1.);
#19123 = DIRECTION('',(0.,0.,1.));
#19124 = ORIENTED_EDGE('',*,*,#17523,.T.);
#19125 = ORIENTED_EDGE('',*,*,#19102,.F.);
#19126 = PLANE('',#19127);
#19127 = AXIS2_PLACEMENT_3D('',#19128,#19129,#19130);
#19128 = CARTESIAN_POINT('',(-16.31743421053,-4.340425491333,-20.));
#19129 = DIRECTION('',(-1.,0.,0.));
#19130 = DIRECTION('',(0.,-1.,0.));
#19131 = ADVANCED_FACE('',(#19132),#19143,.T.);
#19132 = FACE_BOUND('',#19133,.F.);
#19133 = EDGE_LOOP('',(#19134,#19135,#19141,#19142));
#19134 = ORIENTED_EDGE('',*,*,#3271,.F.);
#19135 = ORIENTED_EDGE('',*,*,#19136,.T.);
#19136 = EDGE_CURVE('',#3264,#17532,#19137,.T.);
#19137 = LINE('',#19138,#19139);
#19138 = CARTESIAN_POINT('',(-16.5,-4.638297915459,-20.));
#19139 = VECTOR('',#19140,1.);
#19140 = DIRECTION('',(0.,0.,1.));
#19141 = ORIENTED_EDGE('',*,*,#17531,.T.);
#19142 = ORIENTED_EDGE('',*,*,#19119,.F.);
#19143 = PLANE('',#19144);
#19144 = AXIS2_PLACEMENT_3D('',#19145,#19146,#19147);
#19145 = CARTESIAN_POINT('',(-16.5,-4.638297915459,-20.));
#19146 = DIRECTION('',(0.852602757413,-0.522559602392,0.));
#19147 = DIRECTION('',(0.522559602392,0.852602757413,0.));
#19148 = ADVANCED_FACE('',(#19149),#19160,.T.);
#19149 = FACE_BOUND('',#19150,.F.);
#19150 = EDGE_LOOP('',(#19151,#19152,#19158,#19159));
#19151 = ORIENTED_EDGE('',*,*,#3263,.F.);
#19152 = ORIENTED_EDGE('',*,*,#19153,.T.);
#19153 = EDGE_CURVE('',#3256,#17540,#19154,.T.);
#19154 = LINE('',#19155,#19156);
#19155 = CARTESIAN_POINT('',(-16.5,-4.297872304916,-20.));
#19156 = VECTOR('',#19157,1.);
#19157 = DIRECTION('',(0.,0.,1.));
#19158 = ORIENTED_EDGE('',*,*,#17539,.T.);
#19159 = ORIENTED_EDGE('',*,*,#19136,.F.);
#19160 = PLANE('',#19161);
#19161 = AXIS2_PLACEMENT_3D('',#19162,#19163,#19164);
#19162 = CARTESIAN_POINT('',(-16.5,-4.297872304916,-20.));
#19163 = DIRECTION('',(-1.,0.,0.));
#19164 = DIRECTION('',(0.,-1.,0.));
#19165 = ADVANCED_FACE('',(#19166),#19177,.T.);
#19166 = FACE_BOUND('',#19167,.F.);
#19167 = EDGE_LOOP('',(#19168,#19169,#19175,#19176));
#19168 = ORIENTED_EDGE('',*,*,#3255,.F.);
#19169 = ORIENTED_EDGE('',*,*,#19170,.T.);
#19170 = EDGE_CURVE('',#3248,#17548,#19171,.T.);
#19171 = LINE('',#19172,#19173);
#19172 = CARTESIAN_POINT('',(-16.31743421053,-4.,-20.));
#19173 = VECTOR('',#19174,1.);
#19174 = DIRECTION('',(0.,0.,1.));
#19175 = ORIENTED_EDGE('',*,*,#17547,.T.);
#19176 = ORIENTED_EDGE('',*,*,#19153,.F.);
#19177 = PLANE('',#19178);
#19178 = AXIS2_PLACEMENT_3D('',#19179,#19180,#19181);
#19179 = CARTESIAN_POINT('',(-16.31743421053,-4.,-20.));
#19180 = DIRECTION('',(-0.852602664238,0.522559754415,0.));
#19181 = DIRECTION('',(-0.522559754415,-0.852602664238,0.));
#19182 = ADVANCED_FACE('',(#19183),#19189,.T.);
#19183 = FACE_BOUND('',#19184,.F.);
#19184 = EDGE_LOOP('',(#19185,#19186,#19187,#19188));
#19185 = ORIENTED_EDGE('',*,*,#3247,.F.);
#19186 = ORIENTED_EDGE('',*,*,#19087,.T.);
#19187 = ORIENTED_EDGE('',*,*,#17555,.T.);
#19188 = ORIENTED_EDGE('',*,*,#19170,.F.);
#19189 = PLANE('',#19190);
#19190 = AXIS2_PLACEMENT_3D('',#19191,#19192,#19193);
#19191 = CARTESIAN_POINT('',(-16.13486842105,-4.,-20.));
#19192 = DIRECTION('',(0.,1.,0.));
#19193 = DIRECTION('',(-1.,0.,0.));
#19194 = ADVANCED_FACE('',(#19195),#19211,.T.);
#19195 = FACE_BOUND('',#19196,.F.);
#19196 = EDGE_LOOP('',(#19197,#19198,#19204,#19205));
#19197 = ORIENTED_EDGE('',*,*,#3297,.F.);
#19198 = ORIENTED_EDGE('',*,*,#19199,.T.);
#19199 = EDGE_CURVE('',#3290,#17570,#19200,.T.);
#19200 = LINE('',#19201,#19202);
#19201 = CARTESIAN_POINT('',(-14.85690789474,-5.021276593208,-20.));
#19202 = VECTOR('',#19203,1.);
#19203 = DIRECTION('',(0.,0.,1.));
#19204 = ORIENTED_EDGE('',*,*,#17569,.T.);
#19205 = ORIENTED_EDGE('',*,*,#19206,.F.);
#19206 = EDGE_CURVE('',#3298,#17572,#19207,.T.);
#19207 = LINE('',#19208,#19209);
#19208 = CARTESIAN_POINT('',(-14.94819078947,-4.893617033958,-20.));
#19209 = VECTOR('',#19210,1.);
#19210 = DIRECTION('',(0.,0.,1.));
#19211 = PLANE('',#19212);
#19212 = AXIS2_PLACEMENT_3D('',#19213,#19214,#19215);
#19213 = CARTESIAN_POINT('',(-14.85690789474,-5.021276593208,-20.));
#19214 = DIRECTION('',(0.813439540151,0.581649477365,0.));
#19215 = DIRECTION('',(-0.581649477365,0.813439540151,0.));
#19216 = ADVANCED_FACE('',(#19217),#19228,.T.);
#19217 = FACE_BOUND('',#19218,.F.);
#19218 = EDGE_LOOP('',(#19219,#19220,#19226,#19227));
#19219 = ORIENTED_EDGE('',*,*,#3287,.F.);
#19220 = ORIENTED_EDGE('',*,*,#19221,.T.);
#19221 = EDGE_CURVE('',#3288,#17580,#19222,.T.);
#19222 = LINE('',#19223,#19224);
#19223 = CARTESIAN_POINT('',(-14.79605268962,-5.234042525291,-20.));
#19224 = VECTOR('',#19225,1.);
#19225 = DIRECTION('',(0.,0.,1.));
#19226 = ORIENTED_EDGE('',*,*,#17579,.T.);
#19227 = ORIENTED_EDGE('',*,*,#19199,.F.);
#19228 = PLANE('',#19229);
#19229 = AXIS2_PLACEMENT_3D('',#19230,#19231,#19232);
#19230 = CARTESIAN_POINT('',(-14.79605268962,-5.234042525291,-20.));
#19231 = DIRECTION('',(0.961446395484,0.274992415552,0.));
#19232 = DIRECTION('',(-0.274992415552,0.961446395484,0.));
#19233 = ADVANCED_FACE('',(#19234),#19245,.T.);
#19234 = FACE_BOUND('',#19235,.F.);
#19235 = EDGE_LOOP('',(#19236,#19237,#19243,#19244));
#19236 = ORIENTED_EDGE('',*,*,#3601,.F.);
#19237 = ORIENTED_EDGE('',*,*,#19238,.T.);
#19238 = EDGE_CURVE('',#3594,#17588,#19239,.T.);
#19239 = LINE('',#19240,#19241);
#19240 = CARTESIAN_POINT('',(-14.79605268962,-5.446808516979,-20.));
#19241 = VECTOR('',#19242,1.);
#19242 = DIRECTION('',(0.,0.,1.));
#19243 = ORIENTED_EDGE('',*,*,#17587,.T.);
#19244 = ORIENTED_EDGE('',*,*,#19221,.F.);
#19245 = PLANE('',#19246);
#19246 = AXIS2_PLACEMENT_3D('',#19247,#19248,#19249);
#19247 = CARTESIAN_POINT('',(-14.79605268962,-5.446808516979,-20.));
#19248 = DIRECTION('',(1.,0.,0.));
#19249 = DIRECTION('',(-0.,1.,0.));
#19250 = ADVANCED_FACE('',(#19251),#19262,.T.);
#19251 = FACE_BOUND('',#19252,.F.);
#19252 = EDGE_LOOP('',(#19253,#19254,#19260,#19261));
#19253 = ORIENTED_EDGE('',*,*,#3593,.F.);
#19254 = ORIENTED_EDGE('',*,*,#19255,.T.);
#19255 = EDGE_CURVE('',#3586,#17596,#19256,.T.);
#19256 = LINE('',#19257,#19258);
#19257 = CARTESIAN_POINT('',(-14.85690789474,-5.659574478865,-20.));
#19258 = VECTOR('',#19259,1.);
#19259 = DIRECTION('',(0.,0.,1.));
#19260 = ORIENTED_EDGE('',*,*,#17595,.T.);
#19261 = ORIENTED_EDGE('',*,*,#19238,.F.);
#19262 = PLANE('',#19263);
#19263 = AXIS2_PLACEMENT_3D('',#19264,#19265,#19266);
#19264 = CARTESIAN_POINT('',(-14.85690789474,-5.659574478865,-20.));
#19265 = DIRECTION('',(0.961446405668,-0.274992379947,0.));
#19266 = DIRECTION('',(0.274992379947,0.961446405668,0.));
#19267 = ADVANCED_FACE('',(#19268),#19279,.T.);
#19268 = FACE_BOUND('',#19269,.F.);
#19269 = EDGE_LOOP('',(#19270,#19271,#19277,#19278));
#19270 = ORIENTED_EDGE('',*,*,#3585,.F.);
#19271 = ORIENTED_EDGE('',*,*,#19272,.T.);
#19272 = EDGE_CURVE('',#3578,#17604,#19273,.T.);
#19273 = LINE('',#19274,#19275);
#19274 = CARTESIAN_POINT('',(-14.94819078947,-5.829787239432,-20.));
#19275 = VECTOR('',#19276,1.);
#19276 = DIRECTION('',(0.,0.,1.));
#19277 = ORIENTED_EDGE('',*,*,#17603,.T.);
#19278 = ORIENTED_EDGE('',*,*,#19255,.F.);
#19279 = PLANE('',#19280);
#19280 = AXIS2_PLACEMENT_3D('',#19281,#19282,#19283);
#19281 = CARTESIAN_POINT('',(-14.94819078947,-5.829787239432,-20.));
#19282 = DIRECTION('',(0.881269784316,-0.472613549585,0.));
#19283 = DIRECTION('',(0.472613549585,0.881269784316,0.));
#19284 = ADVANCED_FACE('',(#19285),#19296,.T.);
#19285 = FACE_BOUND('',#19286,.F.);
#19286 = EDGE_LOOP('',(#19287,#19288,#19294,#19295));
#19287 = ORIENTED_EDGE('',*,*,#3577,.F.);
#19288 = ORIENTED_EDGE('',*,*,#19289,.T.);
#19289 = EDGE_CURVE('',#3570,#17612,#19290,.T.);
#19290 = LINE('',#19291,#19292);
#19291 = CARTESIAN_POINT('',(-15.10032897639,-5.957446809858,-20.));
#19292 = VECTOR('',#19293,1.);
#19293 = DIRECTION('',(0.,0.,1.));
#19294 = ORIENTED_EDGE('',*,*,#17611,.T.);
#19295 = ORIENTED_EDGE('',*,*,#19272,.F.);
#19296 = PLANE('',#19297);
#19297 = AXIS2_PLACEMENT_3D('',#19298,#19299,#19300);
#19298 = CARTESIAN_POINT('',(-15.10032897639,-5.957446809858,-20.));
#19299 = DIRECTION('',(0.642789009947,-0.766043268159,0.));
#19300 = DIRECTION('',(0.766043268159,0.642789009947,0.));
#19301 = ADVANCED_FACE('',(#19302),#19313,.T.);
#19302 = FACE_BOUND('',#19303,.F.);
#19303 = EDGE_LOOP('',(#19304,#19305,#19311,#19312));
#19304 = ORIENTED_EDGE('',*,*,#3569,.F.);
#19305 = ORIENTED_EDGE('',*,*,#19306,.T.);
#19306 = EDGE_CURVE('',#3562,#17620,#19307,.T.);
#19307 = LINE('',#19308,#19309);
#19308 = CARTESIAN_POINT('',(-15.25246707625,-6.,-20.));
#19309 = VECTOR('',#19310,1.);
#19310 = DIRECTION('',(0.,0.,1.));
#19311 = ORIENTED_EDGE('',*,*,#17619,.T.);
#19312 = ORIENTED_EDGE('',*,*,#19289,.F.);
#19313 = PLANE('',#19314);
#19314 = AXIS2_PLACEMENT_3D('',#19315,#19316,#19317);
#19315 = CARTESIAN_POINT('',(-15.25246707625,-6.,-20.));
#19316 = DIRECTION('',(0.269362967874,-0.963038727953,0.));
#19317 = DIRECTION('',(0.963038727953,0.269362967874,0.));
#19318 = ADVANCED_FACE('',(#19319),#19330,.T.);
#19319 = FACE_BOUND('',#19320,.F.);
#19320 = EDGE_LOOP('',(#19321,#19322,#19328,#19329));
#19321 = ORIENTED_EDGE('',*,*,#3561,.F.);
#19322 = ORIENTED_EDGE('',*,*,#19323,.T.);
#19323 = EDGE_CURVE('',#3554,#17628,#19324,.T.);
#19324 = LINE('',#19325,#19326);
#19325 = CARTESIAN_POINT('',(-15.40460526316,-6.,-20.));
#19326 = VECTOR('',#19327,1.);
#19327 = DIRECTION('',(0.,0.,1.));
#19328 = ORIENTED_EDGE('',*,*,#17627,.T.);
#19329 = ORIENTED_EDGE('',*,*,#19306,.F.);
#19330 = PLANE('',#19331);
#19331 = AXIS2_PLACEMENT_3D('',#19332,#19333,#19334);
#19332 = CARTESIAN_POINT('',(-15.40460526316,-6.,-20.));
#19333 = DIRECTION('',(0.,-1.,0.));
#19334 = DIRECTION('',(1.,0.,0.));
#19335 = ADVANCED_FACE('',(#19336),#19347,.T.);
#19336 = FACE_BOUND('',#19337,.F.);
#19337 = EDGE_LOOP('',(#19338,#19339,#19345,#19346));
#19338 = ORIENTED_EDGE('',*,*,#3553,.F.);
#19339 = ORIENTED_EDGE('',*,*,#19340,.T.);
#19340 = EDGE_CURVE('',#3546,#17636,#19341,.T.);
#19341 = LINE('',#19342,#19343);
#19342 = CARTESIAN_POINT('',(-15.55674345007,-5.957446809858,-20.));
#19343 = VECTOR('',#19344,1.);
#19344 = DIRECTION('',(0.,0.,1.));
#19345 = ORIENTED_EDGE('',*,*,#17635,.T.);
#19346 = ORIENTED_EDGE('',*,*,#19323,.F.);
#19347 = PLANE('',#19348);
#19348 = AXIS2_PLACEMENT_3D('',#19349,#19350,#19351);
#19349 = CARTESIAN_POINT('',(-15.55674345007,-5.957446809858,-20.));
#19350 = DIRECTION('',(-0.269362824926,-0.963038767936,0.));
#19351 = DIRECTION('',(0.963038767936,-0.269362824926,0.));
#19352 = ADVANCED_FACE('',(#19353),#19364,.T.);
#19353 = FACE_BOUND('',#19354,.F.);
#19354 = EDGE_LOOP('',(#19355,#19356,#19362,#19363));
#19355 = ORIENTED_EDGE('',*,*,#3545,.F.);
#19356 = ORIENTED_EDGE('',*,*,#19357,.T.);
#19357 = EDGE_CURVE('',#3538,#17644,#19358,.T.);
#19358 = LINE('',#19359,#19360);
#19359 = CARTESIAN_POINT('',(-15.70888154993,-5.829787239432,-20.));
#19360 = VECTOR('',#19361,1.);
#19361 = DIRECTION('',(0.,0.,1.));
#19362 = ORIENTED_EDGE('',*,*,#17643,.T.);
#19363 = ORIENTED_EDGE('',*,*,#19340,.F.);
#19364 = PLANE('',#19365);
#19365 = AXIS2_PLACEMENT_3D('',#19366,#19367,#19368);
#19366 = CARTESIAN_POINT('',(-15.70888154993,-5.829787239432,-20.));
#19367 = DIRECTION('',(-0.642789225784,-0.766043087049,0.));
#19368 = DIRECTION('',(0.766043087049,-0.642789225784,0.));
#19369 = ADVANCED_FACE('',(#19370),#19381,.T.);
#19370 = FACE_BOUND('',#19371,.F.);
#19371 = EDGE_LOOP('',(#19372,#19373,#19379,#19380));
#19372 = ORIENTED_EDGE('',*,*,#3537,.F.);
#19373 = ORIENTED_EDGE('',*,*,#19374,.T.);
#19374 = EDGE_CURVE('',#3530,#17652,#19375,.T.);
#19375 = LINE('',#19376,#19377);
#19376 = CARTESIAN_POINT('',(-15.80016448819,-5.659574478865,-20.));
#19377 = VECTOR('',#19378,1.);
#19378 = DIRECTION('',(0.,0.,1.));
#19379 = ORIENTED_EDGE('',*,*,#17651,.T.);
#19380 = ORIENTED_EDGE('',*,*,#19357,.F.);
#19381 = PLANE('',#19382);
#19382 = AXIS2_PLACEMENT_3D('',#19383,#19384,#19385);
#19383 = CARTESIAN_POINT('',(-15.80016448819,-5.659574478865,-20.));
#19384 = DIRECTION('',(-0.881269690454,-0.472613724607,0.));
#19385 = DIRECTION('',(0.472613724607,-0.881269690454,0.));
#19386 = ADVANCED_FACE('',(#19387),#19398,.T.);
#19387 = FACE_BOUND('',#19388,.F.);
#19388 = EDGE_LOOP('',(#19389,#19390,#19396,#19397));
#19389 = ORIENTED_EDGE('',*,*,#3529,.F.);
#19390 = ORIENTED_EDGE('',*,*,#19391,.T.);
#19391 = EDGE_CURVE('',#3522,#17660,#19392,.T.);
#19392 = LINE('',#19393,#19394);
#19393 = CARTESIAN_POINT('',(-15.86101973684,-5.446808516979,-20.));
#19394 = VECTOR('',#19395,1.);
#19395 = DIRECTION('',(0.,0.,1.));
#19396 = ORIENTED_EDGE('',*,*,#17659,.T.);
#19397 = ORIENTED_EDGE('',*,*,#19374,.F.);
#19398 = PLANE('',#19399);
#19399 = AXIS2_PLACEMENT_3D('',#19400,#19401,#19402);
#19400 = CARTESIAN_POINT('',(-15.86101973684,-5.446808516979,-20.));
#19401 = DIRECTION('',(-0.961446353665,-0.274992561763,0.));
#19402 = DIRECTION('',(0.274992561763,-0.961446353665,0.));
#19403 = ADVANCED_FACE('',(#19404),#19415,.T.);
#19404 = FACE_BOUND('',#19405,.F.);
#19405 = EDGE_LOOP('',(#19406,#19407,#19413,#19414));
#19406 = ORIENTED_EDGE('',*,*,#3521,.F.);
#19407 = ORIENTED_EDGE('',*,*,#19408,.T.);
#19408 = EDGE_CURVE('',#3514,#17668,#19409,.T.);
#19409 = LINE('',#19410,#19411);
#19410 = CARTESIAN_POINT('',(-15.89144738293,-5.148936152458,-20.));
#19411 = VECTOR('',#19412,1.);
#19412 = DIRECTION('',(0.,0.,1.));
#19413 = ORIENTED_EDGE('',*,*,#17667,.T.);
#19414 = ORIENTED_EDGE('',*,*,#19391,.F.);
#19415 = PLANE('',#19416);
#19416 = AXIS2_PLACEMENT_3D('',#19417,#19418,#19419);
#19417 = CARTESIAN_POINT('',(-15.89144738293,-5.148936152458,-20.));
#19418 = DIRECTION('',(-0.994823172809,-0.10162113384,0.));
#19419 = DIRECTION('',(0.10162113384,-0.994823172809,0.));
#19420 = ADVANCED_FACE('',(#19421),#19432,.T.);
#19421 = FACE_BOUND('',#19422,.F.);
#19422 = EDGE_LOOP('',(#19423,#19424,#19430,#19431));
#19423 = ORIENTED_EDGE('',*,*,#3513,.F.);
#19424 = ORIENTED_EDGE('',*,*,#19425,.T.);
#19425 = EDGE_CURVE('',#3506,#17676,#19426,.T.);
#19426 = LINE('',#19427,#19428);
#19427 = CARTESIAN_POINT('',(-15.89144738293,-4.851063847542,-20.));
#19428 = VECTOR('',#19429,1.);
#19429 = DIRECTION('',(0.,0.,1.));
#19430 = ORIENTED_EDGE('',*,*,#17675,.T.);
#19431 = ORIENTED_EDGE('',*,*,#19408,.F.);
#19432 = PLANE('',#19433);
#19433 = AXIS2_PLACEMENT_3D('',#19434,#19435,#19436);
#19434 = CARTESIAN_POINT('',(-15.89144738293,-4.851063847542,-20.));
#19435 = DIRECTION('',(-1.,0.,0.));
#19436 = DIRECTION('',(0.,-1.,0.));
#19437 = ADVANCED_FACE('',(#19438),#19449,.T.);
#19438 = FACE_BOUND('',#19439,.F.);
#19439 = EDGE_LOOP('',(#19440,#19441,#19447,#19448));
#19440 = ORIENTED_EDGE('',*,*,#3505,.F.);
#19441 = ORIENTED_EDGE('',*,*,#19442,.T.);
#19442 = EDGE_CURVE('',#3498,#17684,#19443,.T.);
#19443 = LINE('',#19444,#19445);
#19444 = CARTESIAN_POINT('',(-15.86101973684,-4.553191542625,-20.));
#19445 = VECTOR('',#19446,1.);
#19446 = DIRECTION('',(0.,0.,1.));
#19447 = ORIENTED_EDGE('',*,*,#17683,.T.);
#19448 = ORIENTED_EDGE('',*,*,#19425,.F.);
#19449 = PLANE('',#19450);
#19450 = AXIS2_PLACEMENT_3D('',#19451,#19452,#19453);
#19451 = CARTESIAN_POINT('',(-15.86101973684,-4.553191542625,-20.));
#19452 = DIRECTION('',(-0.994823170753,0.101621153965,0.));
#19453 = DIRECTION('',(-0.101621153965,-0.994823170753,0.));
#19454 = ADVANCED_FACE('',(#19455),#19466,.T.);
#19455 = FACE_BOUND('',#19456,.F.);
#19456 = EDGE_LOOP('',(#19457,#19458,#19464,#19465));
#19457 = ORIENTED_EDGE('',*,*,#3497,.F.);
#19458 = ORIENTED_EDGE('',*,*,#19459,.T.);
#19459 = EDGE_CURVE('',#3490,#17692,#19460,.T.);
#19460 = LINE('',#19461,#19462);
#19461 = CARTESIAN_POINT('',(-15.80016448819,-4.340425491333,-20.));
#19462 = VECTOR('',#19463,1.);
#19463 = DIRECTION('',(0.,0.,1.));
#19464 = ORIENTED_EDGE('',*,*,#17691,.T.);
#19465 = ORIENTED_EDGE('',*,*,#19442,.F.);
#19466 = PLANE('',#19467);
#19467 = AXIS2_PLACEMENT_3D('',#19468,#19469,#19470);
#19468 = CARTESIAN_POINT('',(-15.80016448819,-4.340425491333,-20.));
#19469 = DIRECTION('',(-0.961446384216,0.274992454946,0.));
#19470 = DIRECTION('',(-0.274992454946,-0.961446384216,0.));
#19471 = ADVANCED_FACE('',(#19472),#19483,.T.);
#19472 = FACE_BOUND('',#19473,.F.);
#19473 = EDGE_LOOP('',(#19474,#19475,#19481,#19482));
#19474 = ORIENTED_EDGE('',*,*,#3489,.F.);
#19475 = ORIENTED_EDGE('',*,*,#19476,.T.);
#19476 = EDGE_CURVE('',#3482,#17700,#19477,.T.);
#19477 = LINE('',#19478,#19479);
#19478 = CARTESIAN_POINT('',(-15.70888154993,-4.170212745667,-20.));
#19479 = VECTOR('',#19480,1.);
#19480 = DIRECTION('',(0.,0.,1.));
#19481 = ORIENTED_EDGE('',*,*,#17699,.T.);
#19482 = ORIENTED_EDGE('',*,*,#19459,.F.);
#19483 = PLANE('',#19484);
#19484 = AXIS2_PLACEMENT_3D('',#19485,#19486,#19487);
#19485 = CARTESIAN_POINT('',(-15.70888154993,-4.170212745667,-20.));
#19486 = DIRECTION('',(-0.881269673221,0.47261375674,0.));
#19487 = DIRECTION('',(-0.47261375674,-0.881269673221,0.));
#19488 = ADVANCED_FACE('',(#19489),#19500,.T.);
#19489 = FACE_BOUND('',#19490,.F.);
#19490 = EDGE_LOOP('',(#19491,#19492,#19498,#19499));
#19491 = ORIENTED_EDGE('',*,*,#3481,.F.);
#19492 = ORIENTED_EDGE('',*,*,#19493,.T.);
#19493 = EDGE_CURVE('',#3474,#17708,#19494,.T.);
#19494 = LINE('',#19495,#19496);
#19495 = CARTESIAN_POINT('',(-15.55674345007,-4.042553186417,-20.));
#19496 = VECTOR('',#19497,1.);
#19497 = DIRECTION('',(0.,0.,1.));
#19498 = ORIENTED_EDGE('',*,*,#17707,.T.);
#19499 = ORIENTED_EDGE('',*,*,#19476,.F.);
#19500 = PLANE('',#19501);
#19501 = AXIS2_PLACEMENT_3D('',#19502,#19503,#19504);
#19502 = CARTESIAN_POINT('',(-15.55674345007,-4.042553186417,-20.));
#19503 = DIRECTION('',(-0.642789192762,0.766043114758,0.));
#19504 = DIRECTION('',(-0.766043114758,-0.642789192762,0.));
#19505 = ADVANCED_FACE('',(#19506),#19517,.T.);
#19506 = FACE_BOUND('',#19507,.F.);
#19507 = EDGE_LOOP('',(#19508,#19509,#19515,#19516));
#19508 = ORIENTED_EDGE('',*,*,#3473,.F.);
#19509 = ORIENTED_EDGE('',*,*,#19510,.T.);
#19510 = EDGE_CURVE('',#3466,#17716,#19511,.T.);
#19511 = LINE('',#19512,#19513);
#19512 = CARTESIAN_POINT('',(-15.40460526316,-4.,-20.));
#19513 = VECTOR('',#19514,1.);
#19514 = DIRECTION('',(0.,0.,1.));
#19515 = ORIENTED_EDGE('',*,*,#17715,.T.);
#19516 = ORIENTED_EDGE('',*,*,#19493,.F.);
#19517 = PLANE('',#19518);
#19518 = AXIS2_PLACEMENT_3D('',#19519,#19520,#19521);
#19519 = CARTESIAN_POINT('',(-15.40460526316,-4.,-20.));
#19520 = DIRECTION('',(-0.269362803056,0.963038774053,0.));
#19521 = DIRECTION('',(-0.963038774053,-0.269362803056,0.));
#19522 = ADVANCED_FACE('',(#19523),#19534,.T.);
#19523 = FACE_BOUND('',#19524,.F.);
#19524 = EDGE_LOOP('',(#19525,#19526,#19532,#19533));
#19525 = ORIENTED_EDGE('',*,*,#3465,.F.);
#19526 = ORIENTED_EDGE('',*,*,#19527,.T.);
#19527 = EDGE_CURVE('',#3458,#17724,#19528,.T.);
#19528 = LINE('',#19529,#19530);
#19529 = CARTESIAN_POINT('',(-15.28289476586,-4.,-20.));
#19530 = VECTOR('',#19531,1.);
#19531 = DIRECTION('',(0.,0.,1.));
#19532 = ORIENTED_EDGE('',*,*,#17723,.T.);
#19533 = ORIENTED_EDGE('',*,*,#19510,.F.);
#19534 = PLANE('',#19535);
#19535 = AXIS2_PLACEMENT_3D('',#19536,#19537,#19538);
#19536 = CARTESIAN_POINT('',(-15.28289476586,-4.,-20.));
#19537 = DIRECTION('',(0.,1.,0.));
#19538 = DIRECTION('',(-1.,0.,0.));
#19539 = ADVANCED_FACE('',(#19540),#19551,.T.);
#19540 = FACE_BOUND('',#19541,.F.);
#19541 = EDGE_LOOP('',(#19542,#19543,#19549,#19550));
#19542 = ORIENTED_EDGE('',*,*,#3457,.F.);
#19543 = ORIENTED_EDGE('',*,*,#19544,.T.);
#19544 = EDGE_CURVE('',#3450,#17732,#19545,.T.);
#19545 = LINE('',#19546,#19547);
#19546 = CARTESIAN_POINT('',(-15.13075657895,-4.042553186417,-20.));
#19547 = VECTOR('',#19548,1.);
#19548 = DIRECTION('',(0.,0.,1.));
#19549 = ORIENTED_EDGE('',*,*,#17731,.T.);
#19550 = ORIENTED_EDGE('',*,*,#19527,.F.);
#19551 = PLANE('',#19552);
#19552 = AXIS2_PLACEMENT_3D('',#19553,#19554,#19555);
#19553 = CARTESIAN_POINT('',(-15.13075657895,-4.042553186417,-20.));
#19554 = DIRECTION('',(0.269362803056,0.963038774053,0.));
#19555 = DIRECTION('',(-0.963038774053,0.269362803056,0.));
#19556 = ADVANCED_FACE('',(#19557),#19568,.T.);
#19557 = FACE_BOUND('',#19558,.F.);
#19558 = EDGE_LOOP('',(#19559,#19560,#19566,#19567));
#19559 = ORIENTED_EDGE('',*,*,#3449,.F.);
#19560 = ORIENTED_EDGE('',*,*,#19561,.T.);
#19561 = EDGE_CURVE('',#3442,#17740,#19562,.T.);
#19562 = LINE('',#19563,#19564);
#19563 = CARTESIAN_POINT('',(-14.97861847909,-4.170212745667,-20.));
#19564 = VECTOR('',#19565,1.);
#19565 = DIRECTION('',(0.,0.,1.));
#19566 = ORIENTED_EDGE('',*,*,#17739,.T.);
#19567 = ORIENTED_EDGE('',*,*,#19544,.F.);
#19568 = PLANE('',#19569);
#19569 = AXIS2_PLACEMENT_3D('',#19570,#19571,#19572);
#19570 = CARTESIAN_POINT('',(-14.97861847909,-4.170212745667,-20.));
#19571 = DIRECTION('',(0.642789192762,0.766043114758,0.));
#19572 = DIRECTION('',(-0.766043114758,0.642789192762,0.));
#19573 = ADVANCED_FACE('',(#19574),#19585,.T.);
#19574 = FACE_BOUND('',#19575,.F.);
#19575 = EDGE_LOOP('',(#19576,#19577,#19583,#19584));
#19576 = ORIENTED_EDGE('',*,*,#3441,.F.);
#19577 = ORIENTED_EDGE('',*,*,#19578,.T.);
#19578 = EDGE_CURVE('',#3434,#17748,#19579,.T.);
#19579 = LINE('',#19580,#19581);
#19580 = CARTESIAN_POINT('',(-14.88733558435,-4.340425491333,-20.));
#19581 = VECTOR('',#19582,1.);
#19582 = DIRECTION('',(0.,0.,1.));
#19583 = ORIENTED_EDGE('',*,*,#17747,.T.);
#19584 = ORIENTED_EDGE('',*,*,#19561,.F.);
#19585 = PLANE('',#19586);
#19586 = AXIS2_PLACEMENT_3D('',#19587,#19588,#19589);
#19587 = CARTESIAN_POINT('',(-14.88733558435,-4.340425491333,-20.));
#19588 = DIRECTION('',(0.881269767084,0.472613581718,0.));
#19589 = DIRECTION('',(-0.472613581718,0.881269767084,0.));
#19590 = ADVANCED_FACE('',(#19591),#19602,.T.);
#19591 = FACE_BOUND('',#19592,.F.);
#19592 = EDGE_LOOP('',(#19593,#19594,#19600,#19601));
#19593 = ORIENTED_EDGE('',*,*,#3433,.F.);
#19594 = ORIENTED_EDGE('',*,*,#19595,.T.);
#19595 = EDGE_CURVE('',#3426,#17756,#19596,.T.);
#19596 = LINE('',#19597,#19598);
#19597 = CARTESIAN_POINT('',(-14.85690789474,-4.468085050583,-20.));
#19598 = VECTOR('',#19599,1.);
#19599 = DIRECTION('',(0.,0.,1.));
#19600 = ORIENTED_EDGE('',*,*,#17755,.T.);
#19601 = ORIENTED_EDGE('',*,*,#19578,.F.);
#19602 = PLANE('',#19603);
#19603 = AXIS2_PLACEMENT_3D('',#19604,#19605,#19606);
#19604 = CARTESIAN_POINT('',(-14.85690789474,-4.468085050583,-20.));
#19605 = DIRECTION('',(0.972750289345,0.23185528801,0.));
#19606 = DIRECTION('',(-0.23185528801,0.972750289345,0.));
#19607 = ADVANCED_FACE('',(#19608),#19619,.T.);
#19608 = FACE_BOUND('',#19609,.F.);
#19609 = EDGE_LOOP('',(#19610,#19611,#19617,#19618));
#19610 = ORIENTED_EDGE('',*,*,#3425,.F.);
#19611 = ORIENTED_EDGE('',*,*,#19612,.T.);
#19612 = EDGE_CURVE('',#3418,#17764,#19613,.T.);
#19613 = LINE('',#19614,#19615);
#19614 = CARTESIAN_POINT('',(-15.0090459946,-4.468085050583,-20.));
#19615 = VECTOR('',#19616,1.);
#19616 = DIRECTION('',(0.,0.,1.));
#19617 = ORIENTED_EDGE('',*,*,#17763,.T.);
#19618 = ORIENTED_EDGE('',*,*,#19595,.F.);
#19619 = PLANE('',#19620);
#19620 = AXIS2_PLACEMENT_3D('',#19621,#19622,#19623);
#19621 = CARTESIAN_POINT('',(-15.0090459946,-4.468085050583,-20.));
#19622 = DIRECTION('',(0.,-1.,0.));
#19623 = DIRECTION('',(1.,0.,0.));
#19624 = ADVANCED_FACE('',(#19625),#19636,.T.);
#19625 = FACE_BOUND('',#19626,.F.);
#19626 = EDGE_LOOP('',(#19627,#19628,#19634,#19635));
#19627 = ORIENTED_EDGE('',*,*,#3417,.F.);
#19628 = ORIENTED_EDGE('',*,*,#19629,.T.);
#19629 = EDGE_CURVE('',#3410,#17772,#19630,.T.);
#19630 = LINE('',#19631,#19632);
#19631 = CARTESIAN_POINT('',(-15.06990128677,-4.340425491333,-20.));
#19632 = VECTOR('',#19633,1.);
#19633 = DIRECTION('',(0.,0.,1.));
#19634 = ORIENTED_EDGE('',*,*,#17771,.T.);
#19635 = ORIENTED_EDGE('',*,*,#19612,.F.);
#19636 = PLANE('',#19637);
#19637 = AXIS2_PLACEMENT_3D('',#19638,#19639,#19640);
#19638 = CARTESIAN_POINT('',(-15.06990128677,-4.340425491333,-20.));
#19639 = DIRECTION('',(-0.902681961008,-0.430308351383,0.));
#19640 = DIRECTION('',(0.430308351383,-0.902681961008,0.));
#19641 = ADVANCED_FACE('',(#19642),#19653,.T.);
#19642 = FACE_BOUND('',#19643,.F.);
#19643 = EDGE_LOOP('',(#19644,#19645,#19651,#19652));
#19644 = ORIENTED_EDGE('',*,*,#3409,.F.);
#19645 = ORIENTED_EDGE('',*,*,#19646,.T.);
#19646 = EDGE_CURVE('',#3402,#17780,#19647,.T.);
#19647 = LINE('',#19648,#19649);
#19648 = CARTESIAN_POINT('',(-15.16118418151,-4.2553191185,-20.));
#19649 = VECTOR('',#19650,1.);
#19650 = DIRECTION('',(0.,0.,1.));
#19651 = ORIENTED_EDGE('',*,*,#17779,.T.);
#19652 = ORIENTED_EDGE('',*,*,#19629,.F.);
#19653 = PLANE('',#19654);
#19654 = AXIS2_PLACEMENT_3D('',#19655,#19656,#19657);
#19655 = CARTESIAN_POINT('',(-15.16118418151,-4.2553191185,-20.));
#19656 = DIRECTION('',(-0.681928482952,-0.731418856838,0.));
#19657 = DIRECTION('',(0.731418856838,-0.681928482952,0.));
#19658 = ADVANCED_FACE('',(#19659),#19670,.T.);
#19659 = FACE_BOUND('',#19660,.F.);
#19660 = EDGE_LOOP('',(#19661,#19662,#19668,#19669));
#19661 = ORIENTED_EDGE('',*,*,#3401,.F.);
#19662 = ORIENTED_EDGE('',*,*,#19663,.T.);
#19663 = EDGE_CURVE('',#3394,#17788,#19664,.T.);
#19664 = LINE('',#19665,#19666);
#19665 = CARTESIAN_POINT('',(-15.25246707625,-4.212765932083,-20.));
#19666 = VECTOR('',#19667,1.);
#19667 = DIRECTION('',(0.,0.,1.));
#19668 = ORIENTED_EDGE('',*,*,#17787,.T.);
#19669 = ORIENTED_EDGE('',*,*,#19646,.F.);
#19670 = PLANE('',#19671);
#19671 = AXIS2_PLACEMENT_3D('',#19672,#19673,#19674);
#19672 = CARTESIAN_POINT('',(-15.25246707625,-4.212765932083,-20.));
#19673 = DIRECTION('',(-0.422514465875,-0.906356180608,0.));
#19674 = DIRECTION('',(0.906356180608,-0.422514465875,0.));
#19675 = ADVANCED_FACE('',(#19676),#19687,.T.);
#19676 = FACE_BOUND('',#19677,.F.);
#19677 = EDGE_LOOP('',(#19678,#19679,#19685,#19686));
#19678 = ORIENTED_EDGE('',*,*,#3393,.F.);
#19679 = ORIENTED_EDGE('',*,*,#19680,.T.);
#19680 = EDGE_CURVE('',#3386,#17796,#19681,.T.);
#19681 = LINE('',#19682,#19683);
#19682 = CARTESIAN_POINT('',(-15.43503286572,-4.212765932083,-20.));
#19683 = VECTOR('',#19684,1.);
#19684 = DIRECTION('',(0.,0.,1.));
#19685 = ORIENTED_EDGE('',*,*,#17795,.T.);
#19686 = ORIENTED_EDGE('',*,*,#19663,.F.);
#19687 = PLANE('',#19688);
#19688 = AXIS2_PLACEMENT_3D('',#19689,#19690,#19691);
#19689 = CARTESIAN_POINT('',(-15.43503286572,-4.212765932083,-20.));
#19690 = DIRECTION('',(0.,-1.,0.));
#19691 = DIRECTION('',(1.,0.,0.));
#19692 = ADVANCED_FACE('',(#19693),#19704,.T.);
#19693 = FACE_BOUND('',#19694,.F.);
#19694 = EDGE_LOOP('',(#19695,#19696,#19702,#19703));
#19695 = ORIENTED_EDGE('',*,*,#3385,.F.);
#19696 = ORIENTED_EDGE('',*,*,#19697,.T.);
#19697 = EDGE_CURVE('',#3378,#17804,#19698,.T.);
#19698 = LINE('',#19699,#19700);
#19699 = CARTESIAN_POINT('',(-15.52631576046,-4.2553191185,-20.));
#19700 = VECTOR('',#19701,1.);
#19701 = DIRECTION('',(0.,0.,1.));
#19702 = ORIENTED_EDGE('',*,*,#17803,.T.);
#19703 = ORIENTED_EDGE('',*,*,#19680,.F.);
#19704 = PLANE('',#19705);
#19705 = AXIS2_PLACEMENT_3D('',#19706,#19707,#19708);
#19706 = CARTESIAN_POINT('',(-15.52631576046,-4.2553191185,-20.));
#19707 = DIRECTION('',(0.422514465875,-0.906356180608,0.));
#19708 = DIRECTION('',(0.906356180608,0.422514465875,0.));
#19709 = ADVANCED_FACE('',(#19710),#19721,.T.);
#19710 = FACE_BOUND('',#19711,.F.);
#19711 = EDGE_LOOP('',(#19712,#19713,#19719,#19720));
#19712 = ORIENTED_EDGE('',*,*,#3377,.F.);
#19713 = ORIENTED_EDGE('',*,*,#19714,.T.);
#19714 = EDGE_CURVE('',#3370,#17812,#19715,.T.);
#19715 = LINE('',#19716,#19717);
#19716 = CARTESIAN_POINT('',(-15.61759865519,-4.340425491333,-20.));
#19717 = VECTOR('',#19718,1.);
#19718 = DIRECTION('',(0.,0.,1.));
#19719 = ORIENTED_EDGE('',*,*,#17811,.T.);
#19720 = ORIENTED_EDGE('',*,*,#19697,.F.);
#19721 = PLANE('',#19722);
#19722 = AXIS2_PLACEMENT_3D('',#19723,#19724,#19725);
#19723 = CARTESIAN_POINT('',(-15.61759865519,-4.340425491333,-20.));
#19724 = DIRECTION('',(0.681928482952,-0.731418856838,0.));
#19725 = DIRECTION('',(0.731418856838,0.681928482952,0.));
#19726 = ADVANCED_FACE('',(#19727),#19738,.T.);
#19727 = FACE_BOUND('',#19728,.F.);
#19728 = EDGE_LOOP('',(#19729,#19730,#19736,#19737));
#19729 = ORIENTED_EDGE('',*,*,#3369,.F.);
#19730 = ORIENTED_EDGE('',*,*,#19731,.T.);
#19731 = EDGE_CURVE('',#3362,#17820,#19732,.T.);
#19732 = LINE('',#19733,#19734);
#19733 = CARTESIAN_POINT('',(-15.67845394737,-4.468085050583,-20.));
#19734 = VECTOR('',#19735,1.);
#19735 = DIRECTION('',(0.,0.,1.));
#19736 = ORIENTED_EDGE('',*,*,#17819,.T.);
#19737 = ORIENTED_EDGE('',*,*,#19714,.F.);
#19738 = PLANE('',#19739);
#19739 = AXIS2_PLACEMENT_3D('',#19740,#19741,#19742);
#19740 = CARTESIAN_POINT('',(-15.67845394737,-4.468085050583,-20.));
#19741 = DIRECTION('',(0.902681961008,-0.430308351383,0.));
#19742 = DIRECTION('',(0.430308351383,0.902681961008,0.));
#19743 = ADVANCED_FACE('',(#19744),#19755,.T.);
#19744 = FACE_BOUND('',#19745,.F.);
#19745 = EDGE_LOOP('',(#19746,#19747,#19753,#19754));
#19746 = ORIENTED_EDGE('',*,*,#3361,.F.);
#19747 = ORIENTED_EDGE('',*,*,#19748,.T.);
#19748 = EDGE_CURVE('',#3354,#17828,#19749,.T.);
#19749 = LINE('',#19750,#19751);
#19750 = CARTESIAN_POINT('',(-15.70888154993,-4.595744729042,-20.));
#19751 = VECTOR('',#19752,1.);
#19752 = DIRECTION('',(0.,0.,1.));
#19753 = ORIENTED_EDGE('',*,*,#17827,.T.);
#19754 = ORIENTED_EDGE('',*,*,#19731,.F.);
#19755 = PLANE('',#19756);
#19756 = AXIS2_PLACEMENT_3D('',#19757,#19758,#19759);
#19757 = CARTESIAN_POINT('',(-15.70888154993,-4.595744729042,-20.));
#19758 = DIRECTION('',(0.972750487784,-0.231854455459,0.));
#19759 = DIRECTION('',(0.231854455459,0.972750487784,0.));
#19760 = ADVANCED_FACE('',(#19761),#19772,.T.);
#19761 = FACE_BOUND('',#19762,.F.);
#19762 = EDGE_LOOP('',(#19763,#19764,#19770,#19771));
#19763 = ORIENTED_EDGE('',*,*,#3353,.F.);
#19764 = ORIENTED_EDGE('',*,*,#19765,.T.);
#19765 = EDGE_CURVE('',#3346,#17836,#19766,.T.);
#19766 = LINE('',#19767,#19768);
#19767 = CARTESIAN_POINT('',(-15.73930923954,-4.851063847542,-20.));
#19768 = VECTOR('',#19769,1.);
#19769 = DIRECTION('',(0.,0.,1.));
#19770 = ORIENTED_EDGE('',*,*,#17835,.T.);
#19771 = ORIENTED_EDGE('',*,*,#19748,.F.);
#19772 = PLANE('',#19773);
#19773 = AXIS2_PLACEMENT_3D('',#19774,#19775,#19776);
#19774 = CARTESIAN_POINT('',(-15.73930923954,-4.851063847542,-20.));
#19775 = DIRECTION('',(0.992973403554,-0.118337736308,0.));
#19776 = DIRECTION('',(0.118337736308,0.992973403554,0.));
#19777 = ADVANCED_FACE('',(#19778),#19789,.T.);
#19778 = FACE_BOUND('',#19779,.F.);
#19779 = EDGE_LOOP('',(#19780,#19781,#19787,#19788));
#19780 = ORIENTED_EDGE('',*,*,#3345,.F.);
#19781 = ORIENTED_EDGE('',*,*,#19782,.T.);
#19782 = EDGE_CURVE('',#3338,#17844,#19783,.T.);
#19783 = LINE('',#19784,#19785);
#19784 = CARTESIAN_POINT('',(-15.73930923954,-4.936170220375,-20.));
#19785 = VECTOR('',#19786,1.);
#19786 = DIRECTION('',(0.,0.,1.));
#19787 = ORIENTED_EDGE('',*,*,#17843,.T.);
#19788 = ORIENTED_EDGE('',*,*,#19765,.F.);
#19789 = PLANE('',#19790);
#19790 = AXIS2_PLACEMENT_3D('',#19791,#19792,#19793);
#19791 = CARTESIAN_POINT('',(-15.73930923954,-4.936170220375,-20.));
#19792 = DIRECTION('',(1.,0.,0.));
#19793 = DIRECTION('',(-0.,1.,0.));
#19794 = ADVANCED_FACE('',(#19795),#19806,.T.);
#19795 = FACE_BOUND('',#19796,.F.);
#19796 = EDGE_LOOP('',(#19797,#19798,#19804,#19805));
#19797 = ORIENTED_EDGE('',*,*,#3337,.F.);
#19798 = ORIENTED_EDGE('',*,*,#19799,.T.);
#19799 = EDGE_CURVE('',#3330,#17852,#19800,.T.);
#19800 = LINE('',#19801,#19802);
#19801 = CARTESIAN_POINT('',(-15.55674345007,-4.765957474709,-20.));
#19802 = VECTOR('',#19803,1.);
#19803 = DIRECTION('',(0.,0.,1.));
#19804 = ORIENTED_EDGE('',*,*,#17851,.T.);
#19805 = ORIENTED_EDGE('',*,*,#19782,.F.);
#19806 = PLANE('',#19807);
#19807 = AXIS2_PLACEMENT_3D('',#19808,#19809,#19810);
#19808 = CARTESIAN_POINT('',(-15.55674345007,-4.765957474709,-20.));
#19809 = DIRECTION('',(-0.681928482952,0.731418856838,0.));
#19810 = DIRECTION('',(-0.731418856838,-0.681928482952,0.));
#19811 = ADVANCED_FACE('',(#19812),#19823,.T.);
#19812 = FACE_BOUND('',#19813,.F.);
#19813 = EDGE_LOOP('',(#19814,#19815,#19821,#19822));
#19814 = ORIENTED_EDGE('',*,*,#3329,.F.);
#19815 = ORIENTED_EDGE('',*,*,#19816,.T.);
#19816 = EDGE_CURVE('',#3322,#17860,#19817,.T.);
#19817 = LINE('',#19818,#19819);
#19818 = CARTESIAN_POINT('',(-15.40460526316,-4.723404288292,-20.));
#19819 = VECTOR('',#19820,1.);
#19820 = DIRECTION('',(0.,0.,1.));
#19821 = ORIENTED_EDGE('',*,*,#17859,.T.);
#19822 = ORIENTED_EDGE('',*,*,#19799,.F.);
#19823 = PLANE('',#19824);
#19824 = AXIS2_PLACEMENT_3D('',#19825,#19826,#19827);
#19825 = CARTESIAN_POINT('',(-15.40460526316,-4.723404288292,-20.));
#19826 = DIRECTION('',(-0.269362803056,0.963038774053,0.));
#19827 = DIRECTION('',(-0.963038774053,-0.269362803056,0.));
#19828 = ADVANCED_FACE('',(#19829),#19840,.T.);
#19829 = FACE_BOUND('',#19830,.F.);
#19830 = EDGE_LOOP('',(#19831,#19832,#19838,#19839));
#19831 = ORIENTED_EDGE('',*,*,#3321,.F.);
#19832 = ORIENTED_EDGE('',*,*,#19833,.T.);
#19833 = EDGE_CURVE('',#3314,#17868,#19834,.T.);
#19834 = LINE('',#19835,#19836);
#19835 = CARTESIAN_POINT('',(-15.25246707625,-4.723404288292,-20.));
#19836 = VECTOR('',#19837,1.);
#19837 = DIRECTION('',(0.,0.,1.));
#19838 = ORIENTED_EDGE('',*,*,#17867,.T.);
#19839 = ORIENTED_EDGE('',*,*,#19816,.F.);
#19840 = PLANE('',#19841);
#19841 = AXIS2_PLACEMENT_3D('',#19842,#19843,#19844);
#19842 = CARTESIAN_POINT('',(-15.25246707625,-4.723404288292,-20.));
#19843 = DIRECTION('',(0.,1.,0.));
#19844 = DIRECTION('',(-1.,0.,0.));
#19845 = ADVANCED_FACE('',(#19846),#19857,.T.);
#19846 = FACE_BOUND('',#19847,.F.);
#19847 = EDGE_LOOP('',(#19848,#19849,#19855,#19856));
#19848 = ORIENTED_EDGE('',*,*,#3313,.F.);
#19849 = ORIENTED_EDGE('',*,*,#19850,.T.);
#19850 = EDGE_CURVE('',#3306,#17876,#19851,.T.);
#19851 = LINE('',#19852,#19853);
#19852 = CARTESIAN_POINT('',(-15.10032897639,-4.765957474709,-20.));
#19853 = VECTOR('',#19854,1.);
#19854 = DIRECTION('',(0.,0.,1.));
#19855 = ORIENTED_EDGE('',*,*,#17875,.T.);
#19856 = ORIENTED_EDGE('',*,*,#19833,.F.);
#19857 = PLANE('',#19858);
#19858 = AXIS2_PLACEMENT_3D('',#19859,#19860,#19861);
#19859 = CARTESIAN_POINT('',(-15.10032897639,-4.765957474709,-20.));
#19860 = DIRECTION('',(0.269362946004,0.963038734071,0.));
#19861 = DIRECTION('',(-0.963038734071,0.269362946004,0.));
#19862 = ADVANCED_FACE('',(#19863),#19869,.T.);
#19863 = FACE_BOUND('',#19864,.F.);
#19864 = EDGE_LOOP('',(#19865,#19866,#19867,#19868));
#19865 = ORIENTED_EDGE('',*,*,#3305,.F.);
#19866 = ORIENTED_EDGE('',*,*,#19206,.T.);
#19867 = ORIENTED_EDGE('',*,*,#17883,.T.);
#19868 = ORIENTED_EDGE('',*,*,#19850,.F.);
#19869 = PLANE('',#19870);
#19870 = AXIS2_PLACEMENT_3D('',#19871,#19872,#19873);
#19871 = CARTESIAN_POINT('',(-14.94819078947,-4.893617033958,-20.));
#19872 = DIRECTION('',(0.642788976925,0.766043295868,0.));
#19873 = DIRECTION('',(-0.766043295868,0.642788976925,0.));
#19874 = ADVANCED_FACE('',(#19875),#19891,.T.);
#19875 = FACE_BOUND('',#19876,.F.);
#19876 = EDGE_LOOP('',(#19877,#19878,#19884,#19885));
#19877 = ORIENTED_EDGE('',*,*,#4145,.F.);
#19878 = ORIENTED_EDGE('',*,*,#19879,.T.);
#19879 = EDGE_CURVE('',#4138,#17892,#19880,.T.);
#19880 = LINE('',#19881,#19882);
#19881 = CARTESIAN_POINT('',(-14.97861847909,-5.148936152458,-20.));
#19882 = VECTOR('',#19883,1.);
#19883 = DIRECTION('',(0.,0.,1.));
#19884 = ORIENTED_EDGE('',*,*,#17891,.T.);
#19885 = ORIENTED_EDGE('',*,*,#19886,.F.);
#19886 = EDGE_CURVE('',#4146,#17894,#19887,.T.);
#19887 = LINE('',#19888,#19889);
#19888 = CARTESIAN_POINT('',(-14.94819078947,-5.276595771313,-20.));
#19889 = VECTOR('',#19890,1.);
#19890 = DIRECTION('',(0.,0.,1.));
#19891 = PLANE('',#19892);
#19892 = AXIS2_PLACEMENT_3D('',#19893,#19894,#19895);
#19893 = CARTESIAN_POINT('',(-14.97861847909,-5.148936152458,-20.));
#19894 = DIRECTION('',(-0.972750313761,-0.231855185576,0.));
#19895 = DIRECTION('',(0.231855185576,-0.972750313761,0.));
#19896 = ADVANCED_FACE('',(#19897),#19908,.T.);
#19897 = FACE_BOUND('',#19898,.F.);
#19898 = EDGE_LOOP('',(#19899,#19900,#19906,#19907));
#19899 = ORIENTED_EDGE('',*,*,#4135,.F.);
#19900 = ORIENTED_EDGE('',*,*,#19901,.T.);
#19901 = EDGE_CURVE('',#4136,#17902,#19902,.T.);
#19902 = LINE('',#19903,#19904);
#19903 = CARTESIAN_POINT('',(-15.03947368421,-5.063829779625,-20.));
#19904 = VECTOR('',#19905,1.);
#19905 = DIRECTION('',(0.,0.,1.));
#19906 = ORIENTED_EDGE('',*,*,#17901,.T.);
#19907 = ORIENTED_EDGE('',*,*,#19879,.F.);
#19908 = PLANE('',#19909);
#19909 = AXIS2_PLACEMENT_3D('',#19910,#19911,#19912);
#19910 = CARTESIAN_POINT('',(-15.03947368421,-5.063829779625,-20.));
#19911 = DIRECTION('',(-0.813439802602,-0.581649110326,0.));
#19912 = DIRECTION('',(0.581649110326,-0.813439802602,0.));
#19913 = ADVANCED_FACE('',(#19914),#19925,.T.);
#19914 = FACE_BOUND('',#19915,.F.);
#19915 = EDGE_LOOP('',(#19916,#19917,#19923,#19924));
#19916 = ORIENTED_EDGE('',*,*,#4289,.F.);
#19917 = ORIENTED_EDGE('',*,*,#19918,.T.);
#19918 = EDGE_CURVE('',#4282,#17910,#19919,.T.);
#19919 = LINE('',#19920,#19921);
#19920 = CARTESIAN_POINT('',(-15.13075657895,-4.978723406792,-20.));
#19921 = VECTOR('',#19922,1.);
#19922 = DIRECTION('',(0.,0.,1.));
#19923 = ORIENTED_EDGE('',*,*,#17909,.T.);
#19924 = ORIENTED_EDGE('',*,*,#19901,.F.);
#19925 = PLANE('',#19926);
#19926 = AXIS2_PLACEMENT_3D('',#19927,#19928,#19929);
#19927 = CARTESIAN_POINT('',(-15.13075657895,-4.978723406792,-20.));
#19928 = DIRECTION('',(-0.681928482952,-0.731418856838,0.));
#19929 = DIRECTION('',(0.731418856838,-0.681928482952,0.));
#19930 = ADVANCED_FACE('',(#19931),#19942,.T.);
#19931 = FACE_BOUND('',#19932,.F.);
#19932 = EDGE_LOOP('',(#19933,#19934,#19940,#19941));
#19933 = ORIENTED_EDGE('',*,*,#4281,.F.);
#19934 = ORIENTED_EDGE('',*,*,#19935,.T.);
#19935 = EDGE_CURVE('',#4274,#17918,#19936,.T.);
#19936 = LINE('',#19937,#19938);
#19937 = CARTESIAN_POINT('',(-15.22203947368,-4.936170220375,-20.));
#19938 = VECTOR('',#19939,1.);
#19939 = DIRECTION('',(0.,0.,1.));
#19940 = ORIENTED_EDGE('',*,*,#17917,.T.);
#19941 = ORIENTED_EDGE('',*,*,#19918,.F.);
#19942 = PLANE('',#19943);
#19943 = AXIS2_PLACEMENT_3D('',#19944,#19945,#19946);
#19944 = CARTESIAN_POINT('',(-15.22203947368,-4.936170220375,-20.));
#19945 = DIRECTION('',(-0.422514465875,-0.906356180608,0.));
#19946 = DIRECTION('',(0.906356180608,-0.422514465875,0.));
#19947 = ADVANCED_FACE('',(#19948),#19959,.T.);
#19948 = FACE_BOUND('',#19949,.F.);
#19949 = EDGE_LOOP('',(#19950,#19951,#19957,#19958));
#19950 = ORIENTED_EDGE('',*,*,#4273,.F.);
#19951 = ORIENTED_EDGE('',*,*,#19952,.T.);
#19952 = EDGE_CURVE('',#4266,#17926,#19953,.T.);
#19953 = LINE('',#19954,#19955);
#19954 = CARTESIAN_POINT('',(-15.43503286572,-4.936170220375,-20.));
#19955 = VECTOR('',#19956,1.);
#19956 = DIRECTION('',(0.,0.,1.));
#19957 = ORIENTED_EDGE('',*,*,#17925,.T.);
#19958 = ORIENTED_EDGE('',*,*,#19935,.F.);
#19959 = PLANE('',#19960);
#19960 = AXIS2_PLACEMENT_3D('',#19961,#19962,#19963);
#19961 = CARTESIAN_POINT('',(-15.43503286572,-4.936170220375,-20.));
#19962 = DIRECTION('',(0.,-1.,0.));
#19963 = DIRECTION('',(1.,0.,0.));
#19964 = ADVANCED_FACE('',(#19965),#19976,.T.);
#19965 = FACE_BOUND('',#19966,.F.);
#19966 = EDGE_LOOP('',(#19967,#19968,#19974,#19975));
#19967 = ORIENTED_EDGE('',*,*,#4265,.F.);
#19968 = ORIENTED_EDGE('',*,*,#19969,.T.);
#19969 = EDGE_CURVE('',#4258,#17934,#19970,.T.);
#19970 = LINE('',#19971,#19972);
#19971 = CARTESIAN_POINT('',(-15.52631576046,-4.978723406792,-20.));
#19972 = VECTOR('',#19973,1.);
#19973 = DIRECTION('',(0.,0.,1.));
#19974 = ORIENTED_EDGE('',*,*,#17933,.T.);
#19975 = ORIENTED_EDGE('',*,*,#19952,.F.);
#19976 = PLANE('',#19977);
#19977 = AXIS2_PLACEMENT_3D('',#19978,#19979,#19980);
#19978 = CARTESIAN_POINT('',(-15.52631576046,-4.978723406792,-20.));
#19979 = DIRECTION('',(0.422514465875,-0.906356180608,0.));
#19980 = DIRECTION('',(0.906356180608,0.422514465875,0.));
#19981 = ADVANCED_FACE('',(#19982),#19993,.T.);
#19982 = FACE_BOUND('',#19983,.F.);
#19983 = EDGE_LOOP('',(#19984,#19985,#19991,#19992));
#19984 = ORIENTED_EDGE('',*,*,#4257,.F.);
#19985 = ORIENTED_EDGE('',*,*,#19986,.T.);
#19986 = EDGE_CURVE('',#4250,#17942,#19987,.T.);
#19987 = LINE('',#19988,#19989);
#19988 = CARTESIAN_POINT('',(-15.61759865519,-5.063829779625,-20.));
#19989 = VECTOR('',#19990,1.);
#19990 = DIRECTION('',(0.,0.,1.));
#19991 = ORIENTED_EDGE('',*,*,#17941,.T.);
#19992 = ORIENTED_EDGE('',*,*,#19969,.F.);
#19993 = PLANE('',#19994);
#19994 = AXIS2_PLACEMENT_3D('',#19995,#19996,#19997);
#19995 = CARTESIAN_POINT('',(-15.61759865519,-5.063829779625,-20.));
#19996 = DIRECTION('',(0.681928482952,-0.731418856838,0.));
#19997 = DIRECTION('',(0.731418856838,0.681928482952,0.));
#19998 = ADVANCED_FACE('',(#19999),#20010,.T.);
#19999 = FACE_BOUND('',#20000,.F.);
#20000 = EDGE_LOOP('',(#20001,#20002,#20008,#20009));
#20001 = ORIENTED_EDGE('',*,*,#4249,.F.);
#20002 = ORIENTED_EDGE('',*,*,#20003,.T.);
#20003 = EDGE_CURVE('',#4242,#17950,#20004,.T.);
#20004 = LINE('',#20005,#20006);
#20005 = CARTESIAN_POINT('',(-15.67845394737,-5.148936152458,-20.));
#20006 = VECTOR('',#20007,1.);
#20007 = DIRECTION('',(0.,0.,1.));
#20008 = ORIENTED_EDGE('',*,*,#17949,.T.);
#20009 = ORIENTED_EDGE('',*,*,#19986,.F.);
#20010 = PLANE('',#20011);
#20011 = AXIS2_PLACEMENT_3D('',#20012,#20013,#20014);
#20012 = CARTESIAN_POINT('',(-15.67845394737,-5.148936152458,-20.));
#20013 = DIRECTION('',(0.813439408925,-0.581649660885,0.));
#20014 = DIRECTION('',(0.581649660885,0.813439408925,0.));
#20015 = ADVANCED_FACE('',(#20016),#20027,.T.);
#20016 = FACE_BOUND('',#20017,.F.);
#20017 = EDGE_LOOP('',(#20018,#20019,#20025,#20026));
#20018 = ORIENTED_EDGE('',*,*,#4241,.F.);
#20019 = ORIENTED_EDGE('',*,*,#20020,.T.);
#20020 = EDGE_CURVE('',#4234,#17958,#20021,.T.);
#20021 = LINE('',#20022,#20023);
#20022 = CARTESIAN_POINT('',(-15.70888154993,-5.276595771313,-20.));
#20023 = VECTOR('',#20024,1.);
#20024 = DIRECTION('',(0.,0.,1.));
#20025 = ORIENTED_EDGE('',*,*,#17957,.T.);
#20026 = ORIENTED_EDGE('',*,*,#20003,.F.);
#20027 = PLANE('',#20028);
#20028 = AXIS2_PLACEMENT_3D('',#20029,#20030,#20031);
#20029 = CARTESIAN_POINT('',(-15.70888154993,-5.276595771313,-20.));
#20030 = DIRECTION('',(0.972750463369,-0.231854557893,0.));
#20031 = DIRECTION('',(0.231854557893,0.972750463369,0.));
#20032 = ADVANCED_FACE('',(#20033),#20044,.T.);
#20033 = FACE_BOUND('',#20034,.F.);
#20034 = EDGE_LOOP('',(#20035,#20036,#20042,#20043));
#20035 = ORIENTED_EDGE('',*,*,#4233,.F.);
#20036 = ORIENTED_EDGE('',*,*,#20037,.T.);
#20037 = EDGE_CURVE('',#4226,#17966,#20038,.T.);
#20038 = LINE('',#20039,#20040);
#20039 = CARTESIAN_POINT('',(-15.70888154993,-5.404255330563,-20.));
#20040 = VECTOR('',#20041,1.);
#20041 = DIRECTION('',(0.,0.,1.));
#20042 = ORIENTED_EDGE('',*,*,#17965,.T.);
#20043 = ORIENTED_EDGE('',*,*,#20020,.F.);
#20044 = PLANE('',#20045);
#20045 = AXIS2_PLACEMENT_3D('',#20046,#20047,#20048);
#20046 = CARTESIAN_POINT('',(-15.70888154993,-5.404255330563,-20.));
#20047 = DIRECTION('',(1.,0.,0.));
#20048 = DIRECTION('',(-0.,1.,0.));
#20049 = ADVANCED_FACE('',(#20050),#20061,.T.);
#20050 = FACE_BOUND('',#20051,.F.);
#20051 = EDGE_LOOP('',(#20052,#20053,#20059,#20060));
#20052 = ORIENTED_EDGE('',*,*,#4225,.F.);
#20053 = ORIENTED_EDGE('',*,*,#20054,.T.);
#20054 = EDGE_CURVE('',#4218,#17974,#20055,.T.);
#20055 = LINE('',#20056,#20057);
#20056 = CARTESIAN_POINT('',(-15.67845394737,-5.531914889812,-20.));
#20057 = VECTOR('',#20058,1.);
#20058 = DIRECTION('',(0.,0.,1.));
#20059 = ORIENTED_EDGE('',*,*,#17973,.T.);
#20060 = ORIENTED_EDGE('',*,*,#20037,.F.);
#20061 = PLANE('',#20062);
#20062 = AXIS2_PLACEMENT_3D('',#20063,#20064,#20065);
#20063 = CARTESIAN_POINT('',(-15.67845394737,-5.531914889812,-20.));
#20064 = DIRECTION('',(0.972750438954,0.231854660327,0.));
#20065 = DIRECTION('',(-0.231854660327,0.972750438954,0.));
#20066 = ADVANCED_FACE('',(#20067),#20078,.T.);
#20067 = FACE_BOUND('',#20068,.F.);
#20068 = EDGE_LOOP('',(#20069,#20070,#20076,#20077));
#20069 = ORIENTED_EDGE('',*,*,#4217,.F.);
#20070 = ORIENTED_EDGE('',*,*,#20071,.T.);
#20071 = EDGE_CURVE('',#4210,#17982,#20072,.T.);
#20072 = LINE('',#20073,#20074);
#20073 = CARTESIAN_POINT('',(-15.61759865519,-5.659574478865,-20.));
#20074 = VECTOR('',#20075,1.);
#20075 = DIRECTION('',(0.,0.,1.));
#20076 = ORIENTED_EDGE('',*,*,#17981,.T.);
#20077 = ORIENTED_EDGE('',*,*,#20054,.F.);
#20078 = PLANE('',#20079);
#20079 = AXIS2_PLACEMENT_3D('',#20080,#20081,#20082);
#20080 = CARTESIAN_POINT('',(-15.61759865519,-5.659574478865,-20.));
#20081 = DIRECTION('',(0.902682000029,0.430308269528,0.));
#20082 = DIRECTION('',(-0.430308269528,0.902682000029,0.));
#20083 = ADVANCED_FACE('',(#20084),#20095,.T.);
#20084 = FACE_BOUND('',#20085,.F.);
#20085 = EDGE_LOOP('',(#20086,#20087,#20093,#20094));
#20086 = ORIENTED_EDGE('',*,*,#4209,.F.);
#20087 = ORIENTED_EDGE('',*,*,#20088,.T.);
#20088 = EDGE_CURVE('',#4202,#17990,#20089,.T.);
#20089 = LINE('',#20090,#20091);
#20090 = CARTESIAN_POINT('',(-15.52631576046,-5.744680851698,-20.));
#20091 = VECTOR('',#20092,1.);
#20092 = DIRECTION('',(0.,0.,1.));
#20093 = ORIENTED_EDGE('',*,*,#17989,.T.);
#20094 = ORIENTED_EDGE('',*,*,#20071,.F.);
#20095 = PLANE('',#20096);
#20096 = AXIS2_PLACEMENT_3D('',#20097,#20098,#20099);
#20097 = CARTESIAN_POINT('',(-15.52631576046,-5.744680851698,-20.));
#20098 = DIRECTION('',(0.681928482952,0.731418856838,0.));
#20099 = DIRECTION('',(-0.731418856838,0.681928482952,0.));
#20100 = ADVANCED_FACE('',(#20101),#20112,.T.);
#20101 = FACE_BOUND('',#20102,.F.);
#20102 = EDGE_LOOP('',(#20103,#20104,#20110,#20111));
#20103 = ORIENTED_EDGE('',*,*,#4201,.F.);
#20104 = ORIENTED_EDGE('',*,*,#20105,.T.);
#20105 = EDGE_CURVE('',#4194,#17998,#20106,.T.);
#20106 = LINE('',#20107,#20108);
#20107 = CARTESIAN_POINT('',(-15.43503286572,-5.787234038115,-20.));
#20108 = VECTOR('',#20109,1.);
#20109 = DIRECTION('',(0.,0.,1.));
#20110 = ORIENTED_EDGE('',*,*,#17997,.T.);
#20111 = ORIENTED_EDGE('',*,*,#20088,.F.);
#20112 = PLANE('',#20113);
#20113 = AXIS2_PLACEMENT_3D('',#20114,#20115,#20116);
#20114 = CARTESIAN_POINT('',(-15.43503286572,-5.787234038115,-20.));
#20115 = DIRECTION('',(0.422514465875,0.906356180608,0.));
#20116 = DIRECTION('',(-0.906356180608,0.422514465875,0.));
#20117 = ADVANCED_FACE('',(#20118),#20129,.T.);
#20118 = FACE_BOUND('',#20119,.F.);
#20119 = EDGE_LOOP('',(#20120,#20121,#20127,#20128));
#20120 = ORIENTED_EDGE('',*,*,#4193,.F.);
#20121 = ORIENTED_EDGE('',*,*,#20122,.T.);
#20122 = EDGE_CURVE('',#4186,#18006,#20123,.T.);
#20123 = LINE('',#20124,#20125);
#20124 = CARTESIAN_POINT('',(-15.22203947368,-5.787234038115,-20.));
#20125 = VECTOR('',#20126,1.);
#20126 = DIRECTION('',(0.,0.,1.));
#20127 = ORIENTED_EDGE('',*,*,#18005,.T.);
#20128 = ORIENTED_EDGE('',*,*,#20105,.F.);
#20129 = PLANE('',#20130);
#20130 = AXIS2_PLACEMENT_3D('',#20131,#20132,#20133);
#20131 = CARTESIAN_POINT('',(-15.22203947368,-5.787234038115,-20.));
#20132 = DIRECTION('',(0.,1.,0.));
#20133 = DIRECTION('',(-1.,0.,0.));
#20134 = ADVANCED_FACE('',(#20135),#20146,.T.);
#20135 = FACE_BOUND('',#20136,.F.);
#20136 = EDGE_LOOP('',(#20137,#20138,#20144,#20145));
#20137 = ORIENTED_EDGE('',*,*,#4185,.F.);
#20138 = ORIENTED_EDGE('',*,*,#20139,.T.);
#20139 = EDGE_CURVE('',#4178,#18014,#20140,.T.);
#20140 = LINE('',#20141,#20142);
#20141 = CARTESIAN_POINT('',(-15.13075657895,-5.744680851698,-20.));
#20142 = VECTOR('',#20143,1.);
#20143 = DIRECTION('',(0.,0.,1.));
#20144 = ORIENTED_EDGE('',*,*,#18013,.T.);
#20145 = ORIENTED_EDGE('',*,*,#20122,.F.);
#20146 = PLANE('',#20147);
#20147 = AXIS2_PLACEMENT_3D('',#20148,#20149,#20150);
#20148 = CARTESIAN_POINT('',(-15.13075657895,-5.744680851698,-20.));
#20149 = DIRECTION('',(-0.422514465875,0.906356180608,0.));
#20150 = DIRECTION('',(-0.906356180608,-0.422514465875,0.));
#20151 = ADVANCED_FACE('',(#20152),#20163,.T.);
#20152 = FACE_BOUND('',#20153,.F.);
#20153 = EDGE_LOOP('',(#20154,#20155,#20161,#20162));
#20154 = ORIENTED_EDGE('',*,*,#4177,.F.);
#20155 = ORIENTED_EDGE('',*,*,#20156,.T.);
#20156 = EDGE_CURVE('',#4170,#18022,#20157,.T.);
#20157 = LINE('',#20158,#20159);
#20158 = CARTESIAN_POINT('',(-15.03947368421,-5.659574478865,-20.));
#20159 = VECTOR('',#20160,1.);
#20160 = DIRECTION('',(0.,0.,1.));
#20161 = ORIENTED_EDGE('',*,*,#18021,.T.);
#20162 = ORIENTED_EDGE('',*,*,#20139,.F.);
#20163 = PLANE('',#20164);
#20164 = AXIS2_PLACEMENT_3D('',#20165,#20166,#20167);
#20165 = CARTESIAN_POINT('',(-15.03947368421,-5.659574478865,-20.));
#20166 = DIRECTION('',(-0.681928482952,0.731418856838,0.));
#20167 = DIRECTION('',(-0.731418856838,-0.681928482952,0.));
#20168 = ADVANCED_FACE('',(#20169),#20180,.T.);
#20169 = FACE_BOUND('',#20170,.F.);
#20170 = EDGE_LOOP('',(#20171,#20172,#20178,#20179));
#20171 = ORIENTED_EDGE('',*,*,#4169,.F.);
#20172 = ORIENTED_EDGE('',*,*,#20173,.T.);
#20173 = EDGE_CURVE('',#4162,#18030,#20174,.T.);
#20174 = LINE('',#20175,#20176);
#20175 = CARTESIAN_POINT('',(-14.97861847909,-5.531914889812,-20.));
#20176 = VECTOR('',#20177,1.);
#20177 = DIRECTION('',(0.,-1.33226762955E-14,1.));
#20178 = ORIENTED_EDGE('',*,*,#18029,.T.);
#20179 = ORIENTED_EDGE('',*,*,#20156,.F.);
#20180 = PLANE('',#20181);
#20181 = AXIS2_PLACEMENT_3D('',#20182,#20183,#20184);
#20182 = CARTESIAN_POINT('',(-14.97861847909,-5.531914889812,-20.));
#20183 = DIRECTION('',(-0.902682239132,0.430307767948,0.));
#20184 = DIRECTION('',(-0.430307767948,-0.902682239132,0.));
#20185 = ADVANCED_FACE('',(#20186),#20197,.T.);
#20186 = FACE_BOUND('',#20187,.F.);
#20187 = EDGE_LOOP('',(#20188,#20189,#20195,#20196));
#20188 = ORIENTED_EDGE('',*,*,#4161,.F.);
#20189 = ORIENTED_EDGE('',*,*,#20190,.T.);
#20190 = EDGE_CURVE('',#4154,#18038,#20191,.T.);
#20191 = LINE('',#20192,#20193);
#20192 = CARTESIAN_POINT('',(-14.94819078947,-5.404255330563,-20.));
#20193 = VECTOR('',#20194,1.);
#20194 = DIRECTION('',(0.,0.,1.));
#20195 = ORIENTED_EDGE('',*,*,#18037,.T.);
#20196 = ORIENTED_EDGE('',*,*,#20173,.F.);
#20197 = PLANE('',#20198);
#20198 = AXIS2_PLACEMENT_3D('',#20199,#20200,#20201);
#20199 = CARTESIAN_POINT('',(-14.94819078947,-5.404255330563,-20.));
#20200 = DIRECTION('',(-0.972750289345,0.23185528801,0.));
#20201 = DIRECTION('',(-0.23185528801,-0.972750289345,0.));
#20202 = ADVANCED_FACE('',(#20203),#20209,.T.);
#20203 = FACE_BOUND('',#20204,.F.);
#20204 = EDGE_LOOP('',(#20205,#20206,#20207,#20208));
#20205 = ORIENTED_EDGE('',*,*,#4153,.F.);
#20206 = ORIENTED_EDGE('',*,*,#19886,.T.);
#20207 = ORIENTED_EDGE('',*,*,#18045,.T.);
#20208 = ORIENTED_EDGE('',*,*,#20190,.F.);
#20209 = PLANE('',#20210);
#20210 = AXIS2_PLACEMENT_3D('',#20211,#20212,#20213);
#20211 = CARTESIAN_POINT('',(-14.94819078947,-5.276595771313,-20.));
#20212 = DIRECTION('',(-1.,0.,0.));
#20213 = DIRECTION('',(0.,-1.,0.));
#20214 = ( GEOMETRIC_REPRESENTATION_CONTEXT(3) 
GLOBAL_UNCERTAINTY_ASSIGNED_CONTEXT((#20218)) 
GLOBAL_UNIT_ASSIGNED_CONTEXT((#20215,#20216,#20217)) 
REPRESENTATION_CONTEXT('Context #1',
  '3D Context with UNIT and UNCERTAINTY') );
#20215 = ( LENGTH_UNIT() NAMED_UNIT(*) SI_UNIT(.MILLI.,.METRE.) );
#20216 = ( NAMED_UNIT(*) PLANE_ANGLE_UNIT() SI_UNIT($,.RADIAN.) );
#20217 = ( NAMED_UNIT(*) SI_UNIT($,.STERADIAN.) SOLID_ANGLE_UNIT() );
#20218 = UNCERTAINTY_MEASURE_WITH_UNIT(LENGTH_MEASURE(1.E-05),#20215,
  'distance_accuracy_value','confusion accuracy');
#20219 = PRODUCT_RELATED_PRODUCT_CATEGORY('part',$,(#7));
#20220 = MECHANICAL_DESIGN_GEOMETRIC_PRESENTATION_REPRESENTATION('',(
    #20221),#20214);
#20221 = STYLED_ITEM('color',(#20222),#15);
#20222 = PRESENTATION_STYLE_ASSIGNMENT((#20223,#20229));
#20223 = SURFACE_STYLE_USAGE(.BOTH.,#20224);
#20224 = SURFACE_SIDE_STYLE('',(#20225));
#20225 = SURFACE_STYLE_FILL_AREA(#20226);
#20226 = FILL_AREA_STYLE('',(#20227));
#20227 = FILL_AREA_STYLE_COLOUR('',#20228);
#20228 = COLOUR_RGB('',0.203921572143,0.219607846375,0.23137255388);
#20229 = CURVE_STYLE('',#20230,POSITIVE_LENGTH_MEASURE(0.1),#20231);
#20230 = DRAUGHTING_PRE_DEFINED_CURVE_FONT('continuous');
#20231 = COLOUR_RGB('',9.803921802644E-02,9.803921802644E-02,
  9.803921802644E-02);
ENDSEC;
END-ISO-10303-21;
